n,lambda_n,lambda_n_over_n,half_log_n
1,0.022961009776646203,0.022961009776646203,0
2,0.09180693847057077,0.045903469235285384,0.34657359027997264
3,0.20642662785159205,0.06880887595053069,0.5493061443340549
4,0.3666352924691134,0.09165882311727835,0.6931471805599453
5,0.5721752347454794,0.11443504694909587,0.8047189562170501
6,0.8227168415057481,0.13711947358429136,0.8958797346140275
7,1.1178598573696905,0.1596942653385272,0.9729550745276566
8,1.4571349291629527,0.1821418661453691,1.0397207708399179
9,1.8400054142637392,0.20444504602930436,1.0986122886681098
10,2.2658694445950265,0.22658694445950264,1.151292546497023
11,2.7340622368061247,0.24855111243692043,1.1989476363991853
12,3.243858638066897,0.27032155317224144,1.2424533248940002
13,3.7944758958285987,0.2918827612175845,1.2824746787307684
14,4.385076638892243,0.3132197599208745,1.3195286648076292
15,5.014772056173476,0.33431813707823177,1.354025100551105
16,5.682625258666843,0.3551640786666777,1.3862943611198906
17,6.387654809296077,0.37574440054682806,1.416606672028108
18,7.12883840459485,0.3960465780330472,1.4451858789480823
19,7.905116691497531,0.41605877323671214,1.4722194895832201
20,8.715397201935266,0.43576986009676333,1.4978661367769954
21,9.558558387431825,0.4551694470205631,1.5222612188617115
22,10.433453735478428,0.4742478970672013,1.545521226679158
23,11.338915949139313,0.49299634561475275,1.5677471079645748
24,12.273761171101238,0.5114067154625516,1.5890269151739729
25,13.236793233232174,0.529471729329287,1.6094379124341003
26,14.22680791265665,0.5471849197175634,1.629048269010741
27,15.242597175389259,0.5645406361255281,1.6479184330021646
28,16.28295338869168,0.5815340495961314,1.666102255087602
29,17.346673483533227,0.5981611546045941,1.683647914993237
30,18.43256304883771,0.6144187682945904,1.7005986908310777
31,19.539440339589955,0.6303045270835469,1.7169936022425731
32,20.666140181350706,0.6458168806672095,1.7328679513998633
33,21.811517754286825,0.6609550834632372,1.7482537807332401
34,22.97445224046202,0.6757191835430006,1.7631802623080808
35,24.1538503188481,0.6901100091099457,1.7776740307447068
36,25.348649493304368,0.704129152591788,1.791759469228055
37,26.55782123963006,0.7177789524224341,1.8054589563221122
38,27.78037395871618,0.7310624725977942,1.8187930798631928
39,29.01535572380493,0.7439834800975623,1.8317808230648231
40,30.261856810902092,0.7565464202725523,1.8444397270569681
41,31.519012002474824,0.768756390304264,1.856786033352154
42,32.786002655698944,0.7806191108499748,1.8688348091416842
43,34.06205852769076,0.7921408959928083,1.8806000578467812
44,35.346459351362164,0.8033286216218674,1.8920948169591305
45,36.638536156769014,0.8141896923726447,1.9033312448851598
46,37.93767233407506,0.8247320072625013,1.9143206982445475
47,39.24330443552041,0.8349639241600086,1.9250738008550292
48,40.55492271505984,0.8448942232304133,1.9356005054539456
49,41.872071405613866,0.8545320695023237,1.9459101490553132
50,43.19434873514944,0.8638869747029888,1.956011502714073
51,44.52140668407143,0.8729687585112045,1.9659128163621629
52,45.852950487652976,0.8817875093779418,1.9756218592907138
53,47.18873788845725,0.8903535450652311,1.985145956776061
54,48.52857814490007,0.898677373053705,1.9944920232821373
55,49.87233080326329,0.9067696509684234,2.0036665926162356
56,51.21990424159129,0.914641147171273,2.012675845367575
57,52.57125399497797,0.9223027016662803,2.021525633917275
58,53.92638087277703,0.9297651874616729,2.0302215052732095
59,55.28532887923715,0.9370394725294432,2.03876872195286
60,56.64818294997211,0.9441363824995351,2.04717228111105
61,58.01506651751997,0.9510666642216389,2.0554369320866557
62,59.38613892001939,0.9578409503228934,2.063567192522546
63,60.7615926677337,0.964469724884662,2.0715673631957663
64,62.14165058277883,0.9709632903559192,2.0794415416798357
65,63.52656282795831,0.9773317358147432,2.0871936349478184
66,64.91660384107406,0.9835849066829404,2.0948273710132126
67,66.31206919146318,0.9897323759919878,2.102346309695483
68,67.71327237580728,0.9957834172912835,2.1097538525880535
69,69.12054157047098,1.001746979282188,2.11705325229863
70,70.5342163577475,1.0076316622535357,2.1242476210246797
71,71.95464444342397,1.013445696386253,2.1313399385206577
72,73.38217838302508,1.0191969219864594,2.1383330595080277
73,74.8171723339521,1.0248927716979739,2.1452297205741955
74,76.25997885050678,1.030540254736578,2.152032546602085
75,77.71094573847606,1.0361459431796807,2.158744056768155
76,79.17041298555691,1.0417159603362751,2.1653666701431655
77,80.63870978342294,1.047255971213285,2.171902710926842
78,82.11615165667685,1.0527711750856006,2.178354413344796
79,83.6030377133013,1.058266300168371,2.1847239262335107
80,85.09964803051514,1.0637456003814392,2.1910133173369406
81,86.60624118916787,1.0692128541872576,2.1972245773362196
82,88.12305196896828,1.074671365475223,2.2033596236321267
83,89.65028921594286,1.080123966457143,2.209420303898299
84,91.18813389256684,1.0855730225305575,2.2154083994216567
85,92.7367373200045,1.0910204390588765,2.2213256282451583
86,94.29621962084603,1.0964676700098375,2.2271736481267537
87,95.86666836963718,1.1019157283866343,2.232954059327292
88,97.44813745737251,1.107365198379233,2.2386684072391034
89,99.04064617497104,1.112816249156978,2.24431818486607
90,100.64417851957461,1.1182686502174957,2.2499048351651325
91,102.25868272631746,1.1237217882012909,2.255429753258425
92,103.88407102701186,1.1291746850762159,2.2608942885245202
93,105.52021963598482,1.1346260175912346,2.266299746576628
94,107.16696896209672,1.140074137894646,2.271647391135002
95,108.82412404477101,1.145517095208116,2.2769384458002704
96,110.49145521068213,1.1509526584446055,2.282174095733918
97,112.1686989465818,1.1563783396554825,2.2873554892516914
98,113.85555898260557,1.1617914181898528,2.292483739335286
99,115.55170757929456,1.1671889654474197,2.297559925067295
100,117.25678701049617,1.1725678701049618,2.302585092994046
101,118.97041123328128,1.1779248636958544,2.30756025842063
102,120.69216773503526,1.1832565464219142,2.3124864066421353
103,122.42161954695317,1.1885594130772152,2.317364494114818
104,124.1583074123021,1.1938298789644433,2.3221954495706862
105,125.90175209700385,1.199064305685751,2.3269801750787615
106,127.65145682935226,1.2042590266920024,2.3317195470560335
107,129.40690985500737,1.2094103724767045,2.336414417230953
108,131.1675870928091,1.214514695303788,2.34106561356211
109,132.93295487643306,1.2195683933617711,2.3456739411145717
110,134.70247276646586,1.2245679342405986,2.3502401828962083
111,136.47559641711524,1.2295098776316689,2.354765100656167
112,138.2517804814909,1.2343908971561688,2.359249435647547
113,140.03048153919573,1.2392078012318206,2.3636939093561704
114,141.8111610298566,1.243957552893479,2.368099224197248
115,143.59328817619854,1.248637288488683,2.372466064181625
116,145.37634288032734,1.2532443351752358,2.3767950955531822
117,147.15981857703073,1.2577762271541089,2.381086967398878
118,148.94322502813836,1.2622307205774437,2.3853423122328326
119,150.72609104229608,1.2666058070781183,2.389561746555765
120,152.50796710490323,1.2708997258741936,2.393745871391023
121,154.28842790343762,1.2751109744085753,2.3978952727983707
122,156.067074733945,1.2792383174913524,2.4020105223666284
123,157.8435377750948,1.28328079491947,2.4060921776862085
124,159.61747821690386,1.2872377275556763,2.4101407828025185
125,161.38859023199043,1.2911087218559234,2.4141568686511508
126,163.1566027780534,1.2948936728416938,2.418140953475739
127,164.9212812211564,1.2985927655209164,2.4220935432292956
128,166.68242877033882,1.302206474768272,2.4260151319598084
129,168.43988771506923,1.3057355636827073,2.429906202180836
130,170.19354045809257,1.309181080446866,2.433767225227791
131,171.94331033729728,1.3125443537198265,2.4375986616005756
132,173.68916223134272,1.3158269866010812,2.4414009612931853
133,175.43110294492058,1.3190308492099292,2.445174564110877
134,177.16918137068873,1.3221580699305129,2.4489198999754556
135,178.90348842609126,1.3252110253784537,2.452637389219215
136,180.6341567644665,1.328192329150489,2.456327442868026
137,182.36136026103716,1.331104819423629,2.4599904629140625
138,184.0853132755654,1.3339515454751116,2.4636268425786025
139,185.8062696946405,1.3367357531988524,2.4672369665653457
140,187.52452175773217,1.339460869698087,2.470821211304652
141,189.24039867229308,1.3421304870375397,2.474379945189084
142,190.95426502431468,1.3447483452416527,2.4779135288006304
143,192.66651899183267,1.3473183146282006,2.4814223151299535
144,194.377590369931,1.3498443775689652,2.4849066497880004
145,196.08793841680514,1.35233060977107,2.488366871210287
146,197.79804953140567,1.3547811611740115,2.491803310854168
147,199.50843477409714,1.3572002365584839,2.495216293389368
148,201.219627242616,1.3595920759636217,2.4986061368820573
149,202.93217931640368,1.3619609350094206,2.5019731529727296
150,204.64665978311538,1.3643110652207693,2.5053176470481278
151,206.3636508617582,1.3666466944487299,2.508639918407462
152,208.08374513749516,1.3689720074835208,2.5119402604231382
153,209.8075424236549,1.3712911269519927,2.5152189606962176
154,211.5356465669148,1.373608094590356,2.5184763012068148
155,213.26866221196698,1.375926852980432,2.5217125584596234
156,215.00719154224143,1.3782512278348809,2.5249280036247685
157,216.751831013435,1.3805849109135988,2.528122902674154
158,218.50316809668783,1.382931443649923,2.5312975165134834
159,220.26177804825335,1.3852942015613419,2.5344521011101158
160,222.02822072242776,1.3876763795151734,2.5375869076169133
161,223.80303744433752,1.39008097791514,2.5407021824922316
162,225.58674795893157,1.392510789869948,2.543798167616192
163,227.37984747218843,1.394968389399929,2.546875100403381
164,229.18280380013042,1.3974561207325025,2.5499332139120994
165,230.99605464073753,1.3999760887317425,2.55297273695029
166,232.82000498327744,1.4025301505016714,2.555993894178272
167,234.65502466891337,1.405119908197086,2.5589969062083777
168,236.50144611573094,1.407746703069827,2.5619819897016294
169,238.35956222052866,1.410411610772359,2.5649493574615367
170,240.2296244488631,1.4131154379344888,2.567899218525131
171,242.111841123917,1.4158587200229065,2.57083177825133
172,244.0063759237919,1.4186417204871622,2.5737472384067264
173,245.9133465957971,1.4214644311895785,2.5766457972488896
174,247.83282389523862,1.4243265741105668,2.5795276496072646
175,249.76483075510276,1.4272276043148728,2.5823929869617572
176,251.70934169188078,1.4301667141584136,2.5852419975190757
177,253.66628245160848,1.4331428387096525,2.5880748662869144
178,255.63552989899563,1.436154662353908,2.5908917751460425
179,257.6169121513055,1.4392006265436061,2.5936929029203775
180,259.6102089574175,1.4422789386523196,2.596478425445105
181,261.61515232127505,1.4453875818854975,2.599248515632913
182,263.63142736768884,1.4485243261960925,2.6020033435383976
183,265.65867344724717,1.4516867401488915,2.6047430764207107
184,267.6964854758662,1.454872203673186,2.607467878804493
185,269.7444155033351,1.4580779216396493,2.610177912539162
186,271.801974504035,1.4613009381937365,2.612873336856601
187,273.8686343818853,1.4645381517747875,2.6155543084272934
188,275.9438301804723,1.467786330747193,2.6182209814149746
189,278.02696248826186,1.4710421295675231,2.6208735075298213
190,280.11740002779425,1.4743021054094434,2.623512036080243
191,282.21448241680434,1.4775627351665148,2.626136714023315
192,284.3175230883239,1.4808204327516872,2.6287476860138907
193,286.4258123559813,1.484071566611302,2.631345094452443
194,288.5386206099596,1.4873124773709256,2.633929079531664
195,290.6552016283762,1.4905394955301343,2.6364997792818734
196,292.7747959882259,1.4937489591236015,2.6390573296152584
197,294.8966345594954,1.4969372312664742,2.6416018643689942
198,297.01994206558777,1.5001007175029686,2.6441335153472676
199,299.1439406928242,1.5032358828785135,2.646652412362246
200,301.26785373149374,1.5063392686574688,2.649158683274018
201,303.39090923071535,1.509407508610524,2.651652454029538
202,305.5123436492589,1.5124373447983115,2.6541338487006025
203,307.6314054844396,1.5154256427804906,2.6566029895208936
204,309.7473588612594,1.518369406182644,2.659059996922108
205,311.8594870641135,1.5212657905566513,2.6615049895692042
206,313.9670959936167,1.5241121164738674,2.6639380843947906
207,316.06951753142357,1.5269058817943169,2.6663593966326844
208,318.166112796323,1.529644773059245,2.668769039850659
209,320.2562752753789,1.5323266759587508,2.6711671259824055
210,322.3394338144577,1.5349496848307511,2.6735537653587342
211,324.4150554531353,1.5375121111523,2.6759290667380333
212,326.48264808969816,1.5400124909891422,2.678293137336006
213,328.5417629627512,1.5424495913744187,2.6806460828547127
214,330.59199693681126,1.544822415592576,2.6829880075109256
215,332.6329945801899,1.5471302073497206,2.6853190140638312
216,334.6644500244582,1.549372453816936,2.6876392038420827
217,336.6861085958307,1.5515488875383905,2.68994867677023
218,338.69776820989233,1.553659487201341,2.6922475313945444
219,340.6992805222326,1.5557044772704685,2.6945358649082505
220,342.69055182871995,1.5576843264941815,2.696813773176181
221,344.671543710361,1.559599745295751,2.6990813507588762
222,346.6422734189188,1.561451682067202,2.7013386909361397
223,348.6028140007195,1.5632413183888767,2.7035858857300594
224,350.55329415734616,1.5649700632024381,2.7058230259275198
225,352.49389784319453,1.5666395459697535,2.70805020110221
226,354.42486360114435,1.568251608854621,2.710267499636143
227,356.346483638875,1.5698082979686123,2.7124750087407015
228,358.25910264961715,1.571311853726391,2.7146728144772205
229,360.1631163823814,1.5727647003597442,2.71686100177712
230,362.05896996792575,1.5741694346431554,2.719039654461598
231,363.9471560079224,1.57552881388711,2.7212088552608966
232,365.82821243594066,1.576845743258365,2.723368685833155
233,367.7027201599861,1.5781232624892108,2.72551922678285
234,369.571300497407,1.5793645320402008,2.727660557678851
235,371.4346124139988,1.5805728187829737,2.7297927570720795
236,373.2933495801063,1.5817514812716367,2.7319159025128052
237,375.1482372574246,1.5829039546726777,2.7340300705675658
238,377.0000290310352,1.5840337354245175,2.7361353368357375
239,378.8495034019843,1.585144365698679,2.7382317759657555
240,380.69746025640325,1.5862394177350134,2.7403194616709956
241,382.54471722778266,1.5873224781235795,2.7423984667453274
242,384.3921059695548,1.5883971321055983,2.7444688630783434
243,386.24046835558244,1.5894669479653598,2.746530721670274
244,388.0906526265272,1.5905354615841278,2.748584112646601
245,389.94350950034334,1.5916061612258912,2.7506291052723637
246,391.799888265338,1.592682472623325,2.7526657679661812
247,393.6606328743373,1.5937677444305154,2.7546941683139887
248,395.52657805851146,1.594865234106901,2.7567143730824912
249,397.398545479327,1.5959780942944861,2.7587264482323537
250,399.27733993693136,1.5971093597477255,2.760730458931123
251,401.16374565301214,1.5982619348725584,2.7627264695658917
252,403.0585226458252,1.5994385819278778,2.7647145437557117
253,404.96240321465666,1.6006419099393543,2.76669474436376
254,406.87608855046483,1.6018743643719087,2.7686671335092683
255,408.80024548884626,1.6031382176033186,2.770631772579213
256,410.7355034207966,1.6044355602374867,2.772588722239781
257,412.6824513759803,1.605768293291752,2.77453804244761
258,414.64163529239914,1.6071381212883689,2.7764797924608087
259,416.6135554854577,1.6085465462758985,2.7784140308497687
260,418.5986643284643,1.6099948628017857,2.780340815507764
261,420.59736415559325,1.6114841538528477,2.782260203661347
262,422.61000539726587,1.613015287775824,2.7841722518805483
263,424.6368849567873,1.614588916185503,2.7860770160888824
264,426.67824483591886,1.616205472863329,2.787974551573158
265,428.73427101586395,1.6178651736447696,2.789864912993111
266,430.80509259892233,1.6195680172891818,2.7917481543908496
267,432.89078121480355,1.6213137873213617,2.793624329200125
268,434.99135069432646,1.6231020548295763,2.7954934902554283
269,437.1067570119353,1.624932182200503,2.7973556898009195
270,439.2368984971764,1.62680332776732,2.7992109794991875
271,441.38161631397804,1.6287144513430925,2.8010594104398505
272,443.54069520529526,1.6306643206077032,2.802901033147999
273,445.7138644993986,1.6326515183128154,2.80473589759248
274,447.90079937283093,1.6346744502658064,2.8065640531940352
275,450.10112236382514,1.6367313540502733,2.808385548833286
276,452.31440512877026,1.6388203084375734,2.810200432858575
277,454.54017043315014,1.6409392434409753,2.8120087530936693
278,456.7778943672545,1.6430859509613471,2.8138105568453184
279,459.02700877588705,1.6452580959709213,2.8156058909106827
280,461.28690389027474,1.6474532281795526,2.8173948015846246
281,463.5569311494139,1.6496687941260282,2.8191773346668727
282,465.83640619719324,1.6519021496354371,2.820953535469057
283,468.1246120407937,1.6541505725823098,2.822723448821619
284,470.4208023551077,1.6564112758982665,2.824487119080603
285,472.7242049172278,1.6586814207622027,2.8262445901343254
286,475.0340251544479,1.6609581299106568,2.827995905409926
287,477.3494497886911,1.6632385010058923,2.8297411078798107
288,479.6696505598338,1.665519619999423,2.831480240067973
289,481.9937880100354,1.6677985744291883,2.833213344056216
290,484.32101531091575,1.6700724665893647,2.83494046149026
291,486.6504821152368,1.6723384265128411,2.8366616335857464
292,488.98133841465426,1.67459362470772,2.838376901134141
293,491.31273838510356,1.6768352845907972,2.840086304508534
294,493.6438442014707,1.6790606945628255,2.8417898836693407
295,495.9738298033777,1.681267219672467,2.84348767816991
296,498.3018845941799,1.6834523128181753,2.84517972716203
297,500.6272170556201,1.6856135254397984,2.84686606940135
298,502.9490582610328,1.6877485176544724,2.8485467432527023
299,505.2666652705045,1.6898550677943296,2.8502217866953434
300,507.5793243920075,1.6919310813066917,2.8518912373281005
301,509.88635429319663,1.6939745989807198,2.8535551323744377
302,512.1871089493213,1.6959838044679514,2.855213508687435
303,514.4809804135238,1.6979570310677352,2.8568664027546844
304,516.7674013966875,1.6998927677522617,2.858513850703111
305,519.0458476449547,1.7017896644096877,2.860155888303706
306,521.315840104039,1.7036465362877091,2.8617925509761903
307,523.5769468605196,1.7054623676238423,2.8634238737935984
308,525.8287848514195,1.7072363144526608,2.865049891486787
309,528.071021334508,1.7089677065841684,2.866670638448873
310,530.3033751129633,1.7106560487514946,2.868286148739596
311,532.5256175092396,1.712301020930031,2.869896456089617
312,534.7375730842223,1.7139024778340457,2.8715015939047412
313,536.9391200990107,1.715460447600673,2.8731015952700765
314,539.130190717933,1.716975129674946,2.8746964929541265
315,541.3107709526709,1.7184468919132407,2.8762863194128165
316,543.4809003486384,1.719876266926071,2.877871106793456
317,545.6406714160239,1.721263947684618,2.87945088693864
318,547.7902288091514,1.722610782418715,2.8810256913900885
319,549.9297682590418,1.7239177688371217,2.882595551392422
320,552.0595352652637,1.725186047703949,2.884160497896886
321,554.1798235543217,1.7264168958078558,2.885720561565008
322,556.2909733129734,1.7276117183632713,2.8872757727722043
323,558.3933692059433,1.7287720408852731,2.888826161611328
324,560.4874381885496,1.7298995005819433,2.8903717578961645
325,562.573647125739,1.730995837309966,2.8919125911648687
326,564.6525002299508,1.7320628841409533,2.893448690683354
327,566.7245363311035,1.7331025575874726,2.8949800854486267
328,568.790325992775,1.7341168475389483,2.896506804192072
329,570.8504684893929,1.7351078069586412,2.898028875382686
330,572.905588659882,1.7360775413935818,2.899546327230263
331,574.9563336537988,1.7370281983498452,2.9010591876885314
332,577.0033695864662,1.7379619565857416,2.902567484458244
333,579.0473781200366,1.7388810153754852,2.904071244990222
334,581.0890529877224,1.739787583795576,2.9055704964883504
335,583.1290964786809,1.7406838700856146,2.907065265912533
336,585.1682159011799,1.741572071134464,2.908555579981602
337,587.2071200417321,1.7424543621416382,2.910041465176181
338,589.2465156378614,1.7433328865025486,2.9115229477415094
339,591.2871038820433,1.7442097459647294,2.913000053690225
340,593.329576974157,1.7450869911004618,2.9144728088051037
341,595.3746147395019,1.7459666121393018,2.9159412386417585
342,597.4228813290492,1.7468505302018984,2.9174053685313024
343,599.4750220181446,1.7477405889741826,2.9188652235829697
344,601.5316601193404,1.7486385468585475,2.920320828686699
345,603.5933940244176,1.7495460696359932,2.92177220851568
346,605.6607943899704,1.7504647236704347,2.9232193875288623
347,607.734401480158,1.7513959696834525,2.9246623899734296
348,609.8147226794142,1.7523411571247536,2.9261012398872372
349,611.9022301869976,1.7533015191604515,2.9275359611012135
350,613.9973589043285,1.7542781682980815,2.9289665772417295
351,616.1005045250545,1.7552720926639729,2.9303931117329327
352,618.2120218367294,1.756284152945254,2.9318155877990484
353,620.3322232419087,1.757315080005407,2.9332340284666483
354,622.4613775053203,1.758365473178871,2.934648456566887
355,624.5997087326243,1.759435799246829,2.936058894737708
356,626.7473955850674,1.7605263920928858,2.937465365426015
357,628.9045707331497,1.7616374530340329,2.9388678908898194
358,631.0713205511883,1.7627690518189616,2.94026649320035
359,633.2476850534371,1.7639211282825544,2.9416611942441393
360,635.4336580711928,1.765093494642202,2.943052015725078
361,637.6291876690944,1.7662858384185443,2.9444389791664403
362,639.8341767976042,1.7674977259602325,2.9458221059128857
363,642.0484841774686,1.7687286065495003,2.9472014171324252
364,644.2719254107792,1.7699778170625802,2.9485769338183703
365,646.504274312114,1.7712445871564768,2.9499486767912457
366,648.7452644521254,1.7725280449511622,2.951316666700683
367,650.9945909048785,1.7738272231740557,2.9526809240272853
368,653.2519121892145,1.7751410657315612,2.9540414690844656
369,655.516852393449,1.7764684346705935,2.9553983220202635
370,657.7890034717905,1.7778081174913256,2.956751502819135
371,660.0679277000165,1.779158834770934,2.9581010313037175
372,662.3531602771496,1.780519248056854,2.959446927136573
373,664.6442120591533,1.7818879679870063,2.960789209821908
374,666.9405724100183,1.7832635625936317,2.962127898707266
375,669.2417121550334,1.7846445657467558,2.9634630129852053
376,671.5470866205421,1.7860294856929313,2.9647945716949473
377,673.8561387440641,1.7874168136447324,2.9661225937240054
378,676.1683022383321,1.7888050323765399,2.967447097809794
379,678.4830047925439,1.7901926247824376,2.968768102541213
380,680.7996712939657,1.7915780823525413,2.970085626360216
381,683.1177270529473,1.792959913524796,2.9713996875633506
382,685.4366010144146,1.7943366518701953,2.9727103043032876
383,687.7557289390078,1.7957068640705165,2.974017494590323
384,690.0745565372067,1.797069157648976,2.9753212762938634
385,692.3925425400627,1.7984221884157472,2.9766216671438923
386,694.7091616904949,1.7997646675919556,2.9779186847324155
387,697.0239076395471,1.8010953685776412,2.979212346514891
388,699.3362957325166,1.8024131333312285,2.980502669811637
389,701.6458656704451,1.8037168783301931,2.981789671809223
390,703.9521840331308,1.8050056000849508,2.983073369561846
391,706.254846650555,1.8062783801804476,2.984353779992683
392,708.5534808104069,1.8075343898224665,2.985630919895231
393,710.8477472902628,1.8087728938683532,2.9869048059346306
394,713.1373422038855,1.8099932543245825,2.988175454648967
395,715.4219986520944,1.8111949332964417,2.989442882450561
396,717.7014881696634,1.812377495377938,2.9907071056272403
397,719.9756219607871,1.8135406094730153,2.9919681403435954
398,722.2442519167402,1.8146840500420607,2.993226002642219
399,724.5072714105036,1.8158076977706856,2.994480708444932
400,726.7646158642851,1.8169115396607127,2.995732273553991
401,729.016263087047,1.817995668546252,2.9969807136532847
402,731.2622333803454,1.81906028204066,2.9982260443095106
403,733.5025894119984,1.8201056809230731,2.9994682809733413
404,735.7374358582985,1.8211322669759862,3.0007074389805752
405,737.9669188166912,1.8221405402881263,3.0019435335532694
406,740.1912249920389,1.8231310960395046,3.0031765798008663
407,742.4105806607558,1.824104620788098,3.0044065927212973
408,744.6252504182653,1.825061888280062,3.0056335872020807
409,746.8355357163506,1.826003754807703,3.006857578021401
410,749.0417731980651,1.8269311541416222,3.008078579849177
411,751.2443328389234,1.827845092065507,3.009296607248117
412,753.4436159041007,1.8287466405439339,3.0105116746747633
413,755.6400527323293,1.8296369315552767,3.0117237964805166
414,757.834100358087,1.8305171506233984,3.012932986912657
415,760.0262399845122,1.831388530083162,3.014139260115349
416,762.2169743202714,1.832252342116037,3.0153426301306316
417,764.4068247943067,1.8331098915930615,3.0165431108994007
418,766.5963286630459,1.8339625087632678,3.017740716262378
419,768.7860360252212,1.8348115418263036,3.0189354599610687
420,770.9765067599277,1.8356583494283993,3.020127355638707
421,773.1683074039786,1.8365042931210893,3.0213164168411906
422,775.3620079849226,1.8373507298220915,3.022502657018006
423,777.5581788263586,1.8381990043176326,3.0236860895231388
424,779.7573873423175,1.8390504418450886,3.024866727615979
425,781.9601948375768,1.8399063407942982,3.0260445844622086
426,784.1671533307468,1.8407679655651334,3.0272196731346854
427,786.3788024168769,1.8416365396179786,3.0283920066143124
428,788.595666186141,1.842513238752666,3.0295615977908983
429,790.8182502149001,1.8433991846501168,3.0307284594640085
430,793.0470386450743,1.844295438709475,3.031892604343804
431,795.2824913673329,1.8452029962119092,3.0330540450518737
432,797.5250413230958,1.8461227808404996,3.0342127941220554
433,799.7750919397375,1.8470556395836895,3.035368864001245
434,802.0330147127344,1.848002338047775,3.0365222670502026
435,804.2991469477475,1.8489635562017186,3.037673015544342
436,806.5737896748336,1.8499398845753066,3.038821121674517
437,808.8572057461107,1.850931820929315,3.039966597547795
438,811.1496181272792,1.8519397674138793,3.041109455188223
439,813.4512083924134,1.852964028228732,3.0422497065375858
440,815.7621154304203,1.8540048077964097,3.0433873634561532
441,818.0824343704796,1.8550622094568698,3.044522437723423
442,820.4122157326703,1.8561362346892993,3.045654941038849
443,822.7514648088446,1.857226782864209,3.046784885022568
444,825.1001412776405,1.8583336515262174,3.0479122812161124
445,827.4581590563267,1.8594565372052285,3.04903714108312
446,829.8253863909619,1.8605950367510355,3.050159476010032
447,832.2016461851479,1.861748649183776,3.0512792973067846
448,834.5867165664125,1.862916778050028,3.0523966162074925
449,836.9803316880593,1.8640987342718471,3.0535114438711273
450,839.3821827631024,1.865293739473561,3.0546237913821828
451,841.7919193257169,1.8665009297687736,3.0557336697513393
452,844.2091507144584,1.8677193599877397,3.056841089916116
453,846.6334477703665,1.868948008323105,3.057946062741517
454,849.0643447419496,1.8701857813699332,3.059048599020674
455,851.5013413879885,1.8714315195340407,3.060148709475475
456,853.9439052680445,1.8726840027807994,3.0612464047571932
457,856.391474209615,1.873941956695,3.0623416954471026
458,858.843458939916,1.8752040588207772,3.0634345920570927
459,861.2992458694401,1.8764689452493248,3.0645251050302726
460,863.7582000136165,1.8777352174209054,3.0656132447415705
461,866.2196680381751,1.8790014491066704,3.0666990214983243
462,868.6829814131576,1.8802661935349732,3.0677824455408693
463,871.1474596599215,1.8815279906261804,3.068863527043117
464,873.6124136749894,1.8827853742995462,3.0699422761131276
465,876.0771491141536,1.8840368798153841,3.071018702793678
466,878.5409698199118,1.8852810511156906,3.072092817062823
467,881.0031812750456,1.8865164481264358,3.0731646288344487
468,883.4630940649778,1.8877416539849952,3.0742341479588235
469,885.920027331462,1.8889552821566356,3.0753013842231396
470,888.3733122001553,1.8901559834045858,3.076366347352052
471,890.8222951647145,1.8913424525790117,3.077429047008209
472,893.2663414102371,1.8925134351911803,3.0784894927927775
473,895.7048380591206,1.8936677337402126,3.0795476942459663
474,898.1371973227737,1.8948042137611258,3.0806036608475384
475,900.5628595430386,1.8959218095642918,3.0816574020173206
476,902.9812961076965,1.897019529638018,3.08270892711571
477,905.3920122250265,1.8980964616876865,3.0837582454441708
478,907.7945495430547,1.8991517772867252,3.084805366245728
479,910.1884885998704,1.9001847361166397,3.0858502987054575
480,912.5734510922057,1.9011946897754286,3.0868930519509683
481,914.9491019503439,1.90218108513585,3.0879336350528805
482,917.3151512083689,1.9031434672372798,3.0889720570253
483,919.6713556597574,1.9040814816972202,3.090008326826286
484,922.017520289366,1.9049948766309215,3.091042453358316
485,924.3534994739595,1.9058835040700195,3.0920744454687417
486,926.6791979445583,1.9067473208735768,3.093104311950247
487,928.9945715050584,1.90758638912743,3.094132061541295
488,931.2996275027716,1.9084008760302698,3.0951577029265738
489,933.5944250477627,1.9091910532674083,3.096181244737436
490,935.8790749790978,1.9099572958757098,3.097202695552336
491,938.1537395773759,1.9107000806056536,3.09822206389726
492,940.4186320241645,1.9114199837889523,3.099239358246154
493,942.6740156102344,1.9121176787225849,3.100254587021345
494,944.920202695716,1.912793932582421,3.1012677585939614
495,947.157553426557,1.9134496028819334,3.102278881284345
496,949.3864742128683,1.914085633493686,3.103287963362464
497,951.6074159759316,1.9147030502533835,3.1042950130483145
498,953.8208721718148,1.9153029561683028,3.1053000385123264
499,956.0273766006499,1.9158865262538074,3.1063030478757594
500,958.2275010117153,1.9164550020234306,3.1073040492110957
501,960.421852515491,1.9170096856596626,3.1083030505424323
502,962.6110708148339,1.9175519338940914,3.1093000598458644
503,964.7958252683345,1.9180831516269077,3.1102950850498696
504,966.976811799776,1.9186047853170158,3.1112881340356844
505,969.1547496684001,1.9191183161750496,3.11227921463768
506,971.3303781154024,1.9196252531924949,3.113268334643733
507,973.5044529027152,1.9201271260408583,3.1142555017955917
508,975.6777427607074,1.9206254778754082,3.115240723789241
509,977.8510257618996,1.9211218580783882,3.1162240082752612
510,980.0250856382005,1.9216178149768637,3.1172053628591856
511,982.2007080594739,1.922114888570399,3.118184795101852
512,984.3786768914766,1.9226146033036653,3.119162312519754
513,986.5597704513333,1.9231184609187784,3.1201379225853847
514,988.7447577787705,1.9236279334217323,3.1211116327275827
515,990.9343949412797,1.9241444561966596,3.122083450331868
516,993.1294213912528,1.9246694213008775,3.1230533827407814
517,995.3305563929022,1.9252041709727314,3.1240214372542146
518,997.5384955364766,1.9257499913831595,3.1249876211297414
519,999.7539073568807,1.9263081066606564,3.125951941582944
520,1001.9774300733297,1.9268796732179418,3.1269144057877365
521,1004.2096684660953,1.9274657744070927,3.1278750208766835
522,1006.4511909057748,1.9280674155283042,3.1288337939413196
523,1008.7025265497746,1.9286855192156303,3.1297907320324616
524,1010.9641627199234,1.929320921221228,3.130745842160521
525,1013.236542474254,1.9299743666176266,3.131699131295812
526,1015.5200623850778,1.9306465064355092,3.132650606368855
527,1017.8150705344787,1.9313378947523314,3.133600274270681
528,1020.121864737317,1.9320489862449186,3.1345481418531307
529,1022.4406910007352,1.9327801342168909,3.1354942159291497
530,1024.7717422280236,1.9335315891094786,3.1364385032730837
531,1027.1151571735177,1.9343034975019164,3.1373810106209694
532,1029.4710196539984,1.93509590160526,3.1383217446708223
533,1031.839358020813,1.9359087392510563,3.139260712082922
534,1034.2201448956853,1.9367418443739424,3.1401979194800975
535,1036.6132971718964,1.937594947984853,3.141133373448003
536,1039.0186762812364,1.9384676796291724,3.142067080535401
537,1041.4360887258351,1.939359569321853,3.1429990472544325
538,1043.8652868726988,1.9402700499492542,3.1439292800808922
539,1046.3059700074919,1.9411984601252168,3.144857785454499
540,1048.7577856428547,1.942144047486768,3.14578456977916
541,1051.2203310753084,1.9431059724127697,3.1467096394232406
542,1053.6931551835723,1.9440833121468124,3.147633000719823
543,1056.175760459972,1.9450750653038158,3.1485546599669676
544,1058.6676052654489,1.9460801567379575,3.149474623427971
545,1061.1681062976181,1.947097442747923,3.150392897331622
546,1063.6766412602685,1.9481257165938983,3.1513094878724526
547,1066.1925517217155,1.949163714299297,3.1522244012109906
548,1068.7151461485057,1.950210120708952,3.153137643474008
549,1071.2437031001043,1.9512635757743249,3.1540492207547652
550,1073.7774745694148,1.9523226810352996,3.154959139113258
551,1076.3156894532713,1.9533860062672799,3.1558674045764574
552,1078.8575571363979,1.9544520962615903,3.1567740231385475
553,1081.402271171786,1.9555194777066653,3.1576790007611675
554,1083.949013039955,1.9565866661371027,3.158582343373642
555,1086.4969559691888,1.9576521729174572,3.159484056873217
556,1089.045268798525,1.958714512227563,3.160384147125291
557,1091.593119865076,1.9597722080162945,3.161282619963642
558,1094.1396808971315,1.9608238008909167,3.1621794811906554
559,1096.6841308944636,1.961867854909595,3.1630747365775496
560,1099.225659977311,1.962902964245198,3.1639683918645973
561,1101.7634731856795,1.9639277596892681,3.164860452761348
562,1104.2967942108178,1.9649409149658679,3.1657509249468454
563,1106.8248690410696,1.9659411528260562,3.1666398140698453
564,1109.3469695047106,1.966927250894877,3.1675271257490296
565,1111.8623966928758,1.967898047244028,3.1684128655732207
566,1114.3704842462685,1.9688524456647853,3.1692970391015916
567,1116.8706014899972,1.969789420617279,3.170179651863876
568,1119.3621564016269,1.9707080218338502,3.171060709360576
569,1121.8445983983324,1.9716073785559445,3.1719402170631654
570,1124.317420929929,1.9724867033858404,3.172818180414298
571,1126.7801638654896,1.973345295736409,3.1736946048280053
572,1129.2324156622515,1.974182544864076,3.174569495689899
573,1131.67381530659,1.974997932472234,3.17544285835737
574,1134.1040540179174,1.9757910348744205,3.1763146981597834
575,1136.5228767075293,1.9765615247087467,3.1771850203986753
576,1138.9300831856042,1.9773091721972296,3.1780538303479458
577,1141.3255291107698,1.9780338459458748,3.17892113325405
578,1143.7091266779119,1.9787355132835844,3.179786934336189
579,1146.0808450411523,1.9794142401401595,3.180651238786498
580,1148.4407104702059,1.9800701904658722,3.1815140517702325
581,1150.7888062396207,1.9807036251972818,3.1823753784259554
582,1153.1252722516783,1.9813149007760795,3.183235223865719
583,1155.4503043950313,1.9819044672298993,3.184093593175246
584,1157.7641536424153,1.9824728658260535,3.1849504914141136
585,1160.0671248920312,1.9830207263111643,3.1858059236159284
586,1162.3595755584277,1.983548763751583,3.186659894788506
587,1164.641913919908,1.9840577749913253,3.1875124099140484
588,1166.9145972306574,1.984548634746016,3.1883634739493134
589,1169.1781296069107,1.9850222913529894,3.1892130918257933
590,1171.433059697553,1.9854797621992424,3.1900612684498824
591,1173.6799781505767,1.9859221288503837,3.1909080087030492
592,1175.9195148877868,1.9863505319050454,3.1917533174420027
593,1178.152336201051,1.9867661656004232,3.192597199498863
594,1180.379141684231,1.987170272195675,3.1934396596813226
595,1182.6006610157092,1.9875641361608558,3.194280702772815
596,1184.8176506071109,1.9879490781998503,3.195120333532675
597,1187.0308901344513,1.9883264491364343,3.195958556696301
598,1189.2411789684704,1.9886976236930944,3.1967953769753157
599,1191.4493325213762,1.9890639941926147,3.1976307990577246
600,1193.6561785275887,1.9894269642126479,3.198464827608073
601,1195.8625532763626,1.9897879422235651,3.199297467267604
602,1198.0692978143632,1.990148335239806,3.2001287226544104
603,1200.2772541363695,1.990509542514709,3.200958598363593
604,1202.4872613823168,1.9908729493084716,3.2017870989674075
605,1204.7001520587955,1.9912399207583398,3.202614229015421
606,1206.9167483029823,1.9916117958795088,3.203439993034657
607,1209.1378582067232,1.9919898817244204,3.204264395529749
608,1211.3642722181548,1.9923754477272284,3.2050874409830836
609,1213.5967596378337,1.9927697202591685,3.2059091338549486
610,1215.8360652258373,1.9931738774194054,3.2067294785836786
611,1218.082905935729,1.9935890440846629,3.207548479585798
612,1220.337967790597,1.9940162872395377,3.208366141256163
613,1222.601902915681,1.9944566116079625,3.209182467968106
614,1224.875326741259,1.9949109556046563,3.209997464073571
615,1227.1588153886298,1.9953801876237882,3.210811133903259
616,1229.452903251075,1.9958651026803165,3.2116234817667597
617,1231.7580807807133,1.9963664194176876,3.212434511952694
618,1234.0747924911072,1.996884777493701,3.213244228728845
619,1236.4034351844134,1.9974207353544644,3.214052636342298
620,1238.7443564107243,1.997974768404394,3.214859739019569
621,1241.0978531661062,1.998547267578271,3.2156655409667394
622,1243.4641708346244,1.9991385383193319,3.2164700463695897
623,1245.8435023784589,1.9997487999654235,3.2172732593937265
624,1248.2359877789572,2.000378185543201,3.218075184184714
625,1250.6417137302426,2.001026741968388,3.2188758248682006
626,1253.0607135857379,2.0016944306481435,3.219675185550049
627,1255.492967556727,2.0023811284796285,3.2204732703164605
628,1257.9384031608245,2.0030866292369818,3.2212700832340992
629,1260.3968959170054,2.0038106453370514,3.2220656283502205
630,1262.8682702826359,2.004552809972438,3.2228599096927892
631,1265.3523008267628,2.0053126795986733,3.2236529312706064
632,1267.8487136327726,2.0060897367607162,3.224444697073429
633,1270.357187922417,2.006883393242365,3.225235211072088
634,1272.8773578921234,2.0076929935206995,3.226024477218613
635,1275.4088147514985,2.008517818506297,3.226812499446346
636,1277.9511089529565,2.009357089548674,3.227599281670061
637,1280.5037526004878,2.010209972685224,3.2283848277860816
638,1283.0662220247439,2.011075583110884,3.229169141672395
639,1285.6379605108193,2.011952989844788,3.2299522271887673
640,1288.2183811644097,2.01284122056939,3.2307340881768587
641,1290.8068699013766,2.013739266616812,3.231514728460335
642,1293.402788545191,2.0146460880766215,3.2322941518449806
643,1296.005478016244,2.0155606189988244,3.2330723621188096
644,1298.6142615966094,2.0164817726655424,3.233849363052177
645,1301.2284482535308,2.017408446904699,3.2346251583978862
646,1303.8473360046642,2.0183395294189848,3.235399751891301
647,1306.4702153079675,2.0192739031035045,3.2361731472504505
648,1309.0963724590702,2.0202104513257257,3.236945348176137
649,1311.7250929789739,2.0211480631417165,3.237716358352045
650,1314.355664975061,2.022085638423171,3.2384861814448413
651,1316.987382458577,2.023022092870318,3.2392548211042844
652,1319.6195486020467,2.0239563628865747,3.2400222809633266
653,1322.2514789204447,2.0248874102916457,3.2407885646382155
654,1324.8825043603952,2.0258142268507573,3.2415536757285994
655,1327.5119742822026,2.0267358385987824,3.242317617817626
656,1330.1392593201135,2.0276513099391975,3.2430803944720443
657,1332.763754106901,2.028559747499088,3.243842009242305
658,1335.384879849591,2.0294603037227827,3.2446024656626586
659,1338.0020867439828,2.030352180188138,3.2453617672512536
660,1340.6148562164624,2.0312346306310034,3.2461199175102355
661,1343.2227029825729,2.032106963665012,3.246876919925843
662,1345.8251769127496,2.0329685451854225,3.247632777968504
663,1348.421864696691,2.0338188004474977,3.2483874950929312
664,1351.0123912988772,2.034657215811562,3.249141074738217
665,1353.5964211988842,2.035483340148698,3.249893520327927
666,1356.1736594112476,2.036296785902774,3.2506448352701947
667,1358.7438522808216,2.0370972298063292,3.2513950229578117
668,1361.3067880507338,2.0378844132496012,3.2521440867683227
669,1363.8622972012492,2.0386581423038104,3.2528920300641144
670,1366.4102525590422,2.0394182874015554,3.253638856192506
671,1368.9505691775826,2.0401647826789606,3.254384568485841
672,1371.4832039905355,2.0408976249859156,3.255129170261575
673,1374.0081552412505,2.0416168725724377,3.255872664822364
674,1376.5254616925924,2.0423226434608197,3.2566150554561535
675,1379.0352016224942,2.0430151135148065,3.257356345436265
676,1381.5374916117278,2.043694514218532,3.258096538021482
677,1384.0324851314679,2.044361130179421,3.2588356364561375
678,1386.5203709392579,2.045015296370587,3.2595736439701977
679,1389.001371292969,2.045657395129557,3.260310563779348
680,1391.4757399932867,2.0462878529313038,3.261046399085076
681,1393.9437602661492,2.046907136954698,3.261781153074756
682,1396.4057424973655,2.047515751462413,3.262514828921731
683,1398.862021832414,2.0481142340152476,3.263247429785395
684,1401.3129556551044,2.0487031515425502,3.263978958811275
685,1403.758920959407,2.0492830962911053,3.264709419131113
686,1406.200311629288,2.049854681675347,3.2654388138629424
687,1408.6375356418641,2.050418538052204,3.2661671461111745
688,1411.0710122095663,2.050975308444137,3.2668944189666718
689,1413.5011688773075,2.0515256442341183,3.2676206355068294
690,1415.9284385908707,2.0520702008563343,3.2683457987956523
691,1418.3532567528616,2.052609633506312,3.269069911883835
692,1420.7760582826281,2.0531445928939713,3.2697929778088346
693,1423.1972746965025,2.053675721062774,3.2705149995949516
694,1425.6173312246042,2.0542036472977006,3.2712359802534023
695,1428.0366439802417,2.0547289841442327,3.271955922782396
696,1430.4556171976444,2.055252323559834,3.27267483016721
697,1432.8746405534025,2.055774233218655,3.273392705380262
698,1435.2940865865255,2.0562952529892917,3.274109551381186
699,1437.714308231502,2.0568158916044377,3.274825371116905
700,1440.1356364781486,2.057336623540212,3.275540167521702
701,1442.5583781713347,2.0578578861217327,3.276253943517295
702,1444.9828139629535,2.058380076870304,3.2769667020129054
703,1447.4091964276613,2.0589035511062037,3.2776784459053325
704,1449.837748353072,2.0594286198197045,3.278389178079021
705,1452.2686612141363,2.05995554782147,3.2790989014061345
706,1454.702093840468,2.060484552181966,3.279807618746621
707,1457.138171284353,2.0610158009679673,3.2805153329482866
708,1459.5769838960991,2.061549412282626,3.28122204684686
709,1462.0185866122972,2.0620854536139595,3.2819277632660637
710,1464.462998461408,2.062623941494941,3.2826324850176807
711,1466.9102022899558,2.063164841476731,3.2833362149016203
712,1469.3601447114086,2.0637080684148996,3.284038955705988
713,1471.8127362786515,2.0642534870668325,3.284740710207148
714,1474.2678518797597,2.0648009129968625,3.285441481169792
715,1476.725331355581,2.0653501137840293,3.2861412713470037
716,1479.1849803364416,2.0659008105257564,3.286840083480323
717,1481.6465712941288,2.0664526796291893,3.28753792029981
718,1484.1098448041184,2.0670053548803877,3.288234784524112
719,1486.5745110119074,2.0675584297801217,3.2889306788605235
720,1489.0402512961796,2.068111460133583,3.2896256060050506
721,1491.5067201204838,2.0686639668800053,3.2903195686424747
722,1493.9735470640612,2.069215439146899,3.291012569446413
723,1496.440339021477,2.0697653375124165,3.2917046110793824
724,1498.9066825597918,2.0703130974582757,3.292395696192858
725,1501.3721464211155,2.0708581329946423,3.2930858274273374
726,1503.8362841575938,2.071399840437457,3.293775007412398
727,1506.2986368850966,2.071937602317877,3.2944632387667596
728,1508.7587361412473,2.072470791402812,3.295150524098343
729,1511.2161068327673,2.0729987748048933,3.295836866004329
730,1513.6702702566274,2.0735209181597636,3.2965222670712184
731,1516.1207471790174,2.074036589848177,3.297206729874889
732,1518.5670609557815,2.0745451652401385,3.2978902569806556
733,1521.0087406776863,2.0750460309381804,3.2985728509433256
734,1523.4453243236717,2.075538588996828,3.2992545143072576
735,1525.8763619051256,2.076022261095409,3.2999352496064183
736,1528.3014185841996,2.0764964926415757,3.3006150593644383
737,1530.7200777492174,2.0769607567831985,3.301293946094668
738,1533.131944030401,2.0774145583067765,3.3019719123002362
739,1535.5366462393383,2.0778574374009993,3.3026489604741007
740,1537.9338402159606,2.0782889732648115,3.3033250930991076
741,1540.323211567169,2.078708787540039,3.3040003126480433
742,1542.7044782817566,2.0791165475495372,3.30467462158369
743,1545.0773932068128,2.0795119693227626,3.3053480223588796
744,1547.4417463714449,2.079894820391727,3.306020517416546
745,1549.797367144368,2.0802649223414336,3.30669210918978
746,1552.1441262126789,2.080622153100106,3.30736280010188
747,1554.4819373700007,2.080966448955824,3.3080325925664087
748,1556.8107591030862,2.0812978062875485,3.308701488987239
749,1559.1305959669378,2.0816162829999167,3.3093694917586096
750,1561.441499739525,2.0819219996527,3.310036603265178
751,1563.743570348261,2.0822151402773117,3.310702825882067
752,1566.0369565615028,2.0824959528743388,3.31136816197492
753,1568.3218564395054,2.0827647495876564,3.3120326138999467
754,1570.5985175404303,2.083021906552295,3.312696184003978
755,1572.8672368782368,2.0832678634148833,3.3133588746245124
756,1575.128360630499,2.083503122527115,3.3140206880897667
757,1577.3822835954452,2.0837282478143266,3.3146816267187242
758,1579.6294483987717,2.0839438633229177,3.315341692821186
759,1581.870344452024,2.084150651451942,3.316000888697815
760,1584.1055066656047,2.0843493508757955,3.3166592166401885
761,1586.3355139206883,2.084540754166476,3.317316678930843
762,1588.5609873055605,2.0847257051254076,3.3179732778433233
763,1590.78258812308,2.0849050958362776,3.3186290156422285
764,1593.001015677144,2.0850798634517593,3.3192838945832603
765,1595.2170048471658,2.085250986728321,3.319937916913268
766,1597.4313234606557,2.0854194823246157,3.3205910848702955
767,1599.644769475063,2.085586400880134,3.321243400683628
768,1601.8581679810036,2.0857528228919318,3.321894866573836
769,1604.072368039962,2.085919854408273,3.322545484752822
770,1606.2882393704085,2.086088622558972,3.3231952574238646
771,1608.5066688971003,2.0862602709430615,3.3238441867816646
772,1610.7285571790576,2.086435954895152,3.324492275012388
773,1612.9548147323856,2.086616836652504,3.325139524293711
774,1615.1863582646954,2.0868040804453427,3.3257859367948637
775,1617.4241068383774,2.08699884753339,3.3264315146766736
776,1619.66897798042,2.0872022912118817,3.3270762600916095
777,1621.9218837567958,2.087415551810548,3.3277201751838237
778,1624.1837268296797,2.0876397517090997,3.3283632620891956
779,1626.4553965159594,2.0878759903927593,3.329005522935374
780,1628.7377648655297,2.088125339571192,3.329646959841819
781,1631.031682777882,2.0883888383839717,3.330287574919843
782,1633.3379761753727,2.0886674887153105,3.3309273702726556
783,1635.6574422513645,2.088962250640312,3.3315663479954014
784,1637.9908458111547,2.089274038024432,3.332204510175204
785,1640.3389157232255,2.0896037142971027,3.332841858891204
786,1642.7023414978898,2.0899520884197074,3.3334783962146033
787,1645.081770009876,2.0903199110671866,3.3341141242087016
788,1647.4778023807553,2.0907078710415674,3.3347490449289396
789,1649.8909910364305,2.0911165919346395,3.335383160422937
790,1652.32183695411,2.0915466290558355,3.3360164727305337
791,1654.7707871123512,2.0919984666401406,3.336648983883827
792,1657.2382321568473,2.0924725153495545,3.337280695907213
793,1659.7245042936397,2.0929691100802517,3.337911610817424
794,1662.2298754204035,2.0934885080861503,3.338541730623568
795,1664.7545555053773,2.0940308874281475,3.339171057327166
796,1667.2986912223469,2.094596345756717,3.3397995929221915
797,1669.862364848927,2.0951848994340363,3.3404273393951076
798,1672.4455934341713,2.0957964830002145,3.3410542987249046
799,1675.0483282402681,2.0964309489865682,3.3416804728831373
800,1677.6704544618349,2.0970880680772934,3.3423058638339636
801,1680.3117912250125,2.0977675296192415,3.34293047353418
802,1682.972091867265,2.0984689424778864,3.3435543039332574
803,1685.6510444974697,2.0991918362359523,3.344177356973381
804,1688.3482728345843,2.0999356627295827,3.3447996345894833
805,1691.0633373218666,2.1006997979153623,3.345421138709282
806,1693.7957365123298,2.1014835440599624,3.346041871253314
807,1696.54490871985,2.1022861322426887,3.3466618341349745
808,1699.3102339290915,2.103106725159767,3.3472810292605475
809,1702.0910359562054,2.1039444202178066,3.3478994585292456
810,1704.8865848510736,2.10479825290256,3.348517123833242
811,1707.6960995307447,2.105667200407823,3.3491340270577066
812,1710.518750632615,2.1065501855081465,3.349750170080839
813,1713.3536635748794,2.1074460806579083,3.350365554773905
814,1716.1999218108092,2.1083537122982916,3.35098018300127
815,1719.0565702624965,2.1092718653527562,3.3515940566204314
816,1721.9226189188703,2.1101992878907723,3.3522071774820534
817,1724.7970465820254,2.1111346959388317,3.3528195474300015
818,1727.678804745198,2.1120767784171126,3.3534311683013733
819,1730.5668215851317,2.113024202179648,3.354042041926535
820,1733.4600060510222,2.113975617135393,3.354652170129149
821,1736.3572520318064,2.1149296614272917,3.355261554726214
822,1739.2574425831854,2.115884966646211,3.35587019752809
823,1742.1594541955124,2.1168401630565157,3.356478100338535
824,1745.062161083493,2.1177938848100646,3.357085264954736
825,1747.9644394785578,2.1187447751255246,3.3576916931673404
826,1750.8651719047607,2.119691491410122,3.358297386760489
827,1753.7632514191744,2.120632710301299,3.3589023475118456
828,1756.6575857979053,2.121567132606166,3.35950657719263
829,1759.547101649157,2.1224934881171977,3.3601100775676476
830,1762.430748435112,2.1234105402832677,3.3607128503953216
831,1765.3075023848614,2.124317090715838,3.3613148974277243
832,1768.1763702811456,2.1252119835109924,3.3619162204106043
833,1771.0363931042793,2.1260941093688825,3.3625168210834215
834,1773.88664951734,2.1269624094932134,3.3631167011793734
835,1776.726259177453,2.1278158792544346,3.3637158624254275
836,1779.5543858588637,2.128653571601512,3.364314306542351
837,1782.3702403743848,2.129474600208345,3.3649120352447377
838,1785.173083282783,2.130278142342223,3.3655090502410414
839,1787.962227370702,2.13106344144303,3.366105353233603
840,1790.7370398987882,2.1318298094033192,3.3667009459186796
841,1793.4969446028404,2.132576628540833,3.367295829986474
842,1796.241423441944,2.1333033532564656,3.3678900071211633
843,1798.9700180867965,2.1340095113722377,3.3684834790009277
844,1801.6823311426333,2.1346947051453,3.3690762472979787
845,1804.3780271024602,2.1353586119555743,3.369668313678587
846,1807.0568330275541,2.13600098466614,3.3702596798031115
847,1809.7185389535014,2.1366216516570264,3.3708503473260274
848,1812.3629980213461,2.1372205165346063,3.3714403178959516
849,1814.9901263347008,2.13779755752026,3.372029593155674
850,1817.5999025449871,2.1383528265235143,3.3726181747421813
851,1820.1923671682325,2.138886447906266,3.3732060642866872
852,1822.76762163812,2.1393986169461505,3.3737932634146577
853,1825.325827101214,2.139889598008457,3.3743797737458396
854,1827.8672029614906,2.1403597224373425,3.374965596894285
855,1830.3920251824559,2.140809386178311,3.37555073446838
856,1832.900624356273,2.141239047145179,3.376135188070871
857,1835.3933835503678,2.14164922234582,3.37671895929889
858,1837.870735943019,2.1420404847820738,3.377302049743981
859,1840.3331622603882,2.1424134601401494,3.3778844609921275
860,1842.781188028345,2.1427688232887734,3.3784661946237766
861,1845.2153806532647,2.143107294603095,3.3790472522138653
862,1847.6363463467464,2.1434296361331167,3.3796276353318464
863,1850.04472690986,2.1437366476359907,3.380207345541714
864,1852.4411963931507,2.1440291624920724,3.3807863844020276
865,1854.8264576491506,2.1443080435250295,3.3813647534659395
866,1857.2012387945683,2.144574178746615,3.3819424542812175
867,1859.5662895997061,2.1448284770469503,3.3825194883902707
868,1861.9223778228975,2.1450718638512645,3.3830958573301753
869,1864.2702855079463,2.145305276764035,3.383671562632696
870,1866.6108052626407,2.1455296612214263,3.384246605824315
871,1868.9447365363965,2.145745966172671,3.3848209884262515
872,1871.2728819150238,2.145955139810807,3.38539471195449
873,1873.5960434503975,2.1461581253727346,3.385967777919801
874,1875.91501904258,2.146355857028124,3.3865401878277677
875,1878.230598891572,2.1465492558760824,3.387111943178807
876,1880.5435620354322,2.146739226067845,3.387683045468196
877,1882.8546729910079,2.146926651072985,3.3882534961860915
878,1885.1646785129037,2.147112390105813,3.3888232968175585
879,1887.474304485647,2.1472972747276984,3.3893924488425884
880,1889.7842529632799,2.1474821056400906,3.389960953736126
881,1892.0951993697768,2.147667649681926,3.39052881296809
882,1894.4077898728237,2.1478546370440177,3.3910960280033957
883,1896.7226389425552,2.1480437587118404,3.39166260030198
884,1899.0403271058503,2.1482356641468896,3.3922285313188216
885,1901.3613989057633,2.1484309592155517,3.3927938225039647
886,1903.6863610745609,2.1486302043730934,3.3933584753025405
887,1906.0156809277298,2.1488339131090526,3.3939224911547896
888,1908.3497849851585,2.149042550658962,3.394485871496085
889,1910.689057824504,2.1492565329859437,3.3950486177569523
890,1913.0338411705677,2.149476226034346,3.3956107313630928
891,1915.384433223265,2.1497019452561896,3.3961722137354045
892,1917.7410882255588,2.149933955409819,3.396733066290005
893,1920.1040162714846,2.150172470628762,3.3972932904382493
894,1922.473383353176,2.1504176547574674,3.397852887586757
895,1924.8493116445711,2.1506696219492416,3.3984118591374277
896,1927.2318800182857,2.1509284375204083,3.398970206487465
897,1929.621124790949,2.151194119053455,3.399527931029398
898,1932.017040691152,2.151466637740704,3.4000850341511
899,1934.419582043033,2.1517459199588798,3.40064151723581
900,1936.828664157445,2.1520318490638277,3.4011973816621555
901,1939.2441649216162,2.1523242673935807,3.401752628804169
902,1941.665926577216,2.15262297846698,3.402307260031312
903,1944.0937576758245,2.1529277493641468,3.4028612767084927
904,1946.527435199916,2.1532383132742434,3.403414680196088
905,1948.9667068366598,2.153554372195204,3.403967471849963
906,1951.411293391101,2.153875599769427,3.40451965302149
907,1953.860891324615,2.154201644238826,3.405071225057568
908,1956.3151754039254,2.1545321315021204,3.405622189300647
909,1958.7738014454599,2.1548666682568314,3.4061725470887394
910,1961.2364091393874,2.155204845208118,3.406722299755448
911,1963.702624937293,2.155546240326337,3.407271448629979
912,1966.1720649872168,2.1558904221351063,3.4078199950371655
913,1968.6443380995554,2.156236953011561,3.408367940297484
914,1971.1190487272356,2.1565853924805642,3.408915285727075
915,1973.5957999435614,2.1569353004847667,3.4094620326377605
916,1976.0741964011881,2.1572862406126507,3.410008182337065
917,1978.553847255843,2.1576377832670044,3.4105537361282323
918,1981.034369038647,2.157989508756696,3.4110986953102453
919,1983.51538846121,2.158341010295114,3.4116430611778434
920,1985.996545138097,2.158691896889236,3.412186835021543
921,1988.4774942117078,2.159041796103917,3.4127300181276534
922,1990.9579088652179,2.1593903566867874,3.413272611778297
923,1993.4374827098318,2.159737251039904,3.413814617251426
924,1995.915932033313,2.1600821775252306,3.414356035820842
925,1998.3929978975366,2.1604248625919316,3.4148968687562125
926,2000.8684480736324,2.1607650627145056,3.4154371173230897
927,2003.342078804187,2.161102566131809,3.4159767827829275
928,2005.8137163829233,2.1614371943781503,3.4165158663931003
929,2008.2832185432596,2.1617688035987723,3.417054369406919
930,2010.7504756482133,2.16209728564324,3.4175922930736506
931,2013.2154116751676,2.162422568931437,3.4181296386385336
932,2015.677984990147,2.1627446190881408,3.4186664073427955
933,2018.1381889073891,2.1630634393433965,3.419202600423672
934,2020.5960520311419,2.163379070697154,3.4197382191144214
935,2023.0516383778122,2.1636915918479276,3.4202732646443437
936,2025.5050472777655,2.1640011188865014,3.420807738238796
937,2027.9564130572608,2.1643078047569486,3.421341641119211
938,2030.4059045021977,2.164611838488484,3.4218749745031123
939,2032.8537241065283,2.1649134442029054,3.4224077396041315
940,2035.3001071093397,2.165212879903553,3.422939937632025
941,2037.7453203257517,2.165510436052871,3.4234715697926896
942,2040.189660777911,2.165806433946827,3.4240026372881815
943,2042.6334541333983,2.1661012238954385,3.424533141316729
944,2045.0770529594527,2.166395183219759,3.42506308307275
945,2047.5208348023853,2.166688714076598,3.4255924637468715
946,2049.9652001025156,2.1669822411231667,3.426121284525939
947,2052.4105699558613,2.1672762090347004,3.426649546593039
948,2054.857383734631,2.1675710798888517,3.4271772511275107
949,2057.306096579388,2.1678673304313887,3.427704399304964
950,2059.757176776396,2.1681654492383116,3.4282309922972933
951,2062.2111030343667,2.1684659337900807,3.428757031272695
952,2064.6683616753317,2.168769287474088,3.4292825173956825
953,2067.1294437548963,2.1690760165318954,3.429807451827101
954,2069.59484212751,2.16938662696804,3.4303318357241435
955,2072.0650484727366,2.1697016214374205,3.430855670240365
956,2074.5405502987305,2.170021496128379,3.4313789565257005
957,2077.0218279393166,2.170346737658638,3.431901695726477
958,2079.509351561118,2.170677820001167,3.43242388898543
959,2082.0035781971724,2.1710152014569055,3.4329455374417193
960,2084.5049488234,2.1713593216910416,3.433466642230941
961,2087.0138854940838,2.1717105988492027,3.4339872044851463
962,2089.53078855226,2.172069426769501,3.4345072253328532
963,2092.056033930589,2.1724361723059076,3.435026705899063
964,2094.589970557815,2.1728111727778163,3.435545647305273
965,2097.132917885444,2.1731947335600457,3.436064050669493
966,2099.6851635486696,2.17358712582678,3.436581917106259
967,2102.246961174909,2.17398858446216,3.437099247726647
968,2104.8185283526063,2.174399306149387,3.4376160436382883
969,2107.4000447721382,2.1748194476492655,3.438132305945383
970,2109.9916505498127,2.1752491242781575,3.4386480357487144
971,2112.5934447450336,2.1756884085942674,3.4391632341456626
972,2115.205484079714,2.176137329300117,3.4396779022302195
973,2117.8277818680394,2.176595870367975,3.4401920410930025
974,2120.460307163562,2.177063970393801,3.4407056518212675
975,2123.102984129563,2.177541522184167,3.4412187354989237
976,2125.755691637437,2.178028372579341,3.441731293206546
977,2128.418263096711,2.1785243225145456,3.442243326021391
978,2131.0904865191333,2.179029127320177,3.442754835017409
979,2133.7721048180397,2.17954249726051,3.443265821265255
980,2136.4628163430298,2.180064098309214,3.4437762858323087
981,2139.1622756487445,2.180593553158761,3.4442862297826817
982,2141.870094495349,2.1811304424596223,3.444795654177233
983,2144.5858430771077,2.1816743062839348,3.445304560073583
984,2147.309051474264,2.1822246458071786,3.4458129485261266
985,2150.0392113222783,2.1827809252002828,3.4463208205860445
986,2152.775777691325,2.1833425737234533,3.4468281773013176
987,2155.5181711678647,2.183908988012021,3.447335019716741
988,2158.265780129033,2.1844795345435557,3.447841348873934
989,2161.017963199567,2.1850535522745873,3.4483471658113563
990,2163.7740518800288,2.1856303554343723,3.448852471564318
991,2166.5333533341663,2.1862092364623273,3.449357267164994
992,2169.2951533223777,2.1867894690749776,3.449861553642436
993,2172.0587192674834,2.1873703114476166,3.4503653320225864
994,2174.8233034382606,2.187951009495232,3.450868603328287
995,2177.588146235541,2.1885308002367245,3.4513713685792964
996,2180.3524795651156,2.1891089152260195,3.451873628792299
997,2183.1155302811517,2.1896845840332513,3.452375384980919
998,2185.876523683447,2.1902570377589647,3.452876638155732
999,2188.634687051479,2.190825512564043,3.453377389324277
1000,2191.3892531979554,2.1913892531979555,3.4538776394910684
1001,2194.139464024435,2.191947516507927,3.45437738965761
1002,2196.8845740614543,2.192499574911631,3.454876640822405
1003,2199.623853975662,2.1930447198162133,3.455375393980968
1004,2202.3565940265103,2.193582264966644,3.455873650125837
1005,2205.0821074552637,2.19411154970673,3.456371410246588
1006,2207.7997337893435,2.194631942136524,3.4568686753298423
1007,2210.508842045382,2.19514284215033,3.4573654463592813
1008,2213.2088338148014,2.1956436843400806,3.457861724315657
1009,2215.899146216254,2.196133940749508,3.4583575101768043
1010,2218.579254699854,2.196613123465202,3.4588528049176523
1011,2221.2486756888134,2.1970807870314673,3.459347609510236
1012,2223.9069690448428,2.197536530676722,3.4598419249237056
1013,2226.553740344497,2.197980000340076,3.4603357521243416
1014,2229.1886429545257,2.1984108904876978,3.4608290920755644
1015,2231.8113798952486,2.1988289457096046,3.461321945737944
1016,2234.4217054819546,2.199233962088538,3.4618143140692137
1017,2237.019426735413,2.19962578833374,3.46230619802428
1018,2239.6044045536482,2.200004326673525,3.462797598555234
1019,2242.1765546382994,2.2003695335017657,3.4632885166113625
1020,2244.7358481700667,2.2007214197745752,3.4637789531391583
1021,2247.2823122289215,2.2010600511546734,3.4642689090823326
1022,2249.816029956037,2.2013855479021887,3.464758385381825
1023,2252.3371404556065,2.2016980845118344,3.465247382975813
1024,2254.8458384360074,2.2019978890976635,3.4657359027997265
1025,2257.3423735910083,2.2022852425278128,3.4662239457862545
1026,2259.827049723014,2.2025604773128795,3.4667115128653574
1027,2262.3002236115794,2.202823976252755,3.467198604964279
1028,2264.7623036316763,2.2030761708479343,3.467685223007555
1029,2267.2137481274312,2.2033175394824407,3.4681713679170247
1030,2269.655063548239,2.20354860538664,3.468657040611841
1031,2272.086802355347,2.2037699343892796,3.46914224200848
1032,2274.50956070811,2.2039821324690987,3.469626973020754
1033,2276.9239759402267,2.204185843117354,3.4701112345598193
1034,2279.330723837307,2.2043817445235074,3.4705950275341872
1035,2281.730515728087,2.2045705465971857,3.4710783528497346
1036,2284.1240954025693,2.204752987840318,3.471561211409714
1037,2286.5122358711933,2.2049298320840824,3.4720436041147638
1038,2288.895735979968,2.205101865105942,3.472525531862917
1039,2291.275416897217,2.2052698911426534,3.4730069955496137
1040,2293.652118488223,2.205434729315599,3.473487996067709
1041,2296.0266955946495,2.205597209985254,3.4739685343074846
1042,2298.400014236091,2.2057581710519107,3.474448611156656
1043,2300.772947751529,2.205918454220066,3.4749282275003863
1044,2303.1463728987655,2.2060789012440285,3.475407384221292
1045,2305.5211659301667,2.206240350172408,3.4758860821994557
1046,2307.8981986631675,2.2064036316091467,3.4763643223124343
1047,2310.278334564062,2.206569565008655,3.4768421054352685
1048,2312.662424863552,2.206738955022473,3.4773194324404937
1049,2315.051304722412,2.206912587914597,3.4777963041981486
1050,2317.445789465408,2.207091228062293,3.4782727215757845
1051,2319.8466709013023,2.2072756145588035,3.4787486854384757
1052,2322.254713746385,2.2074664579338257,3.4792241966488278
1053,2324.6706521685037,2.207664437007126,3.4796992560669877
1054,2327.0951864679923,2.2078701958899356,3.480173864550654
1055,2329.528979911269,2.208084341148122,3.4806480229550836
1056,2331.972655732149,2.2083074391402926,3.4811217321331034
1057,2334.4267943151467,2.208540013543185,3.481594992935119
1058,2336.8919305741397,2.2087825430757464,3.4820678062091224
1059,2339.3685515388943,2.2090354594323838,3.4825401728007033
1060,2341.8570941609287,2.2092991454348385,3.4830120935530564
1061,2344.3579433491514,2.2095739334110758,3.4834835693069914
1062,2346.8714302446306,2.2098601038085035,3.483954600900942
1063,2349.397830742699,2.2101578840476943,3.484425189170974
1064,2351.937364269422,2.210467447621637,3.484895334950795
1065,2354.490192818232,2.2107889134443495,3.4853650390717625
1066,2357.0564202513083,2.2111223454515088,3.485834302362895
1067,2359.636091868989,2.211467752454535,3.4863031256508767
1068,2362.2291942492366,2.211825088248349,3.48677150976007
1069,2364.835655357882,2.212194251971826,3.4872394555125226
1070,2367.4553449290643,2.2125750887187516,3.487706963727976
1071,2370.0880751140035,2.212967390395895,3.4881740352238744
1072,2372.733601394955,2.213370896823652,3.4886406708153737
1073,2375.3916237599033,2.213785297073535,3.4891068713153492
1074,2378.0617881323465,2.2142102310357044,3.489572637534405
1075,2380.7436880492537,2.2146452912086083,3.4900379702808815
1076,2383.436866579117,2.2150900247017815,3.490502870360865
1077,2386.140818470886,2.215543935441863,3.4909673385781943
1078,2388.8549925234133,2.216006486570884,3.491431375734471
1079,2391.578794164061,2.21647710302508,3.4918949826290673
1080,2394.3115882240536,2.216955174281531,3.492358160059133
1081,2397.0527018972757,2.2174400572592745,3.492820908819604
1082,2399.801427868308,2.2179310793607283,3.4932832297032133
1083,2402.557027594703,2.2184275416386914,3.4937451235004953
1084,2405.3187347277903,2.218928722073607,3.494206590999796
1085,2408.085758655612,2.2194338789452646,3.49466763298728
1086,2410.8572881510495,2.2199422542827345,3.4951282502469403
1087,2413.6324951076995,2.2204530773759883,3.495588443560605
1088,2416.4105383456426,2.2209655683323923,3.496048213707944
1089,2419.1905674689533,2.2214789416611143,3.4965075614664802
1090,2421.9717267565434,2.2219924098683883,3.4969664876115947
1091,2424.7531590678213,2.222505187046582,3.4974249929165353
1092,2427.5340097445696,2.223016492440082,3.4978830781524253
1093,2430.3134304905047,2.2235255539711845,3.4983407440882694
1094,2433.0905832101125,2.2240316117094263,3.4987979914909633
1095,2435.8646437885654,2.224533921268096,3.4992548211253007
1096,2438.634805794841,2.2250317571120815,3.4997112337539806
1097,2441.400284090564,2.225524415761681,3.500167230137615
1098,2444.1603183275597,2.226011218877559,3.500622811034738
1099,2446.9141763176926,2.2264915162126413,3.5010779772018106
1100,2449.661157259184,2.22696468841744,3.501532729393231
1101,2452.4005948043396,2.2274301496860485,3.50198706836134
1102,2455.1318599543965,2.22788735023085,3.5024409948564297
1103,2457.8543637680823,2.2283357785748708,3.5028945096267514
1104,2460.5675598713688,2.228774963651602,3.50334761341852
1105,2463.2709467569334,2.229204476703107,3.5038003069759265
1106,2465.964069862839,2.229623932968209,3.50425259104114
1107,2468.6465234210727,2.230032993153634,3.5047044663543185
1108,2471.3179520676845,2.2304313646820257,3.5051559336536147
1109,2473.97805220747,2.2308188027118754,3.5056069936751837
1110,2476.6265731273306,2.231195110925523,3.50605764715319
1111,2479.263317853687,2.2315601420825266,3.506507894819815
1112,2481.888143750575,2.231913798336848,3.506957737405264
1113,2484.500962856319,2.2322560313174473,3.5074071756377725
1114,2487.101741957974,2.232586841973047,3.507856210243615
1115,2489.690502403979,2.2329062801829407,3.5083048419471097
1116,2492.2673196567675,2.2332144441368884,3.508753071470628
1117,2494.8323225883382,2.2335114794882167,3.5092008995346005
1118,2497.385692523031,2.2337975782853587,3.5096483268575223
1119,2499.927662032995,2.23407297768811,3.5100953541559625
1120,2502.458513493019,2.2343379584759098,3.51054198214457
1121,2504.9785774025627,2.234592843356434,3.51098821153608
1122,2507.4882304839625,2.2348379950837454,3.5114340430413207
1123,2509.987893566838,2.2350738143961157,3.5118794773692215
1124,2512.4780292697674,2.2353007377844905,3.512324515226818
1125,2514.959139491269,2.23551923510335,3.5127691573192603
1126,2517.4317627230303,2.235729807036439,3.513213404349818
1127,2519.896471199161,2.235932982430489,3.5136572570198883
1128,2522.3538678960404,2.236129315510674,3.5141007160290023
1129,2524.8045833980027,2.236319382992031,3.514543782074831
1130,2527.249272644757,2.236503781101555,3.514986455853193
1131,2529.688611576946,2.2366831225260357,3.5154287380580604
1132,2532.123293696749,2.236858033301015,3.5158706293815642
1133,2534.5540265607788,2.2370291496564683,3.5163121305140033
1134,2536.9815282228283,2.2371971148349457,3.5167532421438485
1135,2539.4065236442275,2.237362575897998,3.5171939649577517
1136,2541.829741089668,2.2375261805366797,3.5176342996405485
1137,2544.251908526416,2.237688573901861,3.518074246875268
1138,2546.6737500447125,2.2378503954698705,3.518513807343138
1139,2549.0959823170774,2.2380122759588037,3.518952981723591
1140,2551.5193111139265,2.238174834310462,3.519391770694271
1141,2553.944427892651,2.238338674752543,3.519830174931038
1142,2556.3720064768236,2.238504383955187,3.520268195107978
1143,2558.802699841792,2.238672528295531,3.520705831897405
1144,2561.2371370222545,2.2388436512432293,3.5211430859698716
1145,2563.675920156838,2.2390182708793342,3.5215799579941702
1146,2566.119621683935,2.2391968775601527,3.5220164486373426
1147,2568.5687817022713,2.239379931736941,3.5224525585646855
1148,2571.023905508825,2.2395678619414854,3.5228882884397557
1149,2573.485461325785,2.239761062946723,3.523323638924378
1150,2575.9538782272703,2.2399598941106698,3.523758610678648
1151,2578.4295442755,2.240164677910947,3.5241932043609414
1152,2580.9128048750217,2.240375698676234,3.5246274206279185
1153,2583.403961352493,2.2405932015199417,3.5250612601345295
1154,2585.9032697683656,2.240817391480386,3.5254947235340226
1155,2588.41093996563,2.2410484328706755,3.525927811477947
1156,2590.9271348595726,2.241286448840461,3.5263605246161616
1157,2593.4519699712782,2.2415315211506295,3.5267928635968384
1158,2595.9855132063785,2.2417836901609487,3.52722482906647
1159,2598.527784879294,2.2420429550295893,3.527656421669876
1160,2601.0787579819967,2.242309274122411,3.528087642050205
1161,2603.6383586950637,2.2425825656288234,3.5285184908489455
1162,2606.206467137595,2.2428627083800303,3.528948968705928
1163,2608.7829183513622,2.243149542864456,3.5293790762593322
1164,2611.3675035133656,2.243442872434163,3.5298088141456914
1165,2613.959971369863,2.2437424646951616,3.5302381829999003
1166,2616.5600298837944,2.24404805307358,3.530667183455219
1167,2619.1673480864943,2.244359338548838,3.531095816143278
1168,2621.781558123542,2.244675991544128,3.5315240816940863
1169,2624.4022574836517,2.244997653963774,3.531951980736034
1170,2627.029011398593,2.2453239413663186,3.532379513895901
1171,2629.6613554012997,2.245654445261571,3.5328066817988586
1172,2632.29879802852,2.245988735519215,3.533233485068479
1173,2634.9408236536947,2.246326362876125,3.533659924326738
1174,2637.5868954350785,2.2466668615290275,3.534086000194021
1175,2640.2364583635904,2.2470097517988004,3.5345117132891297
1176,2642.8889423943865,2.2473545428523694,3.534937064229286
1177,2645.5437656457584,2.247700735467934,3.5353620536301382
1178,2648.2003376486523,2.2480478248290767,3.535786682105766
1179,2650.8580626298676,2.248395303333221,3.5362109502686856
1180,2653.516342811869,2.248742663399889,3.536634858729855
1181,2656.1745817120727,2.2490894002642445,3.537058408098681
1182,2658.8321874245257,2.2494350147415614,3.537481598983022
1183,2661.488575866991,2.2497790159484286,3.5379044319891935
1184,2664.1431739766836,2.2501209239667936,3.5383269077219754
1185,2666.795422838176,2.2504602724372793,3.5387490267846156
1186,2669.444780727368,2.250796611068607,3.5391707897788356
1187,2672.090726055896,2.25112950805046,3.539592197304834
1188,2674.732760200849,2.251458552357617,3.5400132499612953
1189,2677.37041020532,2.2517833559338265,3.540433948345391
1190,2680.0032313359616,2.2521035557445055,3.5408542930527873
1191,2682.630809484509,2.2524188156880847,3.54127428467765
1192,2685.252763401019,2.2527288283565596,3.5416939238126477
1193,2687.8687467474865,2.253033316636619,3.542113211048958
1194,2690.4784499614125,2.2533320351435617,3.542532146976274
1195,2693.081601919909,2.2536247714810957,3.5429507321828053
1196,2695.6779713959586,2.2539113473210355,3.5433689672552884
1197,2698.267368299513,2.2541916192978384,3.5437868527789864
1198,2700.8496446972604,2.254465479713907,3.5442043893376973
1199,2703.424695606012,2.2547328570525536,3.544621577513757
1200,2705.9924595558377,2.2549937162965317,3.545038417888046
1201,2708.552918920287,2.25524805905103,3.5454549110399918
1202,2711.1061000122127,2.255495923471059,3.5458710575475765
1203,2713.652072944937,2.255737383994129,3.5462868579873392
1204,2716.190951259715,2.255972550880162,3.546702312934383
1205,2718.722891321642,2.2562015695615285,3.5471174229623776
1206,2721.2480914873668,2.2564246198071034,3.5475321886435656
1207,2723.7667910491195,2.256641914705153,3.547946610548766
1208,2726.2792689607404,2.2568536994708115,3.5483606892473802
1209,2728.7858423525104,2.2570602500847894,3.5487744253073963
1210,2731.28686484267,2.257261871770802,3.549187819295393
1211,2733.7827246545544,2.2574588973200282,3.549600871776546
1212,2736.273842549277,2.257651685271681,3.55001358331463
1213,2738.760669584868,2.2578406179594954,3.550425954472025
1214,2741.243684713608,2.2580260994346033,3.550837985809722
1215,2743.723392230198,2.258208553275883,3.5512496778873244
1216,2746.200319084122,2.2583884202994424,3.5516610312630563
1217,2748.6750120702955,2.2585661561793717,3.5520720464937634
1218,2751.1480349126864,2.2587422289923533,3.5524827241349213
1219,2753.6199652561822,2.258917116699083,3.5528930647406356
1220,2756.0913915824126,2.259091304575748,3.5533030688636513
1221,2758.5629100656747,2.25926528260907,3.5537127370553523
1222,2761.03512138537,2.2594395428685514,3.5541220698657705
1223,2763.5086275116228,2.2596145768696836,3.554531067843586
1224,2765.984028480889,2.2597908729419025,3.5549397315361357
1225,2768.4619191783922,2.259968913615014,3.5553480614894135
1226,2770.942886144227,2.2601491730377057,3.5557560582480785
1227,2773.4275044198293,2.2603321144415887,3.5561637223554556
1228,2775.9163344513167,2.260518187663939,3.556571054353544
1229,2778.409919065927,2.2607078267420073,3.556978054783017
1230,2780.9087805373797,2.260901447591366,3.5573847241832315
1231,2783.4134177555743,2.2610994457803204,3.557791063092227
1232,2785.9243035154836,2.2613021944119187,3.5581970720467324
1233,2788.4418819394955,2.2615100421244896,3.558602751582172
1234,2790.9665660467745,2.261723311221049,3.5590081022326667
1235,2793.4987354824907,2.2619422959372395,3.559413124531039
1236,2796.038734418901,2.262167260856716,3.559817819008818
1237,2798.5868696394364,2.2623984394821637,3.5602221861962438
1238,2801.1434088159776,2.2626360329692874,3.560626226622271
1239,2803.708578988544,2.262880209030302,3.561029940814571
1240,2806.2825652555593,2.2631311010125477,3.5614333292995415
1241,2808.865509681797,2.263388807156968,3.5618363926023036
1242,2811.457510429988,2.263653390040248,3.562239131246712
1243,2814.058621120917,2.263924876203473,3.5626415457553557
1244,2816.6688504256895,2.264203255969204,3.5630436366495624
1245,2819.2881618926244,2.264488483447891,3.563445404449404
1246,2821.916474010053,2.26478047673359,3.5638468496736992
1247,2824.553660505071,2.265079118287948,3.5642479728400183
1248,2827.1995508770906,2.2653842555104893,3.5646487744646866
1249,2829.853931163828,2.265695701492256,3.565049255062789
1250,2832.5165449361543,2.2660132359489236,3.5654494151481733
1251,2835.1870945170685,2.266336606328592,3.5658492552334558
1252,2837.865242418896,2.266665529088575,3.566248775830022
1253,2840.5506129916657,2.2669996911346093,3.566647977448034
1254,2843.242794274557,2.2673387514151173,3.567046860596433
1255,2845.9413400412254,2.267682342662331,3.567445425782942
1256,2848.6457720288226,2.2680300732713556,3.567843673514072
1257,2851.355582339572,2.2683815293075353,3.5682416042951237
1258,2854.0702360028417,2.2687362766318295,3.5686392186301927
1259,2856.789173684838,2.2690938631333104,3.5690365170221736
1260,2859.511814532252,2.269453821057343,3.569433499972762
1261,2862.237559135482,2.2698156694175116,3.56983016798246
1262,2864.9657925964248,2.270178916478942,3.570226521550579
1263,2867.6958876852805,2.2705430623003013,3.5706225611752456
1264,2870.427208070288,2.2709076013214307,3.5710182873534015
1265,2873.1591116039835,2.271272024983386,3.5714137005808104
1266,2875.89095364916,2.271635824367425,3.5718088013520606
1267,2878.6220904275797,2.2719984928394474,3.5722035901605693
1268,2881.3518823742347,2.272359528686305,3.5725980674985856
1269,2884.0796974799864,2.272718437730486,3.5729922338571938
1270,2886.8049146053745,2.2730747359097436,3.5733860897263185
1271,2889.52692674853,2.273427951808442,3.573779635594727
1272,2892.245144250327,2.2737776291276157,3.574172871950034
1273,2894.9589979201787,2.2741233290810516,3.5745657992787034
1274,2897.6679420662704,2.2744646327050786,3.5749584180660543
1275,2900.3714574144624,2.2748011430701665,3.575350728796263
1276,2903.06905390064,2.2751324873829466,3.5757427319523676
1277,2905.760273321892,2.275458318967809,3.5761344280162697
1278,2908.4446918325807,2.2757783191178254,3.57652581746874
1279,2911.121922272142,2.2760921988054275,3.5769169007894215
1280,2913.7916163122577,2.2763997002439513,3.5773076784568314
1281,2916.453466411944,2.276700598291916,3.577698150948367
1282,2919.107207570048,2.276994701692705,3.5780883187403076
1283,2921.7526188656375,2.2772818541431312,3.5784781823078182
1284,2924.389524777833,2.277561935185228,3.5788677421249533
1285,2927.017796277722,2.2778348609165153,3.5792569986646603
1286,2929.6373516861267,2.278100584514873,3.5796459523987822
1287,2932.248157292172,2.278359096575114,3.5800346037980635
1288,2934.8502277287917,2.2786104252552732,3.5804229533321497
1289,2937.4436261025357,2.2788546362316024,3.5808110014695935
1290,2940.0284638762605,2.2790918324622176,3.581198748677859
1291,2942.604900504534,2.2793221537602895,3.5815861954233212
1292,2945.1731428228386,2.2795457761786677,3.5819733421712736
1293,2947.7334441928892,2.279762911208731,3.5823601893859287
1294,2950.2861034076,2.279973804797218,3.5827467375304227
1295,2952.831463360484,2.280178736185702,3.583132987066819
1296,2955.369909485445,2.2803780165782754,3.58351893845611
1297,2957.901867974065,2.2805719876438437,3.583904592158222
1298,2960.4278037786808,2.2807610198603085,3.5842899486320174
1299,2962.948218410568,2.2809455107086745,3.5846750083353
1300,2965.4636475436637,2.2811258827258953,3.585059771724814
1301,2967.974658435205,2.281302581425984,3.5854442392562524
1302,2970.4818471756344,2.2814760730995656,3.585828411384257
1303,2972.9858357810017,2.2816468425026875,3.5862122885624226
1304,2975.4872691418955,2.281815390446239,3.5865958712432993
1305,2977.9868118437107,2.281982231297863,3.586979159878397
1306,2980.4851448737127,2.282147890408662,3.587362154918188
1307,2982.9829622309735,2.282312901477409,3.587744856812111
1308,2985.4809674557773,2.282477803865273,3.588127266008572
1309,2987.9798700955284,2.282643139874353,3.58850938295495
1310,2990.480382124551,2.282809452003474,3.5888912080975985
1311,2992.983214335445,2.2829772801948476,3.58927274188185
1312,2995.4890727198476,2.28314715908525,3.589653984752017
1313,2997.998654856523,2.283319615275341,3.590034937151398
1314,3000.512646324755,2.2834951646307116,3.5904155995222777
1315,3003.031717160873,2.2836743096280405,3.5907959723059326
1316,3005.5565183756235,2.283857536759592,3.5911760559426313
1317,3008.0876785498144,2.2840453140089707,3.5915558508716403
1318,3010.6258005252957,2.284238088410695,3.5919353575312263
1319,3013.171458207958,2.284436283705806,3.5923145763586573
1320,3015.7251934988585,2.2846402981051956,3.5926935077902082
1321,3018.2875133690277,2.2848505021718606,3.5930721522611626
1322,3020.8588870928133,2.285067236832688,3.5934505102058156
1323,3023.4397436538875,2.285290811529771,3.593828582057478
1324,3026.0304693372045,2.285521502520547,3.594206368248477
1325,3028.631405519325,2.2857595513353397,3.5945838692101613
1326,3031.2428466685733,2.2860051634001306,3.594961085372904
1327,3033.8650385654673,2.28625850683155,3.5953380171661036
1328,3036.4981767528334,2.286519711410266,3.5957146650181895
1329,3039.142405223882,2.28678886773806,3.596091029356623
1330,3041.797815355375,2.2870660265829885,3.5964671106079
1331,3044.46444509185,2.2873511984161157,3.596842909197556
1332,3047.1422783856174,2.2876443531423556,3.5972184255501674
1333,3049.831244896018,2.28794542002702,3.5975936600893546
1334,3052.531219950174,2.288254287818721,3.5979686132377844
1335,3055.2420247661807,2.2885708050683,3.598343285417175
1336,3057.963426938396,2.288894780642512,3.5987176770482954
1337,3060.6951411832374,2.289225984430245,3.5990917885509717
1338,3063.436830342574,2.2895641482380973,3.5994656203440867
1339,3066.188106640595,2.2899089668712436,3.599839172845586
1340,3068.9485331887167,2.2902600993945645,3.6002124464724785
1341,3071.7176257319766,2.2906171705682152,3.600585441640839
1342,3074.4948546290516,2.290979772450858,3.6009581587658137
1343,3077.2796470570024,2.2913474661630695,3.601330598261619
1344,3080.071389430657,2.2917197838025722,3.6017027605415475
1345,3082.8694300255233,2.292096230502248,3.60207464601797
1346,3085.6730817921098,2.292476286621181,3.6024462551023366
1347,3088.4816253485797,2.2928594100583366,3.602817588205182
1348,3091.2943121377725,2.2932450386778727,3.603188645736126
1349,3094.1103677338324,2.293632592834568,3.603559428103878
1350,3096.9289952829067,2.2940214779873385,3.6039299357162378
1351,3099.749379061721,2.2944110873883945,3.6043001689800995
1352,3102.5706881372607,2.294800804835252,3.604670128301455
1353,3105.392080110233,2.2951900074724563,3.605039814085394
1354,3108.2127049246083,2.295578068629696,3.60540922673611
1355,3111.0317087251656,2.295964360682779,3.6057783666569008
1356,3113.848237744719,2.296348257923834,3.6061472342501704
1357,3116.6614422025386,2.2967291394270735,3.6065158299174347
1358,3119.4704801954294,2.297106391896487,3.606884154059321
1359,3122.2745215628947,2.2974794124818945,3.6072522070755717
1360,3125.072751707974,2.297847611549981,3.6076199893650487
1361,3127.864375355513,2.298210415397144,3.607987501325733
1362,3130.648620229906,2.2985672688912673,3.6083547433547287
1363,3133.4247406347376,2.2989176380298884,3.6087217158482665
1364,3136.192020917205,2.299261012402643,3.609088419201704
1365,3138.949778800742,2.299596907546331,3.60945485380953
1366,3141.697368569895,2.299924867181475,3.6098210200653678
1367,3144.434184092181,2.3002444653198104,3.6101869183619746
1368,3147.1596616624884,2.300555308232813,3.610552549091248
1369,3149.8732826563446,2.300857036271983,3.6109179126442243
1370,3152.5745759793676,2.301149325532385,3.6112830094110855
1371,3155.2631203011406,2.3014318893516705,3.611647839781157
1372,3157.9385460628123,2.3017044796376185,3.612012404142915
1373,3160.6005372487743,2.301966888018044,3.6123767028839855
1374,3163.2488329139483,2.3022189468078227,3.6127407363911472
1375,3165.8832284593386,2.30246052978861,3.6131045050503356
1376,3168.50357664974,2.3026915527977763,3.6134680092466445
1377,3171.1097883687266,2.3029119741239845,3.613831249364327
1378,3173.701833107302,2.3031217947077662,3.614194225786802
1379,3176.2797391838685,2.3033210581463877,3.614556938896651
1380,3178.843593694474,2.303509850503242,3.614919389075625
1381,3181.393542193575,2.303688299922936,3.6152815767046462
1382,3183.929788106851,2.3038565760541614,3.615643502163808
1383,3186.452591878903,2.304014889283372,3.6160051658323793
1384,3188.962269859918,2.3041634897831775,3.6163665680888073
1385,3191.4591929366484,2.3043026663802517,3.6167277093107195
1386,3193.9437849142664,2.3044327452483886,3.6170885898749243
1387,3196.4165206568596,2.304554088433208,3.6174492101574156
1388,3198.8779239954692,2.3046670922157557,3.617809570533375
1389,3201.3285654136926,2.3047721853230327,3.618169671377172
1390,3203.76905952193,2.3048698269941945,3.6185295130623687
1391,3206.2000623323456,2.304960504911823,3.6188890959617215
1392,3208.622268347591,2.305044733008327,3.6192484204471826
1393,3211.036407477177,2.3051230491580594,3.619607486889903
1394,3213.443241796222,2.3051960127663,3.6199662956602348
1395,3215.8435621620506,2.305264202266703,3.620324847127733
1396,3218.2381847047423,2.3053282125392136,3.620683141661159
1397,3220.627947208361,2.3053886522608167,3.621041179628481
1398,3223.0137054000693,2.305446141201766,3.621398961396878
1399,3225.3963291647638,2.3055013074801742,3.621756487332741
1400,3227.7766987031923,2.3055547847879945,3.622113757801675
1401,3230.1557006517646,2.305607209601545,3.6224707731685033
1402,3232.5342241824305,2.3056592183897506,3.6228275337972677
1403,3234.9131571010353,2.3057114448332396,3.6231840400512305
1404,3237.29338196259,2.305764517067372,3.623540292292878
1405,3239.6757722217208,2.305819054962079,3.623896290883923
1406,3242.06118843641,2.305875667451216,3.6242520361853052
1407,3244.4504745428217,2.305934949923825,3.6246075285571946
1408,3246.844454218632,2.3059974816893694,3.624962768358994
1409,3249.2439273518335,2.3060638235286257,3.62531775594934
1410,3251.6496666314256,2.3061345153414368,3.625672491686107
1411,3254.0624142757806,2.3062100739020415,3.626026975926407
1412,3256.4828789137996,2.3062909907321525,3.6263812090265937
1413,3258.9117326331548,2.3063777301013126,3.626735191342264
1414,3261.349608209122,2.3064707271634526,3.627088923228259
1415,3263.797096526564,2.3065703862378544,3.627442405038669
1416,3266.2547442066825,2.3066770792420073,3.6277956371268325
1417,3268.723051449132,2.3067911442830855,3.6281486198453403
1418,3271.2024700989978,2.3069128844139617,3.6285013535460364
1419,3273.6934019470627,2.3070425665588883,3.6288538385800213
1420,3276.1961972705967,2.307180420613096,3.6292060752976534
1421,3278.7111536207253,2.307326638719722,3.6295580640485503
1422,3281.238514861243,2.3074813747266125,3.629909805181593
1423,3283.778470462449,2.3076447438246306,3.630261299044926
1424,3286.331155052388,2.3078168223682503,3.6306125459859606
1425,3288.8966482265723,2.307997647878296,3.6309635463513756
1426,3291.4749746160173,2.3081872192258186,3.6313143004871207
1427,3294.0661042121683,2.3083854969952124,3.6316648087384182
1428,3296.6699529460298,2.3085924040238304,3.6320150714497648
1429,3299.28638351758,2.3088078261144718,3.6323650889649337
1430,3301.915206470339,2.309031612916321,3.6327148616269764
1431,3304.556181504793,2.309263578969108,3.6330643897782253
1432,3307.2090190231784,2.309503504904454,3.6334136737602956
1433,3309.8733818970863,2.3097511387976875,3.633762713914086
1434,3312.5488874482053,2.310006197662626,3.6341115105797828
1435,3315.2351096315806,2.310268369081241,3.634460064096861
1436,3317.931581409738,2.3105373129594278,3.6348083748040847
1437,3320.6377973051754,2.3108126633995654,3.6351564430395125
1438,3323.3532161178423,2.3110940306800014,3.635504269140496
1439,3326.077263793501,2.3113810033311335,3.635851853443684
1440,3328.809336428135,2.311673150297316,3.6361991962850233
1441,3331.5488033929587,2.311970023173462,3.636546297999761
1442,3334.295010564059,2.3122711585048954,3.6368931589224474
1443,3337.047283640193,2.312576080138734,3.6372397793869355
1444,3339.8049315319563,2.312884301614928,3.6375861597263857
1445,3342.5672498051626,2.3131953285848876,3.6379323002732664
1446,3345.3335241611344,2.313508661245598,3.638278201359355
1447,3348.1030339364606,2.313823796777098,3.638623863315742
1448,3350.87505560472,2.314140231771215,3.6389692864728307
1449,3353.648866262789,2.314457464639606,3.639314471160341
1450,3356.423747084408,2.314774997989247,3.63965941770731
1451,3359.198986724001,2.3150923409538255,3.640004126442094
1452,3361.9738846539776,2.3154090114696815,3.6403485976923706
1453,3364.747754419205,2.315724538485344,3.6406928317851412
1454,3367.519926792776,2.3160384640940688,3.6410368290467323
1455,3370.2897528177787,2.316350345579229,3.6413805898027967
1456,3373.0566067203963,2.3166597573629097,3.6417241143783157
1457,3375.8198886803766,2.316966292848577,3.6420674030976024
1458,3378.5790274456863,2.317269566149305,3.642410456284302
1459,3381.3334827789877,2.3175692136936172,3.6427532742613926
1460,3384.082747724513,2.3178648957017214,3.643095857351191
1461,3386.8263506848148,2.3181562975255408,3.64343820587535
1462,3389.563857297931,2.318443130846738,3.6437803201548618
1463,3392.2948721065077,2.31872513472762,3.644122200510062
1464,3395.019040011556,2.3190020765106256,3.6444638472606283
1465,3397.736047504611,2.3192737525628746,3.6448052607255836
1466,3400.4456236732494,2.3195399888630623,3.6451464412232983
1467,3403.147540976067,2.3198006414288117,3.6454873890714907
1468,3405.8416157844563,2.320055596583417,3.6458281045872303
1469,3408.527708689688,2.3203047710617346,3.6461685880869386
1470,3411.2057245750366,2.3205481119558073,3.646508839886391
1471,3413.8756124539077,2.320785596501637,3.646848860300719
1472,3416.5373650761103,2.321017231709314,3.6471886496444106
1473,3419.1910183056098,2.3212430538395177,3.647528208231315
1474,3421.836650274282,2.3214631277301776,3.647867536374641
1475,3424.4743803173255,2.321677545977848,3.64820663438696
1476,3427.1043676970894,2.3218864279790576,3.648545502580209
1477,3429.7268101231784,2.322089918837629,3.64888414126569
1478,3432.3419420777127,2.322288188144596,3.6492225507540734
1479,3434.9500329556013,2.3224814286379996,3.6495607313554
1480,3437.5513850306443,2.322669854750435,3.6498986833790803
1481,3440.1463312591422,2.3228537010527632,3.6502364071338995
1482,3442.7352329334976,2.3230332206029,3.650573902928016
1483,3445.3184771990664,2.3232086832090806,3.650911171068966
1484,3447.89647444818,2.323380373617372,3.651248211863663
1485,3450.469655605864,2.3235485896335786,3.6515850256184
1486,3453.038469322333,2.3237136401899954,3.6519216126388523
1487,3455.6033790877736,2.3238758433677025,3.6522579732300775
1488,3458.1648602852797,2.324035524385269,3.6525941076965185
1489,3460.7233971981677,2.3241930135649214,3.6529300163420046
1490,3463.279479988007,2.324348644287253,3.6532656994697525
1491,3465.8336016599023,2.3245027509456087,3.653601157382369
1492,3468.3862550315444,2.3246556669112226,3.653936390381853
1493,3470.9379297225314,2.3248077225201147,3.654271398769595
1494,3473.4891091803015,2.324959243092571,3.6546061828463814
1495,3476.0402677588086,2.3251105469958584,3.6549407429123932
1496,3478.591867865766,2.325261943760539,3.655275079267211
1497,3481.144357193892,2.325413732260449,3.6556091922098144
1498,3483.6981660511287,2.3255661989660403,3.6559430820385823
1499,3486.2537048042595,2.32571961628036,3.656276749051299
1500,3488.811361449735,2.32587424096649,3.6566101935451507
1501,3491.3714993248204,2.3260303126747637,3.656943415816731
1502,3493.9344549714197,2.3261880525775096,3.65727641616204
1503,3496.500536164122,2.326347662118511,3.6576091948764873
1504,3499.0700201131176,2.3265093218837216,3.6579417522548927
1505,3501.643151851701,2.326673190599137,3.658274088591488
1506,3504.2201428170915,2.3268394042610168,3.6586062041799194
1507,3506.8011696322656,2.327008075402963,3.658938099313248
1508,3509.3863730954354,2.3271792925036046,3.659269774283951
1509,3511.975857382663,2.3273531195378814,3.6596012293839246
1510,3514.5696894680277,2.3275295956741906,3.659932464904485
1511,3517.16789876453,2.3277087351188155,3.66026348113637
1512,3519.7704769878014,2.3278905271083343,3.660594278369739
1513,3522.3773782434628,2.3280749360498763,3.660924856894178
1514,3524.9885193377995,2.328261901808322,3.661255216998697
1515,3527.6037803102263,2.328451340138763,3.6615853589717346
1516,3530.223005184834,2.328643143261764,3.6619152831011585
1517,3532.846002937124,2.3288371805781964,3.662244989674266
1518,3535.472548670914,2.3290332995197063,3.6625744789777874
1519,3538.102384999237,2.32923132653011,3.6629037512978866
1520,3540.735223622003,2.3294310681723704,3.663232806920161
1521,3543.370747092087,2.329632312355087,3.6635616461296463
1522,3546.0086107605334,2.329834829671835,3.6638902692108157
1523,3548.6484448905703,2.330038374846074,3.664218676447581
1524,3551.2898569292315,2.330242688273774,3.664546868123296
1525,3553.932433924496,2.330447497655407,3.664874844520756
1526,3556.575745075106,2.3306525197084573,3.665202605922201
1527,3559.2193443994292,2.3308574619511653,3.6655301526093163
1528,3561.862773509134,2.3310620245478626,3.665857484863233
1529,3564.505564472806,2.33126590220589,3.666184602964531
1530,3567.1472427541503,2.331468786113824,3.6665115071932406
1531,3569.78733020898,2.331670365910503,3.666838197828842
1532,3572.4253481248475,2.3318703316741822,3.6671646751502682
1533,3575.0608202868775,2.33206837592099,3.667490939435907
1534,3577.6932760532263,2.3322641956018426,3.6678169909636007
1535,3580.322253423432,2.3324574940869263,3.6681428300106487
1536,3582.9473020829532,2.3326479831269227,3.668468456853809
1537,3585.567986407247,2.332835384780252,3.668793871769298
1538,3588.1838884088934,2.333019433295769,3.6691190750327944
1539,3590.794610611526,2.333199876940563,3.6694440669194397
1540,3593.3997788346524,2.3333764797627614,3.6697688477038373
1541,3595.999044873861,2.3335490232795983,3.6700934176600577
1542,3598.5920890614016,2.333717308081324,3.6704177770616373
1543,3601.178622692697,2.3338811553419943,3.6707419261815804
1544,3603.7583903049845,2.334040408228617,3.671065865292361
1545,3606.3311717950246,2.334194933200663,3.6713895946659227
1546,3608.8967843635696,2.334344621192477,3.6717131145736834
1547,3611.4550842751605,2.3344893886717264,3.672036425286533
1548,3614.005968422725,2.334629178567652,3.6723595270748364
1549,3616.5493756874353,2.3347639610635476,3.6726824202084343
1550,3619.085288085253,2.3348937342485505,3.6730051049566463
1551,3621.6137316927407,2.335018524624591,3.6733275815882696
1552,3624.1347773457323,2.3351383874650335,3.673649850371582
1553,3626.6485411056924,2.3352534070223387,3.6739719115743434
1554,3629.155184489674,2.3353636965828017,3.6742937654637964
1555,3631.6549144610613,2.335469398367242,3.674615412306667
1556,3634.147983179453,2.3355706832772833,3.6749368523691683
1557,3636.634687509285,2.335667750487659,3.675258085916999
1558,3639.1153682880067,2.3357608268857555,3.675579113215347
1559,3641.5904093558984,2.335850166360422,3.6758999345288883
1560,3644.060236350776,2.335936048942805,3.6762205501217915
1561,3646.525315272117,2.3360187798027656,3.676540960257716
1562,3648.9861508202644,2.336098688105163,3.6768611651998158
1563,3651.443284517586,2.336176125731021,3.6771811652107385
1564,3653.897292619575,2.3362514658692937,3.6775009605526283
1565,3656.348783824975,2.336325101485607,3.6778205514871267
1566,3658.7983967950995,2.3363974436750317,3.678139938275374
1567,3661.2467974934825,2.336468919906498,3.6784591211780104
1568,3663.694676357991,2.336539972167086,3.6787781004551765
1569,3666.1427453184033,2.336611055014916,3.679096876366516
1570,3668.591734673312,2.3366826335498803,3.679415449171177
1571,3671.04238984096,2.3367551813118776,3.6797338191278106
1572,3673.4954679993266,2.33682917811662,3.680051986494576
1573,3675.951734631425,2.336905107839431,3.680369951529139
1574,3678.4119599922597,2.3369834561577254,3.6806877144886743
1575,3680.8769155144323,2.3370647082631315,3.681005275629867
1576,3683.3473701697103,2.337149346554385,3.6813226352089123
1577,3685.8240868042,2.3372378483222573,3.6816397934815193
1578,3688.3078184649557,2.337330683437868,3.6819567507029096
1579,3690.7993047360064,2.3374283120557355,3.682273507127821
1580,3693.299268101786,2.3375311823429024,3.6825900630105064
1581,3695.8084103559104,2.3376397282453576,3.682906418604736
1582,3698.327409073118,2.337754367302856,3.6832225741637994
1583,3700.8569141619178,2.3378754985230055,3.683538529940506
1584,3703.3975445152114,2.3380035003252595,3.6838542861871857
1585,3705.9498847757154,2.33813872856512,3.6841698431556904
1586,3708.514482232543,2.338281514648514,3.6844852010973965
1587,3711.0918438647227,2.338432163745887,3.6848003602632047
1588,3713.6824335467745,2.3385909531150975,3.6851153209035403
1589,3716.28666943075,2.338758130541693,3.685430083268358
1590,3718.90492151833,2.33893391290461,3.6857446476071387
1591,3721.5375094357073,2.3391184848747373,3.6860590141688934
1592,3724.18470042306,2.339311997753178,3.6863731832021642
1593,3726.846707549405,2.33951456845537,3.6866871549550244
1594,3729.5236881625897,2.339726278646543,3.6870009296750803
1595,3732.215742583075,2.339947174033276,3.6873145076094724
1596,3734.922913049008,2.340177263815168,3.6876278890048773
1597,3737.645182918927,2.3404165202998914,3.6879410741075063
1598,3740.3824761371784,2.3406648786840916,3.68825406316311
1599,3743.1346569659277,2.340922237001831,3.688566856416977
1600,3745.9015299863413,2.341188456241463,3.6888794541139363
1601,3748.6828403702666,2.3414633606310225,3.6891918564983572
1602,3751.4782744224,2.341746738091386,3.689504063814152
1603,3754.2874603917044,2.342038340855711,3.6898160763047763
1604,3757.109969549476,2.3423378862527904,3.69012789421323
1605,3759.945317530222,2.3426450576512288,3.690439517782058
1606,3762.79296593025,2.3429595055605543,3.6907509472533535
1607,3765.652324157584,2.34328084888462,3.691062182868756
1608,3768.522751525661,2.3436086763219284,3.691373224869456
1609,3771.4035595820383,2.3439425479067983,3.6916840734961918
1610,3774.2940146622373,2.3442819966846193,3.6919947289892545
1611,3777.19334065772,2.3446265305137928,3.692305191588487
1612,3780.1007219859844,2.344975633986343,3.6926154615332867
1613,3783.0153067497604,2.345328770458624,3.6929255390626046
1614,3785.9362100713647,2.345685384183002,3.6932354244149472
1615,3788.862517587418,2.346044902530909,3.6935451178283785
1616,3791.7932890883376,2.3464067382972384,3.69385461954052
1617,3794.727562286299,2.3467702920756333,3.6941639297885533
1618,3797.6643566947314,2.347134954693901,3.6944730488092183
1619,3800.6026776018534,2.3475001096984887,3.6947819768388177
1620,3803.541520120256,2.347865135876701,3.6950907141132148
1621,3806.479873294206,2.3482294098051857,3.695399260867838
1622,3809.416724245994,2.3485923084130667,3.6957076173376793
1623,3812.351062342456,2.348953211548032,3.6960157837572956
1624,3815.2818833626934,2.349311504533678,3.6963237603608117
1625,3818.208193647962,2.349666580706438,3.696631547381919
1626,3821.129014214785,2.350017843920532,3.6969391450538778
1627,3824.0433848124767,2.3503647110095125,3.697246553609519
1628,3826.9503679065333,2.3507066141932023,3.6975537732812427
1629,3829.849052569652,2.351043003419062,3.6978608043010226
1630,3832.738558262576,2.351373348627347,3.698167646900404
1631,3835.618038487474,2.351697141929782,3.698474301310507
1632,3838.486684297128,2.3520138996918676,3.698780767762026
1633,3841.3437276438976,2.352323164509429,3.6990870464852326
1634,3844.188444553159,2.3526245070704768,3.6993931377099742
1635,3847.020158106741,2.3529175278940313,3.699699041665677
1636,3849.8382412227706,2.353201858938124,3.700004758581346
1637,3852.6421192192875,2.353477165069815,3.7003102886855674
1638,3855.4312721500073,2.353743145390725,3.7006156322065076
1639,3858.2052369016865,2.3539995344122553,3.700920789371915
1640,3860.9636090436447,2.354246103075393,3.701225760409122
1641,3863.7060444211825,2.3544826596107145,3.7015305455450456
1642,3866.4322604858266,2.3547090502349737,3.7018351450061866
1643,3869.142037356585,2.3549251596814273,3.702139559018634
1644,3871.835218607627,2.355130911561817,3.7024437878080625
1645,3874.5117117791274,2.35532626855874,3.702747831599736
1646,3877.171488609289,2.355511232447928,3.7030516906185076
1647,3879.8145849868806,2.3556858439507473,3.7033553650888202
1648,3882.441100624916,2.3558501824180316,3.7036588552347087
1649,3885.0511984574423,2.356004365347145,3.7039621612797995
1650,3887.645103762665,2.356148547734948,3.704265283447313
1651,3890.223103016947,2.356282921270107,3.704568221960064
1652,3892.785542485444,2.3564077133689127,3.7048709770404615
1653,3895.332826556405,2.356523186059531,3.705173548910512
1654,3897.8654158273152,2.3566296347202633,3.7054759377918183
1655,3900.3838249522514,2.3567273866780973,3.7057781439055817
1656,3902.888620260883,2.356816799674446,3.7060801674726025
1657,3905.3804171606484,2.3568982602055812,3.7063820087132813
1658,3907.8598773345975,2.356972181745837,3.7066836678476203
1659,3910.3277057483315,2.357039002862165,3.706985145095222
1660,3912.784647480371,2.357099185229139,3.7072864406752943
1661,3915.2314843910362,2.357153211553905,3.7075875548066475
1662,3917.6690316456643,2.357201583420977,3.707888487707697
1663,3920.0981341086645,2.3572448190671462,3.708189239596464
1664,3922.5196626254196,2.357283451097007,3.708489810690577
1665,3924.934510209584,2.3573180241499,3.708790201207272
1666,3927.343588153676,2.3573490925292173,3.709090411363394
1667,3929.747822081217,2.357377217805169,3.709390441375397
1668,3932.1481479588415,2.357402966402183,3.709690291459346
1669,3934.5455080869847,2.357426907182136,3.7099899618309173
1670,3936.940847087759,2.3574496090345862,3.7102894527054002
1671,3939.335107908585,2.35747163848509,3.7105887642976967
1672,3941.729227860034,2.3574935573325564,3.7108878968223236
1673,3944.1241347060663,2.3575159203263993,3.711186850493412
1674,3946.5207428245703,2.3575392728940088,3.7114856255247104
1675,3948.919949455681,2.357564148928765,3.7117842221295834
1676,3951.3226310548926,2.357591068648504,3.712082640521014
1677,3953.729639767389,2.357620536533923,3.7123808809116046
1678,3956.1418000393905,2.3576530393560136,3.7126789435135756
1679,3958.559905381584,2.357689044301122,3.7129768285387703
1680,3960.9847152989014,2.3577289972017272,3.7132745361986523
1681,3963.4169524000863,2.35777332088048,3.713572066704308
1682,3965.857299699518,2.357822413614458,3.713869420266447
1683,3968.3063981228165,2.357876647725975,3.714166597095403
1684,3970.764844226705,2.3579363683056442,3.714463597401136
1685,3973.233188142519,2.3580018920727115,3.714760421393231
1686,3975.711931751635,2.3580735063770075,3.7150570692809004
1687,3978.201527099913,2.3581514683461253,3.715353541272984
1688,3980.7023750570756,2.358236004180732,3.7156498375779514
1689,3983.2148242257012,2.3583273086001784,3.7159459584039
1690,3985.739170103286,2.358425544439814,3.7162419039585597
1691,3988.2756544995777,2.3585308424006963,3.71653767444929
1692,3990.824465210111,2.358643300951602,3.716833270083084
1693,3993.385735945626,2.3587629863825317,3.7171286910665677
1694,3995.959546515801,2.3588899330081468,3.7174239376059997
1695,3998.545923264475,2.359024143518864,3.717719009907275
1696,4001.1448397523172,2.359165589476602,3.7180139081759243
1697,4003.7562176817164,2.3593142119515123,3.7183086326171133
1698,4006.3799280574553,2.3594699222953213,3.718603183435646
1699,4009.0157925756466,2.3596326030462897,3.7188975608359662
1700,4011.6635852322765,2.359802108960163,3.7191917650221535
1701,4014.3230341416847,2.3599782681608965,3.719485796197931
1702,4016.9938235542886,2.3601608834044,3.71977965456666
1703,4019.6755960619453,2.360349733448001,3.720073340331344
1704,4022.367954978455,2.360544574517873,3.7203668536946304
1705,4025.0704668819058,2.36074514186622,3.7206601948588087
1706,4027.7826643048143,2.3609511514096213,3.7209533640258123
1707,4030.5040485573477,2.361162301439571,3.7212463613972204
1708,4033.23409266833,2.3613782743959777,3.721539187174258
1709,4035.97224442821,2.361598738694096,3.7218318415577953
1710,4038.7179295177466,2.3618233505951736,3.7221243247483526
1711,4041.4705547058193,2.3620517561109406,3.7224166369460967
1712,4044.2295110994937,2.3622835929319472,3.7227087783508437
1713,4046.9941774293247,2.3625184923697167,3.72300074916206
1714,4049.7639233527566,2.3627560813026585,3.7232925495788627
1715,4052.5381127585106,2.3629959841157495,3.72358417980002
1716,4055.316107054896,2.3632378246240653,3.723875640023954
1717,4058.0972684251974,2.363481227970412,3.724166930448738
1718,4060.880963033502,2.3637258224874866,3.7244580512721
1719,4063.6665641647087,2.3639712415152463,3.7247490026914245
1720,4066.453455282854,2.36421712516445,3.7250397849037493
1721,4069.2410329924155,2.364463122017673,3.7253303981057697
1722,4072.0287098878075,2.36470889075947,3.725620842493838
1723,4074.815917276968,2.3649541017277818,3.725911118263965
1724,4077.6021077656173,2.3651984383791285,3.726201225611819
1725,4080.386757689614,2.365441598660646,3.72649116473273
1726,4083.1693693836205,2.3656832962825147,3.7267809358216866
1727,4085.949473275262,2.365923261884923,3.727070539073339
1728,4088.726629794893,2.366161244094267,3.7273599746820003
1729,4091.5004310920967,2.366397010463908,3.7276492428416454
1730,4094.2705025511145,2.366630348295442,3.727938343745912
1731,4097.036504098491,2.366861065337083,3.7282272775881045
1732,4099.798131297324,2.367088990356423,3.7285160445611902
1733,4102.555116223703,2.367313973585518,3.728804644857803
1734,4105.307228122043,2.367535887036934,3.7290930786702434
1735,4108.054273837235,2.367754624690049,3.72938134619048
1736,4110.79609802273,2.3679701025476554,3.729669447610148
1737,4113.532583124853,2.3681822585635306,3.7299573831205524
1738,4116.263649144848,2.3683910524423752,3.730245152912669
1739,4118.989253181311,2.3685964653141527,3.7305327571771416
1740,4121.709388756903,2.3687984992855764,3.7308201961042875
1741,4124.42408493426,2.3689971768720617,3.7311074698840945
1742,4127.133405227266,2.3691925403141596,3.731394578706224
1743,4129.837446314835,2.369384650783038,3.7316815227600104
1744,4132.536336565412,2.3695735874801676,3.7319683022344625
1745,4135.230234381474,2.3697594466369476,3.7322549173182638
1746,4137.919326374116,2.3699423404204563,3.7325413681997737
1747,4140.6038253788665,2.37012239575207,3.732827655067028
1748,4143.283968324559,2.3702997530460865,3.7331137781077404
1749,4145.960013967974,2.3704745648759142,3.733399737509301
1750,4148.632240507592,2.3706469945757664,3.7336855334587797
1751,4151.300943090473,2.370817214786107,3.733971166142926
1752,4153.966431226826,2.3709854059513846,3.7342566357481686
1753,4156.629026127288,2.3711517547788294,3.734541942460617
1754,4159.2890579783925,2.3713164526672705,3.734827086466064
1755,4161.94686317196,2.371479694115077,3.735112067949983
1756,4164.602781504429,2.3716416751164173,3.735396887097531
1757,4167.25715336229,2.3718025915550887,3.7356815440935485
1758,4169.910316909833,2.3719626376051384,3.735966039122561
1759,4172.5626052954285,2.3721220041474864,3.736250372368779
1760,4175.2143438924395,2.3722808772116135,3.7365345440160986
1761,4177.865847590705,2.3724394364512804,3.736818554248103
1762,4180.517418154215,2.372597853663005,3.737102403248062
1763,4183.169341660311,2.3727562913558202,3.737386091198935
1764,4185.821886035231,2.372914901380516,3.7376696182833684
1765,4188.475298700407,2.3730738236262927,3.7379529846836985
1766,4191.12980434323,2.373233184792316,3.7382361905819526
1767,4193.785602825426,2.373393097241328,3.7385192361598483
1768,4196.442867241393,2.3735536579419647,3.7388021215987943
1769,4199.1017421381,2.3737149475059924,3.7390848470798925
1770,4201.762341907271,2.3738770293261418,3.7393674127839374
1771,4204.424749359645,2.374039948819675,3.739649818891417
1772,4207.089014490202,2.374203732782281,3.7399320655825132
1773,4209.755153442141,2.3743683888562552,3.740214153037104
1774,4212.423147676411,2.3745339051163534,3.7404960814347623
1775,4215.092943352487,2.374700249776049,3.7407778509547582
1776,4217.764450924938,2.3748673710162937,3.7410594617760577
1777,4220.437544959192,2.3750351969382058,3.7413409140773255
1778,4223.112064168759,2.375203635640472,3.741622208036925
1779,4225.78781167496,2.3753725754215624,3.7419033438329175
1780,4228.464555489022,2.375541885106192,3.7421843216430655
1781,4231.142029215232,2.3757114144947957,3.7424651416448307
1782,4233.819932972618,2.375880994934129,3.742745804015377
1783,4236.497934531492,2.3760504400064453,3.74302630893157
1784,4239.175670659984,2.3762195463340716,3.7433066565699775
1785,4241.852748674581,2.3763880944955633,3.7435868471068696
1786,4244.528748187602,2.376555850049049,3.743866880718222
1787,4247.203223043403,2.376722564657752,3.744146757579714
1788,4249.875703434135,2.376887977312156,3.7444264778667296
1789,4252.54569818484,2.377051815642728,3.7447060417543594
1790,4255.21269719677,2.377213797316631,3.7449854494174004
1791,4257.8761740369,2.3773736315113903,3.7452647010303557
1792,4260.53558866079,2.37753102045803,3.745543796767438
1793,4263.190390255214,2.3776856610458528,3.7458227368025665
1794,4265.840020186228,2.3778372464806177,3.7461015213093707
1795,4268.483915037807,2.377985467987636,3.7463801504611896
1796,4271.1215097255445,2.3781300165509713,3.7466586244310727
1797,4273.752240669538,2.378270584679765,3.7469369433917796
1798,4276.375549010097,2.37840686819249,3.7472151075157827
1799,4278.990883849695,2.378538568009836,3.7474931169752668
1800,4281.59770550431,2.3786653919468392,3.747770971942128
1801,4284.195488747184,2.378787056494827,3.748048672587978
1802,4286.783726027981,2.3789032885837855,3.7483262190841415
1803,4289.361930650366,2.3790138273157884,3.748603611601659
1804,4291.929639891147,2.3791184256602813,3.7488808503112843
1805,4294.486418044322,2.3792168521021173,3.7491579353834905
1806,4297.031859373716,2.379308892233508,3.7494348669884654
1807,4299.5655909581965,2.379394350281238,3.7497116452961143
1808,4302.087275414013,2.379473050560848,3.7499882704760608
1809,4304.596613479243,2.379544838849775,3.7502647426976474
1810,4307.093346446071,2.3796095836718627,3.7505410621299355
1811,4309.577258427188,2.379667177486023,3.7508172289417065
1812,4312.048178443491,2.379717537772346,3.751093243301462
1813,4314.505982320999,2.379760608009376,3.7513691053774254
1814,4316.95059438585,2.3797963585368525,3.751644815337541
1815,4319.381988947211,2.379824787298739,3.7519203733494755
1816,4321.800191558865,2.3798459204619298,3.752195779580619
1817,4324.205280051418,2.3798598129066693,3.7524710341980856
1818,4326.597385328064,2.3798665485852935,3.752746137368712
1819,4328.976691918041,2.3798662407465865,3.753021089259061
1820,4331.343438283107,2.379859032023685,3.7532958900354205
1821,4333.697916873493,2.379845094384126,3.753570539863804
1822,4336.040473931101,2.3798246289413285,3.753845038909952
1823,4338.371509038883,2.3797978656274728,3.7541193873393315
1824,4340.691474416646,2.3797650627284246,3.754393585317138
1825,4343.000873964715,2.379726506282035,3.754667633008296
1826,4345.300262058186,2.379682509341832,3.7549415305774567
1827,4347.590242095717,2.379633411108767,3.755215278189003
1828,4349.871464808026,2.3795795759343688,3.7554888760070475
1829,4352.144626332466,2.379521392199271,3.755762324195433
1830,4354.4104660612165,2.379459271071703,3.756035622917733
1831,4356.669764271783,2.379393645151165,3.7563087723372552
1832,4358.92333954957,2.3793249670030407,3.7565817726170376
1833,4361.172046013377,2.379253707590495,3.7568546239198524
1834,4363.416770355627,2.3791803546104835,3.757127326408205
1835,4365.658428710127,2.3791054107412135,3.757399880244335
1836,4367.8979633610315,2.3790293918088405,3.757672285590218
1837,4370.13633930748,2.3789528248815897,3.7579445426075626
1838,4372.374540699173,2.3788762462998765,3.758216651457816
1839,4374.613567158793,2.3788001996513284,3.7584886123021604
1840,4376.854430007805,2.378725233699894,3.7587604253015154
1841,4379.09814841269,2.3786519002784843,3.759032090616539
1842,4381.345745469096,2.3785807521547753,3.759303608407626
1843,4383.59824424177,2.3785123408799618,3.7595749788349115
1844,4385.856663778379,2.3784472146303575,3.7598462020582697
1845,4388.122015115536,2.378385916051781,3.760117278237314
1846,4390.39529729543,2.378328980116701,3.7603882075313986
1847,4392.677493411465,2.3782769320040416,3.76065899009962
1848,4394.969566701225,2.3782302850114854,3.7609296261008147
1849,4397.272456704913,2.3781895385099583,3.7612001156935624
1850,4399.587075507168,2.3781551759498205,3.761470459036185
1851,4401.914304079755,2.378127662928015,3.7617406562867486
1852,4404.25498874227,2.3781074453252,3.7620107076030624
1853,4406.60993775741,2.378094947521538,3.76228061314268
1854,4408.979918076801,2.3780905706994613,3.7625503730629
1855,4411.365652252687,2.378094691241341,3.7628199875207677
1856,4413.767815529996,2.378107659229524,3.763089456673073
1857,4416.187033132557,2.3781297970557658,3.763358780676353
1858,4418.623877756225,2.378161398146515,3.763627959686892
1859,4421.078867280836,2.3782027258100245,3.763896993860722
1860,4423.5524627118175,2.3782540122106544,3.7641658833536233
1861,4426.045066361239,2.378315457475142,3.7644346283211254
1862,4428.557020276967,2.378387228934998,3.7647032289185063
1863,4431.0886049274195,2.378469460508545,3.7649716853007944
1864,4433.640038148248,2.378562252225455,3.765239997622768
1865,4436.211474355974,2.3786656698959647,3.7655081660389578
1866,4438.80300403243,2.3787797449262755,3.7657761907036447
1867,4441.414653482533,2.3789044742809495,3.766044071770861
1868,4444.046384866634,2.3790398205924164,3.766311809394394
1869,4446.698096507402,2.3791857124170153,3.7665794037277815
1870,4449.369623469894,2.379342044636307,3.7668468549243164
1871,4452.060738412176,2.3795086790016975,3.7671141631370446
1872,4454.7711527025795,2.379685444819754,3.7673813285187685
1873,4457.5005177984185,2.3798721397749163,3.7676483512220442
1874,4460.248426879735,2.3800685308856644,3.7679152313991837
1875,4463.01441673049,2.3802743555895947,3.7681819692022556
1876,4465.797969858359,2.380489322952217,3.768448564783085
1877,4468.598516843256,2.3807131149937435,3.7687150182932543
1878,4471.415438903567,2.380945388127565,3.768981329884104
1879,4474.248070668056,2.381185774703596,3.7692474997067325
1880,4477.095703140473,2.381433884649188,3.7695135279119976
1881,4479.957586842934,2.3816893071998586,3.769779414650515
1882,4482.83293512335,2.381951612711663,3.7700451600726623
1883,4485.7209276113745,2.3822203545466674,3.7703107643285763
1884,4488.620713806686,2.382495071022657,3.7705762275681542
1885,4491.531416782764,2.382775287417912,3.7708415499410557
1886,4494.452136988813,2.38306051802164,3.7711067315967015
1887,4497.381956132046,2.38335026822048,3.771371772684275
1888,4500.319941122121,2.383644036611293,3.771636673352723
1889,4503.26514805934,2.383941317130408,3.7719014337507546
1890,4506.21662624794,2.3842416011893866,3.7721660540268442
1891,4509.173422215775,2.38454437980739,3.772430534329229
1892,4512.13458372164,2.384849145730254,3.7726948748059117
1893,4515.099163731634,2.3851553955264837,3.7729590756046614
1894,4518.066224346027,2.3854626316504897,3.773223136873012
1895,4521.034840658501,2.385770364463589,3.7734870587582634
1896,4524.004104529862,2.3860781142035137,3.7737508414074834
1897,4526.97312825884,2.3863854128934316,3.7740144849675072
1898,4529.941048133073,2.3866918061818088,3.7742779895849368
1899,4532.907027844013,2.386996855104799,3.774541355406143
1900,4535.870261750137,2.38730013776323,3.774804582577266
1901,4538.8299779736235,2.387601250906693,3.7750676712442144
1902,4541.785441316509,2.387899811417723,3.775330621552668
1903,4544.735955983165,2.388195457689524,3.7755934336480745
1904,4547.680868096995,2.3884878508912792,3.775856107675655
1905,4550.619568000171,2.3887766761155755,3.776118643780401
1906,4553.551492326372,2.3890616434031333,3.7763810421070736
1907,4556.476125837564,2.3893424886405685,3.7766433028002093
1908,4559.393003017044,2.389618974327591,3.7769054260041157
1909,4562.301709412151,2.38989089021066,3.777167411862874
1910,4565.2018827213,2.390158053780785,3.777429260520338
1911,4568.093213621201,2.390420310633805,3.7776909721201366
1912,4570.975446331465,2.390677534692189,3.777952546805673
1913,4573.8483789150005,2.3909296282880295,3.7782139847201264
1914,4576.711863313969,2.3911765221076116,3.77847528600645
1915,4579.565805122302,2.391418174998591,3.778736450807373
1916,4582.410163097084,2.391654573641484,3.778997479265403
1917,4585.244948412377,2.3918857320878337,3.7792583715228223
1918,4588.070223660308,2.392111691168044,3.779519127721692
1919,4590.886101605446,2.39233251777251,3.77977974800385
1920,4593.692743699726,2.392548304010274,3.7800402325109137
1921,4596.490358366276,2.3927591662500136,3.7803005813842785
1922,4599.279199061679,2.39296524404874,3.780560794765119
1923,4602.059562127199,2.393166698974102,3.78082087279439
1924,4604.831784440563,2.393363713326696,3.781080815612826
1925,4607.596240880803,2.393556488769248,3.781340623360942
1926,4610.353341619565,2.3937452448699714,3.7816002961790356
1927,4613.103529253121,2.393930217567785,3.781859834207183
1928,4615.847275790048,2.394111657567452,3.7821192375852455
1929,4618.585079510207,2.394289828672995,3.7823785064528646
1930,4621.317461711292,2.394465006068027,3.7826376409494658
1931,4624.044963359669,2.394637474551874,3.7828966412142573
1932,4626.768141662711,2.3948075267405335,3.7831555073862315
1933,4629.487566580134,2.3949754612416627,3.7834142396041655
1934,4632.203817292132,2.3951415808128913,3.78367283800662
1935,4634.9174786422545,2.3953061905127933,3.7839313027319412
1936,4637.629137573046,2.395469595853846,3.784189633918261
1937,4640.339379572487,2.3956321009666945,3.7844478317034977
1938,4643.048785149115,2.395794006784889,3.784705896225356
1939,4645.757926353608,2.39595560925921,3.784963827621326
1940,4648.467363364225,2.396117197610425,3.785221626028687
1941,4651.177641153225,2.396279052629173,3.785479291584505
1942,4653.889286250915,2.396441445031367,3.7857368244256353
1943,4656.6028036233965,2.3966046338771982,3.78599422468872
1944,4659.318673679568,2.396768865061506,3.786251492510192
1945,4662.037349422154,2.3969343698828554,3.786508628026273
1946,4664.7592537568635,2.3971013636982854,3.786765631372975
1947,4667.484776972886,2.3972700446702033,3.7870225026860997
1948,4670.214274407089,2.3974405926114417,3.7872792421012402
1949,4672.948064303292,2.397613167933962,3.7875358497537803
1950,4675.686425877046,2.3977879107061773,3.7877923257788964
1951,4678.429597595193,2.3979649398232663,3.7880486703115555
1952,4681.177775678502,2.398144352294315,3.7883048834865187
1953,4683.931112834434,2.39832622264948,3.7885609654383394
1954,4686.689717225951,2.3985106024697807,3.788816916301364
1955,4689.453651681136,2.3986975200415017,3.789072736209733
1956,4692.222933147042,2.3988869801365245,3.789328425297381
1957,4694.997532390107,2.399078963919319,3.789583983698038
1958,4697.777373944087,2.399273428980637,3.789839411545228
1959,4700.562336305276,2.3994703094973335,3.7900947089722705
1960,4703.352252373548,2.3996695165171165,3.7903498761122814
1961,4706.146910136464,2.399870938366376,3.790604913098173
1962,4708.946053592493,2.4000744411786403,3.790859820062654
1963,4711.749383908228,2.4002798695406153,3.7911145971382307
1964,4714.556560803231,2.4004870472521542,3.7913692444572056
1965,4717.367204155058,2.400695778195958,3.791623762151681
1966,4720.180895815911,2.4009058473122638,3.791878150353556
1967,4722.997181631276,2.401117021673247,3.7921324091945294
1968,4725.81557364993,2.401329051651387,3.7923865388060993
1969,4728.635552513732,2.401541672175588,3.792640539319563
1970,4731.456570014742,2.401754604068397,3.792894410866017
1971,4734.27805180635,2.401967555457306,3.79314815357636
1972,4737.099400254378,2.4021802232527274,3.7934017675812903
1973,4739.9199974134035,2.4023922946849487,3.7936552530113077
1974,4742.739208112937,2.4026034488920653,3.7939086099967136
1975,4745.556383137592,2.4028133585506795,3.7941618386676113
1976,4748.370862484874,2.4030216915409284,3.7944149391539064
1977,4751.18197868389,2.4032281126372737,3.7946679115853086
1978,4753.989060157982,2.403432285216371,3.7949207560913285
1979,4756.791434614079,2.4036338729732587,3.7951734728012827
1980,4759.58843244146,2.403832541637101,3.7954260618442905
1981,4762.379390102587,2.404027960677732,3.7956785233492756
1982,4765.163653498761,2.4042198049943293,3.795930857444967
1983,4767.940581293425,2.4044077565776223,3.796183064259898
1984,4770.709548176294,2.4045915061372454,3.796435143922409
1985,4773.469948051693,2.4047707546859916,3.796687096560645
1986,4776.221197134967,2.4049452150729946,3.796938922302559
1987,4778.962736941291,2.405114613458123,3.7971906212759086
1988,4781.69403715175,2.405278690720196,3.79744219360826
1989,4784.414598342244,2.405437203791978,3.7976936394269862
1990,4787.123954561432,2.4055899269152925,3.797944958859269
1991,4789.8216757447735,2.405736652810032,3.798196152032098
1992,4792.507369952497,2.4058771937512535,3.798447219072272
1993,4795.180685420314,2.406011382549079,3.7986981601063974
1994,4797.841312412574,2.4061390734265666,3.798948975260892
1995,4800.488984868667,2.4062601427913117,3.799199664661982
1996,4803.123481834432,2.40637448989701,3.799450228435705
1997,4805.744628671517,2.406482037391846,3.7997006667079076
1998,4808.352298038735,2.4065827317511186,3.799950979604249
1999,4810.9464106406185,2.406676543592105,3.8002011672502
2000,4813.526935739565,2.4067634678697822,3.800451229771041
