index,gamma_n,raw_gap,normalized_spacing
1,14.134725141734695,6.887314497036861,0.8887119300032527
2,21.022039638771556,3.9888179413741334,0.7666927785852902
3,25.01085758014569,5.414018545713823,1.1903363245585579
4,30.424876125859512,2.5101854618796793,0.6301779970562035
5,32.93506158773919,4.651116571086483,1.2263401088904187
6,37.586178158825675,3.3325408533218237,0.9487406785012497
7,40.9187190121475,2.4083542687675035,0.7181960467285868
8,43.327073280915,4.678077600252159,1.4376311548026997
9,48.00515088116716,1.7686815965051395,0.5723995476212527
10,49.7738324776723,3.1964890000421633,1.0528884180611686
11,52.970321477714464,3.4759262193489278,1.1793651386187096
12,56.44624769706339,2.900796305538961,1.0135690711403684
13,59.34704400260235,1.4847345220074573,0.5306239895186092
14,60.83177852460981,4.280765523471793,1.5467226179532572
15,65.1125440480816,1.9672664814125653,0.7321034242832237
16,67.07981052949417,2.466591181679817,0.929608557707932
17,69.54640171117398,2.52075596330792,0.9645096006376588
18,72.0671576744819,3.637533024602021,1.4124312106262278
19,75.70469069908393,1.4401493697908734,0.5704874839616729
20,77.1448400688748,2.1925349513745687,0.8751064321180831
21,79.33737502024937,3.5730058338366604,1.4420302802029354
22,82.91038085408603,1.8251121264310228,0.7493931660228943
23,84.73549298051705,2.689781632608174,1.113748869612274
24,87.42527461312523,1.3838365945092335,0.5798831919414706
25,88.80911120763446,3.6827880629240326,1.552441452919425
26,92.49189927055849,2.1594447699613966,0.9242563452278839
27,94.65134404051989,1.21929018772542,0.52634271820501
28,95.87063422824531,2.960559989948379,1.2840444311440893
29,98.83119421819369,2.4866567875376973,1.090541263459122
30,101.31785100573138,2.4076870347469566,1.0654306549163246
31,103.72553804047834,1.721085011847748,0.7680341437096522
32,105.44662305232609,1.7219881319503116,0.7729472854383144
33,107.1686111842764,3.8609243588932713,1.743003441600403
34,111.02953554316967,0.8451236338229648,0.38628922424232776
35,111.87465917699264,2.4455617384600714,1.120769120847012
36,114.32022091545271,1.9064594054048456,0.8802668456306236
37,116.22668032085755,2.564102545118658,1.1906688734933548
38,118.79078286597621,2.5793421364444384,1.2067035538203377
39,121.37012500242065,1.5767042911319322,0.7430260674792415
40,122.94682929355258,1.3099892607931878,0.6200269463580591
41,124.25681855434577,3.259865325250729,1.548415512016222
42,127.5166838795965,2.062020320359565,0.987945461481979
43,129.57870419995606,1.5089843309766025,0.7268299652367589
44,131.08768853093267,2.4100486720649315,1.1652851201535974
45,133.4977372029976,1.2587725503762783,0.6122802165951892
46,134.75650975337388,3.359532301159561,1.6391298937427472
47,138.11604205453344,1.62016689758795,0.7968358862238064
48,139.7362089521214,1.387498451899745,0.6849794483969068
49,141.12370740402113,1.9881384035994927,0.9846294279603701
50,143.11184580762063,2.889136679144883,1.4372832870885224
51,146.0009824867655,1.4217828557941061,0.7118290643500157
52,147.42276534255961,2.6307550782252633,1.3211700932566803
53,150.05352042078488,0.8717371914565888,0.4402420419166508
54,150.92525761224147,2.09943619895742,1.0621863750788585
55,153.0246938111989,3.0882154830389936,1.5692381763035692
56,156.11290929423788,1.4846825233561844,0.7591441214630019
57,157.59759181759406,1.252396353826441,0.6422588297355512
58,158.8499881714205,2.338975966175525,1.2024294447157489
59,161.18896413759603,1.8417455495859656,0.9510959881456669
60,163.030709687182,2.5063595007184176,1.2988413242165315
61,165.5370691879004,1.6473707902740955,0.8576977436853579
62,167.1844399781745,1.9100754373943118,0.9974843179691869
63,169.09451541556882,0.8174610638428703,0.42837453221284894
64,169.9119764794117,3.4995600401798583,1.8365623150943535
65,173.41153651959155,1.3426550037741833,0.7089792572936774
66,174.75419152336573,1.6872427743446963,0.8930074699508719
67,176.44143429771043,1.935973478389542,1.0276138524576641
68,178.37740777609997,1.5390762441570303,0.8196140302069188
69,179.916484020257,2.2905944641094607,1.2229567924560771
70,182.20707848436646,2.6673893640210338,1.4294997080270508
71,184.8744678483875,0.724315829319977,0.3898486411884504
72,185.59878367770747,1.6301389057943823,0.8784044480128936
73,187.22892258350186,2.187236072515077,1.181641799568164
74,189.41615865601693,2.6104977046968543,1.415131972569458
75,192.0266563607138,1.0530702431319128,0.5731558592555428
76,193.0797266038457,2.1856700756835323,1.1914998341298837
77,195.26539667952923,1.611085161429088,0.8811559446553388
78,196.87648184095832,1.138827835293597,0.6243520521544209
79,198.01530967625192,3.249442267451883,1.7844602193542707
80,201.2647519437038,1.2288425704367398,0.6780132341431183
81,202.49359451414054,1.6960772889640054,0.9374528710743764
82,204.18967180310455,1.2050253990587407,0.6676392284749251
83,205.3946972021633,2.5115616856429313,1.3938721932357945
84,207.90625888780622,1.6702508290500475,0.9301904221225427
85,209.57650971685626,2.114352878509038,1.1802108355581624
86,211.6908625953653,1.6570567643473737,0.9276000204589494
87,213.34791935971268,1.199125423778753,0.6727437597365143
88,214.54704478349143,1.6224937247722835,0.9117128314856687
89,216.1695385082637,2.898057840757673,1.6319536964934918
90,219.0675963490214,1.6473224902926233,0.9311314139376854
91,220.714918839314,0.7157867153793234,0.40544422991565704
92,221.43070555469333,2.5762946999109886,1.460622375754629
93,224.00700025460432,0.9763244149779666,0.5553215851784012
94,224.9833246695823,2.4381196100970044,1.3884606860647777
95,227.4214442796793,1.915969025846067,1.0943930806650655
96,229.33741330552536,1.9127753949738064,1.0951228766674048
97,231.25018870049917,0.737046552681079,0.4229561862894256
98,231.98723525318024,1.7061689257280648,0.9799538183769317
99,233.6934041789083,2.8308254869078837,1.6292120671411814
100,236.5242296658162,1.2455908151090114,0.7192561535292447
101,237.7698204809252,1.785657092402431,1.0326056906877856
102,239.55547757332764,1.4936802228889405,0.865540637662082
103,241.04915779621658,1.7741141380060128,1.029798361299991
104,242.8232719342226,1.2476265628555723,0.7256506372055623
105,244.07089849707816,3.06609157781935,1.78581595671175
106,247.1369900748975,0.9649999852509552,0.563972444570391
107,248.10199006014847,1.4716995845587348,0.8610143944556446
108,249.5736896447072,1.441258150308812,0.8445613487202144
109,251.014947795016,2.055038952983466,1.206113471123095
110,253.06998674799948,2.2362697069145554,1.3153807512536784
111,255.30625645491403,1.0744572395204273,0.6335035293761229
112,256.38071369443446,2.2297257970969326,1.3161440238418225
113,258.6104394915314,1.2639674981465987,0.7478262056002275
114,259.874406989678,0.9306775149188979,0.5513574180808382
115,260.8050845045969,2.7688094002732555,1.641889596233049
116,263.57389390487015,1.9839579340061846,1.1798112807085854
117,265.55785183887633,1.0571219426247467,0.6299062457126955
118,266.6149737815011,1.3069413013229791,0.7795922479988747
119,267.92191508282406,2.0485339411735595,1.223547566558005
120,269.9704490239976,1.5236066176473742,0.9118662015026443
121,271.494055641645,1.965553546758315,1.1781283656883175
122,273.4596091884033,2.127883460940552,1.2778699080964844
123,275.58749264934386,0.864556853789054,0.5202637817095632
124,276.4520495031329,1.798694026709029,1.0832955309956973
125,278.25074352984194,0.978507397903229,0.5903334975949893
126,279.22925092774517,3.2358638373069084,1.9540045067259786
127,282.4651147650521,0.7460709681818116,0.45188956286121756
128,283.2111857332339,1.6247782476708608,0.984798053382368
129,284.83596398090475,1.8314813820981612,1.1117508532583438
130,286.6674453630029,1.2444751384192614,0.7566941800689798
131,287.9119205014222,1.667934427796638,1.0153254787182007
132,289.5798549292188,2.266436399848601,1.3817365970728182
133,291.8462913290674,1.7121428102888672,1.0459350429885423
134,293.5584341393563,1.4069354799092366,0.860796015253514
135,294.9653696192655,0.6078852596927504,0.37238098745277304
136,295.57325487895827,2.4060221829851685,1.4746798560298613
137,297.97927706194344,1.8610489917778636,1.1430605743086923
138,299.8403260537213,1.8089994084728573,1.1128841765713897
139,301.64932546219416,1.0474241274127394,0.6453709554466398
140,302.6967495896069,2.167621751250408,1.3367771750584208
141,304.8643713408573,0.8645412611795109,0.5341463451166075
142,305.7289126020368,1.490583526133264,0.9216107752823635
143,307.2194961281701,2.88996701853182,1.7890706639511276
144,310.1094631467019,1.055678383654083,0.6551041836601764
145,311.165141530356,1.2626596502449274,0.7842299331763277
146,312.4278011806009,1.5574845505580015,0.968347645131303
147,313.9852857311589,1.4903303583168395,0.9277748144089712
148,315.47561608947575,2.259189852894451,1.408115254073705
149,317.7348059423702,1.1182983139464113,0.6982866683616749
150,318.8531042563166,2.3070300527969607,1.4418433423389743
151,321.1601343091136,0.984424363369385,0.6163732360613801
152,322.14455867248296,1.3224108850291145,0.8286393727657407
153,323.4669695575121,1.395896494227543,0.8755965050818847
154,324.8628660517396,2.581035210165851,1.62076100379037
155,327.44390126190547,1.5891704185754634,0.9999210725357235
156,329.03307168048093,0.9201680477529521,0.5796874844894937
157,329.9532397282339,1.521227854429526,0.9590192912431382
158,331.4744675826634,2.170910942206433,1.370184715194193
159,333.64537852486984,0.5659763083745588,0.35780768829641957
160,334.2113548332444,2.6304955951462716,1.6636971208727585
161,336.84185042839067,1.498142422415924,0.9493923901341876
162,338.3399928508066,1.518223874556952,0.9631905748959123
163,339.85821672536355,1.1840443856830234,0.7520243664680722
164,341.04226111104657,1.0126163993170394,0.6437054883736032
165,342.0548775103636,2.6068254298887155,1.6583509929962486
166,344.6617029402523,1.686167625757605,1.0747052740738983
167,346.34787056600993,0.9248070184105472,0.5901585199651401
168,347.2726775844205,2.043583286275691,1.304964336839747
169,349.31626087069617,1.0921584784959464,0.6984359785149286
170,350.4084193491921,1.4702296761671505,0.940943184160024
171,351.87864902535927,1.610251463359532,1.0316298029324578
172,353.4889004887188,2.5286744885461303,1.621867655204975
173,356.0175749772649,1.1337272747746852,0.7284480074535632
174,357.1513022520396,0.8013828495926418,0.5153139526798217
175,357.95268510163226,1.7910698514821775,1.1523521991953194
176,359.74375495311443,1.545606742690211,0.995652053112855
177,361.28936169580464,2.041968883169204,1.3167929098345172
178,363.33133057897385,1.4046935351151433,0.9070967671241967
179,364.736024114089,1.4766861742423316,0.9544937076717981
180,366.2127102883313,1.7808651934089994,1.152252766149093
181,367.9935754817403,0.9748626139940484,0.6315068428543129
182,368.96843809573437,1.082481116371639,0.7016768920955414
183,370.050919212106,3.011009160006836,1.953175146179118
184,373.06192837211285,0.8029455387957114,0.5218886477577516
185,373.86487391090856,1.9610388558307932,1.2752829064588076
186,375.82591276673935,0.49817946392869317,0.3243858202371859
187,376.32409223066804,2.1125880192974478,1.37604123466402
188,378.4366802499655,1.4362950965668801,0.9368152667063943
189,379.87297534653237,1.6114932706541367,1.05205884908606
190,381.4844686171865,1.9590608323499623,1.2802872467382116
191,383.44352944953647,1.5125873653271924,0.9897405954445752
192,384.95611681486366,0.9051840311105934,0.5928618152899009
193,385.86130084597426,1.3615893764137468,0.8922992697267371
194,387.222890222388,1.6232381318442322,1.064677282184633
195,388.84612835423223,2.6099552094058254,1.7135998755995343
196,391.45608356363806,0.7889997758810523,0.5188680533754215
197,392.2450833395191,1.1826605049149066,0.778129223836317
198,393.427743844434,2.1551261665596826,1.4189937737301237
199,395.5828700109937,0.7989842115985084,0.5267676404021536
200,396.3818542225922,1.5368819870220136,1.0137547369706306
201,397.9187362096142,2.066383666580691,1.3642961517314027
202,399.9851198761949,1.854108724338289,1.2256735133634278
203,401.8392286005332,1.0226891633529362,0.6768096622315869
204,402.86191776388614,1.3745240363218727,0.9102079553139195
205,404.236441800208,0.897945659701918,0.5951051727487526
206,405.13438745990993,2.447072926986266,1.622639098330541
207,407.5814603868962,1.365785115454912,0.906952767770591
208,408.9472455023511,1.5666236910155362,1.0411542042229889
209,410.51386919336665,1.458398610912127,0.970116956626395
210,411.9722678042788,1.29046826590627,0.8591391786228594
211,413.26273607018504,1.7560736849700902,1.1699936729489067
212,415.01880975515513,0.4364052411394823,0.2910518864261085
213,415.4552149962946,2.932490793240163,1.9562575316848743
214,418.3877057895348,1.4736590286175328,0.9847240680459017
215,419.8613648181523,0.7824628068894981,0.5232928404880428
216,420.6438276250418,1.4328824337849255,0.9587028918414698
217,422.07671005882673,1.6398695686550582,1.0980799246760307
218,423.7165796274818,1.3533028669795613,0.9070259967917179
219,425.06988249446135,2.1389425896132366,1.4346719033679396
220,427.2088250840746,0.919088992542072,0.6172029182598361
221,428.12791407661666,2.200831354321963,1.4786940116555698
222,430.3287454309386,0.9725614997649927,0.6542380373216156
223,431.3013069307036,0.8373348038849713,0.5635724537935248
224,432.1386417345886,1.750576746338652,1.1787749727003065
225,433.88921848092724,2.271787951719716,1.531201451582417
226,436.16100643264696,1.4206917350216486,0.9587372627344997
227,437.5816981676686,1.0400404886036085,0.7023974955496102
228,438.6217386562722,1.296703558098443,0.8762263502173315
229,439.91844221437066,1.7647569868183837,1.1933349603536187
230,441.68319920118904,1.221347101420406,0.8266574801845619
231,442.90454630260945,1.4147899749497128,0.9582092839902462
232,444.31933627755916,2.5412864188703566,1.722452978341156
233,446.8606226964295,0.5810814980637815,0.3943774052571129
234,447.4417041944933,1.706841490529996,1.1587786779000542
235,449.1485456850233,0.9784000952902261,0.6648309911801679
236,450.1269457803135,1.2763626650752826,0.8677410584870255
237,451.4033084453888,2.58342936128912,1.7575206298742951
238,453.9867378066779,0.9879459619388626,0.6730021682224459
239,454.9746837686168,1.3537429206292586,0.9226563641760711
240,456.32842668924604,1.5754663748569442,1.0745190533689841
241,457.903893064103,1.6095222170030183,1.0986291166309083
242,459.513415281106,0.5745291410698314,0.3924834588359826
243,460.08794442217584,1.9774228527066953,1.351248588622748
244,462.06536727488253,1.991919635665738,1.3625144189449194
245,464.05728691054827,1.6142523008228409,1.1052872756441667
246,465.6715392113711,0.8987477194551161,0.6158741320368577
247,466.5702869308262,0.8687592794354373,0.5955909106177856
248,467.43904621026167,2.0969583488503645,1.4382219946264283
249,469.53600455911203,1.2376509189896296,0.8497382028410666
250,470.77365547810166,2.0255191838071482,1.391516219778287
251,472.7991746619088,1.0360576832308652,0.7124716595275662
252,473.8352323451397,1.7651070242361016,1.2144360783918744
253,475.6003393693758,1.1686758681087213,0.8047686929899962
254,476.7690152374845,1.3062485291864618,0.9000136326443818
255,478.07526376667096,0.8669177679638551,0.5976894183299457
256,478.9421815346348,2.8881578416517755,1.9920497586336972
257,481.8303393762866,1.0044434146957997,0.6937561018732181
258,482.8347827909824,1.016644421500132,0.7025201319668066
259,483.8514272124825,1.6877209168735021,1.1668114060152106
260,485.539148129356,0.9895701322952277,0.6846909671442253
261,486.52871826165125,1.851848828366201,1.2819081139991009
262,488.38056709001745,1.2811944879387056,0.8876578499301403
263,489.66176157795616,1.7370600157068452,1.2042222716749433
264,491.398821593663,1.9156199881222733,1.3290891691924578
265,493.3144415817853,0.6435562235841985,0.44690857330768846
266,493.9579978053695,1.4008310167617992,0.9730780688825915
267,495.3588288221313,1.07086739362785,0.7443536590093364
268,496.4296962157591,2.1510862139274423,1.4959467468251995
269,498.58078242968656,1.7283025120039497,1.2031162885407256
270,500.3090849416905,1.2953620234549703,0.9024485821958969
271,501.6044469651455,0.6718233619727698,0.46832018648607554
272,502.27627032711825,2.2235029863094837,1.5504515081722399
273,504.49977331342774,0.9154584288166916,0.6389939142409629
274,505.41523174224443,1.0489209672791162,0.7324539934455206
275,506.46415270952355,2.3365476269442524,1.632365433584755
276,508.8007003364678,1.4635276072050374,1.0235258765168584
277,510.26422794367284,1.2980617567017703,0.9083998433951483
278,511.5622897003746,1.0608548310328274,0.742828439287828
279,512.6231445314074,1.0458410240662488,0.7326603392010163
280,513.6689855554737,1.766071611825737,1.2377882713003057
281,515.4350571672994,2.154611405167998,1.5112815001326312
282,517.5896685724674,0.6445545750826795,0.4525295916859315
283,518.2342231475501,1.8720872641731603,1.3147279137112005
284,520.1063104117233,1.418883037768751,0.9972663182254267
285,521.525193449492,0.9315027282382289,0.6551134584761898
286,522.4566961777302,1.503834714285631,1.058054030901822
287,523.9605308920159,1.1168547952637482,0.7862972090052813
288,525.0773856872796,2.8262559139927816,1.9907214899486383
289,527.9036416012724,0.5025722510202968,0.35442470365705964
290,528.4062138522927,1.4000124664141822,0.9875307698150974
291,529.8062263187069,1.0606915652541602,0.7486297040953869
292,530.866917883961,1.8212651443326422,1.2860176821149416
293,532.6881830282937,1.0914477254750636,0.7712795721777573
294,533.7796307537687,1.884683322104479,1.3324393129340641
295,535.6643140758732,1.4054450072491136,0.9944143060792148
296,537.0697590831223,1.358767093125607,0.9619542768759184
297,538.4285261762479,1.784640199980231,1.264173568839094
298,540.2131663762282,0.4182238710669708,0.2964746877043093
299,540.6313902472951,1.2160468739061798,0.8621931519688304
300,541.8474371212013,2.4764529798039803,1.7567231264521617
301,544.3238901010053,1.312943147929559,0.9323162283113829
302,545.6368332489349,1.374078809187381,0.9762553046857302
303,547.0109120581222,0.9207013063670502,0.654508278538515
304,547.9316133644893,1.5659541981721077,1.113624885778996
305,549.4975675626614,1.4724424768224935,1.047793023068709
306,550.9700100394839,1.0795621610809576,0.7686783910922006
307,552.0495722005649,1.7153999185940165,1.221947038522492
308,553.7649721191589,2.0270484425236646,1.4449474935111566
309,555.7920205616825,1.107455845172808,0.7900753382686645
310,556.8994764068553,0.6651827652032125,0.4747619361799208
311,557.5646591720586,1.7515778566236122,1.250489183179902
312,559.3162370286822,0.9245704686135241,0.6605323285616926
313,560.2408074972957,2.3184001187501053,1.6569225960493708
314,562.5592076160458,1.6016714947403443,1.1457410999019875
315,564.1608791107861,0.3451768273637299,0.24707528481791735
316,564.5060559381499,2.19273174465809,1.569756304532975
317,566.698787682808,1.0329702183689733,0.7401311489334937
318,567.7317579011769,1.1921972784524542,0.8545641166145039
319,568.9239551796294,1.12715960283424,0.8083215864403489
320,570.0511147824636,2.368869349989154,1.699536895155106
321,572.4199841324528,1.1946263943053737,0.857868918694037
322,573.6146105267582,1.479275487736686,1.062768101545178
323,575.0938860144948,0.7133611264339379,0.5127983381571161
324,575.8072471409288,1.2317563311694357,0.885688803328126
325,577.0390034720982,2.059831199938344,1.481812825872733
326,579.0988346720366,1.0381246903480132,0.7474006521097698
327,580.1369593623846,1.8096169035170533,1.3033543774620353
328,581.9465762659016,1.2895119532656736,0.9293943497030281
329,583.2360882191673,1.3256176842982086,0.9558839382138362
330,584.5617059034655,1.422857301522754,1.0265161517729107
331,585.9845632049883,0.7582086862619235,0.5473007602255348
332,586.7427718912502,1.3968913749977219,1.0086110771608825
333,588.1396632662479,2.520734250517421,1.8210242822719789
334,590.6603975167653,1.065460548282772,0.7704333128501566
335,591.7258580650481,0.8455002351774965,0.6116227770470778
336,592.5713583002256,1.403356382005427,1.0154868469665477
337,593.974714682231,1.7534390151579373,1.2694712949964786
338,595.728153697389,0.6346146310047516,0.4597520016106924
339,596.3627683283937,2.130309017771083,1.5436815915490867
340,598.4930773461648,1.0525630182000896,0.7633139946560348
341,599.5456403643649,2.0564963715677322,1.491937089791703
342,601.6021367359326,0.9770311504547635,0.7093443208778747
343,602.5791678863874,1.046451017191771,0.7600148066690747
344,603.6256189035792,0.9905995901740425,0.7197246756787031
345,604.6162184937532,1.7672419283558156,1.2844589298777604
346,606.383460422109,2.0297568890782713,1.476201746097658
347,608.4132173111873,0.97635784353281,0.7106048854590784
348,609.3895751547201,1.4495877830192967,1.0553972167281744
349,610.8391629377394,0.9350466831477888,0.6811303342795496
350,611.7742096208872,1.8255690547499626,1.3302715633920086
351,613.5997786756371,1.0464591965954924,0.7630392563515469
352,614.6462378722326,0.8923254971743972,0.6508926733827617
353,615.538563369407,2.5742679970353493,1.8783533087855568
354,618.1128313664424,1.0716512315112823,0.7826582293248229
355,619.1844825979537,1.0884110742738358,0.7951985025548084
356,620.2728936722275,1.4364008557211037,1.0498430559034768
357,621.7092945279486,0.6657082118304061,0.48680085573923465
358,622.375002739779,1.8948972783988438,1.3859713000674656
359,624.2699000181779,1.7493834094765361,1.280385526485604
360,626.0192834276544,1.2491134231286196,0.9147908691843617
361,627.268396850783,1.05746550867741,0.7747725926134995
362,628.3258623594604,2.1480250788316653,1.5743680366925124
363,630.4738874382921,0.3318934889055072,0.24343744295724412
364,630.8057809271976,1.4193602399183192,1.0411921186366841
365,632.2251411671159,1.3217170851359015,0.9700373671570484
366,633.5468582522518,1.976942058353643,1.451578543349684
367,635.5238003106055,1.873392849231891,1.3764760132781395
368,637.3971931598373,0.5283208209851864,0.3884313975194548
369,637.9255139808225,1.0024242860342838,0.7371333600699511
370,638.9279382668568,1.7668564019688802,1.299700552653459
371,640.6947946688257,1.2507049968795627,0.920568990355143
372,641.9454996657053,1.3333841156926383,0.9818379965450019
373,643.2788837813979,1.7116944483501584,1.2609722470453293
374,644.990578229748,1.3576133657535365,1.0007017281493913
375,646.3481915955016,1.4135614087872455,1.0424142765566853
376,647.7617530042888,1.024647884493561,0.7559708220639121
377,648.7864008887824,1.4111184564740142,1.0414583601930054
378,650.1975193452564,0.47116454613956193,0.34790003426687116
379,650.668683891396,2.9808877139987544,2.201381384208276
380,653.6495716053947,0.6523489809246712,0.4822333668447803
381,654.3019205863194,1.4075424360362376,1.0407155092361442
382,655.7094630223556,1.2546215771050129,0.9280772387094061
383,656.9640845994606,1.2115298191447437,0.8965696966261784
384,658.1756144186054,1.4882315543586628,1.1017739733470127
385,659.663845972964,1.0528866223152136,0.7798560216802006
386,660.7167325952793,1.5798538358211545,1.1705730833155956
387,662.2965864311004,1.9480182211725605,1.4441003638275953
388,664.244604652273,1.0981584433260423,0.8145975976713721
389,665.342763095599,1.172384608573907,0.8699656883298036
390,666.5151477041729,0.6333471903825512,0.4701514960248816
391,667.1484948945555,1.8273539256796312,1.356772625616219
392,668.9758488202351,1.3477363856275133,1.001253208025894
393,670.3235852058626,2.134598378307146,1.5865083142348266
394,672.4581835841698,0.5853947019778616,0.4353820726317678
395,673.0435782861476,1.3123195239755887,0.9762076474584366
396,674.3558978101232,1.7837765535035714,1.3274678982236305
397,676.1396743636268,1.0905063051371826,0.8120018991033192
398,677.230180668764,0.5702640774574093,0.4247705984746178
399,677.8004447462214,1.9417531363068292,1.4466069503377952
400,679.7421978825282,2.152793650623721,1.6048123792314501
401,681.8949915331519,0.7077434865985879,0.5279476212286967
402,682.6027350197505,1.4108147941190055,1.0526429172646943
403,684.0135498138695,0.9590800482288842,0.7159078951100658
404,684.9726298620984,1.1905937256295829,0.8889874086505498
405,686.163223587728,1.7983195969756025,1.3432586018324144
406,687.9615431847036,1.4073981775687798,1.051845310186255
407,689.3689413622724,1.1057936700780147,0.8267952184205676
408,690.4747350323504,1.9769493831704494,1.4786573610964744
409,692.4516844155208,0.7252856450809304,0.5428067221072771
410,693.1769700606018,1.356938639271334,1.015764473497254
411,694.5339086998731,1.1924272210536628,0.8929871948587058
412,695.7263359209268,0.8997339794188974,0.6740401566961846
413,696.6260699003457,2.506025575667877,1.8779169102084785
414,699.1320954760135,1.164643656129897,0.8734037153719042
415,700.2967391321434,1.0050038225026583,0.753950904448502
416,701.3017429546461,0.9256001911144267,0.6945937945201585
417,702.2273431457605,1.8064961497648255,1.3560196205666852
418,704.0338392955254,1.0919746590939212,0.820121142721252
419,705.1258139546193,1.0588408448986684,0.7954973625199018
420,706.184654799518,2.084416085592011,1.5665003694435826
421,708.26907088511,0.9605176851742954,0.7223080224270085
422,709.2295885702842,1.9006856094011937,1.4297230132817649
423,711.1302741796854,0.7700157346898777,0.5795448856640752
424,711.9002899143753,0.8490935557259718,0.6392082902423367
425,712.7493834701013,1.333388350568157,1.0040444541846345
426,714.0827718206694,2.0296246333826957,1.5289156950127527
427,716.1123964540521,1.3701732490480936,1.0327700798971957
428,717.4825697031002,1.2602168423856028,0.9502736717353092
429,718.7427865454858,0.9543144428798769,0.7198727702104936
430,719.6971009883657,1.6540612301706688,1.2480655543455528
431,721.3511622185364,0.9263427571378315,0.6993068233238695
432,722.2775049756742,1.5683160694542266,1.1842602071912318
433,723.8458210451284,0.7167928452506658,0.5415090275269534
434,724.5626138903791,2.4937893396702293,1.8843533832464947
435,727.0564032300493,1.3490783588847535,1.020126303998066
436,728.4054815889341,0.35326820668012715,0.2672334053450128
437,728.7587497956142,1.6577323271421847,1.2541367689706426
438,730.4164821227564,1.000872795842156,0.7575598019155069
439,731.4173549185986,1.4006977959012374,1.0604922819322173
440,732.8180527144998,1.9715905378782281,1.4933252953411127
441,734.789643252378,0.9758159562003357,0.7395213780465005
442,735.7654592085784,1.287469703686952,0.9759798733037504
443,737.0529289122653,1.5274922591084987,1.158356509154093
444,738.5804211713738,1.3291025026680927,1.0083478118535634
445,739.9095236740419,0.6642837732531461,0.5041610621220985
446,740.573807447295,1.1835281256466033,0.8984128601202871
447,741.7573355729417,2.137677569532002,1.6232482928172416
448,743.8950131424737,1.449976408138241,1.101705609779908
449,745.3449895506119,1.15431634882043,0.8774180800292561
450,746.4993058994323,1.1752577248372518,0.8936254805236891
451,747.6745636242696,0.5681908408149638,0.43217499628008044
452,748.2427544650845,2.4131958970397136,1.8358069677252464
453,750.6559503621243,0.31043070452653865,0.2363151536291952
454,750.9663810666508,1.921240500551562,1.462669394121169
455,752.8876215672024,1.434748904510343,1.0928794467075182
456,754.3223704717127,1.5169385043251395,1.155944695234445
457,755.8393089760378,0.9289394639131388,0.7081718869340796
458,756.768248439951,1.33348080646158,1.0168324268431368
459,758.1017292464126,0.7985089784798447,0.60911875896956
460,758.9002382248924,1.382128758619615,1.0545472773348898
461,760.282366983512,2.417666266179026,1.8453498248581883
462,762.700033249691,0.8930329231461656,0.6820830272781332
463,763.5930661728372,0.7144565513430052,0.5458225603081963
464,764.3075227241802,1.7800173756560298,1.3601427980123912
465,766.0875400998362,1.1309320557032834,0.8645839151672552
466,767.2184721555395,1.0629896509697119,0.8128923331384287
467,768.2814618065092,1.411945446115169,1.0800578905323344
468,769.6934072526244,1.3774320610539235,1.0540596371832152
469,771.0708393136783,1.8907782520786895,1.447428316668382
470,772.961617565757,1.1561270621834865,0.8854888859869907
471,774.1177446279405,0.9301024686400297,0.7125957114860639
472,775.0478470965805,0.9518648665908813,0.7294508297593384
473,775.9997119631714,1.300036566421113,0.996522212094918
474,777.2997485295925,1.8573284195964561,1.4242001690149708
475,779.157076949189,1.1918480549926471,0.9143622742976462
476,780.3489250041816,1.788739386630482,1.3727206501878595
477,782.1376643908121,0.4602795552614225,0.35339707664526215
478,782.5979439460735,1.6908786663919955,1.2983945160169774
479,784.2888226124655,1.4502670882494613,1.114131491501147
480,785.739089700715,0.7220577497912473,0.554915149787737
481,786.4611474505062,1.0073163654037671,0.7742890939590236
482,787.46846381591,2.5906285482095655,1.9918539208687627
483,790.0590923641196,0.7725281038015055,0.5943767174516558
484,790.8316204679211,1.596087140683494,1.2282644787958434
485,792.4277076086046,0.46094495401803215,0.35486683650392
486,792.8886525626226,1.5951393072705287,1.228194571304929
487,794.4837918698931,1.1228042862692291,0.8648743183195698
488,795.6065961561624,1.6568738818732527,1.2766301578518746
489,797.2634700380356,1.4441001282606294,1.1131649882927543
490,798.7075701662963,0.9467660446014179,0.7300744459240088
491,799.6543362108977,1.9499102520843508,1.5039911198457445
492,801.604246462982,0.9377384154361152,0.723653311256663
493,802.5419848784181,0.7011113258520254,0.5411785001219608
494,803.2430962042702,1.5191429083915864,1.1728173193102385
495,804.7622391126617,1.0993965544330422,0.849092969657584
496,805.8616356670948,2.29017926889901,1.7692634816636275
497,808.1518149359938,1.0459684273068888,0.8085287036860794
498,809.1977833633007,0.8840215231064121,0.6835264856437169
499,810.0818048864071,1.1025539600991578,0.8526876220225977
500,811.1843588465063,1.5867495426031155,1.227495842159539
501,812.7711083891094,1.2748052184016387,0.9865748738753023
502,814.045913607511,0.8246260183615277,0.6383857804407778
503,814.8705396258725,1.857198088522182,1.4380526596885774
504,816.7277377143947,1.6529311519669818,1.280485005413387
505,818.3806688663617,0.8239733044621289,0.6385769392023408
506,819.2046421708238,1.5172562730454047,1.176112251019045
507,820.7218984438692,0.9915556895101645,0.7689036275543593
508,821.7134541333794,0.48430336002491003,0.37564697129791913
509,822.1977574934043,2.328536378225408,1.8063335143510053
510,824.5262938716297,1.5129935049446885,1.1743671446128188
511,826.0392873765744,0.8665235775063138,0.6728378884854866
512,826.9058109540807,1.4343633464092136,1.1139932389347889
513,828.3401743004899,1.0968366678193888,0.8521568775013254
514,829.4370109683093,1.458873085008122,1.133738291063774
515,830.8958840533174,0.9038936057531828,0.7026982788498941
516,831.7997776590706,1.2038632500836002,0.9361067806317614
517,833.0036409091542,1.6482742386713198,1.2820537823857776
518,834.6519151478255,2.041661039766268,1.5886785888301933
519,836.6935761875918,0.6537588719396581,0.5089638798097597
520,837.3473350595315,0.9016869332007218,0.7020927406722083
521,838.2490219927322,1.2163728175502229,0.9473292385490437
522,839.4653948102824,1.5709950187309687,1.2238768371056346
523,841.0363898290134,1.0049643775130335,0.7832121728665847
524,842.0413542065264,2.1248424008243774,1.6563853694215425
525,844.1661966073508,0.6397973684129283,0.49899997274140034
526,844.8059939757637,1.3887759519302563,1.0833215869153334
527,846.194769927694,1.7769477118180248,1.3865814278338224
528,847.971717639512,0.5175635414315138,0.40403611098635805
529,848.4892811809435,1.3729931677543163,1.071960800756261
530,849.8622743486978,0.7831741173062028,0.6116626645265112
531,850.645448466004,2.517664117385152,1.9666765883238617
532,853.1631125833892,0.9323991364798303,0.7287833541855234
533,854.095511719869,1.1911985245359347,0.9312736390225831
534,855.286710244405,1.1974072463866605,0.9363931952769871
535,856.4841174907916,0.8266231118121823,0.6466176410123322
536,857.3107406026038,1.5932858638718699,1.2465765121493855
537,858.9040264664757,1.506644429539051,1.1792340452657613
538,860.4106708960147,0.7604273167006568,0.5953902189421847
539,861.1710982127154,2.018621559193548,1.5807998032884387
540,863.1897197719089,1.1511041581605923,0.9018684440280104
541,864.3408239300695,1.253840396446435,0.9826262917942332
542,865.594664326516,0.8290755775267371,0.6499322323206929
543,866.4237399040427,1.269382707742352,0.995292965796127
544,867.693122611785,0.9773716173465345,0.7665617066449913
545,868.6704942291316,2.176408096622481,1.7073671896120532
546,870.8469023257541,1.3418484958591534,1.0531991534482525
547,872.1887508216132,0.9102281496687965,0.7146490947481264
548,873.098978971282,0.8094102640554866,0.6356281334445686
549,873.9083892353375,2.0768958734428224,1.6312881411883229
550,875.9852851087803,0.6155407242471256,0.4837061270208023
551,876.6008258330274,1.0538725080060658,0.828275192173339
552,877.6546983410335,1.7262536287574903,1.3570530895718034
553,879.380951969791,1.4536968781484347,1.1432437248213758
554,880.8346488479394,1.552047779257009,1.2209986989420125
555,882.3866966271964,1.0436352115051477,0.8213220571972859
556,883.4303318387016,0.768411275893186,0.6048703516487751
557,884.1987431145948,1.0735613650223286,0.8452239185953805
558,885.2723044796171,1.5804974832991547,1.2446442308509948
559,886.8528019629163,1.622764710900924,1.2783904246747044
560,888.4755666738172,1.2597276202735657,0.9927616127513519
561,889.7352942940907,1.077837818437274,0.8496616026078554
562,890.813132112528,1.5733011476278307,1.2405394403701129
563,892.3864332601559,0.7326843071383564,0.5779233795410199
564,893.1191175672942,1.7671747535745226,1.3941348527582207
565,894.8862923208687,0.511627353914264,0.4037868731320017
566,895.397919674783,1.2343318814197346,0.9742724934987345
567,896.6322515562027,2.589271112180654,2.0443094630149994
568,899.2215226683834,0.6373619395541255,0.5035094355801235
569,899.8588846079375,0.9908552525838559,0.782877286414152
570,900.8497398605214,1.3934677262309378,1.1012265082215302
571,902.2432075867523,0.856466855878125,0.6770573685503475
572,903.0996744426304,1.6032282796509207,1.2676320912403833
573,904.7029027222814,1.1270380359408136,0.8914386485647628
574,905.8299407582222,1.8267887107454044,1.4452733268443707
575,907.6567294689676,0.6768141760933304,0.5356820492217734
576,908.3335436450609,1.8527904121189067,1.4666585972414723
577,910.1863340571798,1.0486174287757422,0.8304198068223514
578,911.2349514859555,1.0960941140800742,0.8682183494489618
579,912.3310456000356,0.4929536467077469,0.3905638891387541
580,912.8239992467434,1.906097711632242,1.510352385103046
581,914.7300969583756,1.6249038502671738,1.288079639991593
582,916.3550008086428,1.4703767617839958,1.1659996056340614
583,917.8253775704268,1.0111576731022751,0.802099752499909
584,918.836535243529,0.6118091961532173,0.485424211484716
585,919.4483444396823,1.7080510674725247,1.3553899705462378
586,921.1563955071548,1.3442337994820264,1.0670870782396047
587,922.5006293066368,0.7850904957854254,0.6234070681570687
588,923.2857198024222,1.487764131054405,1.1815718318034616
589,924.7734839334767,1.7780688511263634,1.4125854380533225
590,926.551552784603,1.2993062011505572,1.0326300340261867
591,927.8508589857536,0.8128003431812658,0.6461583720800327
592,928.6636593289348,1.2104335217129574,0.9624366767808653
593,929.8740928506478,1.1351184859802288,0.9027877073719833
594,931.009211336628,0.8435294088920955,0.6710435124030778
595,931.8527407455201,2.5325660917383175,2.0150689977042404
596,934.3853068372584,0.6101180265879975,0.4857118534467107
597,934.9954248638464,1.2332245154365182,0.9818918730245969
598,936.228649379283,1.3042763326874365,1.0387368569352382
599,937.5329257119704,1.491375187247968,1.1880744291169358
600,939.0243008992184,0.6366397153097978,0.5073274407159286
601,939.6609406145282,1.4960590275142067,1.1923455568627839
602,941.1569996420424,0.8953420013331197,0.7138061974852629
603,942.0523416433755,2.135694166197254,1.702992945166749
604,944.1880358095727,1.1455266934732435,0.9138507003460687
605,945.333562503046,1.432279701681864,1.1428860057558425
606,946.7658422047278,0.31334089152699107,0.2501055189885148
607,947.0791830962548,1.2674631587901786,1.0117429787640906
608,948.346646255045,1.804966429598835,1.441185132750162
609,950.1516126846439,0.8816360491796331,0.7042138429028307
610,951.0332487338235,1.6947398860271505,1.3539371934869238
611,952.7279886198506,1.4017306497007667,1.1202476688236747
612,954.1297192695514,0.6995896686652259,0.5592680407456398
613,954.8293089382166,1.8461704050731669,1.4760863638852486
614,956.6754793432898,0.8345732531339536,0.6675309456207463
615,957.5100525964237,0.9045407937123855,0.7236198090435074
616,958.4145933901361,1.0445754169319343,0.8358025003259654
617,959.4591688070681,2.2104036671246376,1.7690069839367895
618,961.6695724741927,1.5125141971187759,1.2110333759211973
619,963.1820866713115,0.384953520300769,0.3083192179452226
620,963.5670401916123,1.4885394321388503,1.192304346803551
621,965.0555796237511,1.055175194659114,0.8454434061065731
622,966.1107548184102,1.26039894785265,1.010095092577818
623,967.3711537662629,1.2651481398244186,1.014163656131193
624,968.6363019060873,1.4893086508539,1.194164217472979
625,970.1256105569412,0.94588092944457,0.7586618217775887
626,971.0714914863858,2.113869807915421,1.6957974211315863
627,973.1853612943012,0.6877176983524578,0.5519417541267964
628,973.8730789926536,0.9015560731837695,0.7236634304145955
629,974.7746350658374,1.4038673547522649,1.1270667332749962
630,976.1785024205897,0.7386996964609125,0.5932194260795384
631,976.9172021170506,1.8494694180624265,1.485455687438833
632,978.766671535113,1.8113291046614677,1.4553674250005748
633,980.5780006397745,0.7106146619845504,0.5711740576456176
634,981.288615301759,1.1078698670199856,0.890605457763451
635,982.396485168779,1.1785908376523366,0.9476689914596883
636,983.5750760064313,1.6118526493420404,1.2963491989404559
637,985.1869286557734,0.943586454411161,0.7591350886838039
638,986.1305151101845,0.6254932974715075,0.5033177749238781
639,986.756008407656,2.236613963001332,1.7999693224804918
640,988.9926223706574,1.231295433370633,0.9913585398611054
641,990.223917804028,1.1503763437334555,0.9264355848824397
642,991.3742941477615,1.3544021889712212,1.0909945293063763
643,992.7286963367327,0.48588462071029426,0.39149409257621887
644,993.214580957443,1.1900096136514549,0.9589246989910987
645,994.4045905710944,1.8007455932038283,1.4514066034410191
646,996.2053361642983,1.3065985876409059,1.0534987995746545
647,997.5119347519392,1.3156123849904588,1.0610409899713549
648,998.8275471369296,0.9640244204832698,0.7776876266734511
649,999.7915715574129,1.5579110803698768,1.2570208119826585
650,1001.3494826377828,1.0548228506089572,0.8513589258348292
651,1002.4043054883917,0.8635026910615125,0.6970870503119011
652,1003.2678081794533,1.4072359417195912,1.1362239965342784
653,1004.6750441211728,0.8683761832055552,0.7013340388556882
654,1005.5434203043784,2.4632840026852136,1.9897817103056223
655,1008.0067043070636,0.7890055936786666,0.6376470295364941
656,1008.7957099007423,1.010880846222335,0.8170848170290789
657,1009.8065907469646,0.7631662640964123,0.6169812644735246
658,1010.569757011061,1.840285504700546,1.4879988762499408
659,1012.4100425157616,0.648595582647431,0.5246224670151524
660,1013.058638098409,1.6309945239613626,1.3194110785504667
661,1014.6896326223704,1.3705463202769579,1.109069519713588
662,1016.0601789426473,1.2062234217080459,0.9763557486888921
663,1017.2664023643554,1.3391701542648207,1.0842199540037807
664,1018.6055725186202,1.3068672253237992,1.0583404642660108
665,1019.912439743944,1.0050352733196632,0.8141129450417528
666,1020.9174750172637,0.626869482641041,0.5078839864394866
667,1021.5443444999047,1.3409264118116653,1.0865374557774985
668,1022.8852709117164,2.3804532860112886,1.9293512705183382
669,1025.2657241977276,0.4422201737352225,0.35858191553183255
670,1025.7079443714629,1.759749144124953,1.4270439610474772
671,1027.4676935155878,0.6612707399096962,0.5364286670160162
672,1028.1289642554975,1.098333188463812,0.8910900541836718
673,1029.2272974439613,1.6700713466352681,1.35523144296787
674,1030.8973687905966,0.9358115068112056,0.7596348917307651
675,1031.8331802974078,0.9797027377510403,0.7954046032601689
676,1032.8128830351588,1.800032494361858,1.46168877520821
677,1034.6129155295207,1.583001828533952,1.2858910667730359
678,1036.1959173580547,0.8287902882270828,0.6734377995832869
679,1037.0247076462817,1.0630445943370432,0.8639176072832886
680,1038.0877522406188,0.9896491962779237,0.8044318376318897
681,1039.0774014368967,1.186636500799068,0.9647320309774156
682,1040.2640379376958,1.3574900768464886,1.1038820842649504
683,1041.6215280145423,2.0024263350792353,1.6287461553062093
684,1043.6239543496215,0.8910214794573221,0.7250170243060283
685,1044.5149758290788,0.5920665238991205,0.4818401944073604
686,1045.107042352978,1.9827751313168847,1.6138163399102063
687,1047.0898174842948,0.8973300053055482,0.7306237206618585
688,1047.9871474896004,0.9666377050855317,0.7871871965838432
689,1048.953785194686,1.0424990619073924,0.849118315215471
690,1049.9962842565933,1.580287586611803,1.287398366902915
691,1051.576571843205,1.6692133151807411,1.3602422070422397
692,1053.2457851583858,1.5352543198955573,1.2514665488782057
693,1054.7810394782814,0.22110699740437667,0.18028720101228124
694,1055.0021464756858,1.686700888142468,1.3753658936160806
695,1056.6888473638282,0.411196295789523,0.33540131655572664
696,1057.1000436596178,2.0337254472792665,1.6589788905311413
697,1059.133769106897,1.0057494547108945,0.8207316328887261
698,1060.139518561608,1.3617859034604862,1.111477275717366
699,1061.5013044650684,1.414077042812096,1.154445736767947
700,1062.9153815078805,1.1561695638379206,0.9441362696348079
701,1064.0715510717184,1.0503040345745376,0.8578674552790492
702,1065.121855106293,1.3413683629501065,1.095813631594067
703,1066.463223469243,0.9556366517215338,0.7808864918070542
704,1067.4188601209646,0.5711399580779926,0.46678126300167955
705,1067.9900000790426,2.545041917786648,2.080228523831344
706,1070.5350419968292,1.0835812182601785,0.8860919861941553
707,1071.6186232150894,0.9253747960322016,0.7568686388703946
708,1072.5439980111216,1.0263551539721902,0.8396019711729358
709,1073.5703531650938,1.1774178792172734,0.9633569124684223
710,1074.747771044311,1.5188545498663188,1.2429835125716022
711,1076.2666255941774,0.6574304715770722,0.5381684975228695
712,1076.9240560657545,1.7231424152018917,1.4107211408636209
713,1078.6471984809564,1.1627669483027603,0.9522426750255394
714,1079.8099654292591,1.3610369142086256,1.1148483399770908
715,1081.1710023434678,1.7817473796019385,1.4598165959600984
716,1082.9527497230697,0.34271679101584596,0.2808836386648425
717,1083.2954665140855,0.8877977963445574,0.7276655371765174
718,1084.18326431043,1.4645668982093412,1.2005936348042852
719,1085.6478312086394,1.2641677811857335,1.0365860223686592
720,1086.9119989898252,1.8437256849836103,1.5121505267709578
721,1088.7557246748088,1.03961324926604,0.8529298977973905
722,1089.7953379240748,1.0678531021740127,0.8762609258702966
723,1090.8631910262488,0.8652819406879644,0.7101695726625723
724,1091.7284729669368,1.7124003054318564,1.405647705410469
725,1093.4408732723687,0.8435842513854368,0.6926783396560549
726,1094.284457523754,1.1486272349072806,0.9432942058747319
727,1095.4330847586614,0.9688330360811506,0.7958024776689537
728,1096.4019177947425,2.439097671907348,2.003825614137161
729,1098.8410154666499,0.5196517119218242,0.4271004361684147
730,1099.3606671785717,1.213793443890836,0.9977051168576038
731,1100.5744606224625,1.2646505462935238,1.0397303720275621
732,1101.839111168756,0.7126687311615569,0.5860496877606134
733,1102.5517798999176,1.18051727462921,0.9708975969966959
734,1103.7322971745468,1.8848916562151317,1.5505200999919164
735,1105.617188830762,1.1571828450707926,0.9522179062330691
736,1106.7743716758328,1.0001602791774076,0.8231743342334554
737,1107.7745319550102,1.3843869017562156,1.1396081604351593
738,1109.1589188567664,1.285224136846864,1.058234209594896
739,1110.4441429936132,0.999361771286658,0.823043634898284
740,1111.4435047649,0.989490643176623,0.8150557421948721
741,1112.4329954080765,0.9645997067254939,0.794689383419898
742,1113.397595114802,1.6677643467646703,1.3742244853943442
743,1115.0653594615667,1.7218944196479242,1.419237423470536
744,1116.7872538812146,1.1786657879849827,0.9717814221914358
745,1117.9659196691996,0.7182151918188993,0.5922716244951334
746,1118.6841348610185,0.7891125651603943,0.6508173535762278
747,1119.473247426179,1.6826902496316052,1.387980729875177
748,1121.1559376758105,1.3026836810699933,1.0748406263925103
749,1122.4586213568805,0.6424960309286689,0.530240404582037
750,1123.1011173878092,2.213612010037423,1.8270557335051325
751,1125.3147293978466,0.44871303140598684,0.37049626979832884
752,1125.7634424292526,1.894581097963055,1.564450150520866
753,1127.6580235272156,0.7722010866771143,0.6378516270394048
754,1128.4302246138927,1.2987721631727709,1.0729500624043562
755,1129.7289967770655,0.6626011191660837,0.5475136291202948
756,1130.3915978962316,1.1034876656854067,0.9119253671668109
757,1131.495085561917,2.213540107539302,1.8296196274240415
758,1133.7086256694563,1.1770289220769428,0.9732489692833026
759,1134.8856545915332,0.6765593839443227,0.5595378543343262
760,1135.5622139754776,1.367079505492029,1.1307513879390534
761,1136.9292934809696,1.2222962988359996,1.0112310240998053
762,1138.1515897798056,0.8407520406881304,0.6957153428325887
763,1138.9923418204937,1.7295063514095546,1.4313554251085001
764,1140.7218481719033,0.5391747922335526,0.44635623946737957
765,1141.2610229641368,1.5976366437196248,1.3227248003210226
766,1142.8586596078565,1.9236399107689977,1.5930596428803454
767,1144.7822995186255,0.7030279984917343,0.5823998058305937
768,1145.4853275171172,1.0914874077498098,0.9043125347395143
769,1146.576814924867,0.9249615984522279,0.7664837859211758
770,1147.5017765233192,1.1135006855147367,0.9228625347799716
771,1148.615277208834,1.3673238192732242,1.1334406562339012
772,1149.9826010281072,1.5802136955660444,1.310214550623608
773,1151.5628147236732,1.380313806916547,1.1447717063856682
774,1152.9431285305898,0.9471751856815445,0.7857261235917802
775,1153.8903037162713,0.8072158191109793,0.6697287823339468
776,1154.6975195353823,1.9240482984903338,1.5965536791927908
777,1156.6215678338726,0.810746741738285,0.672963373356099
778,1157.432314575611,0.5692944516840726,0.47260848357970225
779,1158.001609027295,1.4790479917273842,1.227970033255399
780,1159.4806570190224,1.9159876153557889,1.5911255631807646
781,1161.3966446343782,1.0908839676271782,0.9062076358106375
782,1162.4875286020053,1.2135030807733074,1.0082498174733319
783,1163.7010316827786,1.036554668449071,0.8614027795626876
784,1164.7375863512277,0.5336413552299746,0.4435448927168769
785,1165.2712277064577,1.672385703071086,1.3901531282462265
786,1166.9436134095288,1.142658200609958,0.9500834970848971
787,1168.0862716101387,1.6120852747462777,1.3406481012720504
788,1169.698356884885,0.7652816933987197,0.6365942681617686
789,1170.4636385782837,1.6570432874118524,1.3785724525062446
790,1172.1206818656956,1.185005898352756,0.9861291029754357
791,1173.3056877640483,0.9270790924078938,0.7716386513844979
792,1174.2327668564562,0.9826855394944687,0.8180452690152193
793,1175.2154523959507,1.417423413837696,1.1801353692174053
794,1176.6328758097884,0.47342861186780283,0.39426368902742404
795,1177.1063044216562,2.594919080277805,2.1611727689425884
796,1179.701223501934,0.9523202851503356,0.7934716581087137
797,1180.6535437870843,0.6137743645956562,0.5114745922538987
798,1181.26731815168,1.314952195240494,1.095893598798753
799,1182.5822703469205,1.1305049490538295,0.9423736953283423
800,1183.7127752959743,1.4430675514913673,1.2031411222962756
801,1185.1558428474657,0.7195158478909889,0.6000276567248273
802,1185.8753586953567,1.4698027979106882,1.2258583110107562
803,1187.3451614932674,1.5112828049618656,1.2607517759635245
804,1188.8564442982292,1.1071921996892797,0.9238729370455381
805,1189.9636364979185,1.5189694284949837,1.267696711217403
806,1191.4826059264135,0.7360055516880948,0.6144026208240867
807,1192.2186114781016,1.1054099493535432,0.9228826201802878
808,1193.3240214274551,0.5334057079819559,0.4454074502129432
809,1193.857427135437,2.177244613234052,1.8182099638731453
810,1196.0346717486711,1.0371149101508763,0.8663920713380443
811,1197.071786658822,1.614782445808487,1.3491906419018502
812,1198.6865691046305,0.6699446032635024,0.5598990075188569
813,1199.356513707894,1.1761783233259848,0.9830829961503892
814,1200.53269203122,1.2776428253860104,1.0680892027441047
815,1201.810334856606,1.3270160048193702,1.1095890472460768
816,1203.1373508614254,0.7178967326715338,0.600397940162667
817,1203.855247594097,1.1302445773694672,0.9453637512919413
818,1204.9854921714664,1.885007622386638,1.576947249034454
819,1206.870499793853,1.6009601556779671,1.3397189756854422
820,1208.471459949531,0.5180242184080726,0.4336034538353329
821,1208.989484167939,0.9085459196069223,0.7605450423405263
822,1209.898030087546,1.5180858052522126,1.2709732217098508
823,1211.4161158927982,0.697037173521494,0.5837132239208145
824,1212.1131530663197,1.4852196140484466,1.2438893353230245
825,1213.5983726803681,1.791602384677617,1.5008377752003006
826,1215.3899750650457,0.7937469684216012,0.6651137128016752
827,1216.1837220334673,0.9907604642714887,0.8303024905064216
828,1217.1744824977388,1.8755456796673116,1.5720359604797303
829,1219.0500281774061,0.5644431334524143,0.47324058059678015
830,1219.6144713108586,1.2018763801195291,1.0077661015841755
831,1220.816347690978,0.8758947921655817,0.7345698124855102
832,1221.6922424831437,1.2602416119646023,1.0570464092470584
833,1222.9524840951083,2.0658459290602877,1.7330980101122748
834,1225.0183300241686,0.8366907366271334,0.7021488567351151
835,1225.8550207607957,1.3768068806953124,1.1555626399520398
836,1227.231827641491,0.6853139729089435,0.5753107439875936
837,1227.9171416144,0.8760127485811608,0.7354773244734312
838,1228.793154362981,1.791448791268067,1.5042567470188302
839,1230.5846031542492,0.9776707233961588,0.8211643464285489
840,1231.5622738776453,0.9673131629524505,0.8125870964800981
841,1232.5295870405978,1.7482296128339385,1.468810921164563
842,1234.2778166534317,1.2247318730892403,1.0292598546111738
843,1235.502548526521,0.8964689392580567,0.7535304784448975
844,1236.399017465779,1.578281047802193,1.3268125128867645
845,1237.9772985135812,0.4799342820806487,0.4035634870742344
846,1238.4572327956619,1.0335743511338933,0.8691678952119215
847,1239.4908071467958,1.3226646384205196,1.1124493798177286
848,1240.8134717852163,2.26460461280476,1.9050682695925056
849,1243.078076398021,0.4600701280933208,0.38716134344914843
850,1243.5381465261144,1.3132874408695443,1.1052439235642848
851,1244.851433966984,0.8044322211640065,0.6771337889769259
852,1245.655866188148,1.7166957817078128,1.4452115057348094
853,1247.3725619698557,0.6904990833525062,0.5814524918741861
854,1248.0630610532082,1.096826899794678,0.9237078743553495
855,1249.159887953003,1.5125093226752142,1.273992010112429
856,1250.6723972756781,0.9874347285931435,0.8319099738817288
857,1251.6598320042713,2.013745847835935,1.6968260982880778
858,1253.6735778521072,0.7577505696663138,0.6386910013475167
859,1254.4313284217735,0.9769022235172997,0.8235029738657699
860,1255.4082306452908,0.7729835531699791,0.6517006477560225
861,1256.1812141984608,1.3600052141832748,1.1467504870429943
862,1257.541219412644,1.238014075951014,1.044101295161923
863,1258.779233488595,1.5653148275903277,1.3203813716428008
864,1260.3445483161854,1.2671688452944636,1.069138569985692
865,1261.6117171614799,0.9448968388762751,0.7973816256764048
866,1262.5566140003561,1.1201188435056793,0.945381825874873
867,1263.6767328438618,1.2804901631379835,1.0809161620525025
868,1264.9572230069998,1.2218147535622847,1.0315827007618956
869,1266.179037760562,1.0213078512833818,0.8624509106194019
870,1267.2003456118455,0.37022616759463745,0.31268771315724975
871,1267.5705717794401,2.5483501070525563,2.152418442278094
872,1270.1189218864927,1.0153777451173482,0.8579452555023503
873,1271.13429963161,0.9496599677229369,0.8025376818875828
874,1272.083959599333,1.1771850341228856,0.994954253992468
875,1273.2611446334558,0.9350762560245585,0.790462092523045
876,1274.1962208894804,0.8958094263600742,0.7573727381568931
877,1275.0920303158405,1.7501412397293734,1.479873493080098
878,1276.8421715555698,0.9209204307769596,0.7789071801113016
879,1277.7630919863468,1.5697513303614414,1.3278633247388265
880,1279.3328433167082,0.8229510923147245,0.6963007332431806
881,1280.155794409023,1.6729325506769328,1.4156431367720852
882,1281.8287269597,1.1717644269997436,0.991795942446121
883,1283.0004913866997,0.3345407521796915,0.28320809119230095
884,1283.3350321388793,1.5197630157422282,1.2866303326543687
885,1284.8547951546216,0.8402281765170301,0.7114948703200183
886,1285.6950233311386,1.7150032859367457,1.4524220954645688
887,1287.4100266170753,1.7553249156976563,1.4869425548433342
888,1289.165351532773,0.9394199870343982,0.7959900360714673
889,1290.1047715198074,0.312936553235204,0.26519391120112856
890,1290.4177080730426,1.528162895040623,1.29508026659714
891,1291.9458709680832,1.5481105893343283,1.3122770556124965
892,1293.4939815574176,0.6244928204307598,0.529478883561842
893,1294.1184743778483,1.2468891275100304,1.0572760163123849
894,1295.3653635053583,1.4357474869889302,1.2176349456453557
895,1296.8011109923473,1.455416075542189,1.2345721649473225
896,1298.2565270678895,1.1486441828544685,0.9745547019368866
897,1299.405171250744,1.0848477317038032,0.9205799886805248
898,1300.4900189824477,1.0054976981273285,0.8533786945530025
899,1301.495516680575,0.8512256986718967,0.7225507908956114
900,1302.346742379247,0.9264578495472051,0.7865069353182341
901,1303.2732002287942,2.1284719592101737,1.8071854428599563
902,1305.4016721880043,1.1067211249644515,0.9399522932150189
903,1306.5083933129688,0.7588487948337388,0.6446022589428457
904,1307.2672421078025,1.7209544098409424,1.4620195683372488
905,1308.9881965176435,0.4333359756124082,0.368226967165557
906,1309.4215324932559,1.6350380178560044,1.3894586384385403
907,1311.0565705111119,0.9103700969374131,0.773815170066991
908,1311.9669406080493,1.0646587609703602,0.905078252793482
909,1313.0315993690197,1.0209662827064676,0.8680665994643852
910,1314.0525656517261,2.1595469511278225,1.8364008273641415
911,1316.212112602854,0.8608734319759606,0.7322806974145175
912,1317.07298603483,1.0982930973350449,0.9343501553068347
913,1318.171279132165,0.7766014644014376,0.6607806723842746
914,1318.9478805965664,0.9832022809700902,0.8366616196539839
915,1319.9310828775365,1.6970556743758607,1.4443205243624402
916,1321.6281385519123,0.6299285714787857,0.5362448563534676
917,1322.2580671233911,1.9669115954532117,1.6745393693965684
918,1324.2249787188443,1.0126456401380892,0.8623601583425188
919,1325.2376243589824,0.7443452714637715,0.6339684716379987
920,1325.9819696304462,1.6533114780113465,1.4082944697750428
921,1327.6352811084575,1.408236888061083,1.1998186593513833
922,1329.0435179965186,0.161500788964986,0.13762601715275147
923,1329.2050187854836,1.224918334975655,1.0438615102815665
924,1330.4299371204593,1.39765426482586,1.1912700070048632
925,1331.8275913852851,1.845931224999731,1.573660736794208
926,1333.6735226102849,1.0738064414049404,0.9156592398815957
927,1334.7473290516898,0.9476454743123668,0.8082002919966637
928,1335.6949745260022,0.9952101273836433,0.8488782648634361
929,1336.6901846533858,0.9986071562841516,0.8518941828773636
930,1337.68879180967,1.2343727890004175,1.0531684059689312
931,1338.9231645986704,1.5032358586297505,1.2827833803475905
932,1340.4264004573001,0.7398717956261862,0.6315002808605952
933,1341.1662722529263,1.4422356308505186,1.231113181728634
934,1342.6085078837768,1.5475361198189148,1.3212639177738685
935,1344.1560440035958,1.3210622578028506,1.128146021488468
936,1345.4771062613986,0.2543069940197711,0.21721001137730747
937,1345.7314132554184,1.7880584954814367,1.5272795975082796
938,1347.5194717508998,0.49776626783659594,0.42527487531053176
939,1348.0172380187364,1.0679559953111948,0.912488710368842
940,1349.0851940140476,2.2110123600491534,1.889423757156643
941,1351.2962063740968,0.9142587850788004,0.781519424016443
942,1352.2104651591756,1.2728731990889628,1.0882043633165157
943,1353.4833383582645,0.40344361343181845,0.3449723039987933
944,1353.8867819716963,1.793813348940148,1.533920059910172
945,1355.6805953206365,0.9250603891714491,0.7912296848845831
946,1356.605655709808,1.1660871187714292,0.9975130944166165
947,1357.7717428285794,0.6884175705797588,0.5889914249133674
948,1358.4601603991591,1.9329843630321193,1.6539650007619622
949,1360.3931447621912,0.9999299514483937,0.8558199365380259
950,1361.3930747136396,1.629253889641177,1.3946361654352413
951,1363.0223286032808,0.856862193853658,0.7336344305230328
952,1363.8791907971345,0.697394099619487,0.5971696457998839
953,1364.576584896754,0.917148654541279,0.7854172791862573
954,1365.4937335512952,1.6103574187129652,1.3792316773727449
955,1367.1040909700082,1.2261023379776361,1.0503566121763146
956,1368.3301933079858,1.3567557693570507,1.1624761601900209
957,1369.686949077343,1.2865736904407186,1.1025466825276031
958,1370.9735227677836,0.713030785043884,0.6111478976603436
959,1371.6865535528275,1.5163610095457898,1.2998180956769678
960,1373.2029145623733,0.9518840962673494,0.8161183115072718
961,1374.1547986586406,1.1475936861081664,0.9840407025316622
962,1375.3023923447488,0.8593876488705519,0.7370234477008581
963,1376.1617799936193,1.0158536484852903,0.8713119795664785
964,1377.1776336421046,2.5056493865083667,2.1494250305753795
965,1379.683283028613,0.4652954130795024,0.39927968529008234
966,1380.1485784416925,0.9253987075130681,0.7941535675368763
967,1381.0739771492056,1.2716858292681081,1.0914640047774107
968,1382.3456629784737,0.9519280294728105,0.8171613453723181
969,1383.2975910079465,1.1468248398136893,0.9845918049851079
970,1384.4444158477602,1.2193611634324952,1.047027763470908
971,1385.6637770111927,1.6628706522967605,1.4280886547431544
972,1387.3266476634894,0.5948064636233994,0.5109388141565171
973,1387.9214541271128,1.6443776712810632,1.4126327733854858
974,1389.565831798394,1.1396584880337741,0.9792592799177706
975,1390.7054902864277,1.1477101568420949,0.9863274819789598
976,1391.8532004432698,0.7908273452787853,0.6797307712092675
977,1392.6440277885486,0.7893739522451142,0.6785529150722208
978,1393.4334017407937,1.4507829348867745,1.2472368373505403
979,1394.8841846756804,1.6599784480019935,1.4273569635794676
980,1396.5441631236824,1.2904601977047605,1.1098655137074374
981,1397.8346233213872,1.0030518799985657,0.8628262732934917
982,1398.8376752013858,1.0017977398206313,0.8618618305749284
983,1399.8394729412064,0.5874733561879566,0.5054791993236935
984,1400.4269462973944,2.137400952671669,1.8392248137756873
985,1402.564347250066,0.40940039085307944,0.3523867404703094
986,1402.973747640919,1.0325445296036833,0.8887989476434642
987,1404.0062921705228,1.660682888724068,1.4296855380823603
988,1405.6669750592469,1.41816771718959,1.2211705094976053
989,1407.0851427764364,1.0511647197531602,0.9053164776043839
990,1408.1363074961896,1.1843735836494034,1.0201834867369992
991,1409.320681079839,0.7041296459631212,0.6066101411280003
992,1410.0248107258021,1.2322460899044927,1.0616822567065771
993,1411.2570568157066,0.7085966460663258,0.6106133235717451
994,1411.965653461773,1.8774953267959518,1.618029037132192
995,1413.843148788569,1.742636006926432,1.502175566305226
996,1415.5857847954953,0.19579650778769064,0.16881759593344448
997,1415.781581303283,1.321241630539589,1.1392160800508484
998,1417.1028229338226,1.5941409186295914,1.3747550904546033
999,1418.6969638524522,0.7255170935434307,0.6258011828089636
1000,1419.4224809459956,0.9940453777555831,0.8575035142149456
1001,1420.4165263237512,1.4340408632974686,1.2372210932572218
1002,1421.8505671870487,0.6107438004587493,0.5270182955069479
1003,1422.4613109875074,2.0017346820716284,1.727458157158245
1004,1424.463045669579,1.4104235754175534,1.2174838231565612
1005,1425.8734692449966,0.7725104371234011,0.6669560780915024
1006,1426.64597968212,0.7196914273067705,0.6214161975261091
1007,1427.3656711094268,1.2266347665520243,1.0592339211662931
1008,1428.5923058759788,1.0581714002128138,0.9139056919930746
1009,1429.6504772761916,1.5678363965600965,1.3542703141642811
1010,1431.2183136727517,0.8314272205618636,0.7183176759499258
1011,1432.0497408933136,1.7721998437516504,1.5312689227359626
1012,1433.8219407370652,0.7630014311948798,0.6594214216678085
1013,1434.58494216826,1.1079652151590835,0.9576490247088564
1014,1435.6929073834192,1.5338142403820711,1.3259121326687273
1015,1437.2267216238013,0.7795632179211225,0.6740291630754787
1016,1438.0062848417224,0.9432679051603827,0.8156535919228377
1017,1438.9495527468828,0.6732403312812494,0.5822281957962425
1018,1439.622793078164,2.3381944266977825,2.022279192301749
1019,1441.9609875048618,0.950072076034985,0.8219525019796933
1020,1442.9110595808968,1.1308711254698665,0.9784888992505619
1021,1444.0419307063667,1.0303477528343592,0.8916392864864414
1022,1445.072278459201,0.757806320508962,0.6558742145965692
1023,1445.83008477971,1.3961423202658807,1.2084644890021934
1024,1447.2262270999759,1.0976264157495734,0.9502454920051429
1025,1448.3238535157254,1.164917765005839,1.0086420331839894
1026,1449.4887712807313,1.2847905775661275,1.1125981028685556
1027,1450.7735618582974,1.0617361410959347,0.919587976307196
1028,1451.8352979993933,1.902298757708877,1.6478352414364577
1029,1453.7375967571022,0.48841450312397683,0.423182874795115
1030,1454.2260112602262,1.0860799795934781,0.9410834540747497
1031,1455.3120912398197,0.855706368567553,0.7415674231512006
1032,1456.1677976083872,1.3712040600239561,1.188433404084215
1033,1457.5390016684112,0.85477570027615,0.7409689039096088
1034,1458.3937773686873,2.294493166731854,1.989213183716697
1035,1460.6882705354192,0.5571728097406776,0.48318093960535513
1036,1461.2454433451599,1.0206799206273445,0.8851968235791416
1037,1462.2661232657872,1.0207679246402677,0.8853865849839706
1038,1463.2868911904275,1.4100121074488925,1.2231630979168546
1039,1464.6969032978764,1.1926543162089729,1.034791485847926
1040,1465.8895576140853,0.6160634938023577,0.5345995318688326
1041,1466.5056211078877,1.1983684781832835,1.0399846842930593
1042,1467.703989586071,1.6436602921987742,1.4266376553976539
1043,1469.3476498782697,1.6189392488952308,1.4054690750468612
1044,1470.966589127165,0.4221753999415796,0.36658216574769953
1045,1471.3887645271066,1.631367797079065,1.4166192428266027
1046,1473.0201323241856,0.7255168615608909,0.6301398665551026
1047,1473.7456491857465,0.457572379952353,0.39745542915333537
1048,1474.2032215656989,1.888905472542092,1.640829891125255
1049,1476.092127038241,1.3430641092591031,1.166949210383612
1050,1477.4351911475,1.006204825912846,0.8744076534276654
1051,1478.441395973413,1.3185227330770886,1.145959644355372
1052,1479.75991870649,1.0069603114923211,0.8753161555300903
1053,1480.7668790179823,1.1978051918199526,1.0413407641147945
1054,1481.9646842098023,1.0682757482691159,0.9288687018971672
1055,1483.0329599580714,1.1106209236841096,0.9658153207168154
1056,1484.1435808817555,0.6743023494482259,0.5864654197974083
1057,1484.8178832312037,1.3534657963534755,1.1772565608796812
1058,1486.1713490275572,1.9449889486711527,1.6920506900012675
1059,1488.1163379762284,1.136128970201753,0.9886162997843401
1060,1489.25246694643,0.7184252582487716,0.6252336489597576
1061,1489.9708922046789,0.6998016099244069,0.6090795110866265
1062,1490.6706938146033,1.5093967294130834,1.3138317321909856
1063,1492.1800905440164,1.1507448772538282,1.0018339632549336
1064,1493.3308354212702,0.8245331924185848,0.7179365160081161
1065,1494.1553686136888,1.6134643652528666,1.4050154321008734
1066,1495.7688329789416,1.2966725927683456,1.1293737935563168
1067,1497.06550557171,0.6818553614111806,0.5939753128334456
1068,1497.7473609331212,1.8934638134985562,1.6495643965842914
1069,1499.6408247466197,0.7111267699833661,0.6196686425787429
1070,1500.351951516603,0.7673734055285877,0.6687392900323808
1071,1501.1193249221317,1.2267383702674124,1.069159746946542
1072,1502.346063292399,0.7448698342814168,0.6492856680490642
1073,1503.0909331266805,2.1705965279913926,1.8922296251480515
1074,1505.261529654672,0.8914564834412886,0.7773368987118423
1075,1506.1529861381132,1.2545190257171726,1.0940402887724925
1076,1507.4075051638304,0.8455258657118065,0.7374777903330292
1077,1508.2530310295422,1.027388333681074,0.8961921053217502
1078,1509.2804193632232,1.1113780832502016,0.969576913618175
1079,1510.3917974464734,1.531208012528623,1.3360199611100751
1080,1511.923005459002,0.6667592464559675,0.5818728089093692
1081,1512.589764705458,1.0000008344607068,0.8727589237209897
1082,1513.5897655399187,2.1185780469552355,1.8492291968170596
1083,1515.708343586874,0.7276461318845122,0.635297647075808
1084,1516.4359897187585,1.2838165353716704,1.1209803043304418
1085,1517.7198062541302,0.6949852331235888,0.6069285649730111
1086,1518.4147914872538,1.3262180066531073,1.1582789257327892
1087,1519.7410094939069,0.5326127264493152,0.4652419447910344
1088,1520.2736222203562,1.6282868451046397,1.4224138207125003
1089,1521.9019090654608,1.5841380837980523,1.384116915588742
1090,1523.4860471492589,1.2388450113633098,1.0826273915802829
1091,1524.7248921606222,0.5029450731697125,0.43958906259042896
1092,1525.227837233792,1.324474676595628,1.1577000715114785
1093,1526.5523119103875,1.488618518910016,1.3013809712684106
1094,1528.0409304292975,0.9935262994038112,0.8687152754404994
1095,1529.0344567287013,0.3355186364931342,0.2934040588857486
1096,1529.3699753651945,1.650767605027795,1.4436195302159565
1097,1531.0207429702223,1.2015839691698602,1.0510084182896344
1098,1532.2223269393921,1.6646509738095574,1.4562543931995127
1099,1533.8869779132017,1.1552995580050265,1.010868007336391
1100,1535.0422774712067,0.7272249240415931,0.636396923780127
1101,1535.7695023952483,0.8511994287814559,0.7449515856102854
1102,1536.6207018240298,1.030360343915163,0.9018402618716643
1103,1537.651062167945,1.6517926876383626,1.445935616383066
1104,1539.3028548555833,0.7274152839231647,0.6368843927832926
1105,1540.0302701395065,1.711978623282448,1.4990420589452769
1106,1541.742248762789,0.7542741599772853,0.660590623612349
1107,1542.4965229227662,1.6221471317539908,1.4207969583472189
1108,1544.1186700545202,0.7159381729993584,0.6271916009791227
1109,1544.8346082275195,1.2565895587938485,1.1009173957065916
1110,1546.0911977863134,1.2063833350935056,1.0570870661321479
1111,1547.297581121407,0.5089826804505719,0.4460565860863401
1112,1547.8065638018575,1.0647843768679195,0.9331996376505162
1113,1548.8713481787254,2.4024971476792416,2.105862468468726
1114,1551.2738453264046,0.7330275112653908,0.6427019279612223
1115,1552.00687283767,0.7292324921338604,0.639429370731871
1116,1552.7361053298039,1.4204137798537886,1.245599641136734
1117,1554.1565191096577,0.7647660553341211,0.6707555358416067
1118,1554.9212851649918,1.2417023325608625,1.0891606128758147
1119,1556.1629874975526,1.2315195201379083,1.0803852051636826
1120,1557.3945070176906,0.9446458346615145,0.8288361133645712
1121,1558.339152852352,1.4420015383582268,1.2653572022875026
1122,1559.7811543907103,1.0953213870991476,0.9613064015852213
1123,1560.8764757778094,1.5336774023849102,1.3461999406024132
1124,1562.4101531801944,0.9752477783010818,0.8561854577118289
1125,1563.3854009584954,0.7925395019362895,0.6958616797546827
1126,1564.1779404604317,0.7378478018283658,0.6479010548900895
1127,1564.91578826226,1.35062733929135,1.1860815679910552
1128,1566.2664156015514,1.3570351156665765,1.1918950143062537
1129,1567.623450717218,1.399027087156128,1.2289697394935866
1130,1569.0224778043741,1.486800062546763,1.306284645968447
1131,1570.509277866921,0.5361036186172896,0.47109500298540236
1132,1571.0453814855382,0.7999706025070736,0.7030085902338912
1133,1571.8453520880453,1.9612112422262271,1.723657669665954
1134,1573.8065633302715,0.4243520995921699,0.37303626404772344
1135,1574.2309154298637,1.4072395221528495,1.23712595631636
1136,1575.6381549520165,0.5231974114078639,0.46002531252041623
1137,1576.1613523634244,1.9574745823583726,1.7212278807442711
1138,1578.1188269457828,1.3952281219578708,1.227114293146476
1139,1579.5140550677406,0.8580265577309092,0.7547619003127696
1140,1580.3720816254715,0.9914701475302081,0.8722310691953767
1141,1581.3635517730017,0.9659351711454747,0.8498634714001978
1142,1582.3294869441472,1.0652064912744663,0.9373093662541359
1143,1583.3946934354217,0.8401546309544301,0.7393689991079457
1144,1584.2348480663761,2.0583626839616045,1.8116136035633887
1145,1586.2932107503377,0.7111313567033903,0.6260304564383407
1146,1587.004342107041,1.1590619218636675,1.0204399691470474
1147,1588.1634040289048,1.1945419206529095,1.0518154174593703
1148,1589.3579459495577,1.4779583718363938,1.3015455042192197
1149,1590.835904321394,0.45798005217829996,0.4033821385363435
1150,1591.2938843735724,1.3432826656626276,1.1832052839789262
1151,1592.637167039235,0.9476411496268611,0.83483915388427
1152,1593.5848081888619,0.8578814668287578,0.7558451872460279
1153,1594.4426896556906,2.0418027539640207,1.7991259642500366
1154,1596.4844924096546,1.2314035347685603,1.085296890316388
1155,1597.7158959444232,0.7049026052472982,0.6213520593332295
1156,1598.4207985496705,1.1985504007923282,1.0565730155618913
1157,1599.6193489504628,0.42869595294450846,0.37796480724562165
1158,1600.0480449034073,1.8639013251747656,1.6434099218731169
1159,1601.911946228582,0.9034585651445468,0.7967507582899127
1160,1602.8154047937267,0.8397982023973327,0.7406847034666456
1161,1603.655202996124,1.8664436504993773,1.6463204272109844
1162,1605.5216466466234,0.7717714799507576,0.6808937536192242
1163,1606.2934181265741,1.2634870854087694,1.1148054456025547
1164,1607.556905211983,1.279390093027132,1.1289971593338928
1165,1608.83629530501,1.1669688850279272,1.0299388749109792
1166,1610.003264190038,0.2505589725365098,0.221166281505381
1167,1610.2538231625745,1.1833181069803231,1.044534171081155
1168,1611.4371412695548,1.6417141814727074,1.449359793932026
1169,1613.0788554510275,1.6317724011339578,1.4408473096309278
1170,1614.7106278521615,0.863980866810607,0.7630300476006963
1171,1615.574608718972,0.8237861226116365,0.7276019444731486
1172,1616.3983948415837,1.3362899994015152,1.1803749634994938
1173,1617.7346848409852,0.8028329909923286,0.7092659978232883
1174,1618.5375178319775,1.4149834291513343,1.2501844692747097
1175,1619.9525012611289,0.8218095602596804,0.7262101126983239
1176,1620.7743108213886,1.3244408766342985,1.1704782507680143
1177,1622.0987516980229,0.8790160014527828,0.7769470724064867
1178,1622.9777676994756,2.0440889584872366,1.8069111976983767
1179,1625.0218566579629,0.9651635056582109,0.8533679294622418
1180,1625.987020163621,0.4128991480145032,0.36511176472173495
1181,1626.3999193116356,1.3555219646800651,1.1986937643531181
1182,1627.7554412763157,0.9598755804474877,0.8489492778525698
1183,1628.7153168567631,0.9433520981847323,0.8344238121022455
1184,1629.6586689549479,1.5361455965678488,1.358909374972585
1185,1631.1948145515157,1.6033690191929963,1.418617173233882
1186,1632.7981835707087,0.714333319028583,0.6321343312860067
1187,1633.5125168897373,1.0043057723298716,0.8888093026761692
1188,1634.5168226620672,1.201543664146584,1.0634821161542252
1189,1635.7183663262138,1.3708238471572258,1.2134717388185376
1190,1637.089190173371,0.9054534126416911,0.801640279684371
1191,1637.9946435860127,0.6050147182011187,0.5357010862076356
1192,1638.5996583042138,1.2215774256164877,1.0816989622786861
1193,1639.8212357298303,2.0785832786743867,1.8408186715928698
1194,1641.8998190085047,0.5899608138734038,0.5225954263619503
1195,1642.489779822378,1.6622861373596152,1.4725710326130994
1196,1644.1520659597377,0.5616798149301303,0.49766626818282184
1197,1644.7137457746678,0.8600145880982382,0.7620471642797633
1198,1645.573760362766,1.05110623041287,0.931458306808398
1199,1646.624866593179,1.6457316293526674,1.4585644643310645
1200,1648.2705982225316,0.8479371867085774,0.7516370787261638
1201,1649.1185354092402,1.298453573808274,1.151094667129759
1202,1650.4169889830484,1.3157043583476025,1.166552503972522
1203,1651.732693341396,0.9383725582051738,0.8321150824981655
1204,1652.6710658996012,1.5348308597699543,1.3611716194054502
1205,1654.2058967593712,0.5207556339505572,0.4619114008573347
1206,1654.7266523933217,1.0961232834499697,0.9723186910044843
1207,1655.8227756767717,1.29146072299136,1.1457293282460903
1208,1657.114236399763,0.4528647795584675,0.40181867108762154
1209,1657.5671011793215,2.4528791586774332,2.1765016769932033
1210,1660.019980337999,0.8400764953019006,0.7456188156061123
1211,1660.8600568333009,0.9768360507957823,0.8670798685821363
1212,1661.8368928840966,0.5403096651834858,0.4796516506896889
1213,1662.3772025492801,1.680062868829964,1.4915370665963654
1214,1664.05726541811,0.9107390682549976,0.8086882299538115
1215,1664.968004486365,0.9096359281211335,0.8077879123951429
1216,1665.8776404144862,1.363484637225156,1.2109396628985987
1217,1667.2411250517114,1.127104275690499,1.00115200579522
1218,1668.3682293274019,1.3014991249972354,1.1561984688128264
1219,1669.669728452399,1.3774539809039652,1.223844603328967
1220,1671.047182433303,0.9370769004231079,0.8326999912338938
1221,1671.9842593337262,0.9791114970548733,0.8701398983588037
1222,1672.963370830781,0.7240745031242568,0.6435550719760037
1223,1673.6874453339053,0.9610167631044533,0.8542147689659686
1224,1674.6484620970098,1.7140242269406372,1.5236938132487319
1225,1676.3624863239504,1.3287408175760902,1.1814097717066168
1226,1677.6912271415265,0.9391409495372045,0.8351272415743366
1227,1678.6303680910637,1.4475786257457912,1.2873822936384194
1228,1680.0779467168095,0.42682339603766195,0.37964752766635923
1229,1680.5047701128472,1.3075500614188513,1.1630822381955008
1230,1681.812320174266,1.4609690864008371,1.2997312388546864
1231,1683.2732892606668,0.8983675763975043,0.7993446228305513
1232,1684.1716568370643,0.3872064154729742,0.34455930242162996
1233,1684.5588632525373,1.8622586953008522,1.6572167025514604
1234,1686.4211219478382,1.6590207453384664,1.4766477818807862
1235,1688.0801426931766,0.8537258166079482,0.760010978981424
1236,1688.9338685097846,0.7692857463950986,0.6849019339343569
1237,1689.7031542561797,1.348405660713297,1.200595265754088
1238,1691.051559916893,0.46363297514221813,0.4128690203636978
1239,1691.5151928920352,1.5378280381619334,1.369515752313844
1240,1693.0530209301971,0.9645437224107809,0.8591157899546589
1241,1694.017564652608,1.8149898215792746,1.616769738927316
1242,1695.8325544741872,0.822442965598384,0.7327618518356743
1243,1696.6549974397856,0.6875168467784079,0.6126014484480874
1244,1697.342514286564,1.8870329010790101,1.6815336926132045
1245,1699.229547187643,0.7372700792209343,0.6571112310356026
1246,1699.966817266864,0.8534859781423165,0.7607506135738384
1247,1700.8203032450062,1.005247752041214,0.8961030439387901
1248,1701.8255509970475,1.0976987674430347,0.9786194226035834
1249,1702.9232497644905,1.3681626621892065,1.2198835580565601
1250,1704.2914124266797,1.9646200048807714,1.751948996767477
1251,1706.2560324315605,0.35963260346557036,0.32076815298917855
1252,1706.615665035026,1.2966474582983665,1.1565660273090237
1253,1707.9123124933244,0.5998036850787685,0.5350772643905669
1254,1708.5121161784032,1.2687261201772344,1.1318853910132072
1255,1709.7808422985804,1.3567609600124797,1.2105853675336007
1256,1711.137603258593,1.0177943957294247,0.9082670932924234
1257,1712.1553976543223,0.899944073190909,0.8031840963784093
1258,1713.0553417275132,1.6618035279814194,1.4832691059622674
1259,1714.7171452554946,1.1081377843258906,0.9892569678101067
1260,1715.8252830398205,0.944700677574474,0.843450498546883
1261,1716.769983717395,1.204501348763415,1.0755120333191284
1262,1717.9744850661584,0.9796674324252308,0.8748647998357583
1263,1718.9541524985837,0.7703168232474127,0.687979943011048
1264,1719.724469321831,0.7736016257554184,0.6909688053957108
1265,1720.4980709475865,2.3465907923291525,2.0961059547981833
1266,1722.8446617399156,0.688160891344296,0.6148530210294891
1267,1723.53282263126,1.2011361063982804,1.073258752824764
1268,1724.7339587376582,0.9046692823155809,0.8084551807862984
1269,1725.6386280199738,0.9670727199115845,0.8643025498074385
1270,1726.6057007398854,1.5608060210799977,1.395079384343202
1271,1728.1665067609654,0.47797971940667594,0.42729649196675423
1272,1728.644486480372,1.379386064407072,1.2331817046728315
1273,1730.0238725447791,0.9903212170779625,0.885480471416629
1274,1731.014193761857,1.4159760973998345,1.2662021963588834
1275,1732.430169859257,1.4106551621730432,1.26162765659934
1276,1733.84082502143,1.3346409996711373,1.1938168390690678
1277,1735.175466021101,0.4492493217694573,0.40190195950917174
1278,1735.6247153428706,0.6809473903674643,0.6092089208930922
1279,1736.305662733238,1.5882220536905152,1.421000469094126
1280,1737.8938847869285,0.8893528018875259,0.7958435557784802
1281,1738.783237588816,1.3858780913244573,1.2402755187179961
1282,1740.1691156801405,1.6100521285866307,1.4411016305832853
1283,1741.7791678087272,0.6885129120548754,0.6163652871328358
1284,1742.467680720782,0.9587561379396448,0.8583506764416382
1285,1743.4264368587217,1.2950750789780159,1.1595620935410613
1286,1744.7215119376997,1.3759866579330264,1.2321699306429525
1287,1746.0974985956327,0.4979580314955001,0.4459744424224771
1288,1746.5954566271282,1.1862389006241756,1.0624570862819442
1289,1747.7816955277524,0.7822918533279335,0.7007456911610186
1290,1748.5639873810803,2.258831108758841,2.0235312574540516
1291,1750.8228184898392,0.7949764564118595,0.7123280102166663
1292,1751.617794946251,0.8937161944149921,0.8008670008424379
1293,1752.511511140666,1.1498441024734802,1.0304788375185971
1294,1753.6613552431395,1.102014631113434,0.987729579927239
1295,1754.763369874253,0.40632419388975904,0.3642267387711127
1296,1755.1696940681427,1.8768243925803745,1.6824440654537933
1297,1757.046518460723,0.9375585720952131,0.8406162917082609
1298,1757.9840770328183,1.2560086138635143,1.1262456705670127
1299,1759.2400856466818,0.9750805960804882,0.8744522126695989
1300,1760.2151662427623,1.6397336959657878,1.4706576744667514
1301,1761.854899938728,0.6427889319325004,0.576605014070959
1302,1762.4976888706606,1.2214326256264485,1.0957403302791004
1303,1763.719121496287,0.8723553528050161,0.7826812588419336
1304,1764.591476849092,0.8090171426918005,0.7259175936144605
1305,1765.4004939917838,1.2757496076940242,1.1448019205868307
1306,1766.6762435994779,1.6197275368635928,1.4536588955539513
1307,1768.2959711363414,1.6449809152943544,1.4765629969284346
1308,1769.9409520516358,0.3027252605616013,0.2717761696077644
1309,1770.2436773121974,0.9692676713491437,0.8702010569468256
1310,1771.2129449835465,1.1150553800448506,1.0011852822949252
1311,1772.3280003635914,1.566915147112013,1.4070578172228616
1312,1773.8949155107034,0.7655154793201291,0.6875249414730092
1313,1774.6604309900235,0.6815565837237045,0.6121665594333789
1314,1775.3419875737472,1.91387265031085,1.7191361336745332
1315,1777.255860224058,0.7858745381911376,0.7060465773229473
1316,1778.0417347622492,1.5105360469297011,1.3572043349228728
1317,1779.552270809179,1.1129576838197863,1.000133833208366
1318,1780.6652284929987,0.6904092298209434,0.6204890806794272
1319,1781.3556377228197,1.0834295972006203,0.9737737493461721
1320,1782.4390673200203,0.6457621999261391,0.5804659423999733
1321,1783.0848295199464,1.5231168766663359,1.3691946914791024
1322,1784.6079463966128,1.7342547827297494,1.5592312285880443
1323,1786.3422011793425,0.7070719074738463,0.6358224719489263
1324,1787.0492730868164,1.1658503928165374,1.0484447075694587
1325,1788.215123479633,1.0270564840518546,0.9237344925568102
1326,1789.2421799636847,1.207382406098759,1.0860299430674707
1327,1790.4495623697835,0.8048474490119588,0.7240396700066705
1328,1791.2544098187955,1.361692916402717,1.225074493501566
1329,1792.6161027351982,0.9092879172112589,0.8181691833941889
1330,1793.5253906524094,0.653091354846083,0.5876985050445847
1331,1794.1784820072555,2.286658530175373,2.0578320673699197
1332,1796.465140537431,0.9111951337058599,0.8201963301017536
1333,1797.3763356711368,0.7707317869389954,0.6938229124740547
1334,1798.1470674580758,1.0845797516617495,0.9764269902696754
1335,1799.2316472097375,0.7930768100015939,0.7140684201700893
1336,1800.024724019739,1.2849129255489515,1.1569966542401409
1337,1801.309636945288,0.9916465461624284,0.8930382913652296
1338,1802.3012834914505,1.495560321915491,1.3469744294658765
1339,1803.796843813366,1.1073171614459625,0.9974499197635928
1340,1804.904160974812,1.385506044685826,1.248172420236644
1341,1806.2896670194978,0.2887247314661181,0.26014112478619295
1342,1806.5783917509639,2.1360401145109336,1.9246275282278444
1343,1808.7144318654748,0.4048419228124658,0.36484920755818495
1344,1809.1192737882873,0.989619199698609,0.8918939245033662
1345,1810.1088929879859,0.7648261708689006,0.6893658613381703
1346,1810.8737191588548,1.5463578432506893,1.3938929707256433
1347,1812.4200770021055,1.604063345509985,1.4461268452493177
1348,1814.0241403476155,0.9489420158804478,0.8556425419494295
1349,1814.973082363496,1.3655288561787984,1.2313844448961042
1350,1816.3386112196747,0.4194121456762332,0.3782608791532939
1351,1816.758023365351,0.9525851979915387,0.8591558429807029
1352,1817.7106085633425,1.5497255361458429,1.39785807376063
1353,1819.2603340994883,0.9275480873229753,0.8367775565908012
1354,1820.1878821868113,1.1178261783925336,1.0085255780969091
1355,1821.3057083652038,1.1219630750988472,1.0123675991740932
1356,1822.4276714403027,1.338594455470684,1.2079692156301673
1357,1823.7662658957734,1.4474109972400129,1.3063361590424363
1358,1825.2136768930134,0.7020067219150405,0.6336728542825913
1359,1825.9156836149284,0.8797716565643441,0.7941878587508371
1360,1826.7954552714928,1.4158152284803691,1.2781938943518776
1361,1828.2112704999731,0.40982125805794567,0.3700359783480718
1362,1828.621091758031,1.2114379519086924,1.0938752678328436
1363,1829.8325297099398,2.103850191875381,1.8999060809659634
1364,1831.9363799018151,1.0485603419162999,0.9471062248933304
1365,1832.9849402437314,0.2882987889988726,0.2604305134772722
1366,1833.2732390327303,1.4483207158782534,1.308355683691193
1367,1834.7215597486086,1.16219468908389,1.0500268127910426
1368,1835.8837544376925,0.943918078265142,0.8529120484044013
1369,1836.8276725159576,1.2592707896869797,1.1379636589562647
1370,1838.0869433056446,0.5533454020062436,0.5001013028074327
1371,1838.6402887076508,1.5552747657065993,1.4056973481145187
1372,1840.1955634733574,1.2830190972858873,1.159798325598816
1373,1841.4785825706433,1.3973727080240224,1.263324456240286
1374,1842.8759552786673,0.8951024644018162,0.8093444438789141
1375,1843.7710577430692,0.9879859070267685,0.8934052609158738
1376,1844.759043650096,0.658490496328568,0.5955088409426593
1377,1845.4175341464245,0.93571927409198,0.8462750819035747
1378,1846.3532534205165,1.9777272018673102,1.788838384123098
1379,1848.3309806223838,0.3917802885071069,0.35442888186846955
1380,1848.7227609108909,1.8784231367606026,1.699402077228678
1381,1850.6011840476515,0.7991779469382436,0.7231423389895818
1382,1851.4003619945897,0.9418427387965949,0.8522983975377904
1383,1852.3422047333863,1.1771381876030773,1.0653187535422124
1384,1853.5193429209894,1.3362891949973346,1.209486701069036
1385,1854.8556321159867,0.7373028210686243,0.6674236154534317
1386,1855.5929349370554,0.7962442164684944,0.7208290972216945
1387,1856.3891791535239,1.1088956613564278,1.0039439276165232
1388,1857.4980748148803,1.9971967539140678,1.8083613359104673
1389,1859.4952715687944,1.0461165405424708,0.9473848982836035
1390,1860.5413881093368,0.8382834378960524,0.7592419543350417
1391,1861.3796715472329,0.7417933817114317,0.6719030964528498
1392,1862.1214649289443,1.3039999161521791,1.1812223495189902
1393,1863.4254648450965,0.9285164906498267,0.8411958581144019
1394,1864.3539813357463,1.0134524583115763,0.9182245295843707
1395,1865.367433794058,1.4691132245502558,1.3311967075555746
1396,1866.8365470186081,1.248643980001134,1.1315809916580621
1397,1868.0851909986093,0.6215546857988556,0.5633487756066169
1398,1868.7067456844081,1.714726083902633,1.5542401839108448
1399,1870.4214717683108,0.994571330096278,0.90163186270269
1400,1871.416043098407,1.0255233297857558,0.9297782637605398
1401,1872.4415664281928,0.4241012097747898,0.38454318594724973
1402,1872.8656676379676,1.6426937746925887,1.489530785970195
1403,1874.5083614126602,0.4054125973793816,0.3676689346100041
1404,1874.9137740100396,2.181290157300282,1.978288464206682
1405,1877.0950641673398,0.9271873154136756,0.8410702401822516
1406,1878.0222514827535,1.1310516077078319,1.0260885300103015
1407,1879.1533030904613,0.9290223285329375,0.8428968557953891
1408,1880.0823254189943,0.5294410606625206,0.48040061427455355
1409,1880.6117664796568,1.7102083177278473,1.551873783795646
1410,1882.3219747973847,1.0867494721337607,0.9862932329721504
1411,1883.4087242695184,0.5970540801488369,0.5419188302353302
1412,1884.0057783496673,1.192296780590823,1.0822536992307887
1413,1885.198075130258,1.855819676632109,1.6847235836166274
1414,1887.0538948068902,0.7549466099419533,0.6854630191063414
1415,1887.8088414168321,1.1293412197474026,1.0254710833101448
1416,1888.9381826365795,1.4099459776650747,1.2804016748950582
1417,1890.3481286142446,0.26399997368866934,0.23977529393163052
1418,1890.6121285879333,1.0663819517953925,0.9685542744464275
1419,1891.6785105397287,1.1891907960623485,1.0802036124149932
1420,1892.867701335791,1.6908362366386882,1.5360432743363535
1421,1894.5585375724297,1.1386180811548456,1.034541482760587
1422,1895.6971556535846,0.8883386935842736,0.807224094262397
1423,1896.5854943471688,0.9281985125430765,0.8435135055141302
1424,1897.513692859712,1.3156799589676211,1.1957451965047972
1425,1898.8293728186795,1.1767720104644468,1.06962963541535
1426,1900.006144829144,0.5657394432707861,0.5142859567790002
1427,1900.5718842724148,1.3194214781854043,1.1994838152078073
1428,1901.8913057506002,0.9137534560798031,0.83079263303813
1429,1902.80505920668,1.284266116671688,1.167764162181959
1430,1904.0893253233517,2.013430874830192,1.8309990867900994
1431,1906.1027561981819,0.494921805584454,0.4501614634815114
1432,1906.5976780037663,0.7351021201436652,0.6686504316913506
1433,1907.33278012391,1.1002829211417975,1.000887158892403
1434,1908.4330630450518,1.032866980930521,0.9396561440136874
1435,1909.4659300259823,1.2677295899093224,1.153432800622025
1436,1910.7336596158916,0.9710313272805706,0.8835870238698
1437,1911.7046909431722,1.4777988327109597,1.34483808239536
1438,1913.1824897758831,1.169810275790951,1.0647037879908747
1439,1914.352300051674,0.702329281673201,0.6392939015579744
1440,1915.0546293333473,1.5517425061721042,1.4125612738975946
1441,1916.6063718395194,0.7383322020468768,0.6722037727201433
1442,1917.3447040415663,1.4417948682905717,1.3127494666978754
1443,1918.7864989098568,0.4212794879483681,0.38362398268447406
1444,1919.2077783978052,0.7296789734120921,0.6644830859688301
1445,1919.9374573712173,2.164168250776356,1.9709335021884247
1446,1922.1016256219937,1.179212314423694,1.0741339685675881
1447,1923.2808379364174,0.7749931650234885,0.7060100029919155
1448,1924.0558311014408,1.1761568739657378,1.0715410161886207
1449,1925.2319879754066,0.9795951044875437,0.892558140826572
1450,1926.2115830798941,0.6085097149773446,0.5544929301786935
1451,1926.8200927948715,1.5974257546479294,1.4557042085581893
1452,1928.4175185495194,1.0700416310571654,0.9752500523759943
1453,1929.4875601805766,0.7708269998106516,0.7026099463381731
1454,1930.2583871803872,1.5016822561374283,1.3688810506703897
1455,1931.7600694365246,1.1156851134221597,1.017157636458367
1456,1932.8757545499468,1.5406818192050196,1.4047639567022694
1457,1934.4164363691518,0.4915070652139093,0.448208987268874
1458,1934.9079434343657,1.016905369379856,0.9273647674545493
1459,1935.9248488037456,0.9482450105333555,0.8648293891120197
1460,1936.873093814279,1.0955396837409808,0.9992521652046488
1461,1937.96863349802,1.0813956525241792,0.986448581332714
1462,1939.050029150544,1.9272975553158176,1.7582509942448563
1463,1940.97732670586,0.8455355099204098,0.771505834976008
1464,1941.8228622157803,0.8107064764658389,0.7397824040429828
1465,1942.6335686922462,0.7343787570066524,0.6701809471136766
1466,1943.3679474492528,1.7858488571150701,1.6298412214164595
1467,1945.153796306368,0.7689206431155071,0.7018619164596317
1468,1945.9227169494834,0.6872284123940062,0.6273374159271147
1469,1946.6099453618774,1.3071023758261617,1.1932636852830805
1470,1947.9170477377036,1.1129823359028705,1.0161689297853385
1471,1949.0300300736064,1.7131714792567436,1.5643060218797586
1472,1950.7432015528632,0.7934943201917122,0.7246548562899806
1473,1951.536695873055,1.3134333388109098,1.1995716670166585
1474,1952.8501292118658,0.5984271132699632,0.5466134841438729
1475,1953.4485563251358,0.9700318500783851,0.8860908613623129
1476,1954.4185881752142,0.8972211085042545,0.8196516352302556
1477,1955.3158092837184,1.5323552944971652,1.3999870717335126
1478,1956.8481645782156,1.4662389769048332,1.3397648360635135
1479,1958.3144035551204,0.5374799080743742,0.4911822949282754
1480,1958.8518834631948,1.5669618061870096,1.4320547961669852
1481,1960.4188452693818,0.9404326106325698,0.8595860877124206
1482,1961.3592778800144,0.8742939685653255,0.7991999458781713
1483,1962.2335718485797,1.387612724622386,1.2685276394545495
1484,1963.621184573202,0.7362063648936328,0.6731078784199651
1485,1964.3573909380957,1.0204385670081138,0.9330400973883126
1486,1965.3778295051038,0.739829068970721,0.6765253783452264
1487,1966.1176585740745,2.353943445345976,2.1526685863228887
1488,1968.4716020194205,0.5760155271073018,0.5268727867034428
1489,1969.0476175465278,1.257391970505978,1.1501761782984339
1490,1970.3050095170338,0.5505380629122101,0.5036505021744011
1491,1970.855547579946,1.114765224865323,1.019873814209351
1492,1971.9703128048113,1.2123506011273548,1.109261603500347
1493,1973.1826634059387,1.164538504181337,1.0656289923202564
1494,1974.34720191012,0.7334083921468846,0.6711855759183071
1495,1975.080610302267,2.0933333957730156,1.9158574482727158
1496,1977.17394369804,0.09750250170668551,0.08925253165077789
1497,1977.2714461997466,1.5300019679848447,1.4005560626384248
1498,1978.8014481677315,1.570324119319821,1.4376600717307144
1499,1980.3717722870513,0.5382708039728641,0.49286459274935873
1500,1980.9100430910241,0.8387258062393812,0.7680107798762541
1501,1981.7487688972635,0.9145102980130559,0.8374673085463784
1502,1982.6632791952766,1.2605254269840316,1.1544249242027564
1503,1983.9238046222606,1.49273555226614,1.3672405372746887
1504,1985.4165401745267,1.340567541888504,1.2280258401925388
1505,1986.7571077164152,1.1163656443090986,1.022765795647924
1506,1987.8734733607243,0.3784034466314097,0.3467106605403577
1507,1988.2518768073558,1.450125900665853,1.3287160469327899
1508,1989.7020027080216,0.7763498184053788,0.7114410522514657
1509,1990.478352526427,1.5233538671009228,1.396084446343146
1510,1992.001706393528,0.7832814816297287,0.7179371783745493
1511,1992.7849878751576,0.7925052631023846,0.726441063800295
1512,1993.57749313826,1.5912464736284164,1.4586989350593729
1513,1995.1687396118884,1.6274373542996727,1.4920818498077901
1514,1996.796176966188,0.5947370934234186,0.5453494245383491
1515,1997.3909140596115,0.8880928663731993,0.8143866810462623
1516,1998.2790069259847,1.266757250282808,1.1617138973268806
1517,1999.5457641762675,0.8887511261646068,0.8151428270282145
1518,2000.4345153024321,0.49510538675235694,0.4541346992616236
1519,2000.9296206891845,1.9667876851772235,1.804110620530467
1520,2002.8964083743617,1.243260858908343,1.1406225891641244
1521,2004.13966923327,0.9381788908287945,0.8608195326024517
1522,2005.0778481240989,0.8230867616869091,0.7552788566226523
1523,2005.9009348857858,1.2242452845152911,1.1234689245350336
1524,2007.125180170301,1.2930601599612146,1.1867447208880249
1525,2008.4182403302623,0.7583937926872295,0.6961163713469113
1526,2009.1766341229495,0.9766906446097892,0.8965459122156668
1527,2010.1533247675593,0.8673803060908085,0.7962723908788026
1528,2011.02070507365,1.5182304037716676,1.3938699816597158
1529,2012.5389354774218,1.3331622365690237,1.2241211379786314
1530,2013.8720977139908,1.314630894715492,1.2072440529673467
1531,2015.1867286087063,0.8429094236691981,0.7741431319993209
1532,2016.0296380323755,0.7704376234703432,0.7076350090970662
1533,2016.8000756558458,0.5866915961157702,0.5389028094724646
1534,2017.3867672519616,1.8778329641024811,1.7249615758091676
1535,2019.264600216064,0.6197669236912589,0.569404459218724
1536,2019.8843671397553,1.3116756291374259,1.2051524993868532
1537,2021.1960427688928,1.3495749157955288,1.240113364956812
1538,2022.5456176846883,1.027294092412376,0.9440812827911332
1539,2023.5729117771007,0.9153503808506684,0.8412792049972108
1540,2024.4882621579513,1.3906440445302906,1.2782116678274311
1541,2025.8789062024816,0.8593527096704747,0.7899686978905589
1542,2026.738258912152,0.8350581438453446,0.7676920358667529
1543,2027.5733170559974,1.009142298042434,0.9277985721897098
1544,2028.5824593540399,0.8030201969268091,0.7383549066665306
1545,2029.3854795509667,2.3650711396519455,2.174766608443218
1546,2031.7505506906186,0.6702301656678173,0.6164245982311115
1547,2032.4207808562865,0.5971118893833136,0.5492075457448893
1548,2033.0178927456698,1.5369360432864596,1.413704520896161
1549,2034.5548287889562,0.5226113073479155,0.48077119236339505
1550,2035.0774400963041,1.4500863870662215,1.3340521512692642
1551,2036.5275264833704,0.6895846109705417,0.6344830224942533
1552,2037.217111094341,1.6246271565269126,1.4948980839963253
1553,2038.8417382508678,0.6014804892365646,0.5535276223880812
1554,2039.4432187401044,1.3959009330337722,1.2846786457254904
1555,2040.8391196731382,1.5054665774659952,1.3856782831252037
1556,2042.3445862506042,0.8725303127198458,0.8032064508208032
1557,2043.217116563324,0.9044767283435249,0.8326761610858502
1558,2044.1215932916675,0.9157275681473038,0.8430983713659375
1559,2045.0373208598148,0.7654395717470379,0.7047847449922601
1560,2045.8027604315619,1.29557591404523,1.1929892807096745
1561,2047.098336345607,1.355757720553811,1.2485423596951328
1562,2048.454094066161,1.3934315395549675,1.2833837032075044
1563,2049.847525605716,1.0585297789684773,0.9750457495396001
1564,2050.9060553846844,0.8123328115721051,0.7483325677037054
1565,2051.7183881962565,0.6894019961446247,0.6351303983810972
1566,2052.407790192401,1.6521267060848004,1.5221551416423997
1567,2054.059916898486,1.1203504276809326,1.0323567787079535
1568,2055.180267326167,0.3923355728820752,0.36155512117423266
1569,2055.572602899049,1.048263790844885,0.9660547309475137
1570,2056.620866689894,1.8297844290123066,1.6864338522771807
1571,2058.450651118906,0.9973706248651979,0.9193749062542371
1572,2059.4480217437713,1.4202254643369088,1.3092714244657644
1573,2060.868247208108,0.4988119939234821,0.45989741282386476
1574,2061.3670592020317,1.2055917179468452,1.1115844878982437
1575,2062.5726509199785,0.7109085784022682,0.6555409183987768
1576,2063.283559498381,1.021308201253305,0.9418217170418539
1577,2064.304867699634,1.5278045822774402,1.4090187746433662
1578,2065.8326722819115,1.152557096073906,1.0630822464766558
1579,2066.9852293779854,1.36040914938485,1.2549191762089686
1580,2068.3456385273703,0.3243025554425003,0.2991891774310283
1581,2068.669941082813,1.834776510633219,1.6927406616226448
1582,2070.504717593446,0.8723655763124043,0.8049560883699863
1583,2071.3770831697584,0.6133716450021893,0.5660162745269429
1584,2071.9904548147606,1.4071489010079858,1.2985762483066394
1585,2073.3976037157686,0.7734611863838836,0.7138661188554684
1586,2074.1710649021525,0.85700064267985,0.7910197443643505
1587,2075.0280655448323,2.0895045920447046,1.928769988146162
1588,2077.117570136877,1.0379145023371166,0.9582394538889772
1589,2078.155484639214,0.7838034756628076,0.723697466802726
1590,2078.939288114877,0.628340347016092,0.5801937464811764
1591,2079.567628461893,1.3427149956683024,1.2398939923251135
1592,2080.9103434575613,0.8893431060159855,0.8213312947248328
1593,2081.7996865635773,1.5005902952507313,1.3859358863823243
1594,2083.300276858828,0.4797156913391518,0.4431174498470588
1595,2083.779992550167,1.6098211421185624,1.487064422960764
1596,2085.3898136922858,1.1905048420958337,1.0998693592850994
1597,2086.5803185343816,0.893022453476533,0.8251160071697584
1598,2087.473340987858,1.2389402108742615,1.1448141568612629
1599,2088.7122811987324,1.3239255582843725,1.223467930458016
1600,2090.0362067570168,0.41134327039890195,0.3801725989910793
1601,2090.4475500274157,0.7740306337154834,0.7154005695112855
1602,2091.221580661131,1.251637448940528,1.156904115004762
1603,2092.4732181100717,1.8626993585603486,1.7218936471505235
1604,2094.335917468632,0.8023391916626679,0.741802157637581
1605,2095.1382566602947,1.2082733189577084,1.1171819377653216
1606,2096.3465299792524,1.0250763779404224,0.9478902216398946
1607,2097.371606357193,0.58031584269429,0.5366643971707423
1608,2097.951922199887,1.3597290651741787,1.2575099080122103
1609,2099.3116512650613,1.2820939717998954,1.185843327350062
1610,2100.593745236861,0.5417442222474165,0.5011264977637451
1611,2101.1354894591086,1.399610756189304,1.2947312147028174
1612,2102.535100215298,0.8553545934159956,0.7913494259978535
1613,2103.390454808714,1.9817517830861107,1.8335879403748532
1614,2105.3722065918,0.6224977474862499,0.5760505782628524
1615,2105.9947043392863,1.1776580931568787,1.0898434903154324
1616,2107.172362432443,0.44554897507123314,0.4123653016978627
1617,2107.6179114075144,1.3204734815008123,1.2221714622606203
1618,2108.938384889015,1.0247582922524998,0.9485728005677868
1619,2109.9631431812677,0.8592286668640554,0.7954158813136826
1620,2110.8223718481318,2.084715675059215,1.9300240904932626
1621,2112.907087523191,0.5768789252397255,0.534163569655672
1622,2113.4839664484307,0.9121708774591752,0.8446682541873264
1623,2114.39613732589,1.1104654687942457,1.0283648777922003
1624,2115.506602794684,1.3934532737107475,1.2905468498341865
1625,2116.900056068395,0.8223433729681346,0.7616995544889433
1626,2117.722399441363,0.896246775666441,0.8302083420155909
1627,2118.6186462170294,0.8377822519096298,0.7761080962277788
1628,2119.456428468939,1.2351341229050377,1.1442862415160724
1629,2120.691562591844,1.7735885830843472,1.6433001849379154
1630,2122.4651511749285,0.8788911285341783,0.8144444346223452
1631,2123.3440423034626,1.0263264341060676,0.9511363360531074
1632,2124.3703687375687,1.1420312915834074,1.0584523283187175
1633,2125.512400029152,0.4463848112213782,0.4137545542560826
1634,2125.9587848403735,1.0169263521843277,0.9426240995580634
1635,2126.975711192558,1.7765793617049894,1.6469078853179004
1636,2128.752290554263,0.6537896740655924,0.6061568284394052
1637,2129.4060802283284,1.1490220549076184,1.065364453328039
1638,2130.555102283236,1.5255187097068301,1.4145802451052023
1639,2132.080620992943,0.7178954749410877,0.6657706053594925
1640,2132.798516467884,1.3564175171541137,1.2580035919597097
1641,2134.154933985038,0.7958385192778223,0.7381775402641658
1642,2134.950772504316,1.136125020387226,1.053876640899632
1643,2136.086897524703,0.8805730237686475,0.8168995785140177
1644,2136.9674705484717,0.5424699774393957,0.5032800439407827
1645,2137.509940525911,1.8708194592900327,1.73574047537638
1646,2139.380759985201,1.5686026538960505,1.4555630704776295
1647,2140.949362639097,0.7606733212928702,0.7059449879615273
1648,2141.71003596039,0.6450072356451528,0.5986372229538217
1649,2142.3550431960352,1.0194009845026812,0.9461644027477766
1650,2143.374444180538,1.5208932508226098,1.411743231191682
1651,2144.8953374313605,0.6104163028203402,0.5666774381266974
1652,2145.505753734181,1.1201407413304878,1.0399287308233156
1653,2146.6258944755114,1.1594728701193162,1.0765406490208669
1654,2147.7853673456307,1.36648203725872,1.2688607591435712
1655,2149.1518493828894,0.7587904752126633,0.7046594038109519
1656,2149.910639858102,1.866245258363051,1.7332147318613218
1657,2151.776885116465,0.6133414804544373,0.5697056994025161
1658,2152.3902265969195,0.6217375684668696,0.5775326545754436
1659,2153.0119641653864,1.251659786933942,1.162725573487666
1660,2154.2636239523204,0.6717218959051934,0.6240561567481722
1661,2154.9353458482256,1.4593814074560214,1.3558953471615882
1662,2156.3947272556816,1.4617623096714851,1.3582649188473022
1663,2157.856489565353,1.0215827257302408,0.9493616184887516
1664,2158.8780722910833,1.024213726087055,0.9518837735450448
1665,2159.9022860171704,0.9507763110136693,0.8837042797147029
1666,2160.853062328184,0.839109861025463,0.7799740569707752
1667,2161.6921721892095,1.4149500965227162,1.3153197019053169
1668,2163.107122285732,0.9425980706250812,0.876325400700905
1669,2164.0497203563573,0.9617168179570399,0.8941666212531197
1670,2165.0114371743143,0.49251184906142953,0.4579530500222514
1671,2165.5039490233758,2.1894952313709837,2.03594098123366
1672,2167.6934442547467,1.1971715971071717,1.1134037960511296
1673,2168.890615851854,0.3732134315109761,0.34713195200089253
1674,2169.263829283365,1.5232456896510485,1.4168375863897078
1675,2170.787074973016,0.6092869534786587,0.5667925717655992
1676,2171.3963619264946,0.854600901021513,0.7950354041061284
1677,2172.250962827516,1.2773341418005657,1.1883842250630516
1678,2173.5282969693167,1.2167238341598932,1.132108482702245
1679,2174.7450208034766,1.459098662739052,1.3577576540671006
1680,2176.2041194662156,0.7353322327617207,0.6843385733675282
1681,2176.9394516989773,1.0647574557838198,0.9909761386130483
1682,2178.004209154761,1.2279758749859866,1.142980065561012
1683,2179.232185029747,1.2631332295318316,1.175817274583066
1684,2180.495318259279,0.7570487514026354,0.7047864528392828
1685,2181.2523670106816,0.4734160191378578,0.44076025079393194
1686,2181.7257830298195,1.604800987460294,1.4941588322684383
1687,2183.3305840172798,0.7726067434009565,0.7194301950535451
1688,2184.1031907606807,1.8623375600022882,1.7342624909633637
1689,2185.965528320683,1.120162638689635,1.0432797321036966
1690,2187.0856909593726,0.7127649184553775,0.6639020678369931
1691,2187.798455877828,0.7603073252603281,0.7082246841603356
1692,2188.5587632030883,0.938309699517049,0.8740854123855643
1693,2189.4970729026054,1.5962901431439604,1.4871381063898426
1694,2191.0933630457494,0.6846543547585497,0.637918083931121
1695,2191.778017400508,1.0487531393532663,0.9772146948987299
1696,2192.826770539861,1.4047595105885193,1.3090438091033436
1697,2194.2315300504497,1.0001576308059157,0.9321121137722054
1698,2195.2316876812556,1.4842899855029827,1.3834142770490065
1699,2196.7159776667586,0.5427693734472996,0.5059399262438933
1700,2197.258747040206,1.4287656441615582,1.3318733736178525
1701,2198.6875126843674,0.6154526366021855,0.5737791611649354
1702,2199.3029653209696,1.0480555922936219,0.9771364278451287
1703,2200.3510209132633,0.5649321122887159,0.5267474789362551
1704,2200.915953025552,2.361500705093931,2.2019797121598383
1705,2203.277453730646,0.6289108531277634,0.5865348333250545
1706,2203.9063645837737,1.091437171056441,1.0179456997638003
1707,2204.99780175483,0.8579594907137107,0.8002567485938208
1708,2205.855761245544,1.3164006694082673,1.2279466089434217
1709,2207.172161914952,0.6305794217846596,0.5882682221141403
1710,2207.8027413367367,1.3510030635266048,1.2604136350058968
1711,2209.1537444002633,1.0542705889870376,0.9836807437236444
1712,2210.2080149892504,0.6429261100456642,0.5999271068478299
1713,2210.850941099296,1.4926273007404234,1.392869236547698
1714,2212.3435684000365,1.3566878483998153,1.2661608731789007
1715,2213.7002562484363,1.2496693836560553,1.166405301263841
1716,2214.9499256320923,0.8706400585533629,0.812708479954411
1717,2215.8205656906457,0.475810196999646,0.44417999036031725
1718,2216.2963758876454,1.1729992285800108,1.09506240445391
1719,2217.4693751162254,1.0516317971701028,0.9818474705283192
1720,2218.5210069133955,1.278808784965804,1.1940459170375453
1721,2219.7998156983613,1.0523431505530425,0.9826875457353075
1722,2220.8521588489143,1.7844457391829565,1.6664661661165858
1723,2222.6366045880973,0.4184533307129641,0.39084055808740953
1724,2223.0550579188102,0.7227145884044148,0.6750459686759868
1725,2223.7777725072146,1.786872609954571,1.6691069738290287
1726,2225.564645117169,0.7680892884063724,0.7175657797846862
1727,2226.3327344055756,0.9134949710196452,0.8534571100760636
1728,2227.2462293765952,0.7243445056610653,0.6767855210798632
1729,2227.9705738822563,1.1573850278668942,1.0814533816995078
1730,2229.127958910123,1.7707319460942017,1.6547072947722425
1731,2230.8986908562174,1.078463217856097,1.0079347664894165
1732,2231.9771540740735,0.9476997948927419,0.8857957997169481
1733,2232.9248538689662,0.7953683813466341,0.7434684508977124
1734,2233.720222250313,1.0947122810139263,1.023341403677968
1735,2234.814934531327,0.7317276042731464,0.6840789413932624
1736,2235.5466621356,1.2269817094997961,1.147147001620038
1737,2236.7736438450997,1.3811556741979985,1.291410107756108
1738,2238.1547995192977,1.012944440939009,0.947224241959035
1739,2239.1677439602367,0.8534655102344004,0.7981538230603075
1740,2240.021209470471,1.514977053295297,1.4168857824732166
1741,2241.5361865237664,1.0849936356130456,1.0148595489270065
1742,2242.6211801593795,0.7524882595826057,0.703905306167807
1743,2243.373668418962,0.9970332814682479,0.9327149857125849
1744,2244.3707017004303,1.194584830840995,1.1176070272665644
1745,2245.5652865312713,0.4512716470144369,0.42223038935632096
1746,2246.016558178286,1.3478730729434574,1.2611747905693935
1747,2247.3644312512292,2.1857673223080383,2.0453824667714033
1748,2249.5501985735373,0.22056797918685334,0.20643572792660142
1749,2249.770766552724,1.275875388829263,1.1941472961774162
1750,2251.0466419415534,0.7986763971398432,0.7475880617548911
1751,2251.8453183386932,0.8331143351456376,0.7798701703514648
1752,2252.678432673839,1.883814320550755,1.7635310402392055
1753,2254.5622469943896,0.1968320069145193,0.1842902881358013
1754,2254.759079001304,1.0654865702326788,0.9976108257802617
1755,2255.824565571537,1.5218191115959598,1.4249875910482817
1756,2257.346384683133,1.15546260801284,1.0820659300889937
1757,2258.5018472911456,1.0159947662386912,0.9515400381078735
1758,2259.5178420573843,1.3724173594159765,1.2854494129413696
1759,2260.8902594168003,0.7698050326807788,0.7210980832665372
1760,2261.660064449481,1.0143661987285668,0.9502403837680301
1761,2262.6744306482096,0.20387473295158998,0.191000807629866
1762,2262.878305381161,1.7980943246088827,1.684577190995169
1763,2264.67639970577,1.0920464096993783,1.023241482432318
1764,2265.7684461154695,1.6160549520745917,1.5143586016007449
1765,2267.384501067544,0.4946742696220099,0.4636011601576094
1766,2267.879175337166,1.347822924443335,1.2632058268052708
1767,2269.2269982616094,0.6921049552288423,0.6487196533932097
1768,2269.9191032168383,1.4071792512281718,1.31903708743661
1769,2271.3262824680664,0.7227332331713114,0.67753432965146
1770,2272.0490157012377,1.2985183519267594,1.2173762609029977
1771,2273.3475340531645,0.6087550927786651,0.570770431589447
1772,2273.956289145943,1.1123756300280547,1.0430138191105092
1773,2275.0686647759712,2.0106529806521394,1.8854358877129993
1774,2277.0793177566234,0.9333106366821085,0.8753182283741443
1775,2278.0126283933055,0.5133137624789015,0.4814518565130287
1776,2278.5259421557844,0.9813636853350545,0.920484636551576
1777,2279.5073058411194,1.3634140114668298,1.2789278507810613
1778,2280.8707198525863,0.48576376196024285,0.45570885022558705
1779,2281.3564836145465,1.3338915231015562,1.2514069193899997
1780,2282.690375137648,1.3656363217032776,1.281315741372405
1781,2284.0560114593513,1.1662309055150217,1.0943335301722252
1782,2285.2222423648664,0.9275717756977429,0.8704629390933529
1783,2286.149814140564,0.8963445304466404,0.8412161891618066
1784,2287.0461586710107,1.5326907747539735,1.4385205237026195
1785,2288.5788494457647,0.7574352643696329,0.7109783475035856
1786,2289.3362847101344,0.9051735007215029,0.8497028038892027
1787,2290.241458210856,0.8562054012563749,0.8037894280682166
1788,2291.0976636121122,0.8312376403782764,0.7803996160205288
1789,2291.9289012524905,1.967243853596301,1.8470419057731369
1790,2293.896145106087,0.7917733056274301,0.743502725444288
1791,2294.6879184117142,1.4271727766163167,1.3402433587652616
1792,2296.1150911883306,0.8834312841845531,0.8297087040911518
1793,2296.998522472515,0.37412510729427595,0.3513969887621922
1794,2297.3726475798094,1.2397157858508763,1.1644351252105263
1795,2298.6123633656603,1.3492142544296257,1.2674002389943437
1796,2299.96157762009,1.27254817874109,1.1955019066732924
1797,2301.234125798831,0.22071455289733422,0.2073708481240475
1798,2301.4548403517283,1.840641630844857,1.7293903468692522
1799,2303.295481982573,1.0096566878014528,0.9487599104036942
1800,2304.3051386703746,1.203218118307177,1.1307307362503736
1801,2305.508356788682,1.0093762813216927,0.9486506830446743
1802,2306.5177330700035,0.8378203004745046,0.787474134876332
1803,2307.355553370478,0.8547312642867837,0.8034182920348547
1804,2308.210284634765,1.1600736047644205,1.0904980795177146
1805,2309.370358239529,0.5607641446545131,0.5271771052182667
1806,2309.9311223841837,2.116874065427055,1.9901654244888973
1807,2312.0479964496108,1.1429177211371098,1.0746733055334683
1808,2313.190914170748,0.49844579647606224,0.4687224554092793
1809,2313.689359967224,0.9318221463704504,0.8762876413479547
1810,2314.6211821135944,1.42827260639433,1.343242301815348
1811,2316.0494547199887,0.913039784852117,0.8587728201568138
1812,2316.962494504841,0.8890373594363155,0.836252760054424
1813,2317.851531864277,0.9745034721531738,0.9167040145858314
1814,2318.8260353364303,1.262487867596974,1.187692026506503
1815,2320.0885232040273,0.8610084246324732,0.8100727407037028
1816,2320.9495316286598,1.8631009780333443,1.7529933529226958
1817,2322.812632606693,0.7216416340729666,0.6790854088543221
1818,2323.534274240766,0.9781809914920814,0.9205446376743304
1819,2324.512455232258,1.0446412595074435,0.9831589143101362
1820,2325.5570964917656,0.3459194357474189,0.3255850888890191
1821,2325.903015927513,1.4738398921863336,1.3872373490222294
1822,2327.3768558196994,1.2580192814693874,1.1842251470077378
1823,2328.6348751011687,1.0708483052808333,1.0081255285869095
1824,2329.7057234064496,1.3073868831233995,1.2309050015051104
1825,2331.013110289573,0.9295975168297446,0.8752992440788085
1826,2331.9427078064027,1.0450576263724543,0.9840815856532494
1827,2332.987765432775,0.733097941007145,0.6903761075570659
1828,2333.7208633737823,1.8108492006685992,1.7054111516249217
1829,2335.531712574451,0.33544123119872893,0.31595132428093464
1830,2335.8671538056497,0.7538829805889691,0.7100978772961981
1831,2336.6210367862386,1.1406933725820636,1.0745011207605955
1832,2337.7617301588207,1.8539537371621009,1.7465163627184173
1833,2339.615683895983,1.2110428106616382,1.1410151802944208
1834,2340.8267267066444,0.4978694795709089,0.46912156033320024
1835,2341.3245961862153,1.329445472254065,1.2527257904248634
1836,2342.6540416584694,0.6051172965394471,0.5702518377674167
1837,2343.259158955009,1.0520572811428792,0.9914834192860313
1838,2344.3112162361517,1.2592673983222085,1.186853048372608
1839,2345.570483634474,0.8936358953137642,0.8423236144300916
1840,2346.4641195297877,1.470135111936088,1.3858095610387804
1841,2347.934254641724,0.9091689917318035,0.857110553637337
1842,2348.8434236334556,0.8866306243821782,0.8359173496532094
1843,2349.7300542578378,1.7249926700133074,1.6264305875056477
1844,2351.455046927851,0.7406545746853226,0.698421795084358
1845,2352.1957015025364,0.5551685729183191,0.523540195673382
1846,2352.7508700754547,1.16126577689829,1.095151196046128
1847,2353.912135852353,1.038945382655129,0.9798764882990317
1848,2354.951081235008,0.8597327432826205,0.8109133035643972
1849,2355.8108139782908,1.7975019419568525,1.6955362282963953
1850,2357.6083159202476,1.2963892781681352,1.2230072227932043
1851,2358.9047051984157,0.5301538780240662,0.5001909259948996
1852,2359.43485907644,0.879426013086686,0.8297545391983139
1853,2360.3142850895265,1.0282565524062193,0.9702398633048922
1854,2361.3425416419327,1.3757762809887026,1.2982470677972173
1855,2362.7183179229214,0.7772997311972176,0.7335685633632096
1856,2363.4956176541186,1.2555584349984201,1.1849859869432575
1857,2364.751176089117,0.44033897501503816,0.41562561485617594
1858,2365.191515064132,2.0577047788274285,1.9422801815658846
1859,2367.2492198429595,0.7084819801962112,0.6688385500360075
1860,2367.9577018231557,1.2628759442432056,1.1922712938295095
1861,2369.220577767399,0.8728125168331644,0.8240895300594728
1862,2370.093390284232,1.0073576454897193,0.9511830026996049
1863,2371.100747929722,0.8373898648883369,0.7907499981961112
1864,2371.93813779461,0.5022094654455032,0.4742662699388198
1865,2372.4403472600557,2.0038834577608213,1.8924538606819892
1866,2374.4442307178165,1.0997363195556318,1.0387312498353818
1867,2375.543967037372,0.811496478188019,0.7665405834621613
1868,2376.35546351556,1.3999443984525897,1.322465320694515
1869,2377.7554079140127,0.4575537656492088,0.4322736164569359
1870,2378.212961679662,1.5135412703039037,1.429963460477735
1871,2379.726502949966,0.8191542687704896,0.7740034822877438
1872,2380.5456572187363,0.9544664917011687,0.901909741251129
1873,2381.5001237104375,1.030706855929111,0.9740177640387919
1874,2382.5308305663666,0.8251833496142353,0.7798549212494322
1875,2383.356013915981,1.6090577252016374,1.5207587064027102
1876,2384.9650716411825,1.4658654683212262,1.3855817532779795
1877,2386.4309371095037,0.8681470128326509,0.8206845264067163
1878,2387.2990841223364,0.5144844337414725,0.48638682503726827
1879,2387.813568556078,0.9346390794153194,0.8836275616496784
1880,2388.748207635493,1.2077804781729355,1.1419364451929148
1881,2389.955988113666,1.3045617587372362,1.2335464960466178
1882,2391.2605498724033,0.49443246421924414,0.4675604281012214
1883,2391.7549823366226,1.8756109550772635,1.7737346128912144
1884,2393.6305932917,0.8547745643468261,0.8084529712675723
1885,2394.4853678560467,0.7848021386002983,0.7423170586936352
1886,2395.270169994647,1.3337087679692559,1.2615783160243939
1887,2396.603878762616,1.18776499915748,1.123632796431236
1888,2397.7916437617737,0.7666676207591081,0.725332614766732
1889,2398.558311382533,0.8755215232527007,0.828362188358293
1890,2399.4338329057855,0.7185236163459194,0.6798625951983688
1891,2400.1523565221314,1.3306418536403726,1.2591084884790373
1892,2401.482998375772,1.9358000695733608,1.8319050400372876
1893,2403.418798445345,0.5565167036224921,0.5267196363382232
1894,2403.9753151489676,0.9462783408025643,0.8956474898056945
1895,2404.92159348977,1.3323952285190899,1.2611885560816625
1896,2406.2539887182893,0.47886246382040554,0.4533130187919939
1897,2406.7328511821097,0.9830592401604008,0.9306397850620628
1898,2407.71591042227,1.7255919301492213,1.633690720831116
1899,2409.4415023524193,0.4401003304601545,0.4167117424606228
1900,2409.8816026828795,1.24459069789782,1.1784846416661412
1901,2411.1261933807773,1.096742456506945,1.0385794392646217
1902,2412.2229358372842,1.753187357699062,1.6603383045696865
1903,2413.9761231949833,0.403756606287061,0.38242028535898
1904,2414.3798798012704,1.1970136647237268,1.1337899231991544
1905,2415.576893465994,0.9571611617097915,0.9066814320681292
1906,2416.534054627704,0.7440327940685165,0.7048401556913505
1907,2417.2780874217724,0.9513558455851125,0.9012888791172823
1908,2418.2294432673575,1.278473895713887,1.2112717655965595
1909,2419.5079171630714,1.6350268302567201,1.5492202708499327
1910,2421.142943993328,1.0091409317815305,0.9562894971639169
1911,2422.1520849251096,0.8441451983771913,0.7999910215367434
1912,2422.996230123487,0.5079167652293108,0.4813776473010049
1913,2423.504146888716,1.6206133238406437,1.5359888499997894
1914,2425.124760212557,1.068677329111324,1.012987305461125
1915,2426.193437541668,0.7136267520854744,0.6764888675806768
1916,2426.9070642937536,0.7338326548392615,0.6956775817727461
1917,2427.640896948593,1.5446990416639892,1.4644579112375016
1918,2429.185595990257,1.0802166456874147,1.0242129345767725
1919,2430.2658126359443,1.3453224603094895,1.275669559840906
1920,2431.6111350962537,1.116434203001063,1.0587301274616359
1921,2432.727569299255,0.9783275054492151,0.9278330930524222
1922,2433.705896804704,0.21097643298026014,0.20010080819304857
1923,2433.9168732376843,1.4320211270101026,1.3582216223650878
1924,2435.3488943646944,0.842706010396796,0.7993558702663449
1925,2436.191600375091,1.6024757327350017,1.5201300644297342
1926,2437.794076107826,0.8777146862180416,0.8327038302955939
1927,2438.671790794044,1.25533642462824,1.1910323388976145
1928,2439.9271272186725,0.8990330719630037,0.8530541132436619
1929,2440.8261602906355,1.1036762593630556,1.0472960114268195
1930,2441.9298365499985,1.1037235081867038,1.0474202587671844
1931,2443.0335600581852,0.7418763380146629,0.7040850268089804
1932,2443.7754363962,1.3789446190203307,1.3087675725845827
1933,2445.15438101522,0.5905710859346982,0.5605688511257481
1934,2445.744952101155,0.6535712049553695,0.6203935539628527
1935,2446.3985233061103,2.5897889799248333,2.458432004521631
1936,2448.988312286035,0.2427197232573235,0.2304495817617575
1937,2449.2310320092924,1.2726185708156663,1.2083043174112513
1938,2450.503650580108,0.6780577299764445,0.6438468231030833
1939,2451.1817083100846,1.101657431129297,1.0461226196413413
1940,2452.283365741214,0.9741200708704127,0.9250841114887022
1941,2453.2574858120843,1.0430760297058441,0.9906348467945849
1942,2454.30056184179,1.1817265417357703,1.1223945829969542
1943,2455.482288383526,1.0322634577628378,0.9805148055952339
1944,2456.5145518412887,1.3934472489299878,1.3236852159677799
1945,2457.9079990902187,0.63880074690951,0.6068772562848161
1946,2458.546799837128,1.4667796283779353,1.3935393042676258
1947,2460.013579465506,1.188715909000166,1.129472905890151
1948,2461.2022953745063,0.5293332735350305,0.5029931590929376
1949,2461.7316286480414,0.7326662658124405,0.6962331893499827
1950,2462.464294913854,1.1053723811623968,1.05045821063314
1951,2463.569667295016,1.358149066207261,1.2907741250315248
1952,2464.9278163612234,1.255280651969315,1.193118907439746
1953,2466.1830970131928,1.457763770586098,1.3856931449344012
1954,2467.640860783779,0.5459555173365516,0.5190152781650011
1955,2468.1868163011154,1.149447591381886,1.0927684351994627
1956,2469.3362638924973,0.44522113902667115,0.42330031695176834
1957,2469.781485031524,1.7578127104725354,1.671315820097685
1958,2471.5392977419965,0.7971198474856465,0.7579861419668016
1959,2472.336417589482,0.7707071451627598,0.7329096961339924
1960,2473.107124734645,1.1307249997489635,1.0753274453494326
1961,2474.237849734394,1.301504126608961,1.2378342836791458
1962,2475.539353861003,1.482401235101861,1.4100059419174824
1963,2477.0217550961047,0.9930989287045122,0.944694068393824
1964,2478.014854024809,0.38274355831572393,0.36411258529869944
1965,2478.397597583125,1.579754397746001,1.502894843745142
1966,2479.977351980871,0.4562550042210205,0.4341031687712722
1967,2480.433606985092,0.9231602952668254,0.8783665658590544
1968,2481.356767280359,1.326644238357403,1.2623511650114563
1969,2482.683411518716,1.8198267560283057,1.7317874205678874
1970,2484.5032382747445,0.5843522626755657,0.556150693689276
1971,2485.08759053742,0.6980301749727005,0.6643684944936381
1972,2485.7856207123928,1.5482157303331405,1.47362405863681
1973,2487.333836442726,0.7799953114672462,0.7424931174468203
1974,2488.113831754193,1.1473256974441028,1.0922195021018843
1975,2489.2611574516372,0.7899330641093911,0.752050440996441
1976,2490.0510905157466,1.0544259060739023,1.0039123116649131
1977,2491.1055164218205,0.8019575124721996,0.763592769364505
1978,2491.9074739342927,1.581821514830608,1.5062299911653443
1979,2493.4892954491233,1.3768823791319846,1.3112234747600595
1980,2494.8661778282553,0.9806625912465279,0.9339842408437102
1981,2495.846840419502,0.638496283321274,0.6081445704261942
1982,2496.485336702823,1.1631285437788392,1.1078851369572145
1983,2497.648465246602,0.3215087201501774,0.3062623277788834
1984,2497.969973966752,1.8920688545031226,1.802383068491231
1985,2499.8620428212553,0.7023435910623448,0.66913650150332
1986,2500.5643864123176,1.0133582601160924,0.9654915769885002
1987,2501.5777446724337,1.6074825396531196,1.5316556405614297
1988,2503.185227212087,0.823706446496999,0.7849354295827798
1989,2504.008933658584,0.7632188526281425,0.7273348894317929
1990,2504.772152511212,1.533199426095507,1.4611879510372374
1991,2506.3053519373075,0.8465337103680213,0.8068560688260966
1992,2507.1518856476755,0.7191539320679112,0.6854853246214831
1993,2507.8710395797434,0.8950065240833283,0.8531458843864707
1994,2508.7660461038267,0.8869513375525457,0.845517818604089
1995,2509.6529974413793,2.007192345807198,1.9135402098084613
1996,2511.6601897871865,0.8780311980162878,0.8371754955871445
1997,2512.5382209852028,1.0412960362618833,0.9929013767499533
1998,2513.5795170214647,0.680342038308936,0.6487677297687451
1999,2514.2598590597736,1.0266238649392108,0.9790230216818059
2000,2515.286482924713,1.2845662181748594,1.2250889810546015
2001,2516.5710491428877,0.5758827375275359,0.5492653467016723
2002,2517.146931880415,1.4059201602754001,1.3409895073956495
2003,2518.5528520406906,1.0814005995812295,1.0315535772572555
2004,2519.634252640272,0.7680708777643304,0.7327192252571947
2005,2520.402323518036,1.4828521281147005,1.4146734917057373
2006,2521.885175646151,1.378304509721147,1.3150617905610191
2007,2523.263480155872,0.7035756633185883,0.6713536770336636
2008,2523.9670558191906,0.6749899765040936,0.6441070929641151
2009,2524.6420457956947,1.045947529105888,0.9981367006314761
2010,2525.6879933248006,1.1808167337921986,1.1269188044450866
2011,2526.8688100585928,0.5499811020363268,0.5249183381862543
2012,2527.418791160629,1.9592523026458366,1.8700365920652942
2013,2529.378043463275,0.8956288109934576,0.8549562811518747
2014,2530.2736722742684,1.2702889457964375,1.2126738267005102
2015,2531.543961220065,0.4254228614972817,0.4061614012136151
2016,2531.969384081562,1.0979330174855022,1.0482523265954609
2017,2533.0673170990476,1.3412969993464685,1.2806968090361197
2018,2534.408614098394,1.0972719755718572,1.0477893551659063
2019,2535.505886073966,0.5859988468728261,0.5596129898659653
2020,2536.0918849208388,0.7756003017225339,0.7407057578282712
2021,2536.8674852225613,1.6923417136999888,1.6162849949612565
2022,2538.5598269362613,1.4385801823300426,1.374080625133733
2023,2539.9984071185913,0.5332548181509082,0.5093941179385655
2024,2540.5316619367422,1.4670672169286263,1.4014717219312205
2025,2541.998729153671,0.6889213611980267,0.658181614036338
2026,2542.687650514869,0.6563045737375433,0.6270484960936541
2027,2543.3439550886064,0.9469985680093487,0.9048231270760931
2028,2544.290953656616,1.5870640737175563,1.5164767669201913
2029,2545.8780177303333,0.8831235530255981,0.8439328147165785
2030,2546.761141283359,1.4204741107496375,1.3575155533139323
2031,2548.1816153941086,0.7143721809379713,0.6827730212971871
2032,2548.8959875750465,1.1004969164760041,1.0518672159218905
2033,2549.9964844915226,1.4146575013623988,1.3522425921348324
2034,2551.411141992885,0.46930396671405106,0.44863962792842843
2035,2551.880445959599,1.395232035925801,1.3338381792853926
2036,2553.275677995525,0.4473912056841982,0.42774374337179016
2037,2553.723069201209,1.3278060901502613,1.2695316880417449
2038,2555.0508752913593,0.7814754559440189,0.7472429202734517
2039,2555.8323507473033,2.176755195568603,2.0815083696389443
2040,2558.009105942872,0.743105425599424,0.7106905414617326
2041,2558.7522113684713,0.4820852288626156,0.4610785512590183
2042,2559.234296597334,1.028992917054893,0.9841858005008787
2043,2560.263289514389,1.1423462331845258,1.092676274129699
2044,2561.4056357475733,1.0204775905699535,0.9761790098022964
2045,2562.4261133381433,1.0756055658498553,1.028982087262489
2046,2563.501718903993,0.8303889503404207,0.7944501590773527
2047,2564.3321078543336,1.6431626239500474,1.5721321202166247
2048,2565.9752704782836,0.5822874188015703,0.5571757086040001
2049,2566.557557897085,1.4010418282437058,1.340671134242901
2050,2567.958599725329,1.0844904480240984,1.037854103087616
2051,2569.043090173353,0.905021423551716,0.8661636024419175
2052,2569.9481115969047,1.0104140650146292,0.967087767211175
2053,2570.9585256619193,0.5822484858495045,0.557318245607842
2054,2571.540774147769,0.827434038438696,0.7920354640950961
2055,2572.3682081862075,1.8389557638151928,1.7603772923059577
2056,2574.2071639500227,1.1973480468809612,1.146321618527476
2057,2575.4045119969037,0.7364991871222628,0.7051668967002216
2058,2576.141011184026,1.3788243485764724,1.3202288844109484
2059,2577.5198355326024,0.5502943924029751,0.5269555687802924
2060,2578.0701299250054,0.9011684108904774,0.8629791032613429
2061,2578.971298335896,1.3748132293048911,1.316628487050503
2062,2580.3461115652008,1.052029016691904,1.0075943574298265
2063,2581.3981405818927,0.7405933494092096,0.709360877332152
2064,2582.138733931302,0.8645606037980542,0.8281396273193257
2065,2583.0032945351,1.7551079065788144,1.6812647349699656
2066,2584.7584024416788,1.0143369623328908,0.9717701210620933
2067,2585.7727394040116,1.1524395531705522,1.1041491747329664
2068,2586.925178957182,0.6658219670089238,0.6379694184165213
2069,2587.591000924191,0.7772094996894339,0.7447292401534686
2070,2588.3682104238806,1.2110541305532934,1.160501011678318
2071,2589.579264554434,0.7924283715178717,0.7594089726517339
2072,2590.3716929259517,1.1776855220332436,1.1286703357155279
2073,2591.549378447985,1.726498358619665,1.6547665195217514
2074,2593.2758768066046,0.7477415280818605,0.7167539288913809
2075,2594.0236183346865,0.8813932177936294,0.8449073215893687
2076,2594.90501155248,0.7825185863794104,0.7501679849311632
2077,2595.6875301388595,1.8586113495998688,1.7818624989187843
2078,2597.5461414884594,0.43321192996381797,0.4153723787948817
2079,2597.979353418423,0.619414901210348,0.5939240016242837
2080,2598.5987683196336,1.5225867422482224,1.4599852088043856
2081,2600.121355061882,0.5205972573380677,0.49924130438709335
2082,2600.64195231922,1.7703482388351404,1.6977813800675223
2083,2602.412300558055,1.216480560398395,1.1667485782944673
2084,2603.6287811184534,0.9447837052653085,0.906229466290456
2085,2604.5735648237187,0.794511091840377,0.7621349759873594
2086,2605.368075915559,0.8755886319599995,0.8399511306746411
2087,2606.243664547519,0.7599745667198476,0.7290833379403541
2088,2607.003639114239,1.3612605347966564,1.3059915718153638
2089,2608.3648996490356,1.18718709164159,1.139084372498584
2090,2609.552086740677,0.8924341982383339,0.856338976612714
2091,2610.4445209389155,1.0991494425074961,1.0547532713215562
2092,2611.543670381423,1.413136655271046,1.356152784191476
2093,2612.956807036694,0.7751224016110427,0.7439328009240036
2094,2613.731929438305,1.0052067270958105,0.9648063778010675
2095,2614.737136165401,1.110571102848553,1.0660040086940248
2096,2615.8477072682495,1.054410975704286,1.0121688428698326
2097,2616.9021182439537,0.43292869094739217,0.41561233832675715
2098,2617.335046934901,0.9578685431210943,0.9195807788833529
2099,2618.292915478022,1.9864782164022472,1.9071907184865584
2100,2620.2793936944245,1.1496615188048054,1.1039131567783143
2101,2621.4290552132293,0.6196415851918573,0.5950275117485635
2102,2622.048696798421,0.9458111778808416,0.9082762205128776
2103,2622.994507976302,1.0560958782575653,1.0142448401712443
2104,2624.0506038545595,0.8588979226101401,0.8249164858544876
2105,2624.9095017771697,1.5510004527745878,1.489717456969769
2106,2626.4605022299443,0.2499691658622396,0.2401159062249167
2107,2626.7104713958065,1.3875551280648324,1.3328816352174866
2108,2628.0980265238713,1.506112986977314,1.4468945785046017
2109,2629.6041395108487,0.3906612533714906,0.3753365812577296
2110,2629.99480076422,2.0483158728925446,1.9680139489098758
2111,2632.0431166371127,0.4005423120324849,0.38488913009495984
2112,2632.443658949145,1.2327409906361027,1.184595363285573
2113,2633.6763999397813,0.2901434943401,0.27883334118023595
2114,2633.9665434341214,1.2507881830583756,1.2020528384083211
2115,2635.2173316171798,1.2152543779020561,1.1679953863602508
2116,2636.432585995082,1.078097363380948,1.0362512635758359
2117,2637.5106833584628,1.5518896869266428,1.4917544272356091
2118,2639.0625730453894,0.9916728386378963,0.9533386520673941
2119,2640.0542458840273,0.4086969449240314,0.3929227599133108
2120,2640.4629428289513,1.3388019551571233,1.287162152350666
2121,2641.8017447841085,0.9540142789355741,0.9172933387855664
2122,2642.755759063044,1.215141895301258,1.1684397254895624
2123,2643.9709009583453,0.9169661851465207,0.881791042678765
2124,2644.887867143492,0.5077001350809951,0.48825259969240686
2125,2645.395567278573,1.2943728941513655,1.244831272221964
2126,2646.689940172724,1.8874891110399403,1.8153931444682716
2127,2648.577429283764,0.7482242680348463,0.7197294203307366
2128,2649.325653551799,0.7328909065831795,0.7050129509550184
2129,2650.058544458382,1.168786873739009,1.1243796094933398
2130,2651.227331332121,0.9334439094186564,0.8980438491387375
2131,2652.16077524154,0.6098675854200337,0.5867730479887527
2132,2652.77064282696,1.1264269186804086,1.0838124717707438
2133,2653.8970697456402,1.7187025803214055,1.6537975692300029
2134,2655.6157723259616,0.623226172055638,0.5997549012173112
2135,2656.2389984980173,1.2987622602831834,1.249898183245216
2136,2657.5377607583005,0.8037968714565977,0.7736176959322328
2137,2658.341557629757,1.3167583911026668,1.2673830547679954
2138,2659.6583160208597,0.9519297820934298,0.9163096849476805
2139,2660.610245802953,0.9723279552608801,0.935999959991074
2140,2661.582573758214,0.6009996774137107,0.5785801526963017
2141,2662.1835734356277,1.210372186711993,1.1652642929841404
2142,2663.3939456223397,0.8415434609041768,0.8102418784361523
2143,2664.235489083244,1.794612396210141,1.7279512243351374
2144,2666.030101479454,0.9527475910922476,0.9174597311768081
2145,2666.9828490705463,1.3090099666624155,1.2606013015049629
2146,2668.2918590372087,0.3717923640842855,0.3580720990697616
2147,2668.663651401293,0.5900934868868717,0.568330333966058
2148,2669.25374488818,1.7452536939854326,1.6809486564269474
2149,2670.9989985821653,0.9193840867455947,0.8856044072001507
2150,2671.918382668911,0.6853969192356999,0.6602518534967985
2151,2672.6037795881466,1.270839122958023,1.2242678937465605
2152,2673.8746187111046,1.3971404185317624,1.346046455448068
2153,2675.2717591296364,0.7947311004641051,0.7657335513919382
2154,2676.0664902301005,1.1797036630991897,1.136715292936574
2155,2677.2461938931997,1.2919626284319747,1.2449741700503398
2156,2678.5381565216317,0.48712507465279486,0.4694458234993709
2157,2679.0252815962845,1.013739951953994,0.976977583859075
2158,2680.0390215482385,0.8040955846850011,0.7749841978417308
2159,2680.8431171329235,0.9979343231593703,0.9618528659306945
2160,2681.841051456083,2.0412240953869514,1.9675422123127182
2161,2683.88227555147,0.6468813530277657,0.6236092664875001
2162,2684.5291569044975,0.8479565221346093,0.8174831155789195
2163,2685.377113426632,1.119046724528289,1.0788872714813387
2164,2686.4961601511604,0.9937796568660815,0.9581815846194163
2165,2687.4899398080265,0.8951417875277912,0.8631297024847161
2166,2688.3850815955543,1.0381943855836653,1.0011214760709903
2167,2689.423275981138,1.2099108748871004,1.1667804862219036
2168,2690.633186856025,0.6851959839718802,0.6608194578887646
2169,2691.318382839997,1.0503361185128597,1.0130119354099476
2170,2692.36871895851,1.7341016549321466,1.6725872345233752
2171,2694.102820613442,1.1061373555294267,1.0670122937749589
2172,2695.2089579689714,0.5410912711336096,0.5219877423475352
2173,2695.750049240105,0.945323341506537,0.911978376217443
2174,2696.6953725816115,1.1621856351475799,1.1212560057867753
2175,2697.857558216759,0.4334031046364544,0.41816931867401674
2176,2698.2909613213956,1.6510661786905985,1.593074682434206
2177,2699.942027500086,0.7891795109840132,0.7615374651927634
2178,2700.73120701107,1.702337836667084,1.6427904062618495
2179,2702.4335448477373,0.7101126634515822,0.6853442828499144
2180,2703.143657511189,0.8380567335834712,0.8088607703158567
2181,2703.9817142447723,0.9740233065617758,0.9401386352144682
2182,2704.955737551334,1.5725097754225317,1.5178948791638072
2183,2706.5282473267566,0.5625173196322066,0.5430325405105647
2184,2707.090764646389,1.0263045828842223,0.9907888346318935
2185,2708.117069229273,0.35945573141043496,0.3470382832154066
2186,2708.4765249606835,1.8918348629226784,1.8265211271627773
2187,2710.368359823606,1.089868040508918,1.0523625353337356
2188,2711.458227864115,1.3284594706415191,1.2828283471907487
2189,2712.7866873347566,0.7386019685914107,0.713289382082915
2190,2713.525289303348,0.8426173851707972,0.813776600022213
2191,2714.367906688519,0.9719649428902812,0.9387449276662736
2192,2715.339871631409,0.6851774181254768,0.6617983267432678
2193,2716.0250490495346,1.6407258215181173,1.5848081341473907
2194,2717.6657748710527,0.642877603299894,0.6210294385366736
2195,2718.3086524743526,1.4623465037770984,1.4127037766553816
2196,2719.7709989781297,0.7224759220230226,0.6980116506452011
2197,2720.4934749001527,1.305300716495367,1.2611561777193367
2198,2721.798775616648,1.2873071278277166,1.2438694012046232
2199,2723.086082744476,0.6828461053469255,0.659856152948834
2200,2723.7689288498227,0.7549955872468672,0.7296066458315412
2201,2724.5239244370696,1.3590647664123026,1.313422174737481
2202,2725.882989203482,0.5967118304811265,0.5767193270564607
2203,2726.479701033963,0.7947583979384945,0.7681581389362739
2204,2727.2744594319015,2.1205822366932807,2.0497055278621157
2205,2729.395041668595,1.0978501385775417,1.06129224691075
2206,2730.4928918071723,0.30481027301448194,0.2946797439098607
2207,2730.797702080187,1.206347833408472,1.1662756629138034
2208,2732.0040499135953,0.8260736438869571,0.798691395973276
2209,2732.8301235574822,1.3706594103400676,1.3252914753331697
2210,2734.2007829678223,0.7380731163866585,0.7137022779377941
2211,2734.938856084209,1.0616230228310997,1.0266143174792883
2212,2736.00047910704,0.9215693329606438,0.8912360433214878
2213,2736.9220484400007,1.344395723764137,1.3002172377794836
2214,2738.266444163765,1.2471031324366777,1.206219272021018
2215,2739.5135472962015,0.7975621250297991,0.7714733936805245
2216,2740.3111094212313,1.5677429993265832,1.5165338247606122
2217,2741.878852420558,0.3752554576899456,0.3630321719837842
2218,2742.254107878248,0.7389602816797378,0.7149060467929311
2219,2742.9930681599276,0.9604016501602928,0.929180359716539
2220,2743.953469810088,1.3683620881051866,1.3239548229086204
2221,2745.321831898193,1.3929670542052008,1.3478718166476202
2222,2746.7147989523983,0.7992990457860287,0.7734874582086905
2223,2747.5140979981843,1.4020930682522703,1.3568805140468934
2224,2748.9161910664366,0.727458722216852,0.7040598135616983
2225,2749.6436497886534,0.6704336217062519,0.6488971745358946
2226,2750.3140834103597,1.5095880481676431,1.4611538822690122
2227,2751.8236714585273,0.8918310353560628,0.8632950937036578
2228,2752.7155024938834,0.7722939235127342,0.7476226425846104
2229,2753.487796417396,0.970866665322319,0.9398952328771047
2230,2754.4586630827184,0.9582131087677226,0.9276990978481976
2231,2755.416876191486,1.8849920228144583,1.825069360539478
2232,2757.3018682143006,0.9762351140384453,0.9453074936423511
2233,2758.278103328339,0.5805676403460893,0.5622076738364711
2234,2758.858670968685,1.0399429509734546,1.0070904577432935
2235,2759.8986139196586,0.7585376204528984,0.7346204081217131
2236,2760.6571515401115,1.4257286024640052,1.380836756512484
2237,2762.0828801425755,0.361700325118818,0.35034120710473543
2238,2762.4445804676943,1.5972657843949492,1.5471372962824352
2239,2764.0418462520893,1.365844894393831,1.3231049597719016
2240,2765.407691146483,0.7493444434358025,0.7259549215171559
2241,2766.157035589919,0.7302341574491038,0.7074726188996243
2242,2766.887269747368,1.7772541407712197,1.7219314504690222
2243,2768.6645238881392,0.4801749079606452,0.46527700855197895
2244,2769.1446987961,1.1343948472431293,1.099230439404106
2245,2770.279093643343,0.7382984993419086,0.7154605646825264
2246,2771.017392142685,0.8789015190427563,0.8517515575700343
2247,2771.8962936617277,1.133419762566973,1.0984647378973043
2248,2773.0297134242946,1.6402973075378213,1.5898167441318825
2249,2774.6700107318325,1.0556966105777974,1.0233066381836213
2250,2775.7257073424103,0.8934529655161896,0.8660949051260922
2251,2776.6191603079264,0.8929648946495945,0.8656675175539472
2252,2777.512125202576,0.7775700971965307,0.7538400598405604
2253,2778.2896952997726,0.8378438342783738,0.8123116766767864
2254,2779.127539134051,1.6435792450206463,1.5935722640484902
2255,2780.7711183790716,0.8849518484998953,0.8581098766467169
2256,2781.6560702275715,0.3331694270764274,0.3230807501007449
2257,2781.989239654648,1.9544256322110414,1.8952810789542396
2258,2783.943665286859,0.7616185892629801,0.7386557220679055
2259,2784.705283876122,1.3380518625008335,1.2977677336045053
2260,2786.0433357386228,0.6592306127458869,0.6394338534679729
2261,2786.7025663513687,1.2294549071552865,1.1925805516327974
2262,2787.932021258524,0.8642567559872987,0.838396257101645
2263,2788.7962780145112,0.4012831065397222,0.38929561214221314
2264,2789.197561121051,1.2955196699840599,1.2568483931494692
2265,2790.493080791035,1.6202977659877433,1.5720516102259376
2266,2792.1133785570228,1.1880906838491683,1.1528237347731767
2267,2793.301469240872,0.936624094403669,0.9088850262824589
2268,2794.2380933352756,0.41573133005249474,0.4034412093653494
2269,2794.653824665328,1.3809369383297962,1.340145477251814
2270,2796.034761603658,1.1397777482397942,1.106199496958052
2271,2797.1745393518977,0.7983618777307129,0.7748936430604363
2272,2797.9729012296284,0.8252389474168922,0.8010181298438287
2273,2798.7981401770453,1.2693046413560296,1.2321100405510492
2274,2800.0674448184013,0.8701582978337683,0.8447227282493442
2275,2800.937603116235,1.2871984200965016,1.2496360182624067
2276,2802.2248015363316,1.6401536020130152,1.5924113680192615
2277,2803.8649551383446,0.553980537906682,0.5379066456738698
2278,2804.4189356762513,0.7863646868131582,0.7635728320011693
2279,2805.2053003630645,0.7974320535763582,0.7743550064689524
2280,2806.002732416641,1.1295859545484745,1.096947737010522
2281,2807.1323183711893,1.0211828268083991,0.9917422190036973
2282,2808.1535011979977,1.1381510471951515,1.1054041405193271
2283,2809.291652245193,1.4329818373257694,1.3918444697490244
2284,2810.7246340825186,0.7363581435342894,0.7152788851823677
2285,2811.460992226053,1.4010053619690552,1.3609580767169338
2286,2812.861997588022,0.3394904402789507,0.3298131340942232
2287,2813.201488028301,1.455269952294202,1.4138148722039505
2288,2814.656757980595,1.1818960121527198,1.1483255924067057
2289,2815.838653992748,0.4993008225774247,0.4851521087796864
2290,2816.3379548153252,1.1209525020940418,1.0892196435591062
2291,2817.4589073174193,0.4905548435476703,0.4766988765588406
2292,2817.949462160967,2.5393798609497935,2.4677241685744034
2293,2820.4888420219168,0.17199903186428855,0.16717025625301118
2294,2820.660841053781,1.2310890210901562,1.1965388406705844
2295,2821.891930074871,1.0310961421519096,1.0022303160508115
2296,2822.923026217023,0.9439658395849619,0.91759413605358
2297,2823.866992056608,0.4148920654315589,0.40332324571072675
2298,2824.2818841220396,1.5907725677111557,1.5464527781076538
2299,2825.872656689751,0.8395136851718235,0.8161996129484441
2300,2826.7121703749226,1.317803571328568,1.2812692452473475
2301,2828.029973946251,0.8215526442713781,0.7988371485594554
2302,2828.8515265905226,1.2360186994933429,1.2019005758710164
2303,2830.087545290016,1.040880147171265,1.0122208473387024
2304,2831.128425437187,1.2881254207568418,1.2527339269200246
2305,2832.416550857944,0.72148499372679,0.701714287945696
2306,2833.138035851671,0.520681381637587,0.5064343622402043
2307,2833.6587172333084,1.3215312292054477,1.285409799082083
2308,2834.980248462514,0.7955992820166102,0.773912196150592
2309,2835.7758477445304,1.2386243367627685,1.204916232249541
2310,2837.014472081293,1.798409447978429,1.74959226109871
2311,2838.8128815292716,0.6728718657409445,0.6546748618808657
2312,2839.4857533950126,0.8000015156790141,0.7783966201026232
2313,2840.2857549106916,0.6349180624124529,0.617799887936996
2314,2840.920672973104,1.411968107996472,1.3739499341051193
2315,2842.3326410811005,1.1371968034641213,1.1066669603029178
2316,2843.4698378845646,0.7291490786965369,0.7096203413314564
2317,2844.198986963261,0.8264466472191998,0.8043457220179064
2318,2845.0254336104804,1.3653426022465283,1.3288935959860702
2319,2846.390776212727,1.1451593170040724,1.1146757401979916
2320,2847.535935529731,1.2343730256761773,1.201593646369079
2321,2848.770308555407,1.0267780918024982,0.9995823213758219
2322,2849.7970866472097,0.6748015502257658,0.6569671130815944
2323,2850.4718881974354,1.2070498388188753,1.1751940110086234
2324,2851.6789380362543,0.6247885321154172,0.60834153886595
2325,2852.3037265683697,0.622488196325321,0.6061234611520134
2326,2852.926214764695,1.906179467236143,1.8561336795071899
2327,2854.832394231931,1.0213269609689632,0.9946211036810191
2328,2855.8537211929,0.9624123510129721,0.9373017927781291
2329,2856.816133543913,0.9200062639088173,0.8960514701335403
2330,2857.736139807822,1.1217205484294936,1.092571073842848
2331,2858.8578603562514,0.9808885979327897,0.9554601038721643
2332,2859.838748954184,0.7386875434281137,0.7195781847007587
2333,2860.5774364976123,1.5427717367842888,1.5029246651722958
2334,2862.1202082343966,0.3867580433661715,0.37680195428226626
2335,2862.506966277763,0.8566232744283298,0.8345901376983841
2336,2863.363589552191,1.5478372066604607,1.5080991228252594
2337,2864.9114267588516,1.581782997078335,1.54130946286809
2338,2866.49320975593,0.6561463381581234,0.6394149757187578
2339,2867.149356094088,1.0748075690025871,1.0474397324666909
2340,2868.2241636630906,0.4334655311276947,0.4224540504449676
2341,2868.6576291942183,1.1858273806451507,1.1557319015355465
2342,2869.8434565748635,1.0660498005172485,1.0390643149928738
2343,2870.9095063753807,1.1140047381672957,1.0858711922914608
2344,2872.023511113548,0.8350440698900456,0.8140070744683727
2345,2872.858555183438,1.71059888940772,1.6675834699063776
2346,2874.569154072846,0.7129650935207792,0.6951041265755588
2347,2875.2821191663666,0.6077951740198841,0.5925928786758163
2348,2875.8899143403864,1.656734813409912,1.6153519603986868
2349,2877.5466491537964,0.9803534703837613,0.9559555089480111
2350,2878.52700262418,0.5929049227988799,0.5781814990502927
2351,2879.119907546979,0.74906638992843,0.7304896103154922
2352,2879.8689739369074,1.1100208014786404,1.0825383420618913
2353,2880.978994738386,1.174651652250759,1.1456410743816192
2354,2882.153646390637,1.8600111622031363,1.8141948149984006
2355,2884.01365755284,0.33310023730291505,0.3249294155057099
2356,2884.346757790143,1.4262976125792193,1.3913372930349073
2357,2885.773055402722,0.5358192370504185,0.5227278038037059
2358,2886.3088746397725,0.9160108672881506,0.893657447713891
2359,2887.2248855070607,1.1694969491113625,1.141016768915705
2360,2888.394382456172,1.0097855914059437,0.9852598676726851
2361,2889.404168047578,1.2384583139751157,1.2084474722219494
2362,2890.642626361553,0.6374518539018936,0.6220483287819072
2363,2891.280078215455,1.1825458011844603,1.1540120070026947
2364,2892.4626240166394,1.711824720181994,1.6706312979009208
2365,2894.1744487368214,0.5721016194033837,0.5583884130642883
2366,2894.746550356225,0.894553505746444,0.8731393073640366
2367,2895.6411038619713,1.184301306276211,1.1560092416882577
2368,2896.8254051682475,0.6028953987224668,0.5885319191108882
2369,2897.42830056697,1.1130526129381906,1.0865719282127075
2370,2898.541353179908,0.6364266566401966,0.6213243049036457
2371,2899.1777798365483,2.0860705254490313,2.0366411354261476
2372,2901.2638503619974,0.8012521192526947,0.7823581948091799
2373,2902.06510248125,0.7906830472584261,0.77207309598179
2374,2902.8557855285085,1.1020935145284056,1.0762018182807702
2375,2903.957879043037,0.6403169789509775,0.6253125717259442
2376,2904.598196021988,1.5782215746407928,1.5412948338629728
2377,2906.1764175966287,0.7469217463567475,0.7295100763358329
2378,2906.9233393429854,0.6823975682254968,0.6665179463125932
2379,2907.605736911211,1.0523086085318027,1.0278603429511064
2380,2908.6580455197427,1.3701879153036316,1.3384332754276738
2381,2910.0282334350463,1.1146702295336581,1.0889208627973597
2382,2911.14290366458,1.2030010614757884,1.1752845391511346
2383,2912.345904726056,1.1768811406304849,1.1498437943271533
2384,2913.5227858666863,0.5218252054164623,0.5098704897032263
2385,2914.0446110721027,0.7580911517607092,0.7407453266687462
2386,2914.8027022238634,0.8832731035918187,0.8630995664698231
2387,2915.6859753274553,1.588198114032366,1.552001010517767
2388,2917.2741734414876,0.7082432604247515,0.6921628571123071
2389,2917.9824167019124,1.3393556246151093,1.3089977916995403
2390,2919.3217723265275,1.2937836656137733,1.2645532587375194
2391,2920.6155559921413,0.4676429451187687,0.4571104827423432
2392,2921.08319893726,1.3128856201351482,1.2833496806656635
2393,2922.396084557395,0.9948477999814713,0.9725378935575131
2394,2923.3909323573766,0.9425026365761369,0.9214176497798698
2395,2924.333434993953,0.9280741253605811,0.9073595360949298
2396,2925.2615091193134,1.0339271069124152,1.0109020971714116
2397,2926.295436226226,0.32857846023989623,0.32127967198708074
2398,2926.6240146864657,2.137059160532772,2.089626366706971
2399,2928.7610738469984,1.243292524980916,1.2158416409146477
2400,2930.0043663719794,0.7068023254100808,0.6912444506363097
2401,2930.7111686973894,0.35793241242527074,0.35006747519544085
2402,2931.0691011098147,1.7373133060182226,1.6991726595725265
2403,2932.806414415833,0.368442746175333,0.3603887707835365
2404,2933.1748571620083,1.1158606737794798,1.0914908232814131
2405,2934.2907178357877,1.261745869960123,1.2342663385562131
2406,2935.552463705748,0.997911142853809,0.9762459403404554
2407,2936.5503748486017,1.1585841329665527,1.1334933033672339
2408,2937.7089589815682,0.8722613690101753,0.8534260375487936
2409,2938.5812203505784,1.2663088120157227,1.239024378756575
2410,2939.847529162594,1.41407237209296,1.3837011234193273
2411,2941.261601534687,0.1636162216550474,0.16011461776342045
2412,2941.425217756342,1.2996681088052355,1.2718649957948926
2413,2942.7248858651474,0.6287990950308995,0.6153917373022971
2414,2943.3536849601783,0.9679638343050101,0.9473576653150895
2415,2944.3216487944833,1.622850491403824,1.5883879171039736
2416,2945.944499285887,0.9778956103014025,0.9572149473686484
2417,2946.9223948961885,1.451866968502145,1.421239388662525
2418,2948.3742618646907,0.493315344704115,0.4829473778550677
2419,2948.8675772093948,0.9225658163909429,0.9032008940693634
2420,2949.7901430257857,0.7309653266324858,0.715658544555583
2421,2950.521108352418,1.7627212865295405,1.7258785263631249
2422,2952.2838296389477,0.5433469445642913,0.5320420601890248
2423,2952.827176583512,0.7618544102469968,0.7460255700691536
2424,2953.589030993759,1.1222442971743476,1.098973812272183
2425,2954.7112752909334,1.5474551332235933,1.5154611783031167
2426,2956.258730424157,0.9775288226855992,0.9573996710959817
2427,2957.2362592468426,1.0545170073546615,1.0328580113897203
2428,2958.290776254197,0.9302379804898919,0.9111843676625953
2429,2959.221014234687,0.8126035773211697,0.7960000743877567
2430,2960.0336178120083,0.7812214542118454,0.7652933035864745
2431,2960.81483926622,1.0111313091283591,0.9905580442024584
2432,2961.8259705753485,0.99366575993281,0.9735018612851707
2433,2962.8196363352813,1.8142851595271168,1.777565751973695
2434,2964.6339214948084,0.764420089482428,0.7490234298450775
2435,2965.398341584291,0.6669281613571911,0.6535225127278025
2436,2966.065269745648,1.2049206808483177,1.1807441905576566
2437,2967.2701904264964,1.1351585689112653,1.112455219376741
2438,2968.4053489954076,0.995787660291171,0.9759323690325153
2439,2969.401136655699,0.6487934552146726,0.6358916129362701
2440,2970.0499301109135,1.0723080140210186,1.051021487876009
2441,2971.1222381249345,1.1866459841344295,1.1631578940336393
2442,2972.308884109069,0.5028022822889398,0.49288192958910076
2443,2972.811686391358,2.2063340214231175,2.1628621678951387
2444,2975.018020412781,0.6019367533726836,0.5901477440656523
2445,2975.6199571661537,0.906274970940558,0.8885546390266964
2446,2976.526232137094,1.0273427763759173,1.0073050051444816
2447,2977.55357491347,0.42840359912997883,0.420071345148814
2448,2977.9819785126,1.3370636994113738,1.3110890372672963
2449,2979.3190422120115,1.168338794547708,1.1457253595565697
2450,2980.487381006559,0.8565664752509292,0.8400409069268183
2451,2981.34394748181,1.1797724141147228,1.1570652520195697
2452,2982.523719895925,1.3016133705946231,1.2766430871759122
2453,2983.8253332665195,0.8138445379272525,0.7982881766101825
2454,2984.6391778044467,0.9084884309745576,0.8911624158181722
2455,2985.5476662354213,1.2577271478767216,1.2338016329974129
2456,2986.805393383298,1.050758119134116,1.0308401743262214
2457,2987.856151502432,0.7785481645069012,0.7638337568227537
2458,2988.634699666939,0.2203467005060702,0.21619132790047368
2459,2988.855046367445,1.5682242062534897,1.53866850494793
2460,2990.4232705736986,1.7403981013644625,1.7077428042544187
2461,2992.163668675063,0.7051977032379,0.6920312957577388
2462,2992.868866378301,1.105486714547169,1.0848881650581326
2463,2993.974353092848,0.891153953905814,0.8746014489161431
2464,2994.865507046754,0.6747598687479694,0.6622586790357322
2465,2995.540266915502,1.1962391007200495,1.1741194225333977
2466,2996.736506016222,0.9106970982206803,0.893915251773679
2467,2997.6472031144426,1.3120979835862272,1.2879827851206582
2468,2998.959301098029,0.5351918965657205,0.525392818902196
2469,2999.4944929945946,1.5288381682848922,1.500889377513045
2470,3001.0233311628795,0.6840012931415913,0.6715524934335917
2471,3001.707332456021,1.7697103966893337,1.7375659180859393
2472,3003.4770428527104,0.8139330646004055,0.7992253842460818
2473,3004.290975917311,0.3713324909381299,0.36463856752956386
2474,3004.662308408249,1.110620876258963,1.0906218215547616
2475,3005.772929284508,1.2178090801253347,1.195951506400181
2476,3006.990738364633,0.47796085183745163,0.46941309241872253
2477,3007.4686992164707,1.4134216559223205,1.3881800498569
2478,3008.882120872393,1.6328412568514068,1.6038032482351305
2479,3010.5149621292444,0.8294180512680214,0.8147395210441681
2480,3011.3443801805124,0.7303146053545788,0.7174219655735887
2481,3012.074694785867,0.7137557628111608,0.7011829917725598
2482,3012.788450548678,1.670631658003913,1.641266566248673
2483,3014.459082206682,0.452584296047462,0.44466904485873915
2484,3014.9116665027295,1.4367276672483058,1.4116350512788234
2485,3016.348394169978,0.3516666426512529,0.34555140917294347
2486,3016.700060812629,1.0833793789638548,1.0645602813475172
2487,3017.783440191593,1.6783355887728248,1.6492775748804722
2488,3019.4617757803658,1.025858116573545,1.0081876073079137
2489,3020.4876338969393,0.9327667955717516,0.9167502223102779
2490,3021.420400692511,1.027083100615073,1.0094974910639405
2491,3022.447483793126,0.8910252748146377,0.8758174313383154
2492,3023.338509067941,0.5924870059616296,0.5824023496882574
2493,3023.9309960739024,0.8629677973153775,0.8483062303221328
2494,3024.793963871218,1.7168630366277284,1.6877720107365652
2495,3026.5108269078455,0.7886958994959059,0.7754032344051272
2496,3027.2995228073414,1.1019997212893031,1.0834723393813752
2497,3028.4015225286307,1.0978658410504067,1.0794715540943312
2498,3029.499388369681,1.0951412813010393,1.076855818525
2499,3030.594529650982,0.6946878170792843,0.6831286456063788
2500,3031.2892174680615,1.4668118921631503,1.4424585647505739
2501,3032.7560293602246,0.46209461272883345,0.45445808220718115
2502,3033.2181239729534,1.1427832193735412,1.1239254057950137
2503,3034.360907192327,0.7131967552109018,0.7014705860048774
2504,3035.074103947538,1.0590092906700193,1.0416369850347307
2505,3036.133113238208,1.8472703522606935,1.817069742489519
2506,3037.9803835904686,1.0532674537416824,1.0361497812814837
2507,3039.0336510442103,0.48795052736204525,0.4800472893374642
2508,3039.5216015715723,0.9788259930874119,0.962997153390385
2509,3040.5004275646597,0.7563759848403606,0.7441832002023588
2510,3041.2568035495,1.3962463046314042,1.3737940812457552
2511,3042.6530498541315,1.017491767638603,1.00120440464866
2512,3043.67054162177,0.3845863601441124,0.3784506109531987
2513,3044.055127981914,1.9949022429618708,1.9631153849894702
2514,3046.050030224876,0.4044739944124558,0.3980712617219436
2515,3046.4545042192885,1.2543134216011822,1.23448442763572
2516,3047.7088176408897,1.2138148495150745,1.194705606376372
2517,3048.922632490405,1.0970442668071883,1.079842882282201
2518,3050.019676757212,0.7815565585087825,0.7693466923985743
2519,3050.8012333157208,0.5411500257596344,0.5327179771604246
2520,3051.3423833414804,1.1344651827807866,1.1168202871452129
2521,3052.476848524261,0.8714174126907892,0.8579153829731077
2522,3053.348265936952,1.638254929584491,1.612945689738927
2523,3054.9865208665365,1.2564024431940197,1.2370996649291333
2524,3056.2429233097305,0.5222148032344194,0.5142259140477117
2525,3056.765138112965,1.2485648967367524,1.2294981894966126
2526,3058.0137030097017,0.8877916834626376,0.8742920092734059
2527,3058.9014946931643,0.5363670649485357,0.5282358988102859
2528,3059.437861758113,1.6248383594779625,1.600251631063665
2529,3061.062700117591,0.774884327676773,0.7632244135644976
2530,3061.8375844452676,0.8892887193724164,0.8759431523535471
2531,3062.72687316464,0.7082133203784906,0.6976178868516648
2532,3063.4350864850185,1.8514691002787913,1.8238377832484949
2533,3065.2865555852973,1.0336948187991766,1.0183673623011333
2534,3066.3202504040964,0.75106983707974,0.7399734012872494
2535,3067.071320241176,0.9421811006191092,0.9282978791334547
2536,3068.0135013417953,0.9707648437311036,0.9565078898038383
2537,3068.9842661855264,0.7986385942413108,0.7869497521225874
2538,3069.7829047797677,0.7597167700405407,0.7486290470522571
2539,3070.5426215498082,1.4583718281073743,1.437144985503063
2540,3072.0009933779156,1.1842444020271614,1.1670970269647214
2541,3073.185237779943,1.338256505267509,1.3189611889246917
2542,3074.5234942852103,0.5103785922005954,0.5030551908526831
2543,3075.033872877411,0.7996063650530232,0.7881539702754038
2544,3075.833479242464,1.5939940643484078,1.5712299787485384
2545,3077.4274733068123,0.8587536111567715,0.8465604236142704
2546,3078.286226917969,0.611152229165782,0.6025017988688712
2547,3078.897379147135,0.9740154956789411,0.9602597648117159
2548,3079.871394642814,0.9849876991588644,0.9711265964238743
2549,3080.8563823419727,1.306781417099046,1.2884584215434303
2550,3082.1631637590717,1.1981942313600484,1.1814746575718431
2551,3083.3613579904318,1.477093513861746,1.456573558583411
2552,3084.8384515042935,0.5388174893405449,0.5313732455459065
2553,3085.377268993634,0.5882532656764852,0.5801423740086565
2554,3085.9655222593105,1.053293099334951,1.038802152781841
2555,3087.0188153586455,1.0646216833938524,1.05003270382788
2556,3088.0834370420393,1.1388719024785132,1.1233279389214943
2557,3089.222308944518,1.0598859584169986,1.0454822386360345
2558,3090.282194902935,0.8722747955584964,0.8604683105433089
2559,3091.1544696984934,1.5331973415336506,1.5125139508705419
2560,3092.687667040027,0.49777867749708093,0.4911027467422437
2561,3093.185445717524,1.6476227125922378,1.6255679161755434
2562,3094.8330684301163,0.298962809337354,0.29498628226449786
2563,3095.1320312394537,1.3834542734825845,1.365074111779041
2564,3096.5154855129363,0.8271210180550952,0.8161909615406769
2565,3097.3426065309914,0.6957484419731372,0.6865839928273014
2566,3098.0383549729645,0.7197348758486442,0.7102802037008318
2567,3098.758089848813,2.321283237766238,2.2908759228457343
2568,3101.0793730865794,0.5779977035654156,0.5704951909350435
2569,3101.657370790145,0.7787183325735896,0.7686335285473787
2570,3102.4360891227184,1.1538269368702458,1.1389303821033534
2571,3103.5899160595886,0.7726302820451565,0.762700915007376
2572,3104.362546341634,1.0288560282237995,1.0156745656255772
2573,3105.3914023698576,1.0049502761980875,0.99212808838298
2574,3106.3963526460557,1.0879032109673972,1.0740786476661848
2575,3107.484255857023,0.8193404091830416,0.8089742765190379
2576,3108.303596266206,1.2295035241504593,1.2139996768795864
2577,3109.5330997903566,1.0241005899692937,1.0112513005427526
2578,3110.557200380326,1.363527333764523,1.3464907498404686
2579,3111.9207277140904,0.9200101452829585,0.9085792558092942
2580,3112.8407378593733,0.9144758101133448,0.903156705495361
2581,3113.7552136694867,0.7182025340853215,0.7093464158337739
2582,3114.473416203572,0.5292562099730276,0.5227494057335959
2583,3115.002672413545,1.7177784023565437,1.6967060728752439
2584,3116.7204508159016,0.5492725709978004,0.5425827295211878
2585,3117.2697233868994,1.6852902792247733,1.66481162505807
2586,3118.955013666124,1.0025429382144466,0.990446866795786
2587,3119.9575566043386,1.028658371338679,1.0162998227406725
2588,3120.9862149756773,0.3510047872487121,0.3468061470009767
2589,3121.337219762926,1.2729091124215302,1.257705643350525
2590,3122.6101288753475,1.5400962889825678,1.5218015085762109
2591,3124.15022516433,0.3756974814386922,0.37126406043122906
2592,3124.525922645769,0.8485188263412056,0.8385221125285762
2593,3125.37444147211,1.0756749627098543,1.0630485242444738
2594,3126.45011643482,1.2428959386229508,1.2283747051121423
2595,3127.693012373443,1.7756002363053085,1.7549675339866895
2596,3129.468612609748,0.3275928956727512,0.3238158147474888
2597,3129.796205505421,1.0814582243529003,1.0690072426649082
2598,3130.8776637297738,0.9834264865280602,0.9721582311495754
2599,3131.861090216302,0.837241149935835,0.827689757485768
2600,3132.6983313662377,0.7005524567430257,0.692590235016334
2601,3133.3988838229807,1.2365620782770748,1.2225517739749237
2602,3134.6354459012578,1.380114850784139,1.3645647533065028
2603,3136.015560752042,1.1596119148894104,1.146627518020409
2604,3137.1751726669313,0.43832254509152335,0.4334403545389189
2605,3137.613495212023,1.4360132864426305,1.4200503961029916
2606,3139.0495084984655,1.0889856425869766,1.0769596570579445
2607,3140.1384941410524,0.8626806871880035,0.8532014764072293
2608,3141.0011748282404,0.7468577146432835,0.7386838280426739
2609,3141.7480325428837,1.2314241851549923,1.2179936198909544
2610,3142.9794567280387,0.5880424555393802,0.5816656284816025
2611,3143.567499183578,0.9229889619350615,0.9130074027105155
2612,3144.490488145513,1.7930402304314157,1.7737333767502466
2613,3146.2835283759446,1.0610782495859894,1.0497491844871472
2614,3147.3446066255306,1.0344352449374128,1.0234461591564328
2615,3148.379041870468,0.4821869133384098,0.47708972988849
2616,3148.8612287838064,0.9105099151843206,0.9009071342628806
2617,3149.7717386989907,1.0529140233729777,1.0418578123662359
2618,3150.8246527223637,1.3264067433728997,1.3125492560569807
2619,3152.1510594657366,0.8435005299070326,0.8347446540476461
2620,3152.9945599956436,0.6024165338903913,0.5961888601351686
2621,3153.596976529534,1.715131688135898,1.6974531147443113
2622,3155.31210821767,0.9882497319008507,0.9781489506866728
2623,3156.3003579495708,0.6054035048759943,0.5992459219382155
2624,3156.9057614544467,1.6725262534891954,1.6555659755857324
2625,3158.578287707936,0.6869169519754905,0.6800091657939579
2626,3159.2652046599114,0.538892919175396,0.5334923452356584
2627,3159.804097579087,1.2578149986684366,1.2452438131449537
2628,3161.0619125777553,0.3405226301370021,0.337140858605836
2629,3161.4024352078923,1.9095243499350545,1.8905933687712368
2630,3163.3119595578273,1.0385717631024818,1.0283751954440905
2631,3164.35053132093,1.1900665728994682,1.1784448229764708
2632,3165.5405978938293,0.5989888197700566,0.5931751627945733
2633,3166.1395867135993,0.9815080436819699,0.9720112930555554
2634,3167.1210947572813,1.076420956614129,1.0660589602229817
2635,3168.1975157138954,0.9822488939612413,0.9728465534020226
2636,3169.1797646078567,0.8343669577693618,0.826421345522056
2637,3170.014131565626,1.3298265034359247,1.3172183826045483
2638,3171.343958069062,0.4938162770058625,0.4891673547219819
2639,3171.837774346068,1.1738595712104143,1.1628376229843609
2640,3173.0116339172782,1.8037520591078646,1.786921962494649
2641,3174.815385976386,0.7133367673091016,0.7067454245612709
2642,3175.528722743695,0.9516207727674555,0.9428616747634123
2643,3176.4803435164627,0.43529249275024995,0.4313066445716017
2644,3176.915636009213,1.456068995787973,1.442767945367056
2645,3178.371705005001,0.5308905310457703,0.5260796140527444
2646,3178.9025955360466,1.1086178368473156,1.0986010381973441
2647,3180.011213372894,1.3172883403121887,1.305459223612334
2648,3181.328501713206,1.510945207065106,1.4974766647208728
2649,3182.8394469202713,0.36622642565544083,0.3629895651558981
2650,3183.2056733459267,1.2458266144058143,1.2348382972059138
2651,3184.4514999603325,0.7628446197791163,0.7561637605141257
2652,3185.2143445801116,1.3315248494254774,1.319914348215525
2653,3186.545869429537,1.1002932788351245,1.090772237686108
2654,3187.6461627083722,0.4093196210737915,0.40580019306273013
2655,3188.055482329446,0.8219783855097376,0.8149276162518013
2656,3188.8774607149558,1.291201247197023,1.2801785539685262
2657,3190.168661962153,1.537594400621856,1.524567371980882
2658,3191.7062563627746,0.9755352551123906,0.9673449995235387
2659,3192.681791617887,0.8754168545674474,0.8681097366787229
2660,3193.5572084724545,1.2294989061037995,1.2192899072272325
2661,3194.7867073785583,0.5399925506521868,0.5355418672526947
2662,3195.3266999292105,0.467195704682581,0.4633575885232941
2663,3195.793895633893,1.7532700227011446,1.7389073175587622
2664,3197.547165656594,0.8829601112233831,0.8758040184887208
2665,3198.4301257678176,0.8188513464288008,0.8122508158629841
2666,3199.2489771142464,1.414293116499266,1.402950517029962
2667,3200.6632702307456,0.761596130451835,0.7555417186515833
2668,3201.4248663611975,1.3534201395382297,1.3427121915103428
2669,3202.7782865007357,0.8526046518895782,0.8459163947239262
2670,3203.6308911526253,0.9265190352170976,0.9192902064784199
2671,3204.5574101878424,0.940170375499747,0.9328783060216526
2672,3205.497580563342,0.7313127404877378,0.725674737545927
2673,3206.22889330383,1.0411690536006972,1.0331800363857024
2674,3207.2700623574306,0.8160715344874916,0.8098518881034721
2675,3208.086133891918,2.266286647848574,2.2491060270838696
2676,3210.3524205397666,0.3179677594353052,0.31559299669333724
2677,3210.670388299202,0.9484442237330768,0.9413756567951312
2678,3211.618832522935,0.7003948199967454,0.6952078403147488
2679,3212.3192273429318,1.2872714552404432,1.277782862877039
2680,3213.606498798172,1.061063689922321,1.0533101541819023
2681,3214.6675624880945,0.6577364156410113,0.6529646808484586
2682,3215.3252989037355,1.1662257886355292,1.1578030468537202
2683,3216.491524692371,0.9392800859191084,0.9325506082788579
2684,3217.43080477829,1.2291789657356276,1.2204296254045737
2685,3218.659983744026,0.9791875615596837,0.9722771953967649
2686,3219.6391713055855,1.5591703773839072,1.5482424117455285
2687,3221.1983416829694,0.4111346181280169,0.4082847240438967
2688,3221.6094763010974,1.2043645218050187,1.1960405971798764
2689,3222.8138408229024,0.5587255523532804,0.5548971766676414
2690,3223.3725663752557,0.8411401443831892,0.8353998766183387
2691,3224.213706519639,1.1530094452950834,1.145188740029243
2692,3225.366715964934,1.6773864095812314,1.6661043790500776
2693,3227.044102374515,0.48104714098008117,0.4778514441482151
2694,3227.5251495154953,1.4911621144583478,1.4812913873706708
2695,3229.0163116299536,0.9647553305458132,0.9584400697567271
2696,3229.9810669604994,0.35556977167016157,0.3532591275806977
2697,3230.3366367321696,1.4047111860868426,1.3956073832451752
2698,3231.7413479182565,0.9973652065518763,0.9909703863411619
2699,3232.7387131248083,1.1746474782257792,1.1671736618810151
2700,3233.913360603034,0.39323064188602075,0.39075140776549566
2701,3234.30659124492,0.8480259374464367,0.8426957278845093
2702,3235.1546171823666,1.9329623493422332,1.9208934973754923
2703,3237.087579531709,0.910656795003888,0.9050574913453425
2704,3237.9982363267127,1.092198235977321,1.0855315933720588
2705,3239.09043456269,0.6768795125494762,0.6727842554178486
2706,3239.7673140752395,0.8384332027171695,0.8333883957689479
2707,3240.6057472779567,0.9895656600820075,0.9836522507031974
2708,3241.5953129380387,0.9729946443267181,0.9672275399722003
2709,3242.5683075823654,0.933345128914425,0.9278576148704668
2710,3243.50165271128,1.3825043798547085,1.37443940195622
2711,3244.8841570911345,1.1560007251050592,1.149335482960565
2712,3246.0401578162396,0.8015183457200692,0.7969424074260048
2713,3246.8416761619596,0.7288273718768323,0.7246950712394536
2714,3247.5705035338365,1.7375822135982162,1.7277925511928118
2715,3249.3080857474347,0.5983605710098345,0.5950403041652605
2716,3249.9064463184445,0.7068779489604822,0.7029762412670403
2717,3250.613324267405,0.8973134766124531,0.8923916936990198
2718,3251.5106377440175,1.213353163253032,1.2067511960332944
2719,3252.7239909072705,0.6450263368378728,0.6415549903982882
2720,3253.3690172441084,1.7730593484402561,1.7635732063254748
2721,3255.1420765925486,1.2045362254089014,1.1981962208171568
2722,3256.3466128179575,0.5953303867795512,0.5922319556116717
2723,3256.941943204737,0.8893968080883496,0.884793767726789
2724,3257.8313400128254,0.8753742626295207,0.8708818354043393
2725,3258.706714275455,0.8330164105846052,0.8287769830728711
2726,3259.5397306860395,1.6523937344645674,1.6440515102762117
2727,3261.192124420504,0.3431881816791247,0.3414832545197164
2728,3261.5353126021832,1.1836560923452453,1.1777956217335122
2729,3262.7189686945285,1.0659717945977718,1.0607555566159412
2730,3263.7849404891263,1.4138311115243596,1.406986159280068
2731,3265.1987716006506,0.9550148192852248,0.9504570183038556
2732,3266.153786419936,0.6501680597116319,0.6470953985410832
2733,3266.8039544796475,1.3845633759196971,1.3780638608720621
2734,3268.188517855567,0.7208907331496448,0.7175552939350819
2735,3268.909408588717,0.6073767715311078,0.604587862446626
2736,3269.516785360248,0.7940180975792828,0.7903956604810868
2737,3270.310803457827,1.7085941529539923,1.7008653059433765
2738,3272.019397610781,1.3436353544889243,1.33766909926729
2739,3273.36303296527,0.6969200464545793,0.6938709932973334
2740,3274.0599530117247,0.8036146262479633,0.8001260076971113
2741,3274.8635676379727,1.2605873469492508,1.2551641754051939
2742,3276.124154984922,0.570399696293407,0.5679807181415021
2743,3276.6945546812153,1.3649236078231297,1.3591729938534263
2744,3278.0594782890385,0.926715442985369,0.9228724867423981
2745,3278.986193732024,0.5033159076110678,0.5012513713534174
2746,3279.489509639635,1.4869090740862703,1.4808462890594172
2747,3280.976418713721,0.7302721069004292,0.7273471496847798
2748,3281.7066908206216,1.5324334794927381,1.5263499065485313
2749,3283.2391243001143,1.2607388323244777,1.2558275292452137
2750,3284.499863132439,0.7029656192521543,0.7002701167315952
2751,3285.202828751691,0.4794309587700809,0.4776089230041654
2752,3285.682259710461,1.036280631833506,1.032366404624129
2753,3286.7185403422945,1.0545516503721046,1.0506213363578336
2754,3287.7730919926667,1.1638808526604407,1.159602493043261
2755,3288.936972845327,0.7873336908492092,0.784483848666791
2756,3289.7243065361763,1.6614193922573577,1.6554689915825151
2757,3291.3857259284337,0.8369161208511287,0.8339859451845134
2758,3292.222642049285,0.6340740482696674,0.6318797118998949
2759,3292.8567160975545,1.1191531480308186,1.115314403177328
2760,3293.9758692455853,1.290793987142024,1.2864363169835098
2761,3295.2666632327273,0.7550915319447995,0.752589456146079
2762,3296.021754764672,0.8513873980232347,0.8485972817388938
2763,3296.8731421626953,0.9637001479040919,0.960581580428533
2764,3297.8368423105994,0.5210363109640639,0.5193744553788574
2765,3298.3578786215635,2.0926975706870508,2.0860754881416135
2766,3300.4505761922505,0.9632001121171925,0.9602494161741434
2767,3301.4137763043677,0.6033213612367945,0.6015011473399119
2768,3302.0170976656045,1.3001641760929488,1.2962794069077708
2769,3303.3172618416975,0.49645736406228025,0.4950051011814786
2770,3303.8137192057598,1.26245803507436,1.2587952222993637
2771,3305.076177240834,0.3959114576960019,0.394786859567641
2772,3305.47208869853,1.7496229039461468,1.7446864032363079
2773,3307.2217116024763,0.8236906208426262,0.8214359775251125
2774,3308.045402223319,0.7874752896505015,0.7853509873006199
2775,3308.8328775129694,1.4028292608736592,1.3990981147142336
2776,3310.235706773843,0.9195993444300257,0.9172154969102111
2777,3311.155306118273,1.1941533322374198,1.1911105583003045
2778,3312.3494594505105,0.8504172222151283,0.8482991122824716
2779,3313.1998766727256,0.64278560043158,0.6412108945773136
2780,3313.842662273157,1.1723515548228534,1.1695157057927839
2781,3315.01501382798,0.6047287129445067,0.6032999531383347
2782,3315.6197425409246,1.132710876791407,1.130067565343739
2783,3316.752453417716,1.6350167524547032,1.6312901361043046
2784,3318.3874701701707,1.0251788229884369,1.022922593575164
2785,3319.412648993159,1.0640506888903474,1.0617612200567315
2786,3320.4766996820495,0.4112417791520784,0.4103779064303521
2787,3320.8879414612015,0.775631237408561,0.7740171998401262
2788,3321.66357269861,1.8273504811818384,1.8236158042358683
2789,3323.490923179792,0.3842017342944928,0.3834501457691892
2790,3323.8751249140864,1.0505592318963863,1.04852341983627
2791,3324.925684145983,0.7659428923989253,0.7644971436025642
2792,3325.6916270383817,1.6468147130904072,1.6437666535352244
2793,3327.338441751472,0.649827456697949,0.6486759032270724
2794,3327.98826920817,1.4773147402393079,1.4747427186036786
2795,3329.4655839484094,0.8248164117208034,0.8234386572825492
2796,3330.29040036013,1.0090038013581761,1.007358162429101
2797,3331.2994041614884,0.5928840822880375,0.5919457003171852
2798,3331.8922882437764,0.8086103322248164,0.807353413648017
2799,3332.7008985760012,1.080484385370255,1.0788465894740968
2800,3333.7813829613715,1.2646134631045243,1.2627618071156472
2801,3335.045996424476,1.5299720047792107,1.5278241600064557
2802,3336.575968429255,0.4682434674459728,0.4676203059671413
2803,3337.044211896701,1.10619545962345,1.104747985618786
2804,3338.1504073563246,1.1062663382926985,1.1048771265011976
2805,3339.2566736946173,0.8604790028416573,0.8594438201359919
2806,3340.117152697459,0.8551109403883856,0.8541172808914754
2807,3340.9722636378474,1.2392912214095304,1.2379016244004744
2808,3342.211554859257,0.8401674190822632,0.8392749444255823
2809,3343.051722278339,0.5531862312536759,0.5526207340497514
2810,3343.604908509593,1.247347358600564,1.246105099263287
2811,3344.8522558681934,1.9961749483686617,1.9943054137390401
2812,3346.848430816562,0.5494001743932131,0.5489377966064523
2813,3347.3978309909553,0.53817061979953,0.5377317519493863
2814,3347.936001610755,1.365026316091189,1.3639480884308843
2815,3349.301027926846,0.555224187919066,0.5548216407002884
2816,3349.856252114765,0.9474519098030214,0.9467899857820155
2817,3350.803704024568,1.3501000720375487,1.3492176088171488
2818,3352.1538040966057,0.6915604460336908,0.6911527611321738
2819,3352.8453645426393,1.4328667377503734,1.432069084220688
2820,3354.2782312803897,1.20544902560232,1.204859944357495
2821,3355.483680305992,0.3968978773300478,0.39672661759470645
2822,3355.880578183322,1.317575935014247,1.3170322090398128
2823,3357.1981541183363,1.2045455050842975,1.2041236771375161
2824,3358.4026996234206,0.9565834438158163,0.9563030663055455
2825,3359.3592830672364,0.4931213140566797,0.49299912997038126
2826,3359.852404381293,0.7317489170245608,0.7315847006790722
2827,3360.5841532983177,1.3034353228035798,1.3031879863706253
2828,3361.8875886211213,1.346289727729527,1.3461173494360543
2829,3363.233878348851,1.1218852050114947,1.1218130479923936
2830,3364.3557635538623,1.2451939146990298,1.245179922886122
2831,3365.6009574685613,0.5199263421918658,0.5199511207693834
2832,3366.120883810753,0.9346587288655428,0.9347262510523454
2833,3367.0555425396187,0.7139013286005138,0.7139844470325262
2834,3367.7694438682192,1.4142846865856882,1.414497069398362
2835,3369.183728554805,0.8779231917301331,0.8781136943783224
2836,3370.061651746535,0.9358843961831553,0.9361262836431626
2837,3370.997536142718,0.9249094578221957,0.9251893823634669
2838,3371.9224456005404,1.237695324685319,1.2381239540733104
2839,3373.1601409252257,1.2673310648206098,1.2678439804380657
2840,3374.4274719900463,0.9524837662625032,0.9529262007056908
2841,3375.379955756309,0.918430287886622,0.918898157948151
2842,3376.2983860441955,0.5225848042473444,0.5228736490278696
2843,3376.820970848443,1.437986114202431,1.4388163432886625
2844,3378.2589569626452,0.5216515322235864,0.5219880577505153
2845,3378.780608494869,0.6795841732173358,0.680039283586487
2846,3379.460192668086,2.174454779012194,2.1759805886330654
2847,3381.6346474470984,0.6620674745036013,0.6625998231689606
2848,3382.296714921602,1.0517746542327586,1.0526531247504254
2849,3383.3484895758347,0.5227228392668621,0.5231852978065694
2850,3383.8712124151016,1.306098412809206,1.3072860456464492
2851,3385.177310827911,0.9889849225087346,0.9899449465027541
2852,3386.1662957504195,0.9832687089269712,0.9842688968290175
2853,3387.1495644593465,0.6592133260583068,0.6599143437266893
2854,3387.808777785405,1.283102371194218,1.2845065824105544
2855,3389.091880156599,0.5569988842808016,0.5576420256155012
2856,3389.64887904088,1.8323546910046389,1.834518353127473
2857,3391.4812337318845,0.6663388988899897,0.6671830312509183
2858,3392.1475726307744,1.5042132623598263,1.506165863786852
2859,3393.6517858931343,0.48588045825954396,0.48654545765201
2860,3394.137666351394,0.8534399593154376,0.854627464067071
2861,3394.9911063107093,0.623744627691849,0.6246374850677899
2862,3395.614850938401,1.2752153726064535,1.277078060637507
2863,3396.8900663110076,1.3816108781916228,1.3837115403055482
2864,3398.271677189199,0.5695200307068262,0.5704228132098478
2865,3398.841197219906,1.4812793286478154,1.4836669057093677
2866,3400.322476548554,1.0649741486085986,1.0667645640658963
2867,3401.3874506971624,0.6129907177769383,0.6140518177575041
2868,3402.0004414149394,1.0084234052451393,1.0101979291846284
2869,3403.0088648201845,1.3538967526847046,1.3563430695914593
2870,3404.362761572869,0.7701571222514758,0.7715974537340978
2871,3405.1329186951207,0.677024109701506,0.6783146393456115
2872,3405.809942804822,0.8695400071374024,0.8712250195998762
2873,3406.6794828119596,1.048831477562544,1.0509065374649273
2874,3407.728314289522,1.8504225629485518,1.8541741866080803
2875,3409.5787368524707,0.8458283594354725,0.8476163056650409
2876,3410.424565211906,0.7990682853715043,0.8007889333469105
2877,3411.2236334972777,0.6321967786989262,0.6335816713158735
2878,3411.8558302759766,1.3632057293702928,1.3662321782227773
2879,3413.219036005347,0.49178347130327893,0.49290654468918615
2880,3413.71081947665,1.2955958211546204,1.2985842479679819
2881,3415.006415297805,0.8002082750849695,0.8021023651882992
2882,3415.8066235728897,1.3951019546821044,1.3984561779417708
2883,3417.201725527572,0.993117181281832,0.9955694607479958
2884,3418.1948427088537,0.5494039662967225,0.550786004277689
2885,3418.7442466751504,1.796336312177118,1.800900984530516
2886,3420.5405829873275,0.7669543309079927,0.7689673599320765
2887,3421.3075373182355,0.5748830894349339,0.5764125009092732
2888,3421.8824204076705,1.2461737846579126,1.249522412572302
2889,3423.1285941923284,0.482800478945137,0.4841258037773437
2890,3423.6113946712735,1.117595192110457,1.1206881630133776
2891,3424.728989863384,1.1019278725552795,1.1050347241610257
2892,3425.8309177359392,1.6008932697604905,1.6054889060015691
2893,3427.4318110056997,0.9132036430555672,0.9158930513653755
2894,3428.3450146487553,0.7321468103737061,0.7343340443202685
2895,3429.077161459129,1.081648070196934,1.0849161728911643
2896,3430.158809529326,0.45280915084777007,0.4542000018615731
2897,3430.6116186801737,1.4147478516947558,1.4191231203276047
2898,3432.0263665318685,1.279964628437483,1.2840070562620844
2899,3433.306331160306,0.4633790033731202,0.4648699620798863
2900,3433.769710163679,0.6632200175899925,0.6653682259362005
2901,3434.432930181269,1.750677388440181,1.7564017456452274
2902,3436.1836075697092,1.035554037196107,1.03902407832948
2903,3437.2191616069053,0.9934545474197876,0.9968311602469521
2904,3438.212616154325,0.8998139998457191,0.9029137273271783
2905,3439.112430154171,1.1168694343864445,1.1207634002779778
2906,3440.2292995885573,0.614726181986498,0.6169011929713317
2907,3440.844025770544,0.623951899527583,0.6261772957364685
2908,3441.4679776700714,1.2154147753676625,1.219784766438335
2909,3442.683392445439,1.3531782562986336,1.358119618754564
2910,3444.0365707017377,1.2408617669916566,1.2454705962472512
2911,3445.2774324687293,0.7379536895687124,0.7407369177486566
2912,3446.015386158298,1.1435392623252483,1.1478911550937827
2913,3447.1589254206233,0.5415921843823526,0.5436818856560397
2914,3447.7005176050056,1.7964851104607078,1.8034616595830795
2915,3449.4970027154664,0.18799834901392387,0.18874401678764444
2916,3449.6850010644803,1.038486528044814,1.0426145395348865
2917,3450.723487592525,1.2171818350075227,1.2220784735536434
2918,3451.9406694275326,0.629147344132889,0.6317136740290048
2919,3452.5698167716655,1.1080771467577506,1.1126291996898008
2920,3453.6778939184233,1.8109055163649828,1.8184373194413666
2921,3455.4887994347882,0.7698151245012923,0.7730811160002825
2922,3456.2586145592895,0.9255583352951362,0.9295178911463429
2923,3457.1841728945847,0.38942596325568957,0.3911085300774881
2924,3457.5735988578404,1.0918117669439198,1.096548657804187
2925,3458.6654106247843,1.380653394165165,1.3867128182856996
2926,3460.0460640189494,0.4381664501038358,0.4401173112629143
2927,3460.4842304690533,1.431740729440662,1.438144164647824
2928,3461.915971198494,0.9807612033423538,0.9852122091163983
2929,3462.8967324018363,1.1870997584783254,1.1925407112394644
2930,3464.0838321603146,0.8938630921124968,0.8980087840813735
2931,3464.977695252427,0.8494604747002086,0.8534351106451107
2932,3465.8271557271273,1.377248259136195,1.383746151197984
2933,3467.2044039862635,0.7050670919534241,0.7084381993313583
2934,3467.909471078217,0.8660802885960948,0.8702492690907069
2935,3468.775551366813,0.7763617658201838,0.7801297301703602
2936,3469.551913132633,0.6621958288155838,0.6654332901407349
2937,3470.214108961449,2.034909259867163,2.044919694840756
2938,3472.249018221316,0.9197451738195923,0.9243555363135518
2939,3473.1687633951356,0.6461186248834565,0.6493846279674473
2940,3473.814882020019,1.404224712731775,1.4113643657612285
2941,3475.219106732751,0.498686086680209,0.5012536874915695
2942,3475.717792819431,0.8021389513764916,0.806287267776009
2943,3476.5199317708075,1.1802585138648283,1.1864056477427845
2944,3477.7001902846723,1.349639894541724,1.3567421281460454
2945,3479.049830179214,0.41613513348420383,0.41835066647462094
2946,3479.4659653126982,1.2169506379132145,1.223452934952052
2947,3480.6829159506115,1.093480743710188,1.099384185660714
2948,3481.7763966943216,1.2814601070617755,1.2884424672698265
2949,3483.0578568013834,1.101531244850321,1.1075977291572605
2950,3484.1593880462337,0.7251973066581741,0.7292276956714061
2951,3484.884585352892,0.8069123753220993,0.8114236352291511
2952,3485.691497728214,0.8428419412434778,0.8475851316233985
2953,3486.5343396694575,1.005138173308751,1.0108333812861017
2954,3487.5394778427662,0.9162987794879882,0.9215326515475405
2955,3488.4557766222542,1.209346694019132,1.2163050101586497
2956,3489.6651233162734,1.88543805196241,1.8963904596851269
2957,3491.550561368236,0.26053859709963945,0.26207444942609515
2958,3491.8110999653354,0.6033356150828695,0.6068993909659722
2959,3492.4144355804183,1.306177502304763,1.313928732996074
2960,3493.720613082723,1.0957953988140616,1.1023633765608996
2961,3494.816408481537,1.1725234860450655,1.179609877974912
2962,3495.988931967582,0.361429396186395,0.363633066675192
2963,3496.3503613637686,1.0225991785118822,1.0288508910886953
2964,3497.3729605422805,1.2031759967335347,1.2105876734446843
2965,3498.576136539014,1.110417282115577,1.1173183446070267
2966,3499.6865538211296,1.459365769332635,1.4685091970775412
2967,3501.145919590462,0.7511756424291889,0.7559318590315289
2968,3501.8970952328914,0.8787727156814071,0.8843668424513164
2969,3502.775867948573,0.8603478429381539,0.8658590367262409
2970,3503.636215791511,0.952711983430163,0.9588520793484616
2971,3504.588927774941,0.40369942010875093,0.4063186753430897
2972,3504.99262719505,1.868151791953096,1.8803068553330982
2973,3506.860778987003,0.6844948103293973,0.6890065011903735
2974,3507.5452737973324,1.2272270696257692,1.2353541760667495
2975,3508.772500866958,0.8639071713141675,0.8696763510176393
2976,3509.6364080382723,1.208675606299039,1.2167945100984874
2977,3510.8450836445713,0.8860074682552295,0.8920075034359444
2978,3511.7310911128266,0.7424957300668211,0.7475537234007492
2979,3512.4735868428934,1.4039870309034086,1.413598443149602
2980,3513.877573873797,0.4891783701436907,0.4925583002997354
2981,3514.3667522439405,1.0500566057007745,1.057335133166041
2982,3515.4168088496413,0.4850056492537078,0.48839055411721577
2983,3515.901814498895,2.1246307405053813,2.139505408527196
2984,3518.0264452394003,0.8419639691555858,0.8479395620071497
2985,3518.868409208556,1.001777531674179,1.0089255079667934
2986,3519.87018674023,0.6214792253158521,0.625941816582162
2987,3520.491665965546,0.8733749371367594,0.8796708302027728
2988,3521.3650409026827,1.0171719911586479,1.0245446299549863
2989,3522.3822128938414,1.2536228296671652,1.2627669296652202
2990,3523.6358357235085,0.5793850140726136,0.5836439418724466
2991,3524.215220737581,1.1713458994554458,1.179986848515597
2992,3525.3865666370366,1.2836900742904618,1.2932276735701211
2993,3526.670256711327,0.9449503396722321,0.9520259126846358
2994,3527.6152070509993,0.7366175318074966,0.7421645647524675
2995,3528.351824582807,1.6039197631439492,1.6160512374684484
2996,3529.9557443459507,0.8793024517613048,0.8860167823657472
2997,3530.835046797712,0.36597716581400164,0.3687862652961425
2998,3531.201023963526,0.8374848839730475,0.8439269097381157
2999,3532.038508847499,1.2897345483206664,1.2997040051715043
3000,3533.3282433958198,0.7343448843503211,0.7400639307676844
3001,3534.06258828017,1.7099886632463495,1.72336253824178
3002,3535.7725769434164,0.8606737620889362,0.8674713818267273
3003,3536.6332507055054,1.0747623506726995,1.083292479292539
3004,3537.708013056178,0.7925558511747113,0.7988845022619303
3005,3538.5005689073528,0.5893676192454222,0.5940948004725148
3006,3539.089936526598,1.3668222805563346,1.3778214751866318
3007,3540.4567588071545,0.9007635682160071,0.9080676166312893
3008,3541.3575223753705,0.9833615422162438,0.9913751687203259
3009,3542.340883917587,0.9814226177495584,0.9894638105345771
3010,3543.3223065353363,0.4944897515720186,0.498563107604761
3011,3543.8167962869084,1.8824158844072372,1.8979640800012294
3012,3545.6992121713156,1.1649224239449723,1.1746427937492183
3013,3546.8641345952606,0.45064680122504797,0.45443065785928843
3014,3547.3147813964856,1.0364715670921214,1.0451952599772498
3015,3548.3512529635777,1.1071038127797692,1.1164734733828217
3016,3549.4583567763575,0.6067024491621851,0.6118672265003673
3017,3550.0650592255197,0.7882391465100227,0.7949707631083416
3018,3550.8532983720297,1.2269113783513603,1.23743263778852
3019,3552.080209750381,1.7604708466396914,1.775664388840272
3020,3553.8406805970208,0.3243541924662168,0.3271790728897303
3021,3554.165034789487,1.3691102824104746,1.3810540871247188
3022,3555.5341450718975,0.5310894637145793,0.5357551206794788
3023,3556.065234535612,1.3618678173088483,1.373864291654816
3024,3557.427102352921,0.9222426854853438,0.9304227742631506
3025,3558.349345038406,0.9163196614858862,0.9244850168096596
3026,3559.265664699892,0.7535841236658598,0.7603302183537385
3027,3560.019248823558,0.7569345107940535,0.7637361019261064
3028,3560.776183334352,1.386251748475388,1.3987551047287483
3029,3562.1624350828274,1.052686402848849,1.06224636504526
3030,3563.2151214856763,1.5456492283310581,1.5597587142787055
3031,3564.7607707140073,0.6356521729926499,0.6414986096671623
3032,3565.396422887,0.8884878892636152,0.8966850055636988
3033,3566.2849107762636,0.6317731191943494,0.6376268597496003
3034,3566.916683895458,0.8165678536115593,0.8241568441720042
3035,3567.7332517490695,1.609880337362938,1.624900837885709
3036,3569.3431320864324,0.6655392785178265,0.6717966766305925
3037,3570.0086713649503,0.814245189664689,0.8219248815628105
3038,3570.822916554615,1.691049073326667,1.7070598680805755
3039,3572.5139656279416,0.5658386733280167,0.571238652622248
3040,3573.0798043012696,1.020212007673308,1.0299739324024832
3041,3574.100016308943,1.3931394385103886,1.4065330284376731
3042,3575.4931557474533,0.46222389634112915,0.4666963686309728
3043,3575.9553796437945,1.249904341837464,1.2620241145959015
3044,3577.205283985632,0.7759001249205539,0.7834668425911658
3045,3577.9811841105525,0.429198508376885,0.43339894419248004
3046,3578.4103826189294,1.3397199956684744,1.3528570052661197
3047,3579.750102614598,1.835235627201655,1.853340891621601
3048,3581.5853382417995,0.8095783780299826,0.817631202030021
3049,3582.3949166198295,0.5281255656782378,0.533397793973934
3050,3582.9230421855077,1.0225325894084563,1.0327644268701583
3051,3583.945574774916,1.2607039379649905,1.2733762602812226
3052,3585.206278712881,0.4781699486875368,0.4830031748593271
3053,3585.6844486615687,1.1562963445271635,1.1680084513146225
3054,3586.840745006096,1.1280686618697473,1.1395527381462982
3055,3587.9688136679656,0.8906308524965425,0.8997423139972648
3056,3588.859444520462,0.885562024583578,0.8946566113896892
3057,3589.7450065450457,1.2384647480112108,1.2512322228626116
3058,3590.983471293057,1.422417786952792,1.4371597442047765
3059,3592.4058890800097,0.6226697597762723,0.6291623645473227
3060,3593.028558839786,1.198715945704862,1.2112480744068423
3061,3594.227274785491,0.24199791261389691,0.24454075803898387
3062,3594.4692726981048,1.3097910557780779,1.3235680037198094
3063,3595.779063753883,0.6427087861825385,0.6495063415754727
3064,3596.4217725400654,1.38086875450972,1.3955126751974274
3065,3597.802641294575,1.145918911618537,1.1581412339608195
3066,3598.9485602061936,1.2177635905886746,1.2308139258724706
3067,3600.1663237967823,0.9376898886648632,0.947789263208027
3068,3601.104013685447,0.6872690665145456,0.6946997731489086
3069,3601.7912827519617,0.6276115107266378,0.6344162655655391
3070,3602.4188942626884,1.8291593707976972,1.8490423960416869
3071,3604.248053633486,0.5069303843274611,0.5124816908457376
3072,3604.7549840178135,0.7394909539812033,0.7476055430859787
3073,3605.4944749717947,0.8648426523050148,0.8743609856776349
3074,3606.3593176240997,1.215492021274713,1.228915948248498
3075,3607.5748096453744,1.7085233888988114,1.7274840005280148
3076,3609.2833330342733,0.41693313464429593,0.4215915355840469
3077,3609.7002661689176,1.4013653826473274,1.4170486244133766
3078,3611.101631551565,0.8093631251917941,0.8184710311680611
3079,3611.9109946767567,0.4131980105830735,0.4178625384871036
3080,3612.3241926873397,1.2248285537007177,1.2386777515617755
3081,3613.5490212410405,0.7787934011457764,0.7876412773027015
3082,3614.3278146421862,1.2784534824472757,1.2930218472395776
3083,3615.6062681246335,1.234421008870413,1.2485570909598864
3084,3616.840689133504,0.9621532635369476,0.9732237196989076
3085,3617.802842397041,0.6497161189290637,0.6572192033708936
3086,3618.45255851597,1.4331649910409396,1.449756498882035
3087,3619.885723507011,0.8198469428666613,0.8293898419767416
3088,3620.7055704498775,1.1805619162664698,1.1943460349874058
3089,3621.886132366144,0.29314213607358397,0.2965800430953776
3090,3622.1792745022176,1.3791939708221435,1.395386622087117
3091,3623.5584684730397,0.8790350838012273,0.8894087980018148
3092,3624.437503556841,0.4442230409003969,0.4494825778050195
3093,3624.8817265977414,2.178588921325172,2.2044255949352336
3094,3627.0603155190665,0.888799271669086,0.8994248549093893
3095,3627.9491147907356,0.6612602654004149,0.6691914091608423
3096,3628.610375056136,0.7968425553713132,0.8064229841108904
3097,3629.4072176115073,0.9562074339328319,0.967737320922522
3098,3630.36342504544,0.9452592433417522,0.9566967483283102
3099,3631.308684288782,1.1694940472316375,1.1836932197264083
3100,3632.4781783360136,0.9619794394352539,0.9737084162581923
3101,3633.440157775449,0.6160353175559976,0.623572316960409
3102,3634.056193093005,1.6174403349436943,1.6372728529314973
3103,3635.6736334279485,0.7660049290966526,0.7754516769720289
3104,3636.439638357045,1.101019360904047,1.1146345869160759
3105,3637.540657717949,1.0130499614815562,1.0256261656954537
3106,3638.5537076794308,1.1260988383364747,1.1401283605861903
3107,3639.6798065177672,0.6831699765025405,0.6917149073998469
3108,3640.36297649427,0.6475616520797303,0.6556805454520245
3109,3641.0105381463495,0.6965850948249681,0.7053383456888059
3110,3641.7071232411745,1.772450407006545,1.7947768876595858
3111,3643.479573648181,0.9237846935998277,0.935492588882448
3112,3644.403358341781,1.2287583017255201,1.244380960015705
3113,3645.6321166435064,0.8187777263251519,0.8292317455943546
3114,3646.4508943698315,0.8333673105721573,0.8440373924854067
3115,3647.2842616804037,0.874193005115103,0.8854175958308529
3116,3648.158454685519,1.0077094460089029,1.0206868168366452
3117,3649.1661641315277,1.1358794396319354,1.1505573240380884
3118,3650.3020435711596,0.9510625922571307,0.9633993737848128
3119,3651.2531061634168,0.5304172113492314,0.5373195508166447
3120,3651.783523374766,1.3048028216235252,1.3218124360727523
3121,3653.0883261963895,1.1231113063149678,1.1378162181589038
3122,3654.2114375027045,1.6942889387587456,1.7165551774885317
3123,3655.9057264414632,0.4288033247767089,0.43447026637689296
3124,3656.33452976624,0.5582998670656707,0.5656886191637202
3125,3656.8928296333056,1.2365425605153177,1.252937481690966
3126,3658.129372193821,0.7923173571934967,0.8028650715768618
3127,3658.9216895510144,0.9858111965527314,0.9989687738400874
3128,3659.907500747567,0.8281650673898184,0.8392540563724447
3129,3660.735665814957,1.6332834824529527,1.65521168349224
3130,3662.36894929741,1.079339557566982,1.093907222387028
3131,3663.448288854977,0.5537182496141213,0.561217660024899
3132,3664.002007104591,0.8761306248807159,0.888017775803688
3133,3664.8781377294717,1.358888243493766,1.3773770543049082
3134,3666.2370259729655,1.070313260068815,1.0849389171344603
3135,3667.3073392330343,0.4282997124882968,0.434172255912124
3136,3667.7356389455226,1.2945522119189263,1.3123262593990175
3137,3669.0301911574415,0.3935551515123734,0.39898072079540503
3138,3669.423746308954,1.3082509602236314,1.3263089004286575
3139,3670.7319972691776,1.6173540256986598,1.6397703088591102
3140,3672.349351294876,0.8098248492424318,0.8211056760798907
3141,3673.1591761441186,0.9284328120252212,0.941398424312723
3142,3674.087608956144,1.1750011735121006,1.191457387971323
3143,3675.262610129656,0.3998741159734891,0.4054948128221629
3144,3675.6624842456295,0.7064538916242782,0.7163961571121683
3145,3676.3689381372537,1.524357525540836,1.5458571667769787
3146,3677.8932956627946,0.9544873941699734,0.9680125236640155
3147,3678.8477830569645,0.97052859254336,0.9843211079713942
3148,3679.818311649508,0.765672258907216,0.7765856347374749
3149,3680.583983908415,1.8347475272521478,1.8609595337333937
3150,3682.4187314356673,0.15299911340071048,0.15519706129848712
3151,3682.571730549068,1.3992936544423173,1.419404818201674
3152,3683.9710242035103,0.8888688847578123,0.9016977801099417
3153,3684.859893088268,1.1145490541589425,1.1306779480457274
3154,3685.974442142427,0.2968950385084099,0.3012057645223079
3155,3686.2713371809355,1.267076578830256,1.2854899627358265
3156,3687.5384137597657,0.63861421223055,0.6479295984885864
3157,3688.1770279719963,2.0072301390341636,2.03656467590624
3158,3690.1842581110304,0.8549041419446439,0.8674721135117536
3159,3691.039162252975,0.7177774684564611,0.7283559990493488
3160,3691.7569397214315,0.8907142059142643,0.9038690253436202
3161,3692.647653927346,0.7233308076929461,0.7340413399553747
3162,3693.3709847350387,1.4201419828559665,1.441214634731077
3163,3694.7911267178947,0.8816634152858569,0.8947998449493924
3164,3695.6727901331806,0.4491925004085715,0.45590234511976124
3165,3696.121982633589,1.463981011402666,1.4858776495581634
3166,3697.585963644992,0.9613991215223905,0.9758392791837607
3167,3698.547362766514,0.8829298641358037,0.896227950373191
3168,3699.43029263065,1.408024128980287,1.429284316297079
3169,3700.8383167596303,1.212440228284322,1.2308206643415256
3170,3702.0507569879146,0.4093989452981077,0.41562672304772863
3171,3702.4601559332127,0.8873201423907631,0.9008336749465091
3172,3703.3474760756035,0.8624183073961831,0.8755854858366815
3173,3704.2098943829997,0.9193338049026352,0.9334040239004281
3174,3705.1292281879023,1.1654931680604932,1.183376837946691
3175,3706.294721355963,1.284334005476012,1.3041054930454665
3176,3707.579055361439,1.0793975073434012,1.0960736508671807
3177,3708.658452868782,0.9238188545709818,0.9381341859996685
3178,3709.582271723353,0.7892200534201947,0.8014809507999856
3179,3710.3714917767734,1.0333263996431015,1.0494145868670794
3180,3711.4048181764165,0.7653212901959705,0.7772707381495675
3181,3712.1701394666125,1.4134415842563612,1.435556929470078
3182,3713.583581050869,0.8410957889473138,0.8543069138364559
3183,3714.424676839816,0.31465674998071336,0.3196104172550573
3184,3714.739333589797,1.1071254451517234,1.1245699387468253
3185,3715.8464590349486,1.9046368821022952,1.9347377470223193
3186,3717.751095917051,0.7472595574363368,0.7591301855954583
3187,3718.498355474487,0.9851399248209418,1.000820924408636
3188,3719.483495399308,0.698553533388349,0.7097022344538507
3189,3720.1820489326965,1.1139910676420186,1.1318033198170274
3190,3721.2960400003385,0.7627967678572531,0.775029917852531
3191,3722.0588367681958,0.5684837843427886,0.5776192358294515
3192,3722.6273205525385,1.7608069486036584,1.7891456584033043
3193,3724.388127501142,0.4941924891591043,0.5021832966887092
3194,3724.8823199903013,1.635398274617728,1.6618762562500495
3195,3726.517718264919,0.587577708408844,0.5971319578220944
3196,3727.105295973328,0.8331699822124392,0.8467385671015139
3197,3727.9384659555403,1.534325746410559,1.5593675816211083
3198,3729.472791701951,0.7145289744034926,0.7262376455551665
3199,3730.1873206763544,0.8878385720181541,0.902414260899033
3200,3731.0751592483725,0.5777780542703113,0.5872853489092137
3201,3731.652937302643,1.194538310769076,1.2142237876284394
3202,3732.847475613412,0.8242211937135835,0.8378459888957269
3203,3733.6716968071255,1.3359478298871181,1.3580786688053512
3204,3735.0076446370126,1.4552109799715254,1.4794003456067129
3205,3736.462855616984,0.9638471679659233,0.979928553280054
3206,3737.42670278495,0.42107654697883845,0.4281193175021603
3207,3737.847779331929,0.7402761357652707,0.7526709937700531
3208,3738.588055467694,1.2436351924366136,1.2644972691295477
3209,3739.831690660131,1.04346302703334,1.0610224346368293
3210,3740.875153687164,1.049925661515772,1.0676404392753063
3211,3741.92507934868,0.5599341981655925,0.569406646492973
3212,3742.4850135468455,1.3746026647841063,1.397889654513287
3213,3743.8596162116296,0.9870557534241016,1.0038350441697195
3214,3744.8466719650537,1.2893005477490078,1.311271891565332
3215,3746.1359725128027,0.7049805903111519,0.7170329913073518
3216,3746.840953103114,1.1561739414646581,1.1759746033014624
3217,3747.9971270445785,0.7557336783784194,0.7687134999969013
3218,3748.752860722957,0.9198471880613397,0.935675196264969
3219,3749.6727079110183,0.6304505201869688,0.6413234354047985
3220,3750.3031584312052,0.8614860791526553,0.8763665452742466
3221,3751.164644510358,2.0218046195300303,2.0568011987786536
3222,3753.186449129888,0.7605399364979348,0.7737697823909221
3223,3753.946989066386,0.5603328165889252,0.5700980622611759
3224,3754.507321882975,1.41549695943786,1.4401992720706347
3225,3755.9228188424127,0.6021538696045354,0.6126983834224874
3226,3756.524972712017,0.9564671377929699,0.9732405505738082
3227,3757.48143984981,1.2149864465200153,1.236342700384075
3228,3758.69642629633,0.662790379247781,0.6744745878219794
3229,3759.359216675578,1.223512457038396,1.2451158654234449
3230,3760.5827291326164,0.5026058191465381,0.5115062978808865
3231,3761.085334951763,1.3897441445765253,1.41438421946732
3232,3762.4750790963394,1.5247636013382362,1.5518872154184737
3233,3763.9998426976776,0.6444374723077999,0.6559427558397368
3234,3764.6442801699854,1.1017458941109908,1.1214456241509478
3235,3765.7460260640964,0.709941467724093,0.722668614596783
3236,3766.4559675318205,0.41645395245723194,0.4239322322867662
3237,3766.8724214842778,1.4662186716768701,1.492573417968286
3238,3768.3386401559546,0.9547541570518661,0.9719746501415464
3239,3769.2933943130065,0.8121035860945085,0.8267838947203275
3240,3770.105497899101,1.6234948626201913,1.6528982677009973
3241,3771.728992761721,0.7833384557188765,0.7975793134134909
3242,3772.51233121744,0.9549965235482887,0.9723896368711528
3243,3773.4673277409884,0.47425256399674254,0.4829091125278342
3244,3773.941580304985,1.8111315351302437,1.8442264072732433
3245,3775.7527118401154,0.5060955021290283,0.5153820494543027
3246,3776.2588073422444,0.8844369914113486,0.9006847432579438
3247,3777.1432443336557,0.6901262684600624,0.7028301126666172
3248,3777.833370602116,1.0060031831426386,1.0245509408119535
3249,3778.8393737852584,1.3871126653871215,1.412745747882765
3250,3780.2264864506456,1.4421596725151176,1.4688942313734286
3251,3781.6686461231607,0.7219295386908016,0.7353563953643648
3252,3782.3905756618515,0.7360738018687698,0.7497860836415509
3253,3783.1266494637202,1.1389008815094712,1.1601526797380224
3254,3784.2655503452297,0.5995547545949194,0.6107711200317033
3255,3784.8651050998246,0.9259135011006947,0.9432586743712548
3256,3785.7910186009253,1.14467930513365,1.166167189269685
3257,3786.935697906059,1.3279669641929104,1.3529594138408405
3258,3788.263664870252,0.5363854616875869,0.5465102120037754
3259,3788.8000503319395,1.241726340634159,1.2651930045825246
3260,3790.0417766725736,0.979137732115305,0.9976929509188673
3261,3791.020914404689,1.5393332668995754,1.5685677951562285
3262,3792.5602476715885,0.3122318303508109,0.31818181175913424
3263,3792.8724795019393,0.918510774546121,0.9360262200627598
3264,3793.7909902764854,1.2306631399728758,1.2541785691829161
3265,3795.0216534164583,0.7869347314153856,0.8020120491217384
3266,3795.8085881478737,0.33058978542112527,0.3369346470430899
3267,3796.139177933295,1.7148779096487488,1.747814562444568
3268,3797.8540558429436,1.4444412343682416,1.472287596427124
3269,3799.298497077312,0.8339293260946761,0.8500565298320713
3270,3800.1324264034065,0.7452091754735193,0.7596466669010065
3271,3800.87763557888,0.7129815967718969,0.7268169696281865
3272,3801.590617175652,1.0496225568690534,1.0700217643781889
3273,3802.640239732521,1.1889607331936531,1.2121201897738014
3274,3803.8292004657146,0.961639927939359,0.9804193078869655
3275,3804.790840393654,0.6438063611640246,0.6564048308114537
3276,3805.434646754818,0.8632500005137445,0.8801659481945995
3277,3806.2978967553317,1.7951531409999006,1.8303951439179669
3278,3808.0930498963316,0.3664579402293384,0.37367965246844465
3279,3808.459507836561,1.4147404763452869,1.442642146419404
3280,3809.8742483129063,1.3104640214905885,1.3363866022376985
3281,3811.184712334397,0.24350943038416517,0.248339673003058
3282,3811.428221764781,1.1165326342047592,1.1386914812542996
3283,3812.544754398986,0.4335545027997796,0.4421790907954426
3284,3812.9783089017856,1.3487085599917918,1.3755624803768864
3285,3814.3270174617774,1.2048023962934167,1.2288588370704774
3286,3815.531819858071,1.0707782697518269,1.092212454617591
3287,3816.6025981278226,1.1661097864857766,1.189504336038275
3288,3817.7687079143084,0.7368260512771485,0.7516441148736349
3289,3818.5055339655855,0.908964582261433,0.9272723843474885
3290,3819.414498547847,1.0238148214066314,1.0444746491105366
3291,3820.4383133692536,0.999746297519323,1.0199630859782123
3292,3821.438059666773,0.9338537187791189,0.9527769211445055
3293,3822.371913385552,0.7761970220090006,0.7919557231786318
3294,3823.148110407561,1.2704427169469454,1.2962768719754627
3295,3824.418553124508,0.12248403484272785,0.12498119581160319
3296,3824.5410371593507,2.406590078411682,2.4556670483215632
3297,3826.9476272377624,0.6287084479063196,0.6415924810913706
3298,3827.5763356856687,0.7631848339724456,0.7788446258196495
3299,3828.339520519641,0.8052899672475178,0.8218392670420598
3300,3829.1448104868887,1.0170134361528653,1.0379478527970052
3301,3830.1618239230415,0.8728551968060856,0.8908591219669257
3302,3831.0346791198476,0.8978080097072052,0.916359183029331
3303,3831.932487129555,1.009061719913916,1.0299493314514025
3304,3832.9415488494687,1.411545711724557,1.440823905841862
3305,3834.3530945611933,0.8673041628467217,0.8853445569602848
3306,3835.22039872404,0.8024832571463776,0.8192042274073714
3307,3836.0228819811864,1.2159652429650123,1.2413422344015592
3308,3837.2388472241514,0.8452114433084716,0.8628934989537684
3309,3838.08405866746,1.3422097985780965,1.3703362441752884
3310,3839.426268466038,0.5477343002712587,0.5592427321498091
3311,3839.9740027663092,0.5306759818859064,0.5418380500581416
3312,3840.504678748195,1.177666063990273,1.2024626145787123
3313,3841.6823448121854,0.9961878242470448,1.0172118388489046
3314,3842.6785326364325,1.725020576602219,1.761497402362952
3315,3844.4035532130347,0.4934577511335192,0.5039275252065851
3316,3844.897010964168,1.5904645118894223,1.624242147471604
3317,3846.4874754760576,0.25982570660153215,0.2653608810062244
3318,3846.747301182659,0.9344484882376491,0.9543654762211965
3319,3847.681749670897,0.7335513349657958,0.7492147251072789
3320,3848.4153010058626,1.7549008089672498,1.7924261343351586
3321,3850.17020181483,0.43371862354979385,0.4430243686414647
3322,3850.6039204383796,0.8061820221892049,0.8234936904182695
3323,3851.410102460569,1.2930000146798193,1.3208085208486342
3324,3852.7031024752487,1.1571913703892278,1.1821408650991185
3325,3853.860293845638,1.042292487353734,1.0648145353439356
3326,3854.9025863329916,1.0526681408373406,1.0754596928997258
3327,3855.955254473829,0.748612922056509,0.7648538378575184
3328,3856.7038673958855,0.9067156190358219,0.9264145357890979
3329,3857.6105830149213,0.8380032210707213,0.8562406738893862
3330,3858.448586235992,0.8371519410143264,0.8553998078383677
3331,3859.2857381770064,0.8072703281663962,0.8248947218343881
3332,3860.0930085051727,1.7597108202362506,1.7981875519221906
3333,3861.852719325409,1.1310643415481536,1.1558775291034318
3334,3862.983783666957,0.674502352224863,0.6893309603327769
3335,3863.658286019182,0.49190497764084284,0.5027329393495295
3336,3864.150190996823,1.414886208588996,1.446059781309031
3337,3865.565077205412,1.2573269078748126,1.2851023032396882
3338,3866.8224041132867,0.14992401171048186,0.1532437175088946
3339,3866.972328124997,1.4405309488838611,1.4724369228420056
3340,3868.412859073881,0.7318078471303124,0.7480598631792225
3341,3869.1446669210113,0.9693676184465403,0.9909245539107406
3342,3870.114034539458,1.1777156499815646,1.203952813480367
3343,3871.2917501894394,1.3747963833548056,1.4054906885018181
3344,3872.6665465727942,1.143661807879198,1.1692603297953816
3345,3873.8102083806734,0.41940646308739815,0.4288137254643634
3346,3874.229614843761,0.8755827409049743,0.8952370970203252
3347,3875.105197584666,1.0685431051410887,1.0925673060854886
3348,3876.173740689807,0.48422424798627617,0.49513237592395576
3349,3876.657964937793,1.5982100032615563,1.634244681283075
3350,3878.2561749410547,0.8541637689399977,0.8734785459135713
3351,3879.1103387099947,0.9718748874470293,0.9938854702628112
3352,3880.0822135974418,1.4581369139559683,1.4912182747979414
3353,3881.5403505113977,0.5764947483817195,0.5896083993542979
3354,3882.1168452597794,0.7831472906909767,0.8009802225156882
3355,3882.8999925504704,1.309806657518493,1.3396741216215429
3356,3884.209799207989,0.9001638781232941,0.9207385949580994
3357,3885.109963086112,1.1152466801336232,1.1407785960703412
3358,3886.225209766246,0.22608002425477025,0.23126611786638887
3359,3886.4512897905006,0.9007239695361022,0.9213941910892894
3360,3887.3520137600367,1.8033325844594401,1.844782786830357
3361,3889.155346344496,1.1538356245309842,1.1804420918683907
3362,3890.309181969027,0.7777010333816179,0.7956708733615787
3363,3891.0868830024087,0.8430539835817399,0.8625607124672604
3364,3891.9299369859905,1.0711940909764053,1.0960164990718875
3365,3893.001131076967,0.4059310063671546,0.41535528373461306
3366,3893.407062083334,1.3766682055829733,1.4086524008603893
3367,3894.783730288917,0.7842009849982787,0.8024644858149812
3368,3895.5679312739153,1.0747010012191822,1.0997644829653395
3369,3896.6426322751345,1.2281180159584437,1.2568133060513458
3370,3897.870750291093,0.7812115034626004,0.7995038896084774
3371,3898.6519617945555,0.9717816610591399,0.9945673198456847
3372,3899.6237434556147,1.3840211548072148,1.4165276166127978
3373,3901.007764610422,1.0696624318366048,1.0948459702353293
3374,3902.0774270422585,0.33373346863072584,0.34160526643164985
3375,3902.411160510889,0.9403825622566728,0.9625762403578146
3376,3903.351543073146,1.0276482309750463,1.051940847091396
3377,3904.379191304121,0.9656603620828719,0.9885281016263512
3378,3905.344851666204,0.7744674456798748,0.7928380402392747
3379,3906.1193191118837,2.0688463263099948,2.1179852572480242
3380,3908.1881654381937,0.418197227876135,0.42816542906252647
3381,3908.60636266607,0.8594847380550164,0.8799861598897579
3382,3909.465847404125,1.166869452415085,1.1947438021475334
3383,3910.63271685654,0.2787213796186734,0.285392755326134
3384,3910.9114382361586,1.7315103623536743,1.7729748184264167
3385,3912.6429485985122,0.6161892632485433,0.6309885490486274
3386,3913.259137861761,0.9607854074583884,0.9838850888643419
3387,3914.219923269219,0.7290779756872325,0.7466353173988113
3388,3914.9490012449064,1.2275373150450832,1.2571347265624397
3389,3916.1765385599515,1.4816273936567086,1.517425151150491
3390,3917.658165953608,0.7848870340417307,0.8038980255736485
3391,3918.44305298765,0.7796879730426554,0.7985978951916249
3392,3919.2227409606926,1.3176901347578678,1.3496900517706403
3393,3920.5404310954505,0.6121391446013149,0.6270376063830723
3394,3921.152570240052,0.49999010823694334,0.5121714703234246
3395,3921.6525603482887,1.0126428759140254,1.0373346523408864
3396,3922.6652032242027,1.528107301154705,1.5654306959305373
3397,3924.1933105253574,1.0538087319355327,1.0796129020514749
3398,3925.247119257293,0.928964326282312,0.9517511824056571
3399,3926.1760835835753,0.9044337865179841,0.9266529879506228
3400,3927.0805173700933,1.0617009252009666,1.0878226249416008
3401,3928.1422182952942,0.7443409115262511,0.7626864252875496
3402,3928.8865592068205,1.212722073536952,1.2426481862773762
3403,3930.0992812803574,0.7918051019273662,0.8113832186050732
3404,3930.891086382285,0.8541309782799544,0.8752775453290843
3405,3931.7452173605648,0.8793507264540494,0.9011520904484623
3406,3932.624568087019,0.8923137550191313,0.9144682647341418
3407,3933.516881842038,1.4214659665612999,1.456809679255004
3408,3934.9383478085992,1.5049383110267627,1.5424440423644892
3409,3936.443286119626,0.5309481940289515,0.5442126769853124
3410,3936.974234313655,0.9311465399023291,0.9544290180029065
3411,3937.9053808535573,0.309235683307179,0.31697948117843405
3412,3938.2146165368645,1.5605702750108321,1.5996691648839476
3413,3939.7751868118753,0.6594507848135436,0.6760143993599621
3414,3940.434637596689,1.1953920513119556,1.2254488987498136
3415,3941.630029648001,0.7226925397771993,0.740898754244136
3416,3942.352722187778,1.6776406191511342,1.7199530263995604
3417,3944.030362806929,0.620552845466591,0.6362460624094951
3418,3944.6509156523957,0.6821480164912828,0.6994159998756017
3419,3945.333063668887,1.5459199016831917,1.5850960627530721
3420,3946.87898357057,0.8248805040084335,0.8458357685558662
3421,3947.7038640745786,0.7303281259087271,0.7489056719567075
3422,3948.4341922004874,0.8795136216622268,0.9019119316891795
3423,3949.3137058221496,0.8186696889356426,0.8395475247970943
3424,3950.1323755110852,0.7270909285775815,0.7456572949249533
3425,3950.859466439663,2.0834037172544413,2.1366647444579736
3426,3952.9428701569173,0.4136564343475584,0.4242660328676951
3427,3953.356526591265,1.4220945733322878,1.4585926138373242
3428,3954.778621164597,0.39792520813534793,0.4081607314198244
3429,3955.1765463727324,1.2436708188815828,1.275680719471202
3430,3956.420217191614,0.5996845849285819,0.6151494183692434
3431,3957.0199017765426,0.934816170549766,0.9589460201953515
3432,3957.9547179470924,1.5160375584373469,1.5552271224891847
3433,3959.4707555055297,0.600273251447561,0.6158268991484591
3434,3960.0710287569773,0.6995058575021176,0.7176475926952801
3435,3960.7705346144794,1.3979273122085942,1.4342219551090123
3436,3962.168461926688,1.3018869345683015,1.3357611811079249
3437,3963.4703488612563,0.8423006619518674,0.8642608151780286
3438,3964.312649523208,0.8200575757041406,0.8414655491930928
3439,3965.1327070989123,1.0060078941319262,1.0323033018470809
3440,3966.1387149930442,0.6151791133597726,0.6312837309852714
3441,3966.753894106404,1.064867314766616,1.0927704909656661
3442,3967.8187614211706,0.665892186725614,0.6833692923781739
3443,3968.4846536078962,1.4299466117640804,1.4675153943402757
3444,3969.9146002196603,1.4034699925559835,1.4404236298460211
3445,3971.3180702122163,0.7976900523440236,0.8187382607275365
3446,3972.1157602645603,0.8949212390257344,0.918563639462678
3447,3973.010681503586,0.4463332802383775,0.4581407006454556
3448,3973.4570147838244,1.436398584458857,1.474423139092647
3449,3974.8934133682833,1.1727698273903115,1.203883025043854
3450,3976.0661831956736,0.6652357055186258,0.6829154232840908
3451,3976.7314189011922,0.3824897937793139,0.3926652645469465
3452,3977.1139086949715,1.5722112842850038,1.6140612766769042
3453,3978.6861199792565,0.8112211970214958,0.832865761925324
3454,3979.497341176278,1.3467586059582572,1.3827357885160385
3455,3980.8440997822363,1.20440230460963,1.2366414547631066
3456,3982.048502086846,0.7155660296912174,0.7347545793396165
3457,3982.764068116537,0.9857272525855478,1.0121886086241596
3458,3983.7497953691227,0.47763981203434014,0.4904806265380395
3459,3984.227435181157,0.8712900612426893,0.8947303495147179
3460,3985.0987252423997,1.4174537957806024,1.4556368380573383
3461,3986.5161790381803,0.7145301165951423,0.733818405555995
3462,3987.2307091547755,1.488740109900391,1.5289701729872285
3463,3988.719449264676,0.6327265442796488,0.6498622379249772
3464,3989.3521758089555,1.1292337983904872,1.1598445602732737
3465,3990.481409607346,1.089481377829543,1.1190636239385936
3466,3991.5708909851755,0.7602141146467147,0.7808889289502483
3467,3992.3311050998223,0.9620586319447284,0.9882519770205395
3468,3993.293163731767,1.1027102666853352,1.1327753291437932
3469,3994.3958739984523,0.7725857246150554,0.7936839909037652
3470,3995.1684597230674,0.6293536900438994,0.6465598558372855
3471,3995.7978134131113,0.8912268199169375,0.9156147881904798
3472,3996.689040233028,2.120252066678404,2.1783469417164127
3473,3998.8092922997066,0.7099559855964799,0.7294686961601375
3474,3999.519248285303,0.49803689346754254,0.5117392076592351
3475,4000.0172851787706,1.1269734558568416,1.1580018145641064
3476,4001.1442586346275,0.968090793086958,0.9947881239455397
3477,4002.1123494277144,0.5833699870590863,0.5994802183315352
3478,4002.6957194147735,1.3267319799088,1.3634015273551472
3479,4004.0224513946823,0.7842796339923552,0.8059977067187213
3480,4004.8067310286747,1.0700064086645398,1.099670108042674
3481,4005.876737437339,1.0551833803842783,1.0844810058509629
3482,4006.9319208177235,1.2101100736608714,1.2437600306925063
3483,4008.1420308913844,0.5475653610919835,0.5628180189500606
3484,4008.6895962524763,1.6714227713332548,1.7180172773147673
3485,4010.3610190238096,0.6222922564952569,0.6396812785512391
3486,4010.983311280305,0.6805702614819893,0.6996045810504131
3487,4011.663881541787,0.9050344591055364,0.9303710746660905
3488,4012.5689160008924,0.6647728045741133,0.683407114718387
3489,4013.2336888054665,1.4236060128109784,1.4635487832700405
3490,4014.6572948182775,1.0003562333636182,1.0284801563588062
3491,4015.657651051641,1.3112869583756037,1.348204355136691
3492,4016.9689380100167,1.0603304485589433,1.090237623482856
3493,4018.0292684585756,0.7476831414442131,0.7688033422981746
3494,4018.77695160002,0.3291134407922982,0.33841982817093036
3495,4019.106065040812,1.4647080628515141,1.5061449101611113
3496,4020.5707731036637,1.0572411137109157,1.0872119605076622
3497,4021.6280142173746,0.7520922202302245,0.7734441272002657
3498,4022.380106437605,1.0483985366004163,1.0781937848494452
3499,4023.428504974205,0.47664642588188144,0.49021237886840097
3500,4023.905151400087,1.6780476266380902,1.725838596543488
3501,4025.583199026725,1.0195600748743345,1.0486649060762985
3502,4026.6027591015995,1.2635384703248747,1.2996589468791273
3503,4027.8662975719244,0.3808753478028848,0.3917823604969489
3504,4028.2471729197273,0.9483841608130206,0.9755570247946762
3505,4029.1955570805403,1.187723118521717,1.2217979612264898
3506,4030.383280199062,0.5328275869660501,0.5481389858529157
3507,4030.916107786028,0.7382039299168355,0.7594325798943758
3508,4031.654311715945,1.7201651614318507,1.769682362522096
3509,4033.3744768773768,1.1463432848140656,1.179420100424758
3510,4034.520820162191,0.5847788677301651,0.6016786409152707
3511,4035.105599029921,0.9737905719421178,1.0019550220857323
3512,4036.079389601863,1.0466249691630765,1.076936166350564
3513,4037.126014571026,1.164684288252829,1.198462651313353
3514,4038.290698859279,0.6576115750244753,0.6767139228075116
3515,4038.9483104343035,0.9095087879527455,0.9359518341000393
3516,4039.8578192222562,1.082743999540071,1.114262484224696
3517,4040.9405632217963,0.524114422978073,0.5393936539528306
3518,4041.4646776447744,1.2378027515410395,1.2739133112151075
3519,4042.7024803963154,1.6198066071192443,1.6671403543565242
3520,4044.3222870034347,0.732860383856405,0.7543226453782268
3521,4045.055147387291,1.1596374418331834,1.1936315696883504
3522,4046.2147848291243,0.5234259881899561,0.5387938091780355
3523,4046.738210817314,0.729833508662523,0.751276493116031
3524,4047.4680443259767,0.9126655015866163,0.9395064037994605
3525,4048.3807098275634,1.5929948590128333,1.6399009705164072
3526,4049.973704686576,0.4576859376279572,0.47119126593247623
3527,4050.431390624204,0.9529889270297645,0.9811267215116893
3528,4051.384379551234,1.6132464302722838,1.660939282011003
3529,4052.997625981506,0.5686460964279831,0.585493169446521
3530,4053.566272077934,1.1244407923200015,1.1577793013789248
3531,4054.690712870254,0.7871396331029246,0.8105122573836298
3532,4055.477852503357,1.5185093998675256,1.5636455802137095
3533,4056.9963619032246,0.4325423302998388,0.44542499219406523
3534,4057.4289042335245,0.564589305651225,0.581414379791143
3535,4057.9934935391757,1.091934749007578,1.1244991902248633
3536,4059.0854282881833,0.9635677185997338,0.992345168529239
3537,4060.048996006783,1.6949370428524162,1.745621246097149
3538,4061.7439330496354,1.106355643265033,1.1395128160894388
3539,4062.8502886929004,0.30743676253223384,0.3166638833030064
3540,4063.1577254554327,1.2006547409573614,1.2367045338426084
3541,4064.35838019639,0.8200949965093969,0.844757003839432
3542,4065.1784751928994,0.9311174576200756,0.9591480461174988
3543,4066.1095926505195,0.9645142182930613,0.9935853474299843
3544,4067.0741068688126,1.0091169572119725,1.03957053642925
3545,4068.0832238260246,0.8860738000512356,0.9128491143882783
3546,4068.969297626076,1.3126149437021013,1.352324945412901
3547,4070.281912569778,0.3217650798296745,0.3315158242732573
3548,4070.6036776496076,2.1014510565855744,2.16515970765335
3549,4072.705128706193,0.4213214661990605,0.434129068902232
3550,4073.126450172392,0.9612309606413874,0.9904669071559423
3551,4074.0876811330336,0.7293833776320753,0.751595046192872
3552,4074.8170645106657,0.9242821594248198,0.9524553492041113
3553,4075.7413466700905,0.9784351937014435,1.0082943488985106
3554,4076.719781863792,0.6935636207358584,0.71475577378803
3555,4077.413345484528,1.5094258756839736,1.5555879391681833
3556,4078.9227713602118,1.1855331209899305,1.2218595604793956
3557,4080.1083044812017,0.9577789397440029,0.9871709622881031
3558,4081.0660834209457,0.6324850108521787,0.6519181416073815
3559,4081.698568431798,0.8897797093218287,0.9171401769075063
3560,4082.5883481411197,1.0416947189514758,1.07376266618038
3561,4083.630042860071,1.3128403428413549,1.3533086521637274
3562,4084.9428832029125,0.5724873829130956,0.5901635964650692
3563,4085.5153705858256,0.8638504887867384,0.8905421437259978
3564,4086.3792210746124,0.5882579006633932,0.6064539614015317
3565,4086.9674789752758,1.8144025078822779,1.8705673812835608
3566,4088.781881483158,0.9484041544983484,0.977829024099517
3567,4089.7302856376564,0.8609802726227826,0.8877245387780307
3568,4090.591265910279,1.3195802489399284,1.3606140210505482
3569,4091.910846159219,0.38636030540601496,0.398394429293134
3570,4092.297206464625,0.9511557644991626,0.9807960984569118
3571,4093.2483622291243,0.6575497161647945,0.6780648904804806
3572,4093.905911945289,1.2320188059643442,1.2704885832222486
3573,4095.1379307512534,1.3729165453069072,1.415851600710734
3574,4096.51084729656,0.5528371637929013,0.5701554675747434
3575,4097.063684460353,1.4115019878026942,1.4557493376409099
3576,4098.475186448156,0.7696588454709854,0.7938280791181005
3577,4099.244845293627,0.8626888368926302,0.8898052290522463
3578,4100.1075341305195,1.4709137910404024,1.5171974233937267
3579,4101.57844792156,0.4589146135658666,0.4733809746839091
3580,4102.037362535126,0.7885792906554343,0.8134517101165903
3581,4102.825941825781,1.3153893764110762,1.3569180478354728
3582,4104.141331202192,0.4717673776367519,0.4866857981915051
3583,4104.613098579829,0.8997539893962312,0.9282228370591386
3584,4105.512852569225,1.8143667866570468,1.8718379171436497
3585,4107.327219355882,1.2970140743955199,1.3381889614104572
3586,4108.624233430278,0.2282097304941999,0.23546592273180122
3587,4108.852443160772,0.8584881250244507,0.8857923364674062
3588,4109.7109312857965,0.9233886009242269,0.9527876741973588
3589,4110.634319886721,1.2255255583568214,1.2645879618082085
3590,4111.859845445078,0.8073605736444733,0.8331326890817239
3591,4112.667206018722,0.818783208314926,0.8449455351714928
3592,4113.485989227037,1.201578610121942,1.2400103494326202
3593,4114.687567837159,0.9282059613178717,0.9579371939337136
3594,4115.615773798477,1.198207092780649,1.2366297071559595
3595,4116.813980891257,0.7867298485398351,0.8119941710568758
3596,4117.600710739797,1.373641929661062,1.4177955847505457
3597,4118.974352669458,0.6219802141913533,0.642005851483884
3598,4119.59633288365,1.0378777007190365,1.0713187571670413
3599,4120.634210584369,0.7144462184196527,0.737494757549426
3600,4121.348656802788,0.44600198225361964,0.46040262712873375
3601,4121.794658785042,1.445427884502351,1.4921231844162433
3602,4123.240086669544,1.4087427106533141,1.4543314883775489
3603,4124.648829380198,0.9432990724071715,0.973876763039042
3604,4125.592128452605,0.7859354279244144,0.8114406709244991
3605,4126.378063880529,1.2153069278674593,1.254783014986622
3606,4127.593370808397,0.7047958912817194,0.7277223862569823
3607,4128.298166699678,0.47950850289726077,0.4951195939076596
3608,4128.777675202576,1.6890885776838331,1.7441105157207883
3609,4130.4667637802595,0.6702161190623883,0.6920919897667696
3610,4131.136979899322,0.7910225334626375,0.8168619548111578
3611,4131.9280024327845,0.796448874591988,0.8224898211860612
3612,4132.7244513073765,1.3261975208924923,1.3695999793004119
3613,4134.050648828269,1.3911111930601692,1.4367091177429805
3614,4135.441760021329,0.9549288520802293,0.9862806996176993
3615,4136.396688873409,0.578164610073145,0.5971679282558777
3616,4136.974853483483,0.988087896160323,1.0205866967328387
3617,4137.962941379643,0.875398175859118,0.9042238168703148
3618,4138.838339555502,0.6257595997367389,0.6463860575137842
3619,4139.464099155239,1.4287309603942049,1.4758595550208513
3620,4140.892830115633,0.4809452044955833,0.4968362377516904
3621,4141.3737753201285,1.9732871803225862,2.038523539988194
3622,4143.347062500451,0.550562355620059,0.5688055451403087
3623,4143.897624856071,0.7056739423196632,0.729071763246286
3624,4144.603298798391,0.9614937696178458,0.9933997894538127
3625,4145.564792568009,1.507129711516427,1.5571976465447976
3626,4147.071922279525,0.5231472679797662,0.5405568615941679
3627,4147.595069547505,1.0574512313032756,1.0926629267032124
3628,4148.652520778808,0.4169302719546977,0.4308304017417575
3629,4149.069451050763,1.3756469017225754,1.421531897490634
3630,4150.445097952485,0.7017535570130349,0.7251977210443661
3631,4151.146851509498,1.6218737561448506,1.6761009117069945
3632,4152.768725265643,1.070421479408651,1.106277442503617
3633,4153.839146745052,0.7917522609268417,0.8183061035434783
3634,4154.630899005979,0.70388825565351,0.7275166603163634
3635,4155.334787261632,0.9615177012055938,0.9938202395226704
3636,4156.296304962838,0.6176030289034316,0.6383743703076429
3637,4156.913907991741,1.2154264220698678,1.2563326146068852
3638,4158.129334413811,1.3511272851683316,1.3966634689586357
3639,4159.4804616989795,0.4412041417799628,0.4560965776992142
3640,4159.9216658407595,1.1746153413650973,1.2142832196294064
3641,4161.096281182125,1.2816334112530967,1.3249729797688738
3642,4162.377914593378,0.9009384574510477,0.9314486465458811
3643,4163.278853050829,0.8564983898031642,0.8855331226588927
3644,4164.135351440632,1.0038115149636724,1.0378729298739229
3645,4165.139162955596,0.9392651068028499,0.9711723592618637
3646,4166.078428062398,0.9057453459581666,0.9365464212033544
3647,4166.984173408357,0.5257019374166703,0.5435973193094152
3648,4167.509875345773,0.7935782797603679,0.8206083540808207
3649,4168.303453625534,2.1793524850299946,2.253649464348351
3650,4170.482806110564,0.3923082710844028,0.4057152100361028
3651,4170.875114381648,1.2556436698987454,1.2985734621181675
3652,4172.130758051547,0.7462088001575466,0.771757032137509
3653,4172.876966851704,0.539897171100165,0.5583972012675149
3654,4173.4168640228045,1.4563178518028508,1.5062497928891276
3655,4174.873181874607,0.6388703776001421,0.6608104374490429
3656,4175.5120522522075,1.1310196679905857,1.1698886422030708
3657,4176.643071920198,0.679116703841828,0.7024847129516052
3658,4177.32218862404,1.2081155591358765,1.2497173714090897
3659,4178.530304183176,1.04439524701138,1.0804073679185235
3660,4179.574699430187,0.9284823350162696,0.9605345564879727
3661,4180.503181765203,1.4193114192612484,1.468357770748301
3662,4181.922493184465,0.9282996946349158,0.960428579853248
3663,4182.8507928791,0.5267114926818977,0.5449598291730915
3664,4183.3775043717815,0.46884008753750095,0.4850928188572521
3665,4183.846344459319,1.4663832159740195,1.5172427631387995
3666,4185.312727675293,0.6452090120837966,0.6676232111691579
3667,4185.957936687377,1.2427821588571533,1.2859862035652445
3668,4187.200718846234,1.2192583939231554,1.2617022629740284
3669,4188.419977240157,1.195302553237525,1.2369678771677994
3670,4189.615279793395,0.6179894975139177,0.6395591652419828
3671,4190.2332692909085,0.7526429347635712,0.7789300749825181
3672,4190.985912225672,1.1238001200399594,1.163082583728258
3673,4192.109712345712,1.06613882007332,1.1034512248719919
3674,4193.175851165785,0.9163947163460762,0.9485035097657752
3675,4194.0922458821315,0.8067680061294595,0.835063738559773
3676,4194.899013888261,0.6423377668825196,0.6648861091847514
3677,4195.541351655143,1.0631967006611376,1.1005445982828448
3678,4196.604548355805,1.8214407566747468,1.885497649601902
3679,4198.425989112479,0.9092035186849898,0.941241411797583
3680,4199.335192631164,0.2978101984717796,0.3083144943134157
3681,4199.633002829636,1.3644606369398389,1.4126029926685966
3682,4200.997463466576,0.8295387701082291,0.8588503299197383
3683,4201.827002236684,0.589696509330679,0.6105518291779316
3684,4202.416698746015,0.8641149141240021,0.8946946676500627
3685,4203.280813660139,1.455197413202768,1.5067423232537298
3686,4204.736011073342,0.8913541940446521,0.9229761783282106
3687,4205.627365267386,1.242826620870801,1.2869594876396107
3688,4206.870191888257,0.4843502161311335,0.5015723056614775
3689,4207.354542104388,1.3802399939386305,1.4293426168144379
3690,4208.734782098327,0.9081206610853769,0.940474845068142
3691,4209.642902759412,0.9068904346304407,0.9392319286712283
3692,4210.549793194043,0.9781875059961749,1.0131051291489703
3693,4211.527980700039,0.6422474296823566,0.6651969968628991
3694,4212.170228129721,0.7970651037476273,0.8255661484453305
3695,4212.967293233469,1.1503933501089705,1.1915631676348877
3696,4214.117686583578,1.0616066982529446,1.0996451844878599
3697,4215.179293281831,1.652842482019878,1.7121318295368122
3698,4216.832135763851,0.6633884879202014,0.6872263828122293
3699,4217.495524251771,0.7352643751046344,0.7617034330518864
3700,4218.230788626875,0.8556217294144517,0.8864124045959558
3701,4219.08641035629,0.5856511749298079,0.6067455085925431
3702,4219.67206153122,1.6346781792635738,1.693593105133809
3703,4221.306739710483,0.8199317305616205,0.8495331777882423
3704,4222.126671441045,0.38057226409273426,0.3943235739213736
3705,4222.507243705138,1.393936287082397,1.4443237209720674
3706,4223.90117999222,1.381185854143041,1.4311849466035864
3707,4225.282365846363,0.43994148650745046,0.4558903126601109
3708,4225.7223073328705,1.4883231689154854,1.5423027507155573
3709,4227.210630501786,0.7740745703504217,0.8021926503877517
3710,4227.984705072136,0.9961290347737304,1.0323422204789916
3711,4228.98083410691,0.552577390719307,0.5726864575169028
3712,4229.5334114976295,1.1244364775257054,1.1653796812341153
3713,4230.657847975155,0.35023177934817795,0.36299930526429286
3714,4231.008079754503,1.6522476242789708,1.7125012607707824
3715,4232.660327378782,1.4769333721724252,1.5308854804045409
3716,4234.137260750955,0.5349257344732905,0.5544961765171305
3717,4234.672186485428,0.8306282992216438,0.8610338217797271
3718,4235.50281478465,1.2059632966838763,1.2501457699138472
3719,4236.708778081334,0.6343270072648011,0.6575953742096328
3720,4237.343105088598,1.2384573406216077,1.2839159098131263
3721,4238.58156242922,0.5017926621321749,0.5202347021901554
3722,4239.083355091352,1.525868184868159,1.5819761156931365
3723,4240.60922327622,0.4948010138596146,0.5130237582670175
3724,4241.10402429008,0.6797287931749452,0.7047747594563449
3725,4241.783753083255,1.7898994107645194,1.855897486021195
3726,4243.573652494019,1.0021701389769078,1.0391899525261983
3727,4244.575822632996,1.0452373625503242,1.0838873462292404
3728,4245.621059995547,0.38990150635163445,0.4043342637774485
3729,4246.010961501898,1.0397048675959013,1.0782062141524977
3730,4247.050666369494,0.8321972506264501,0.8630468036655493
3731,4247.882863620121,0.9153663006054558,0.9493274741935055
3732,4248.798229920726,1.0441306300581346,1.0829049182996735
3733,4249.842360550784,1.1822113661519325,1.2261595811393184
3734,4251.024571916936,1.039198459756335,1.0778762319374642
3735,4252.063770376692,1.3883866664027664,1.440114833284645
3736,4253.452157043095,0.18978645231982227,0.19686733009488633
3737,4253.641943495415,0.9647977493259532,1.0008009262294442
3738,4254.606741244741,1.6472366703374064,1.7087657495310655
3739,4256.253977915078,0.6499384648132036,0.6742555972530827
3740,4256.903916379892,0.4945096909686981,0.5130235485068549
3741,4257.39842607086,1.0138834280633091,1.051860767667731
3742,4258.412309498924,0.8076620050351266,0.8379454546257185
3743,4259.219971503959,1.608808896069604,1.6691800682489488
3744,4260.828780400028,0.9725357538773096,1.0090889863594885
3745,4261.801316153906,1.0336016049122918,1.0724875708465023
3746,4262.834917758818,1.0161523313436192,1.0544210420512083
3747,4263.851070090162,0.47541400731097383,0.49333632683315276
3748,4264.3264840974725,0.8712694327614372,0.9041303055460788
3749,4265.197753530234,0.9777727675946153,1.014682321151769
3750,4266.175526297829,1.1994918180462264,1.244814714357688
3751,4267.375018115875,0.8480139480834623,0.8800941664096197
3752,4268.223032063958,1.088931319240146,1.13015983584491
3753,4269.311963383198,0.916982469038885,0.951737981989561
3754,4270.228945852237,0.9904118717813617,1.027984362065653
3755,4271.219357724019,1.4071889587694386,1.4606243377226373
3756,4272.626546682788,0.6395236930038664,0.663841941594909
3757,4273.266070375792,0.7401281094753358,0.7682895278199348
3758,4274.006198485267,1.100534148632505,1.1424391288423732
3759,4275.1067326339,0.7569154365100985,0.7857674808888389
3760,4275.86364807041,0.8695282699754898,0.9026973816605349
3761,4276.733176340385,0.6868666190439399,0.7130901296660214
3762,4277.420042959429,2.1288242286946115,2.2101538729150874
3763,4279.548867188124,0.6127583365541796,0.6362166928253347
3764,4280.161625524678,0.8121621681093529,0.8432728496482316
3765,4280.9737876927875,0.6133720683428692,0.6368864188243836
3766,4281.58715976113,1.356319377498039,1.4083464266209686
3767,4282.943479138628,0.5502494940237739,0.5713842495355118
3768,4283.493728632652,1.3512367688190352,1.4031645962047288
3769,4284.844965401471,0.7840882467435222,0.8142600005893378
3770,4285.629053648215,0.5290536386928579,0.5494270551357355
3771,4286.158107286908,1.522410892530388,1.5810675817846647
3772,4287.680518179438,0.8242480949948003,0.8560519852301897
3773,4288.504766274433,1.3073794862129944,1.3578651597396234
3774,4289.812145760646,0.8716805969970665,0.9053836401361784
3775,4290.683826357643,0.9910930361429564,1.0294451431425755
3776,4291.674919393786,1.0515255814452757,1.0922548857351622
3777,4292.726444975231,0.09081841528313817,0.09433967473395151
3778,4292.817263390514,0.9965515692329063,1.0351937472623054
3779,4293.813814959747,1.5343964886351387,1.5939507688053594
3780,4295.348211448382,0.8994761054000264,0.9344384722446439
3781,4296.247687553782,1.0219809389172951,1.0617390891356207
3782,4297.2696684927,1.3935105969367214,1.4477751259904008
3783,4298.663179089636,0.3917681932734922,0.40704420757146764
3784,4299.05494728291,1.0342010952117562,1.0745421633350547
3785,4300.0891483781215,0.92290223118016,0.9589371969931153
3786,4301.012050609302,1.133144273081598,1.1774268982789557
3787,4302.145194882383,1.038189296354176,1.0788046623083516
3788,4303.1833841787375,0.35125272484765446,0.3650076943130138
3789,4303.534636903585,1.0828910974396422,1.1253109113643984
3790,4304.617528001025,0.9962957110237767,1.0353632407094997
3791,4305.6138237120485,1.8352538870076387,1.9072868992192848
3792,4307.449077599056,0.5499141552500078,0.5715353730711971
3793,4307.998991754306,1.1739732225350963,1.2201546984749503
3794,4309.172964976841,0.18565009285430278,0.1929612022975146
3795,4309.358615069696,1.273561027523101,1.323724025427679
3796,4310.632176097219,1.0298311467031454,1.0704425482587643
3797,4311.662007243922,0.5644228798691984,0.5867023602031027
3798,4312.226430123791,1.1749401347378807,1.221343057492706
3799,4313.401370258529,1.3979129017261585,1.45318249155419
3800,4314.799283160255,0.7744586449562121,0.805118526739215
3801,4315.573741805211,0.8909145017123592,0.9262101781900635
3802,4316.464656306924,0.8915344333390749,0.9268839592980337
3803,4317.356190740263,1.5113521139501245,1.5713272165197052
3804,4318.867542854213,0.5392855378231616,0.5607160881810962
3805,4319.406828392036,0.755415210326646,0.7854495022201637
3806,4320.162243602363,0.9126480250697568,0.9489590828076084
3807,4321.074891627432,1.0012735625896312,1.0411443802748253
3808,4322.076165190022,0.5884012962524139,0.6118531944687535
3809,4322.664566486274,1.8821815218761913,1.9572403703044545
3810,4324.546748008151,0.7463377198673697,0.7761523662997423
3811,4325.293085728018,1.0570328555668311,1.0992881605631823
3812,4326.350118583585,1.0445721201740525,1.0863699259656698
3813,4327.394690703759,0.3056718557027125,0.31791484088616817
3814,4327.700362559462,0.9154064949516396,0.9520812935734702
3815,4328.615769054413,1.4120668608411506,1.4686873667776104
3816,4330.027835915254,0.8622298764776133,0.8968479924017851
3817,4330.890065791732,0.9618498303743763,1.0004981197704432
3818,4331.851915622106,0.45198666461328685,0.47016400992046203
3819,4332.30390228672,1.7166787969426878,1.7857462055997058
3820,4334.020581083662,1.0425662872221437,1.0845777577089124
3821,4335.0631473708845,0.5435197944207175,0.5654423887777412
3822,4335.606667165305,1.5269954403638621,1.5886164929587072
3823,4337.133662605669,0.318180375214979,0.33103819967493603
3824,4337.451842980884,1.267279181689446,1.318505348846013
3825,4338.7191221625735,0.3079393444049856,0.3204012363917948
3826,4339.0270615069785,1.0607710339227197,1.1037109960383722
3827,4340.087832540901,1.325218421482532,1.3789147580921626
3828,4341.413050962384,1.488567212613816,1.5489545844378858
3829,4342.901618174998,0.6615830320770328,0.6884578634999512
3830,4343.563201207075,0.7714402840656476,0.8027964399358132
3831,4344.33464149114,0.9150156634250379,0.9522334825338719
3832,4345.249657154565,0.9932390557987674,1.033671865027136
3833,4346.242896210364,1.3851338619251692,1.4415703232403
3834,4347.628030072289,0.1607052494891832,0.16726124000841194
3835,4347.788735321778,1.186695530203906,1.2351139022415587
3836,4348.975430851982,1.0384912535628246,1.0809078479745118
3837,4350.013922105545,0.8574622495507356,0.8925173991538938
3838,4350.871384355096,1.0811322777490204,1.1253655181431172
3839,4351.952516632845,1.747673099601343,1.8192461725155822
3840,4353.700189732446,0.5205678925613029,0.5419201579998291
3841,4354.2207576250075,0.5038389652636397,0.5245146435299881
3842,4354.724596590271,1.1685141919770103,1.216487189236026
3843,4355.893110782248,0.5896556260904617,0.6138889384609649
3844,4356.482766408339,1.1048252847040203,1.1502545315092787
3845,4357.587591693043,1.1680514393774502,1.2161276182339291
3846,4358.75564313242,0.7445424653960799,0.7752190706438941
3847,4359.500185597816,1.690891219705918,1.7606052086916402
3848,4361.191076817522,0.2956576851538557,0.30786564445505615
3849,4361.486734502676,1.2748486830887487,1.3275020328055702
3850,4362.761583185765,0.7639981331176386,0.7955880503472693
3851,4363.525581318882,1.0213275271544262,1.0635860042249883
3852,4364.546908846037,1.125088162519205,1.1716817493077627
3853,4365.671997008556,0.8553105341306946,0.8907668316129191
3854,4366.527307542687,0.4732043063822857,0.4928354121915848
3855,4367.000511849069,0.7105365804654866,0.7400257830907329
3856,4367.7110484295345,1.826916497802813,1.9027858114612888
3857,4369.537964927337,1.196662582568024,1.246437969754133
3858,4370.734627509905,0.6280055121096666,0.6541548791402361
3859,4371.362633022015,0.8652734854176742,0.9013221809179619
3860,4372.227906507433,1.2052717834894793,1.2555233253614362
3861,4373.433178290922,0.4306261204965267,0.4485991577623119
3862,4373.863804411419,0.8312917492839915,0.8660003897002292
3863,4374.695096160703,1.3881277505224716,1.4461277594961761
3864,4376.083223911225,0.8997293855345561,0.9373681225723478
3865,4376.98295329676,0.785510065525159,0.8183963215558733
3866,4377.768463362285,1.3348525131723363,1.3907757275709705
3867,4379.103315875457,0.6565486538756886,0.6840864041674182
3868,4379.759864529333,1.3311637805318242,1.3870288082477296
3869,4381.091028309865,1.034921188811495,1.078403840910185
3870,4382.125949498676,0.7497990245874462,0.7813303345318473
3871,4382.875748523264,0.5906787950334547,0.6155347035219727
3872,4383.466427318297,0.9531738207842864,0.9933040523124725
3873,4384.419601139081,1.160285189822389,1.209175311220187
3874,4385.579886328904,0.5037923785903331,0.5250415400619924
3875,4386.083678707494,1.6725813183475111,1.7431587167137172
3876,4387.756260025842,1.2732183656680718,1.3270212278750642
3877,4389.02947839151,0.6901524773784331,0.719348375971708
3878,4389.719630868888,0.6314774063393997,0.658206943538784
3879,4390.3511082752275,0.6701047917322285,0.6984847119801892
3880,4391.02121306696,1.553124607878999,1.6189394374272608
3881,4392.574337674839,0.7843248777671761,0.817605382331231
3882,4393.358662552606,0.6698485742199409,0.6982906499066465
3883,4394.028511126826,1.0323827173369864,1.0762432079338387
3884,4395.060893844163,0.8902040864531955,0.9280574418181916
3885,4395.951097930616,1.272124756701487,1.3262591889162916
3886,4397.2232226873175,1.2284969457523403,1.280831398043474
3887,4398.45171963307,0.7257476710537958,0.7566970724951145
3888,4399.177467304124,1.092712735036912,1.139340000039033
3889,4400.270180039161,0.9052915084721462,0.9439570857762757
3890,4401.175471547633,0.35810253250929236,0.37340904434124944
3891,4401.533574080142,1.274660436763952,1.3291602351229161
3892,4402.808234516906,0.4313354072828588,0.4497976025229813
3893,4403.239569924189,1.9790347157986616,2.0637730282963305
3894,4405.2186046399875,0.6136993539284958,0.640020623483711
3895,4405.832303993916,0.8745724225727827,0.9121018021541636
3896,4406.706876416489,1.2663045231302021,1.3206837908013496
3897,4407.973180939619,0.6505269237850371,0.6784924298401885
3898,4408.623707863404,1.0423892707067353,1.0872250315373673
3899,4409.666097134111,0.8250448480948762,0.860563127232131
3900,4410.491141982206,1.224059548576406,1.2767919045097784
3901,4411.715201530782,0.5220459599313472,0.5445587007022592
3902,4412.237247490713,0.9793136746675373,1.0215640977461762
3903,4413.216561165381,0.7174833471035527,0.7484629952517396
3904,4413.934044512484,1.9169173140653584,1.9997359722418444
3905,4415.85096182655,0.7430372029311911,0.7751907921166915
3906,4416.593999029481,0.9861179462041036,1.0288168206569321
3907,4417.580116975685,0.6614394971529691,0.6901033074114264
3908,4418.241556472838,0.7299683180199281,0.761619252798305
3909,4418.971524790858,0.9509327825053333,0.9921895904865903
3910,4419.922457573363,1.2187604232804006,1.271678836323817
3911,4421.141217996644,0.7634832111134529,0.7966670505058101
3912,4421.904701207757,0.8860484132201236,0.9245837456185415
3913,4422.790749620977,1.5489169331794983,1.6163306222149951
3914,4424.339666554157,0.9052430204847042,0.944692463775289
3915,4425.2449095746415,0.25073915765642596,0.2616742442111394
3916,4425.495648732298,1.669071923914089,1.7418775439870466
3917,4427.164720656212,0.9084551864734749,0.9481369040864082
3918,4428.0731758426855,0.8086265889523929,0.8439741559395041
3919,4428.881802431638,0.6062071353608189,0.6327239396368518
3920,4429.488009566999,0.7594392284408968,0.7926752769793332
3921,4430.24744879544,1.1768916876480944,1.2284292095812193
3922,4431.424340483088,1.1512869714970293,1.2017519009300812
3923,4432.575627454585,1.453625741290125,1.517403332603521
3924,4434.029253195875,0.7498516401956294,0.7827903890730611
3925,4434.7791048360705,0.7499784565061418,0.7829429601278636
3926,4435.529083292577,0.8946546910465258,0.9340023620770487
3927,4436.423737983623,0.9704356939828358,1.0131474273500682
3928,4437.394173677606,0.5826959509004155,0.6083623998205591
3929,4437.976869628506,1.5806910859082564,1.650350014121756
3930,4439.557560714415,0.5500247945965384,0.5742948204511369
3931,4440.107585509011,0.9574107559774347,0.9996756990755553
3932,4441.064996264989,0.9199523133693219,0.960595219483235
3933,4441.984948578358,1.3809932927260888,1.4420502195542908
3934,4443.365941871084,1.1984822392296337,1.251529220065517
3935,4444.564424110314,0.6739144302800923,0.7037720216498492
3936,4445.238338540594,0.534419708356836,0.5581099205842374
3937,4445.772758248951,1.4903377678429024,1.556431244903656
3938,4447.2630960167935,0.4698664448897034,0.4907291394777358
3939,4447.732962461683,0.5689386066414954,0.5942098031790786
3940,4448.301901068325,1.3333670560432438,1.3926198886437235
3941,4449.635268124368,1.4628526759415763,1.5279294321373673
3942,4451.0981208003095,1.089962904823551,1.1385082334537637
3943,4452.188083705133,0.49261836090863653,0.5145780474164844
3944,4452.680702066042,1.053849205073675,1.100845707048005
3945,4453.734551271115,0.7283541691340361,0.7608626228037885
3946,4454.462905440249,1.2997525323053196,1.357797896514043
3947,4455.762657972555,0.9405922209589335,0.9826415973892325
3948,4456.703250193514,0.5425761464293828,0.5668503560759637
3949,4457.245826339943,0.9429229907264016,0.9851265097721386
3950,4458.188749330669,0.9825296854714907,1.026539005437331
3951,4459.171279016141,1.377250271394587,1.4389881585100688
3952,4460.5485292875355,0.8556111910020263,0.8940076571803584
3953,4461.404140478538,1.3304817163780172,1.3902291186322338
3954,4462.734622194916,0.9130258722916551,0.9540700831601067
3955,4463.647648067207,0.39087518978249136,0.40845933878853324
3956,4464.03852325699,0.7741928706373074,0.8090319713861055
3957,4464.812716127627,0.9932814415951725,1.038007061565655
3958,4465.805997569222,1.422535313779008,1.4866398011138557
3959,4467.228532883001,0.5112841322743407,0.5343503254382834
3960,4467.739817015276,1.4308457221350181,1.4954232964332919
3961,4469.170662737411,0.8073700943232325,0.8438498315165596
3962,4469.978032831734,1.3837244205542447,1.4462855949081912
3963,4471.361757252288,0.188438338063861,0.1969673254922315
3964,4471.550195590352,1.4090764248303458,1.472862680620103
3965,4472.959272015182,1.2270055622238942,1.282611338672404
3966,4474.186277577406,0.1308142015714111,0.1367481860406251
3967,4474.317091778978,1.4840191527819115,1.5513440290889369
3968,4475.8011109317595,0.44540822574708727,0.46563838264569857
3969,4476.246519157507,0.7693379058255232,0.8042929261010718
3970,4477.015857063332,2.253566213002159,2.3560190797659457
3971,4479.269423276334,0.4612414957582587,0.4822476523904733
3972,4479.7306647720925,0.8029649671434527,0.8395472725074855
3973,4480.533629739236,0.8764104819019849,0.9163638933306602
3974,4481.410040221138,0.9568454678201306,1.0004954986065353
3975,4482.366885688958,0.8713917779259646,0.9111731322183848
3976,4483.238277466884,0.8853459024649055,0.925791689998897
3977,4484.123623369349,0.9286027342750458,0.9710538324794532
3978,4485.052226103624,1.2749930593172394,1.333321418259955
3979,4486.327219162941,0.7569722648704555,0.7916364616139115
3980,4487.084191427812,0.9864758212033848,1.0316762131731174
3981,4488.070667249015,1.1702282985261263,1.2238891836549195
3982,4489.240895547541,1.0546114473136186,1.1030144741116323
3983,4490.295506994855,0.9229742575680575,0.9653700962352302
3984,4491.218481252423,0.7897966265463765,0.8261009275147387
3985,4492.008277878969,0.6297567902438459,0.6587222209662063
3986,4492.638034669213,0.8956000659954952,0.936812841763242
3987,4493.533634735209,0.9601211663593858,1.0043334648182158
3988,4494.493755901568,1.3162621283290719,1.3769189991270265
3989,4495.810018029897,1.0834337373680683,1.1334117464596338
3990,4496.893451767265,1.2136602792015765,1.2696920873394824
3991,4498.107112046467,0.6712820260063381,0.702302350786096
3992,4498.778394072473,0.8068290349847302,0.8441322264165286
3993,4499.585223107458,0.5793792886115625,0.6061830318095197
3994,4500.164602396069,1.4625842479154016,1.5302775500866133
3995,4501.627186643985,1.0466689096092523,1.0951663872708988
3996,4502.673855553594,0.655998792124592,0.6864188147578946
3997,4503.329854345719,0.38570133609209734,0.40359604864735876
3998,4503.715555681811,1.7433114112618568,1.8242165545527347
3999,4505.4588670930725,0.8526296357522369,0.892251745735283
4000,4506.311496728825,1.4336861543924897,1.500353417963553
4001,4507.745182883217,0.46625401946585043,0.4879587153434149
4002,4508.211436902683,1.1600077454404527,1.2140266223681253
4003,4509.3714446481235,0.5722242890196867,0.5988948810718757
4004,4509.943668937143,1.096345091376861,1.147466378348989
4005,4511.04001402852,0.42270456842470594,0.4424311395080525
4006,4511.462718596945,1.3472725102546974,1.410166459736654
4007,4512.8099911071995,1.267148482342236,1.3263622650513633
4008,4514.077139589542,1.1141671750474416,1.1662819332417718
4009,4515.191306764589,0.8985384489496937,0.9406025457801008
4010,4516.089845213539,0.2758258272897365,0.2887470475504678
4011,4516.365671040829,1.9097181816041484,1.9991985963348127
4012,4518.275389222433,0.30928999298612325,0.3238026779243695
4013,4518.584679215419,0.990120805040533,1.036590615973582
4014,4519.574800020459,0.9637549882672829,1.009020966403629
4015,4520.538555008727,0.9369301445458404,0.9809679984912782
4016,4521.4754851532725,0.6685925749889066,0.7000400033740437
4017,4522.144077728261,1.093386650463799,1.1448401106056272
4018,4523.237464378725,1.7359327820304316,1.8176904828135145
4019,4524.973397160756,0.817485136144569,0.8560363800196478
4020,4525.7908822969,0.557704061887307,0.5840204951857881
4021,4526.3485863587875,1.0050467652308726,1.0524917102720006
4022,4527.353633124018,0.5902604207667537,0.6181455267642154
4023,4527.943893544785,1.1253410472227188,1.178527802579235
4024,4529.069234592008,0.9559985824034811,1.001219550731861
4025,4530.025233174411,1.2937351634755032,1.354975319630593
4026,4531.318968337887,0.32460764929419383,0.3399880063768333
4027,4531.643575987181,1.6544004842608047,1.732807117290004
4028,4533.297976471442,0.8376217728791744,0.8773676548574839
4029,4534.135598244321,0.7999577603814032,0.8379399745462109
4030,4534.935556004702,0.972006512027292,1.0181849394296867
4031,4535.90756251673,1.3450060307559397,1.4089509276366758
4032,4537.252568547486,0.5535297963970152,0.5798720842181552
4033,4537.806098343883,0.7028367442253511,0.7362981427543787
4034,4538.508935088108,0.679927835597482,0.7123153218383986
4035,4539.1888629237055,1.1588636997485082,1.2140923079656203
4036,4540.347726623454,1.7819396275244799,1.8669349053435287
4037,4542.1296662509785,0.4908198470293428,0.5142617127854702
4038,4542.620486098008,1.1264361757830557,1.180254850290392
4039,4543.746922273791,0.9733490470844117,1.0198919601795555
4040,4544.720271320875,0.5430723156096064,0.569059075085132
4041,4545.263343636485,0.8778637847872233,0.9198874723498374
4042,4546.141207421272,1.452207947448187,1.5217703528316027
4043,4547.59341536872,0.3452206376432514,0.36177464540049126
4044,4547.938636006364,1.3424358217644112,1.406824475179182
4045,4549.281071828128,0.7876170511863165,0.8254313472067766
4046,4550.068688879314,0.9110047059812132,0.9547680689569362
4047,4550.9796935852955,1.3422325756746432,1.406754275516806
4048,4552.32192616097,1.2149241199094831,1.27338306739771
4049,4553.53685028088,0.6611007700903428,0.6929392739337742
4050,4554.19795105097,0.7614404359064793,0.798128874614591
4051,4554.9593914868765,0.6360821123262212,0.6667473431744565
4052,4555.595473599203,1.2958369372818197,1.358337448175466
4053,4556.8913105364845,0.642663534093117,0.6736894249734098
4054,4557.533974070578,0.862649757712461,0.904315293035741
4055,4558.39662382829,1.8193172693809174,1.9072441501720547
4056,4560.215941097671,0.7838924085608596,0.8218274008128493
4057,4560.999833506232,0.6295130953376429,0.6599944133762494
4058,4561.6293466015695,0.9674704876979376,1.0143371111585695
4059,4562.5968170892675,0.819229178337082,0.8589422823597235
4060,4563.4160462676045,1.399909577067774,1.467811852017636
4061,4564.815955844672,0.6010024275765318,0.6301832433707679
4062,4565.416958272249,0.8363678096975491,0.8769939803166156
4063,4566.253326081946,0.8681249086776006,0.9103189746125583
4064,4567.121450990624,0.8202354878731057,0.8601267681348482
4065,4567.941686478497,1.6740838166906542,1.755548948928702
4066,4569.615770295188,0.8175588797112141,0.8573910304221422
4067,4570.433329174899,1.0245696106621835,1.074516668619546
4068,4571.457898785561,0.7919616330254939,0.8305974660747257
4069,4572.249860418587,0.9963127688070017,1.0449453361260272
4070,4573.246173187394,0.6779573245812571,0.7110736600751191
4071,4573.924130511975,0.3734908724136403,0.39174367734721205
4072,4574.297621384389,1.892333007446723,1.9848374637358528
4073,4576.189954391835,0.6039634081225813,0.6335272005597242
4074,4576.793917799958,1.0651936299072986,1.1173568495727981
4075,4577.859111429865,1.0679144022069522,1.1202504122850405
4076,4578.927025832072,1.029892021926571,1.0804028759797484
4077,4579.956917853999,0.7601666515865872,0.7974760859913256
4078,4580.717084505585,1.1771027078657426,1.2349067053509009
4079,4581.894187213451,0.6740618727035326,0.7071906017416685
4080,4582.5682490861545,1.1054388348393331,1.159794718725511
4081,4583.673687920994,0.7070805782332172,0.7418758051059993
4082,4584.380768499227,0.5964896662053434,0.6258573903853462
4083,4584.977258165432,1.2305044399081453,1.2911128888458914
4084,4586.207762605341,1.467114471167406,1.5394397954358625
4085,4587.674877076508,1.3030371437089343,1.3673401693051863
4086,4588.977914220217,0.665535269292377,0.6984085672277816
4087,4589.643449489509,0.10536204447453201,0.11056870517000368
4088,4589.748811533984,1.455334979113104,1.5272583714866403
4089,4591.204146513097,0.8451625748111837,0.8869735824213077
4090,4592.049309087908,1.1104824848534918,1.1654516558830188
4091,4593.159791572762,0.6771004133688621,0.7106431165399055
4092,4593.8368919861305,0.9502985741946759,0.9973974648541815
4093,4594.787190560325,1.4764738408975973,1.549699742343546
4094,4596.263664401223,0.5662440578489623,0.5943559558181843
4095,4596.829908459072,0.9909038832583974,1.040117979819371
4096,4597.82081234233,1.552860097535813,1.6300375039911437
4097,4599.373672439866,0.5339069978235784,0.5604709589806305
4098,4599.9075794376895,0.7224746757738103,0.75843396338851
4099,4600.630054113463,0.9729077037318348,1.0213559585828502
4100,4601.602961817195,0.6531616966449292,0.6857094190956223
4101,4602.25612351384,0.9535670312479851,1.0011058023380452
4102,4603.209690545088,1.4319908562301862,1.5034280049511222
4103,4604.641681401318,1.2417702939028459,1.3037794577932753
4104,4605.883451695221,0.5790207071868281,0.607959590891025
4105,4606.462472402408,1.2905601846296122,1.3550869291999592
4106,4607.7530325870375,0.46334835716606904,0.486535978469445
4107,4608.216380944204,1.0077798328566132,1.058228894938248
4108,4609.22416077706,0.8600708688672967,0.9031556105764655
4109,4610.0842316459275,1.4004428117523275,1.470638752884224
4110,4611.48467445768,0.543923000957875,0.5712129475047447
4111,4612.028597458638,0.7602565549032079,0.7984147555660943
4112,4612.788854013541,0.8954536277915395,0.9404210245707912
4113,4613.684307641332,1.8523084498492608,1.9453838777673076
4114,4615.536616091182,0.6856845704660373,0.7201828879681763
4115,4616.222300661648,0.7362821191863986,0.7733435194422337
4116,4616.958582780834,1.1490961293129658,1.2069660489930114
4117,4618.107678910147,0.6594917086713394,0.6927306569278598
4118,4618.767170618818,0.6984232780378079,0.7336402835954225
4119,4619.465593896856,1.0787717160665125,1.133193213722556
4120,4620.544365612923,0.8039136057741416,0.8444990333593584
4121,4621.348279218697,1.4710439026166569,1.5453500090144296
4122,4622.819323121314,0.9862888228826705,1.0361586967056966
4123,4623.805611944196,0.9206668108972735,0.9672498876955459
4124,4624.7262787550935,0.6829837465920718,0.7175623896833252
4125,4625.409262501686,0.9337232021480304,0.9810184261103305
4126,4626.342985703834,1.4472441192747283,1.520596849543612
4127,4627.790229823108,0.6732135787806328,0.7073685319191643
4128,4628.463443401889,0.5107913553738399,0.5367177720310118
4129,4628.974234757263,0.914548182051476,0.9609842884734039
4130,4629.888782939314,1.3376240496563696,1.4055838538940633
4131,4631.226406988971,0.5359940549788007,0.563250602260883
4132,4631.7624010439495,1.8020379482313729,1.8937089702642724
4133,4633.564438992181,0.7426664265913132,0.7804924024302166
4134,4634.307105418772,1.0500554682375878,1.1035643693520993
4135,4635.35716088701,0.6711830736740012,0.7054095336586587
4136,4636.028343960684,0.3639367867690453,0.3825038471244467
4137,4636.392280747453,1.3997912326194637,1.4712222444374379
4138,4637.792071980072,0.9560817678247986,1.0049163256101372
4139,4638.748153747897,0.9672270750879761,1.016662641979722
4140,4639.715380822985,0.8463589079738085,0.8896449128583988
4141,4640.561739730959,1.1965326491099404,1.2577626024433235
4142,4641.758272380069,0.9274857965838237,0.9749859191835387
4143,4642.685758176653,1.065977686919723,1.120604409125254
4144,4643.751735863572,1.0013696636387976,1.0527220939389037
4145,4644.753105527211,0.609881825193952,0.6411788302145236
4146,4645.362987352405,1.3764987216691225,1.4471645921906744
4147,4646.739486074074,0.37777765838927735,0.3971895959919429
4148,4647.1172637324635,0.9953444423335895,1.0465026539740765
4149,4648.112608174797,0.45227864178468735,0.4755400472270851
4150,4648.564886816582,2.0494435117225294,2.1548813678806398
4151,4650.614330328304,1.0497908175593693,1.1038731204817422
4152,4651.664121145864,0.424277983029242,0.44615084560454144
4153,4652.088399128893,1.030756926338654,1.0839106455519523
4154,4653.1191560552315,0.9497935443914685,0.9988056612950724
4155,4654.068949599623,0.8783743582944226,0.9237295694501535
4156,4654.947323957917,0.774236938523245,0.8142382264942125
4157,4655.721560896441,1.2008576767957493,1.2629322965630212
4158,4656.922418573236,0.8984716216082234,0.9449522089162847
4159,4657.820890194845,0.5740597629301192,0.6037751933049009
4160,4658.394949957775,1.5237376526374646,1.6026417664605244
4161,4659.918687610412,0.6452763238412444,0.6787244268661375
4162,4660.5639639342535,1.5160406689765296,1.5946585275404244
4163,4662.08000460323,0.8658863162045236,0.9108337110757152
4164,4662.9458909194345,0.5591346741084635,0.5881753881923819
4165,4663.505025593543,0.8178716527445431,0.8603664302260552
4166,4664.3228972462875,0.8184787068457808,0.8610278689710454
4167,4665.141375953133,0.9494227996792688,0.9988056910073632
4168,4666.090798752813,1.3336295152103048,1.4030395706312404
4169,4667.424428268023,0.6307494840220897,0.6636061469989767
4170,4668.055177752045,1.774335770104699,1.866801674816684
4171,4669.82951352215,0.5211182238672336,0.5483067607251175
4172,4670.350631746017,0.6814747527068903,0.7170417459544136
4173,4671.032106498724,0.8457414658514608,0.88990137725466
4174,4671.877847964575,1.4048425567134473,1.4782360940868116
4175,4673.282690521289,0.844025527231679,0.8881605492033932
4176,4674.12671604852,0.6149238149519078,0.647096530759744
4177,4674.741639863472,0.9859268229529334,1.0375309991501152
4178,4675.727566686425,0.6065291297009026,0.6382956927240006
4179,4676.334095816126,1.5961233310135867,1.6797521878802333
4180,4677.93021914714,1.1572718939423794,1.217969992018407
4181,4679.087491041082,1.0009778183948583,1.0535178088990944
4182,4680.088468859477,0.5179282517619868,0.5451312470461153
4183,4680.606397111239,0.998493635423074,1.0509548125012729
4184,4681.604890746662,1.043771678468147,1.0986472126948155
4185,4682.64866242513,0.37262864147032815,0.39223254117215955
4186,4683.0212910666005,1.1656237229935869,1.2269616577754574
4187,4684.186914789594,1.2208748526327327,1.285168593392017
4188,4685.407789642227,1.3003655035045085,1.3688993172333273
4189,4686.708155145731,0.36402282952531095,0.3832241838938477
4190,4687.072177975257,1.1804250311715805,1.242704287194149
4191,4688.252603006428,1.2524594308779342,1.3185894193710714
4192,4689.505062437306,0.6737775697947654,0.7093817395538792
4193,4690.178840007101,1.117928781612136,1.1770286254159261
4194,4691.296768788713,0.565331302091181,0.5952392573499559
4195,4691.862100090804,1.0043327712010068,1.057484663540265
4196,4692.866432862005,1.0729844313309513,1.1298060984085385
4197,4693.939417293336,0.234525499989104,0.2469537194155285
4198,4694.173942793325,1.9219070794852087,2.0237700625591497
4199,4696.0958498728105,1.2582975987315876,1.325070596772519
4200,4697.354147471542,0.4202562896125528,0.4425755885796663
4201,4697.774403761155,1.150100448017838,1.2111972556750026
4202,4698.9245042091725,0.5727480217901757,0.6031964395206667
4203,4699.497252230963,0.6613510499473705,0.6965226088529871
4204,4700.15860328091,1.6839837544403053,1.7735780422709504
4205,4701.84258703535,0.5950586606504658,0.626751951594115
4206,4702.437645696001,0.5775281445394285,0.608299378529817
4207,4703.01517384054,1.3229445668885091,1.3934581350979398
4208,4704.338118407429,1.1440203746142288,1.2050484095342964
4209,4705.482138782043,0.986432121208054,1.0390917480126636
4210,4706.468570903251,0.7186010488894681,0.7569867727022899
4211,4707.1871719521405,1.4082555000286447,1.483514917231143
4212,4708.595427452169,0.7372507053087247,0.7766856560499461
4213,4709.332678157478,0.612262188807108,0.6450268599739437
4214,4709.944940346285,0.6073016587424718,0.6398134368624782
4215,4710.552242005027,1.139738179806045,1.2007772328339497
4216,4711.6919801848335,1.085817292203501,1.1440104021933903
4217,4712.777797477037,1.4699256301000787,1.5487584849991312
4218,4714.247723107137,0.7502397177549938,0.7905126898945518
4219,4714.997962824892,0.95465890221476,1.0059293025980733
4220,4715.952621727107,0.7076174919848199,0.7456432188719765
4221,4716.660239219092,1.0731618624340626,1.1308567241358727
4222,4717.733401081526,0.7964936852677056,0.8393432718887273
4223,4718.529894766793,1.0658094000691563,1.1231762084035677
4224,4719.595704166863,0.7909902066876384,0.8335934030968504
4225,4720.38669437355,1.150846566411019,1.2128625323816757
4226,4721.537540939961,0.41702087961493817,0.4395091708831562
4227,4721.954561819576,1.2803731195699584,1.3494365894832359
4228,4723.234934939146,1.7614869385051861,1.8565777491843525
4229,4724.996421877651,0.4907746969984146,0.5172974406676739
4230,4725.48719657465,0.7839472781079166,0.8263267909283771
4231,4726.271143852758,0.6781519718524578,0.7148301858389452
4232,4726.94929582461,1.262308528329413,1.3306099883012448
4233,4728.2116043529395,0.5389028771796802,0.5680849359079618
4234,4728.750507230119,0.9109943182384086,0.9603419759468173
4235,4729.661501548358,1.3012127751462685,1.3717380721498345
4236,4730.962714323504,1.0591927214209136,1.1166469842637436
4237,4732.021907044925,1.171857895163157,1.2354652567228146
4238,4733.193764940088,0.6503337594485856,0.6856589027389964
4239,4733.8440986995365,0.683719133354316,0.7208726698161805
4240,4734.527817832891,1.5171061032870057,1.5995810500442884
4241,4736.044923936178,0.5519161283000358,0.5819482719851062
4242,4736.596840064478,1.1871954834177814,1.2518179423421272
4243,4737.784035547896,0.6485469689341699,0.6838751106148199
4244,4738.43258251683,0.3611508004796633,0.38083154805992964
4245,4738.7937333173095,1.538832654041471,1.6227093011253373
4246,4740.332565971351,1.3893198330642917,1.4651188257221262
4247,4741.721885804415,0.692151505957554,0.7299464288589691
4248,4742.414037310373,1.3038833187965793,1.3751121379385844
4249,4743.717920629169,0.7038908545264349,0.7423739526919564
4250,4744.421811483696,0.5750417861627284,0.6064940313931667
4251,4744.996853269859,0.8455657605854867,0.8918307821969697
4252,4745.842419030444,0.9971747124936883,1.0517632773760182
4253,4746.839593742938,1.4962129466966871,1.5781705060011963
4254,4748.335806689634,0.365074439538148,0.38509031219564543
4255,4748.700881129173,1.027219089164646,1.083550820271149
4256,4749.728100218337,1.4878488410295176,1.5694922932826134
4257,4751.215949059367,0.46678351974424004,0.49242082651449665
4258,4751.682732579111,1.401293522373635,1.478279143175486
4259,4753.084026101485,0.8348097386970039,0.8807125011731961
4260,4753.918835840182,0.6707291357133727,0.7076285264267822
4261,4754.589564975895,0.9993838833261179,1.0543862760756637
4262,4755.588948859221,0.767191630355228,0.8094406826796352
4263,4756.356140489576,0.8665311433214811,0.9142730447898876
4264,4757.222671632898,0.747997940336063,0.7892308911956025
4265,4757.970669573234,2.187920636069066,2.3085832345058472
4266,4760.158590209303,0.2824578493109584,0.2980559089008935
4267,4760.441048058614,1.0753827048856692,1.1347782998829357
4268,4761.5164307635,0.4675630446345167,0.4934043201191386
4269,4761.983993808134,1.1741946980791909,1.2391084434046435
4270,4763.158188506213,1.1172359010934088,1.1790445966617145
4271,4764.275424407307,0.7230523962871303,0.763080718524939
4272,4764.998476803594,0.8047785813105293,0.8493507184789025
4273,4765.803255384904,1.08156267321192,1.1414933871531818
4274,4766.884818058116,0.9840407729452636,1.0386032173466173
4275,4767.8688588310615,0.8576120975094454,0.9051925817672384
4276,4768.726470928571,1.5300262291211766,1.6149561760590367
4277,4770.256497157692,0.6347868816164919,0.6700555605588675
4278,4770.891284039309,1.1662107898946488,1.2310300116256536
4279,4772.057494829203,0.5874441069145178,0.6201177192645893
4280,4772.644938936118,0.7948588367944467,0.8390844182210551
4281,4773.439797772912,0.6168219526307439,0.6511579917878489
4282,4774.056619725543,1.3390915239206151,1.4136609921131613
4283,4775.395711249464,1.033490004905616,1.0910876908279772
4284,4776.429201254369,1.2064757289017507,1.2737556764851206
4285,4777.635676983271,0.7384477132000029,0.7796574395508817
4286,4778.374124696471,1.2220266818758319,1.2902530183174903
4287,4779.596151378347,0.8829717106600583,0.9323043797783392
4288,4780.479123089007,0.22946441343628976,0.24229160646653852
4289,4780.708587502443,1.6482869291703537,1.740439710744976
4290,4782.3568744316135,0.9863496935222429,1.0415488600684915
4291,4783.343224125136,0.3712926702501136,0.39208353810746444
4292,4783.714516795386,0.9264508832193314,0.9783397806468519
4293,4784.640967678605,0.8844476594877051,0.9340112884839781
4294,4785.525415338093,1.727260008068697,1.8241048730599185
4295,4787.252675346162,0.899894778093767,0.9504022064568153
4296,4788.152570124255,0.8464456162291754,0.893978482019961
4297,4788.9990157404845,0.699332193277769,0.7386234551861456
4298,4789.698347933762,1.0354679350984952,1.0936687026351581
4299,4790.733815868861,0.5573549521523091,0.5887014959897786
4300,4791.291170821013,1.1176531976043407,1.1805325142497005
4301,4792.408824018617,0.9384956335807146,0.9913303602330787
4302,4793.347319652198,0.9394450630134088,0.992362516990849
4303,4794.286764715212,1.493353116326034,1.5775179116487041
4304,4795.780117831538,0.572785600293173,0.6050959629987216
4305,4796.352903431831,0.7450301661147023,0.7870708637654725
4306,4797.0979335979455,1.3229082646530514,1.397590275041601
4307,4798.4208418625985,1.2523695416948613,1.3231243961235897
4308,4799.673211404293,0.42455621093540685,0.4485599057469443
4309,4800.097767615229,0.5732345708074718,0.6056523599609666
4310,4800.671002186036,1.5173673224680897,1.6032069201682755
4311,4802.188369508504,0.18948136125345627,0.2002101179318956
4312,4802.377850869758,1.3267418069990526,1.4018725143138477
4313,4803.704592676757,1.3676238032949186,1.445129700690143
4314,4805.072216480052,1.2997571010364481,1.3734757464308556
4315,4806.371973581088,0.5492970133473136,0.5804752726336442
4316,4806.921270594436,0.6197414392372593,0.6549294166232278
4317,4807.541012033673,1.063487135550531,1.1238921400795725
4318,4808.604499169223,0.7423811506114362,0.7845737908333438
4319,4809.346880319835,1.1850010235002628,1.2523787257154717
4320,4810.531881343335,1.100407501187874,1.1630184668802854
4321,4811.632288844523,0.5284833590840208,0.5585722335971082
4322,4812.160772203607,0.8847799207514981,0.9351697862608702
4323,4813.045552124358,1.6360076931650838,1.7292292501232724
4324,4814.6815598175235,0.6427167320516673,0.6793742178764532
4325,4815.324276549575,1.1274817073999657,1.1918118195357807
4326,4816.451758256975,0.7811171505736638,0.8257140332111607
4327,4817.232875407549,1.0072580769183332,1.0647921824100426
4328,4818.240133484467,0.7882927116979772,0.8333458494016873
4329,4819.028426196165,0.7262019724012134,0.7677253581461304
4330,4819.754628168566,0.45540184863693867,0.4814521191186494
4331,4820.210030017203,2.0111348555001314,2.126207684882744
4332,4822.221164872703,0.6845620966096249,0.7237767220168544
4333,4822.905726969313,1.231810510476862,1.3024016792219122
4334,4824.13753747979,0.5408602756360779,0.5718772522096659
4335,4824.678397755426,1.05789774693676,1.1185843979473338
4336,4825.736295502363,0.7580457124986424,0.801557704337985
4337,4826.494341214861,1.2729800485012674,1.3460812081850213
4338,4827.767321263363,0.5706253575272058,0.6034175942758375
4339,4828.33794662089,1.0483632980440234,1.1086295127376182
4340,4829.386309918934,0.7505136402332937,0.7936836014693155
4341,4830.136823559167,1.0488696496522607,1.109227154456699
4342,4831.185693208819,1.0391735220546252,1.0990089710551953
4343,4832.224866730874,1.4383972284913398,1.5212691525547624
4344,4833.663263959365,1.0020772305706487,1.0598584487071232
4345,4834.665341189936,0.47868541972547973,0.5063029037759925
4346,4835.1440266096615,0.8079401666400372,0.8545665477195898
4347,4835.951966776302,0.6569986026752304,0.6949315883286669
4348,4836.608965378977,1.4177445284230998,1.4996311892586676
4349,4838.0267099074,0.6337738255679142,0.6704091529996871
4350,4838.660483732968,0.9866743794764261,1.043729710807485
4351,4839.647158112444,1.4175655328645007,1.4995835328221363
4352,4841.064723645309,0.9787810424631971,1.0354573183713407
4353,4842.043504687772,0.5419077123442548,0.5733042920588348
4354,4842.585412400116,1.035923600676142,1.0959604960952154
4355,4843.621336000792,1.0782769685665698,1.1408051585669545
4356,4844.699612969359,0.997121449808219,1.0549788382429388
4357,4845.696734419167,0.9610257243512024,1.0168201563244932
4358,4846.657760143518,0.25828919129617134,0.2732928822400376
4359,4846.9160493348145,1.1913560563534702,1.2605705204282753
4360,4848.107405391168,0.7776365130030172,0.822845442727956
4361,4848.885041904171,1.986476888031575,2.1020140633392077
4362,4850.871518792203,0.5972042062294349,0.6319776400598275
4363,4851.468722998432,0.5323420849626928,0.5633492194671239
4364,4852.001065083395,1.4247503485794368,1.5077621405870898
4365,4853.425815431974,0.6011912740477783,0.6362472328184415
4366,4854.027006706022,0.5472893967389609,0.579213081445496
4367,4854.574296102761,1.1441662610895946,1.2109266246491615
4368,4855.71846236385,1.203367717654146,1.273627530441565
4369,4856.921830081505,0.8935501786663735,0.9457562279581461
4370,4857.815380260171,0.7887919581962706,0.8349005579651941
4371,4858.604172218367,1.0763594060617834,1.139305489646299
4372,4859.680531624429,1.1287991010858605,1.1948516821083401
4373,4860.809330725515,1.2673236622094919,1.3415289638882497
4374,4862.076654387724,0.2826952580262514,0.2992595753911099
4375,4862.359349645751,1.4008042740106248,1.482896315809669
4376,4863.760153919761,0.43179474780026794,0.4571192293797745
4377,4864.1919486675615,0.8634026050895045,0.9140528061060893
4378,4865.055351272651,1.0162269985412422,1.075871116380179
4379,4866.071578271192,0.8824429977130421,0.9342644349963297
4380,4866.954021268905,1.6343057698077246,1.7303274899928562
4381,4868.588327038713,0.8783092472831413,0.9299602099577318
4382,4869.466636285996,1.0506175459240694,1.11243165067555
4383,4870.51725383192,0.17931089143894496,0.1898669786995562
4384,4870.696564723359,1.0089748066475295,1.0683793753153776
4385,4871.705539530007,1.4876418459398337,1.5752775362826725
4386,4873.193181375947,0.625264851521024,0.6621290447107472
4387,4873.818446227468,0.9715505556414428,1.0288508046230205
4388,4874.789996783109,0.4476640540360677,0.47408065046927905
4389,4875.237660837145,1.50548149030692,1.5943417557993242
4390,4876.743142327452,0.9821572402497623,1.040176825772884
4391,4877.725299567702,0.9037060154523715,0.9571201667240055
4392,4878.629005583154,1.429121775729982,1.5136331151061706
4393,4880.058127358884,0.5515336427451984,0.5841743807111354
4394,4880.609661001629,0.7013513382507881,0.742871167562249
4395,4881.31101233988,0.9934498952234208,1.0522846077211385
4396,4882.3044622351035,0.5863237008579745,0.6210663205507021
4397,4882.8907859359615,1.0366282983295605,1.0980735357660485
4398,4883.927414234291,1.4346604896991266,1.5197472073845824
4399,4885.36207472399,0.9084041560054175,0.9623221729671675
4400,4886.270478879996,0.9280017667042557,0.9831104537806803
4401,4887.1984806467,0.9771301885184585,1.0351858626447237
4402,4888.175610835218,0.7324685107914775,0.7760110460262621
4403,4888.90807934601,1.306371970174041,1.3840620894385498
4404,4890.214451316184,0.41330557208129903,0.43790248554836797
4405,4890.627756888265,1.1552991864909927,1.2240696523121737
4406,4891.783056074756,1.1519229677305702,1.2205357637983234
4407,4892.934979042487,0.4533585932767892,0.4803792982763393
4408,4893.3883376357635,0.5748318938030934,0.6091010267194845
4409,4893.963169529567,2.0005700164192604,2.1198732416699477
4410,4895.963739545986,0.9940071449782408,1.0533490363999187
4411,4896.957746690964,0.693034606612855,0.7344309304216238
4412,4897.650781297577,0.8065104689067084,0.8547030944490691
4413,4898.457291766484,0.7039089224135751,0.7459890912744506
4414,4899.161200688897,1.2683626903608456,1.3442153072956857
4415,4900.429563379258,0.31331836723620654,0.33206883251553665
4416,4900.742881746494,1.5643281564034623,1.657960931308499
4417,4902.307209902898,0.5144221656510126,0.5452390056221531
4418,4902.821632068549,1.407000868898649,1.4913117925843864
4419,4904.228632937447,0.9138561432255301,0.9686583656034082
4420,4905.142489080673,0.9557490616734867,1.0130918650518936
4421,4906.098238142346,0.6013038313130892,0.637399359692328
4422,4906.6995419736595,1.6305473775528299,1.7284589325275217
4423,4908.330089351212,0.583432093083502,0.6184970349348606
4424,4908.913521444296,0.7105902706880443,0.7533110078983948
4425,4909.624111714984,0.6209699524752068,0.6583170150058958
4426,4910.245081667459,1.0468284346789005,1.1098090208936884
4427,4911.291910102138,1.159398833967316,1.2291913546760667
4428,4912.451308936105,1.2093286819608693,1.2821722686682853
4429,4913.660637618066,1.1320082135080156,1.2002387694770613
4430,4914.792645831574,0.907594857987533,0.9623324187145144
4431,4915.700240689562,0.6319237879970387,0.6700540409566396
4432,4916.332164477559,0.898616026685886,0.9528568615792322
4433,4917.230780504245,0.5767545386052007,0.6115844576256843
4434,4917.80753504285,1.679501294248439,1.7809568905897541
4435,4919.487036337098,0.40228871498038643,0.42661210139877637
4436,4919.889325052079,0.9511054915619752,1.0086240971009892
4437,4920.840430543641,1.1301600840024548,1.1985418792674993
4438,4921.970590627643,0.7484007461134752,0.7937110526835924
4439,4922.718991373757,1.5981068762321229,1.6948994762626568
4440,4924.317098249989,0.7605084393399011,0.8066094704523703
4441,4925.077606689329,0.7174199920964384,0.7609266903258572
4442,4925.795026681425,0.9326155282260515,0.9891940084326896
4443,4926.727642209651,0.8703090809840432,0.923133872550549
4444,4927.597951290635,0.9281135125229412,0.9844729272718246
4445,4928.526064803158,0.4310714425500919,0.4572610475863917
4446,4928.957136245708,1.2831821972222315,1.361159375169249
4447,4930.24031844293,1.7964943312072137,1.905739191478152
4448,4932.036812774138,0.5638577529034592,0.5981786494300869
4449,4932.600670527041,0.4674553167706108,0.4959168944170652
4450,4933.068125843812,1.2841632782001398,1.3623704676338921
4451,4934.352289122012,0.8487051277761566,0.9004275157154256
4452,4935.200994249788,0.9329552737181075,0.989837630640871
4453,4936.133949523506,1.073213462487729,1.1386796588028136
4454,4937.207162985994,0.5632027142246443,0.5975776583178135
4455,4937.7703657002185,0.9834498260743203,1.043492306785205
4456,4938.753815526293,0.8879092584138562,0.9421468515335975
4457,4939.641724784707,1.2105700779457038,1.2845519178061025
4458,4940.852294862652,1.283233715539609,1.361706310277995
4459,4942.135528578192,0.8413678839979184,0.892854174643342
4460,4942.97689646219,1.0009702696970635,1.0622503165967905
4461,4943.977866731887,0.6637362881629087,0.7043920424197047
4462,4944.64160302005,0.5452954978782145,0.5787080639340947
4463,4945.186898517928,0.9323549607152017,0.9895006638118659
4464,4946.119253478643,1.3812368432045332,1.4659367622202453
4465,4947.500490321848,0.8893184755943366,0.9438925988856504
4466,4948.389808797442,0.6961065876603243,0.7388439381585419
4467,4949.085915385102,1.52989720615642,1.6238592460309833
4468,4950.615812591259,0.8865723380276904,0.9410667620191459
4469,4951.502384929287,0.37641298888411256,0.39956047373844594
4470,4951.878797918171,1.3217577505038207,1.403055122641061
4471,4953.2005556686745,1.054512010990038,1.1194166872477371
4472,4954.2550676796645,0.7215086997384788,0.7659416365855399
4473,4954.976576379403,0.8456834367134434,0.8977830724258211
4474,4955.8222598161165,0.6437954627390354,0.6834749639269823
4475,4956.4660552788555,0.8658343514352964,0.9192168327676941
4476,4957.331889630291,1.6970996903410196,1.801780501302944
4477,4959.028989320632,1.1349390870618663,1.205006432648362
4478,4960.163928407694,0.5941618569258935,0.6308650636203148
4479,4960.75809026462,0.9303726785674371,0.9878623987186099
4480,4961.688462943187,0.5734895049754414,0.6089437660379061
4481,4962.261952448162,1.2641661693241986,1.3423426884290073
4482,4963.526118617487,0.7809127876826096,0.8292363915650454
4483,4964.307031405169,0.6182036844384129,0.6564741774061138
4484,4964.925235089608,1.7079811802568656,1.8137492452631254
4485,4966.6332162698645,0.23542931729843986,0.2500213488857514
4486,4966.868645587163,1.5259953400627637,1.620588837546571
4487,4968.394640927226,0.4414537278771604,0.46884017287823415
4488,4968.836094655103,1.6438880243449603,1.7458930772264105
4489,4970.479982679448,0.8592628767619317,0.91262631643892
4490,4971.33924555621,0.4857505931868218,0.5159308861207387
4491,4971.824996149397,0.8884954679560906,0.9437126209174902
4492,4972.713491617353,0.9980864151057176,1.0601426800857336
4493,4973.711578032458,0.7189001148126408,0.7636208663794438
4494,4974.430478147271,0.880518995141756,0.9353138563164402
4495,4975.310997142413,1.6530369351366971,1.7559522966967613
4496,4976.9640340775495,0.791120009158476,0.84041566673423
4497,4977.755154086708,1.0927016664682014,1.1608168885304768
4498,4978.847855753176,0.7330365734615043,0.7787571317877409
4499,4979.580892326638,0.5378702024809172,0.5714305527696056
4500,4980.118762529119,1.0739412185921537,1.1409681204231326
4501,4981.192703747711,1.3196577785274712,1.4020656483692973
4502,4982.512361526238,0.7126657883818552,0.7571992424300449
4503,4983.22502731462,0.7549485152912894,0.802141340548789
4504,4983.979975829911,0.5885677446076443,0.625374079186427
4505,4984.568543574519,1.6840232612858017,1.7893660223527805
4506,4986.252566835805,0.9353341469504812,0.9938935291658869
4507,4987.187900982755,1.0036963248194297,1.066565687185321
4508,4988.191597307575,0.7135692845722588,0.7582885718011817
4509,4988.905166592147,1.4403136942091805,1.5306107417427286
4510,4990.345480286356,0.10422153266063106,0.110760242351887
4511,4990.449701819017,0.7650725895700816,0.8130746910821001
4512,4991.214774408587,1.1646879328345676,1.2377910726783705
4513,4992.3794623414215,1.116286642392879,1.1863932651223001
4514,4993.495748983814,1.1369931884537436,1.208440710528506
4515,4994.632742172268,1.2465055323900742,1.3248798680008027
4516,4995.879247704658,0.3415731722061537,0.36306323332957824
4517,4996.220820876864,1.1753298302355688,1.249288443878644
4518,4997.3961507071,0.9738794885715834,1.035198128759513
4519,4998.3700301956715,0.9596511773015663,1.020103717793712
4520,4999.329681372973,0.9046355583550394,0.9616500691660039
4521,5000.234316931328,0.6000645010844892,0.6379007497922393
4522,5000.834381432413,1.0553921947794151,1.1219586667256376
4523,5001.889773627192,0.9642292646658461,1.025078224969882
4524,5002.854002891858,0.6309414864545033,0.6707772375606044
4525,5003.484944378312,2.0109631093955613,2.137969643950673
4526,5005.495907487708,0.7124736185032816,0.7575169287146601
4527,5006.208381106211,0.5801776998896457,0.6168702692549964
4528,5006.788558806101,0.6974241137504578,0.7415446401543926
4529,5007.485982919851,1.140216736450384,1.2123745382767581
4530,5008.626199656302,0.602844460920096,0.6410168866562432
4531,5009.229044117222,1.5821284275070866,1.6823399304108946
4532,5010.811172544729,0.12202556131069286,0.12976075390193628
4533,5010.9331981060395,1.4636356336377503,1.5564210763238855
4534,5012.396833739677,1.136772133470913,1.208889290539798
4535,5013.533605873148,0.7048361830493377,0.7495766351637646
4536,5014.2384420561975,1.1194858817416389,1.190571844111909
4537,5015.357927937939,0.8346189763888106,0.8876458975921552
4538,5016.192546914328,1.1552096538407568,1.2286356686480433
4539,5017.347756568169,0.7371569795013784,0.7840382602673428
4540,5018.08491354767,0.8549183027953404,0.9093088890442004
4541,5018.939831850465,0.4559996228917953,0.4850230469363952
4542,5019.395831473357,0.9569279221268516,1.017848223358686
4543,5020.352759395484,1.8502635882960021,1.9681118927391852
4544,5022.20302298378,0.6315030354071496,0.6717622111067478
4545,5022.834526019187,1.0703631220449097,1.1386216432630938
4546,5023.904889141232,0.8208634536358659,0.8732388768243099
4547,5024.725752594868,1.0052409987602005,1.0694068217179549
4548,5025.730993593628,0.4544832887240773,0.48350800973714175
4549,5026.185476882352,1.036086828691623,1.1022694779291546
4550,5027.221563711044,1.3163231098542383,1.4004497368949655
4551,5028.537886820898,0.6790701181562326,0.7224979997523826
4552,5029.216956939054,0.809979999481584,0.8617972353286565
4553,5030.026936938536,0.9409212482332805,1.0011393672742843
4554,5030.967858186769,1.4312053541461864,1.5228438232065336
4555,5032.399063540915,0.7675025392845782,0.8166796083195125
4556,5033.1665660802,1.3837950828146859,1.4724941560893459
4557,5034.550361163015,0.4630552458365855,0.4927566130151494
4558,5035.013416408851,0.5096420285799468,0.5423390329618354
4559,5035.523058437431,1.3186086695768608,1.4032276303923195
4560,5036.841667107008,0.6590256498793678,0.7013447085659085
4561,5037.5006927568875,0.8236268798355013,0.8765328882969695
4562,5038.324319636723,1.2975678161265023,1.3809513760303362
4563,5039.6218874528495,1.4195115409620485,1.510789555108675
4564,5041.0413989938115,0.7566355286462567,0.8053229317826134
4565,5041.798034522458,0.6941151939745396,0.7387961665683986
4566,5042.492149716432,0.5232956775344064,0.5569922717495884
4567,5043.015445393967,1.6413456973486973,1.7470640280615
4568,5044.656791091315,0.8103393888513892,0.8625749495189801
4569,5045.467130480167,0.47454502184609737,0.5051469595996584
4570,5045.941675502013,1.0559419279970825,1.1240521561433052
4571,5046.99761743001,0.865468754174799,0.9213219285582662
4572,5047.863086184185,0.9271426355435324,0.9870012460173518
4573,5048.790228819728,1.5182308794373967,1.6162959786585676
4574,5050.308459699166,0.7982398345202455,0.8498376927681899
4575,5051.106699533686,1.172610939259357,1.2484374701606618
4576,5052.279310472945,0.4928448167274837,0.5247326847657271
4577,5052.772155289673,0.9402100303213956,1.0010577579073054
4578,5053.712365319994,0.7221820233753533,0.7689409820861987
4579,5054.43454734337,0.7581251300734948,0.8072285302596212
4580,5055.192672473443,1.4131406064370822,1.5047027760462581
4581,5056.60581307988,0.9841831560142964,1.0479954992292702
4582,5057.589996235894,0.7554131811839397,0.8044159636815188
4583,5058.345409417078,1.0944964018199244,1.165521138215202
4584,5059.439905818898,1.1191750961215803,1.1918398345112498
4585,5060.55908091502,0.7671684140086654,0.8170054025297733
4586,5061.3262493290285,0.8422233976616553,0.8969564462174886
4587,5062.16847272669,1.0142432107522836,1.0801820629551107
4588,5063.1827159374425,1.1510976817298797,1.2259705369281138
4589,5064.333813619172,0.29515934932715027,0.314368592582314
4590,5064.6289729684995,0.8511519920439241,0.9065536453028301
4591,5065.480124960543,1.0964142242355592,1.1678093688355269
4592,5066.576539184779,1.8082760540573872,1.9260877523994782
4593,5068.384815238836,0.7111207051711972,0.75749159402618
4594,5069.095935944008,0.5796081945172773,0.6174163334485893
4595,5069.675544138525,1.1930071273509384,1.2708493014804751
4596,5070.868551265876,0.38124601126219204,0.4061360980747541
4597,5071.249797277138,1.1605753834473944,1.2363587764665709
4598,5072.410372660585,1.0718835164079792,1.14191453406524
4599,5073.482256176993,0.8738058645403726,0.9309249544887084
4600,5074.356062041534,0.5554082014123196,0.5917294420436153
4601,5074.911470242946,1.687167704834792,1.7975304019862477
4602,5076.598637947781,0.5543515829567696,0.5906427084515745
4603,5077.152989530738,0.8481196525208361,0.903657308118808
4604,5078.001109183258,1.6116169838824135,1.717193791301779
4605,5079.612726167141,0.5108959768731438,0.5443905041607012
4606,5080.123622144014,1.0064756266056065,1.0724766474587712
4607,5081.13009777062,0.5642466592034907,0.6012656984147718
4608,5081.694344429823,0.6234370818619936,0.6643504983519855
4609,5082.317781511685,1.452067407274626,1.5473885154271165
4610,5083.76984891896,0.6175904217843708,0.6581602850563903
4611,5084.387439340744,1.556791445752424,1.6590880523020297
4612,5085.9442307864965,1.0555307915792582,1.1249410418317243
4613,5086.999761578076,0.5329073596831222,0.5679682138133436
4614,5087.532668937759,1.0662323842534533,1.1363993475890564
4615,5088.598901322012,0.5791925912853912,0.6173276005496627
4616,5089.178093913298,1.1677828982601568,1.2446928316165746
4617,5090.345876811558,0.9170810720597729,0.9775133247067476
4618,5091.262957883618,1.1389840277706753,1.2140715206384478
4619,5092.401941911388,0.43581854079366167,0.4645653825648473
4620,5092.837760452182,0.8311196584436402,0.8859521094814409
4621,5093.668880110626,1.4180329509517833,1.511623362149337
4622,5095.086913061577,1.5510201246324868,1.6534564234890934
4623,5096.63793318621,0.3214906701186919,0.3427389239387139
4624,5096.959423856329,0.8550059025774317,0.9115243138796775
4625,5097.814429758906,1.142359247280183,1.2179030580844172
4626,5098.956789006186,0.6539540318080981,0.6972230998623126
4627,5099.610743037994,0.8807193782058675,0.9390104207072877
4628,5100.4914624162,0.5426006323004913,0.5785279565112208
4629,5101.034063048501,1.611885566670935,1.7186409578925819
4630,5102.645948615172,1.0823926378534452,1.1541340701114666
4631,5103.728341253025,0.6897517937341036,0.735492112181631
4632,5104.418093046759,1.2205424796702573,1.301507993657595
4633,5105.638635526429,0.4135904233680776,0.4410419627273323
4634,5106.0522259497975,1.3335141741135885,1.4220416764910626
4635,5107.385740123911,1.0620300254195172,1.1325787500368485
4636,5108.447770149331,0.511326549102705,0.5453099629852832
4637,5108.959096698433,0.879885392543656,0.9383777130210343
4638,5109.838982090977,0.9670595812904139,1.0313735031833702
4639,5110.806041672267,0.6970829821948428,0.7434632099046252
4640,5111.503124654462,1.5070325672631952,1.6073352836683177
4641,5113.010157221725,0.9358856587286937,0.9982187814844684
4642,5113.946042880454,1.4268000725351158,1.5218713025630648
4643,5115.372842952989,0.3539191448062411,0.37751736923691503
4644,5115.7267620977955,0.8337953659192863,0.8893994207008915
4645,5116.560557463715,0.4654359497626501,0.49648696430555916
4646,5117.025993413477,1.507845355149584,1.6084613221732875
4647,5118.533838768627,0.8318303929445392,0.8873760322500504
4648,5119.3656691615715,0.8743543049185973,0.932762100044626
4649,5120.24002346649,0.8434666891480447,0.8998340844565533
4650,5121.083490155638,1.3712912541104743,1.4629681861369621
4651,5122.454781409749,0.8481120681817629,0.9048482794574108
4652,5123.30289347793,0.7588915101423481,0.8096791234282095
4653,5124.061784988073,1.1919017686959705,1.271696005128403
4654,5125.253686756769,1.0254312584029321,1.094118753067118
4655,5126.279118015172,0.4508752766123507,0.48109106502675575
4656,5126.729993291784,1.0117236673113439,1.0795393472502297
4657,5127.741716959095,0.9399080152925308,1.002939421062914
4658,5128.681624974388,0.2828588842858153,0.30183600550581646
4659,5128.964483858674,2.0794151149157187,2.218942199517784
4660,5131.043898973589,0.9632688641795539,1.0279655743816305
4661,5132.007167837769,0.6759692162331703,0.7213900115261633
4662,5132.683137054002,0.6234389356577594,0.6653431015353601
4663,5133.30657598966,1.356467889162559,1.4476684855752382
4664,5134.6630438788225,0.5089201948339905,0.5431582736070735
4665,5135.171964073656,0.9579720084384462,1.0224355758933552
4666,5136.129936082095,1.076355316399713,1.1488170527823014
4667,5137.206291398495,0.8366665588000615,0.8930200175061034
4668,5138.042957957295,1.0785730048255573,1.1512479643718907
4669,5139.12153096212,0.5575946875724185,0.595184412010902
4670,5139.679125649693,1.41749828594493,1.5130820838189238
4671,5141.096623935638,1.351283929233432,1.4424621101058315
4672,5142.447907864871,0.45412435784874106,0.48478549349489375
4673,5142.90203222272,1.0316683112023384,1.1013380083976665
4674,5143.933700533922,0.6540520676062442,0.6982418035470421
4675,5144.587752601528,0.8926965726122944,0.953027917094313
4676,5145.480449174141,0.669196745429872,0.7144417224751699
4677,5146.1496459195705,1.4131459204390922,1.508719200365374
4678,5147.56279184001,0.6907355172761527,0.7374812300852797
4679,5148.253527357286,1.5147329235014695,1.6172752307069027
4680,5149.768260280787,0.9413546815194422,1.0051252910275943
4681,5150.709614962307,0.4322346242315689,0.4615282606883158
4682,5151.141849586538,1.04436503652596,1.1151582509720157
4683,5152.186214623064,0.766912671638238,0.8189232743957204
4684,5152.953127294702,1.7037181444648013,1.8193015253310734
4685,5154.656845439167,0.24229835842652392,0.2587490738522098
4686,5154.899143797594,0.594218784939585,0.6345673919163213
4687,5155.493362582533,1.0160847457182172,1.0850975091539676
4688,5156.509447328252,1.3096182274939565,1.3986089434637698
4689,5157.8190655557455,1.135758445081592,1.2129810052986554
4690,5158.954824000827,1.1029122507979991,1.1779401790358537
4691,5160.057736251625,0.7950436762894242,0.8491552450211872
4692,5160.8527799279145,0.7526129942343687,0.8038551371029342
4693,5161.605392922149,0.9817937630577944,1.048662612439031
4694,5162.587186685207,0.47297778316624317,0.5052060756781263
4695,5163.060164468373,1.0421475536595608,1.1131737716501582
4696,5164.1023120220325,1.2044594833751034,1.286586550174685
4697,5165.306771505408,0.8852014030853752,0.9455924489970076
4698,5166.191972908493,1.2916214936767574,1.3797749408099536
4699,5167.48359440217,0.5072336550938417,0.54187264289931
4700,5167.990828057264,1.0793665067685652,1.1530933102253547
4701,5169.070194564032,1.2213215232404764,1.304785245846992
4702,5170.291516087273,0.9444114142006583,1.0089869249280434
4703,5171.235927501473,0.3495536697691932,0.3734650739167785
4704,5171.5854811712425,1.2162077055490954,1.2994161223621437
4705,5172.801688876792,0.8733356795237341,0.9331187489446676
4706,5173.675024556315,0.6848765808626922,0.7317773267602921
4707,5174.359901137178,0.7332216398326636,0.7834485302842633
4708,5175.093122777011,2.1440094723702714,2.290926003696285
4709,5177.237132249381,0.3724977731499166,0.39804744088169886
4710,5177.609630022531,1.142564597918863,1.2209463262719642
4711,5178.75219462045,0.45041177103848895,0.4813265442424995
4712,5179.202606391488,0.9040198111651989,0.9660812519722589
4713,5180.106626202653,1.083166205867201,1.1575562298780608
4714,5181.189792408521,0.9411216080652594,1.0057875659782518
4715,5182.130914016586,0.8679123125930346,0.9275730321245651
4716,5182.998826329179,0.9514806840597885,1.016911294690706
4717,5183.950307013239,0.7354880191505799,0.7860869177174208
4718,5184.685795032389,1.6699517777797155,1.784876087313382
4719,5186.355746810169,0.3537257907764797,0.37808695442131407
4720,5186.709472600945,1.1783751665279851,1.2595428828937314
4721,5187.887847767473,1.1888718460941163,1.2708055678257613
4722,5189.076719613568,0.7828690480901059,0.8368507426456779
4723,5189.859588661658,0.4957024667019141,0.5298948730223593
4724,5190.35529112836,0.77151046966992,0.8247391998038305
4725,5191.1268015980295,0.9196853579505841,0.9831588561799746
4726,5192.04648695598,1.357928387747961,1.4516861877750022
4727,5193.404415343728,1.3030735578468011,1.393098154775326
4728,5194.707488901575,0.451674952160829,0.4828975610312953
4729,5195.159163853736,1.548160344257667,1.6552003316182813
4730,5196.707324197993,0.41017413368444977,0.43855307223243895
4731,5197.117498331678,0.600825844474457,0.6424030528479069
4732,5197.718324176152,1.5055340229373542,1.6097448269939016
4733,5199.22385819909,0.5524710308445719,0.5907377109516864
4734,5199.776329229934,1.1849819831077184,1.2670793149327488
4735,5200.961311213042,0.5945326612072677,0.6357443382863509
4736,5201.555843874249,0.9021458479255671,0.9646969966160952
4737,5202.457989722175,1.0632272274724528,1.1369764545113066
4738,5203.521216949647,1.5783900453152455,1.6879241343775677
4739,5205.099606994962,0.8009887098651234,0.8566128532999121
4740,5205.9005957048275,0.7325659738517061,0.7834564849380609
4741,5206.633161678679,0.581905003544307,0.6223423026871273
4742,5207.215066682224,1.0734562576844837,1.1480711551093847
4743,5208.288522939908,0.8497163617576007,0.9088071931064908
4744,5209.138239301666,0.8726717469016876,0.9333815953919057
4745,5210.010911048567,0.7973076512726038,0.8527958425132953
4746,5210.80821869984,1.611185769702388,1.723354603980779
4747,5212.419404469542,0.8972697725603211,0.95978077399188
4748,5213.316674242103,0.5802689499059852,0.6207110304577824
4749,5213.896943192009,0.878309367316433,0.9395390541971571
4750,5214.775252559325,1.279238792929391,1.3684528153911002
4751,5216.054491352254,0.8775179889616993,0.9387502872972923
4752,5216.932009341216,0.7187859791383744,0.7689613659595034
4753,5217.6507953203545,1.0406176880305793,1.1132815926711241
4754,5218.691413008385,0.3664642117137191,0.39206518359307885
4755,5219.057877220099,1.1629779540835443,1.2442358993819103
4756,5220.220855174182,1.20209614887699,1.2861299327169695
4757,5221.422951323059,1.4358363500332416,1.5362626031040738
4758,5222.858787673093,0.5756412646715034,0.6159283517484938
4759,5223.434428937764,1.0230345579202549,1.0946510566207373
4760,5224.457463495684,0.7986016009008381,0.8545317885954207
4761,5225.256065096585,0.8923590088797937,0.9548772190536302
4762,5226.148424105465,0.2031162769817456,0.21735201845414615
4763,5226.351540382447,1.831558289610257,1.9599374220692383
4764,5228.183098672057,1.0154585271629912,1.0866915325795743
4765,5229.19855719922,0.043254059779428644,0.046289608955225096
4766,5229.241811258999,1.6553984504244,1.7715756992201037
4767,5230.897209709424,0.9178738789187264,0.9823372739022382
4768,5231.8150835883425,1.069536604075438,1.144681322574761
4769,5232.884620192418,0.7734949030009375,0.8278651509618876
4770,5233.658115095419,0.9821747933001461,1.05123660342482
4771,5234.640289888719,0.9344452773148078,1.0001788845399007
4772,5235.574735166034,0.7257260630685778,0.7767979218565358
4773,5236.300461229102,0.6569781357566171,0.703226457285058
4774,5236.957439364859,0.8442560371358923,0.9037047425759597
4775,5237.801695401995,1.3910938061662819,1.4890840521299453
4776,5239.192789208161,1.4148468329240131,1.514570066363903
4777,5240.607636041085,0.8951894186857317,0.9583238939968635
4778,5241.502825459771,0.31989495658126543,0.34246468814773046
4779,5241.822720416352,0.9702649723358263,1.0387300553492504
4780,5242.792985388688,1.0895634799362597,1.1664787526795244
4781,5243.882548868624,0.9629021328037197,1.0309078792710489
4782,5244.845451001428,0.9102815161495528,0.974597488974789
4783,5245.755732517578,0.523518339336988,0.560522005816601
4784,5246.279250856915,1.3310695350182868,1.4251742054206045
4785,5247.610320391933,0.8312186241428208,0.8900181264103145
4786,5248.441539016076,0.9247971155837149,0.9902395709943796
4787,5249.366336131659,1.3089019725894104,1.4015619740522174
4788,5250.675238104249,1.1233205222633842,1.2028873842929624
4789,5251.798558626512,0.7234792401941377,0.7747492389611889
4790,5252.522037866706,0.3685372817435564,0.3946620830519238
4791,5252.89057514845,1.0534953432770635,1.1281870863356795
4792,5253.944070491727,0.9685603791858739,1.0372612328461692
4793,5254.912630870913,0.7005334328487152,0.7502434473864185
4794,5255.613164303762,1.468015760774506,1.5722176437205344
4795,5257.081180064536,0.843760942987501,0.903689820404671
4796,5257.924941007524,1.1833799529022144,1.2674608012177981
4797,5259.108320960426,0.6635835614169991,0.71075589535619
4798,5259.771904521843,1.1872857241678503,1.2717104487545825
4799,5260.959190246011,0.22128580117259844,0.23702879393642406
4800,5261.180476047183,1.668359639148548,1.7870633471416142
4801,5262.848835686332,0.5481294153460112,0.5871564561348627
4802,5263.396965101678,1.0144129159716613,1.0866563487469563
4803,5264.411378017649,0.6769965174080426,0.7252309345842476
4804,5265.0883745350575,0.5175617924123799,0.5544474509502416
4805,5265.60593632747,2.279427824002596,2.4419140311710943
4806,5267.8853641514725,0.3129066264982612,0.33523334380714126
4807,5268.198270777971,1.003122243118014,1.0747071572827163
4808,5269.201393021089,1.0580614838045221,1.1335990391178563
4809,5270.259454504893,0.626773021086592,0.671539883956744
4810,5270.88622752598,0.8107415891990968,0.8686636341744884
4811,5271.696969115179,0.8209912448546675,0.8796656556010441
4812,5272.517960360034,1.0607776084034413,1.1366153055307788
4813,5273.578737968437,1.1127710469363592,1.192361515374615
4814,5274.691509015373,0.9523698625826,1.0205196857385554
4815,5275.643878877956,1.0396241474136332,1.114047597666144
4816,5276.68350302537,0.7922564772725309,0.8489964928168512
4817,5277.475759502642,0.9036308798349637,0.9683689257407944
4818,5278.379390382477,1.3962773353650846,1.496347672291535
4819,5279.775667717842,0.5397782633590396,0.5784865612851847
4820,5280.315445981201,0.9245047051254005,0.9908173474835732
4821,5281.239950686327,0.39342937947640166,0.4216601458591538
4822,5281.633380065803,1.5304884941187993,1.6403277798708635
4823,5283.163868559922,0.31485062611318426,0.3374611772642936
4824,5283.478719186035,1.448207443118008,1.552222142229962
4825,5284.926926629153,1.510234928428872,1.618770506015882
4826,5286.437161557582,0.7003206477584172,0.7506822174295302
4827,5287.13748220534,0.5738980207643181,0.61518036569194
4828,5287.711380226105,0.804169371682292,0.8620297730976123
4829,5288.515549597787,0.8376956237234481,0.8979885309193839
4830,5289.35324522151,1.3217291264836604,1.4168935272014753
4831,5290.674974347994,0.724616161324775,0.7768172867750894
4832,5291.399590509319,0.8754258817589289,0.9385103743420302
4833,5292.275016391078,0.7493391237612741,0.8033573461041578
4834,5293.024355514839,1.4404051991677989,1.5442733240786164
4835,5294.464760714007,0.6615947611917363,0.7093312424435745
4836,5295.126355475199,1.4547012439825266,1.5596921873195
4837,5296.581056719181,0.5443382004141313,0.5836488143851927
4838,5297.125394919595,0.8557885197560609,0.9176052198536188
4839,5297.981183439351,1.2934957985780784,1.3869629350554034
4840,5299.274679237929,0.3526210820036795,0.37811494453514854
4841,5299.627300319933,0.5174365512057193,0.5548517519032768
4842,5300.144736871139,1.313394938073543,1.4083853191548796
4843,5301.458131809212,1.5233224111170784,1.633555722710299
4844,5302.981454220329,0.9038013255494661,0.9692450988367294
4845,5303.885255545879,0.6232023090615257,0.6683449598530685
4846,5304.50845785494,1.0178751571456814,1.091625597362363
4847,5305.526333012086,0.9724367553553748,1.0429246383713724
4848,5306.498769767441,0.8016188688006878,0.8597482579112883
4849,5307.300388636242,0.772401863740015,0.828431150928953
4850,5308.072790499982,1.2889629819092079,1.3824929687701957
4851,5309.361753481891,0.6710112451073655,0.7197272257028293
4852,5310.032764726999,0.5740363850291033,0.6157234549263378
4853,5310.606801112028,1.2522487796904898,1.343209824842281
4854,5311.859049891718,1.1211592668050798,1.2026402821502278
4855,5312.980209158523,1.4592176333108,1.5653162847339546
4856,5314.439426791834,0.5153672576770987,0.552861760368873
4857,5314.954794049511,0.7715028098136827,0.8276438434857103
4858,5315.726296859325,0.9129570468921884,0.9794125706629384
4859,5316.639253906217,0.5004809996662516,0.5369254474446548
4860,5317.139734905883,1.3055060533470169,1.4005910530314358
4861,5318.44524095923,0.9194933386570483,0.9864994823643126
4862,5319.3647342978875,0.7450187123968135,0.7993308826725107
4863,5320.109753010284,1.426941987410828,1.530998450239374
4864,5321.536694997695,1.0965855872436805,1.1765983740998853
4865,5322.633280584939,0.5039505272015958,0.5407379962365391
4866,5323.13723111214,0.6590967635484049,0.7072195561661905
4867,5323.796327875689,1.6700832673113837,1.7920543727679767
4868,5325.466411143,0.5721016491324917,0.613912478409114
4869,5326.038512792133,0.8292509976690781,0.889869216285437
4870,5326.867763789802,0.6124584932349535,0.6572443629991992
4871,5327.480222283037,0.9836223822339889,1.0555675140687657
4872,5328.463844665271,0.9133139280593241,0.980143321090057
4873,5329.37715859333,1.6378932550533136,1.7577865503238943
4874,5331.015051848383,0.8399819342839692,0.9015094402621994
4875,5331.855033782667,0.7274155562045053,0.7807159720312286
4876,5332.582449338872,1.1639001137973537,1.2492086304069843
4877,5333.746349452669,0.3148685047026447,0.33795785213822777
4878,5334.061217957372,1.1341703941443484,1.2173499088895772
4879,5335.195388351516,0.7525378757200087,0.8077541076926209
4880,5335.947926227236,1.111746533342739,1.1933440671342863
4881,5337.059672760579,1.1546020111554753,1.2393832399157227
4882,5338.214274771734,0.7188506931242955,0.7716599024372727
4883,5338.933125464859,0.7414395219975631,0.7959240727377375
4884,5339.674564986856,1.590392871752556,1.7072977568638579
4885,5341.264957858609,0.6427566982729331,0.6900342292297383
4886,5341.907714556882,1.0789752766413585,1.1583592315788362
4887,5342.986689833523,0.6366695994965994,0.6835320557571861
4888,5343.62335943302,0.8841731794191219,0.9492700556841573
4889,5344.507532612439,1.0207647292563706,1.0959449794816492
4890,5345.528297341695,0.5416682736613438,0.5815790982121484
4891,5346.0699656153565,0.8209718064863409,0.8814753188759964
4892,5346.890937421843,1.878731859882464,2.0172354839628737
4893,5348.769669281725,0.719388558418359,0.7724634501551148
4894,5349.489057840144,0.9068469322992314,0.9737714973507827
4895,5350.395904772443,0.8295151534039178,0.8907550745688052
4896,5351.225419925847,0.5462174576514371,0.5865560737844083
4897,5351.771637383498,1.1285408235717114,1.2119028401123506
4898,5352.90017820707,1.285024622241508,1.379988762884771
4899,5354.1852028293115,0.588276884737752,0.6317733959677791
4900,5354.773479714049,0.573583961573604,0.6160041246444234
4901,5355.347063675623,1.1918021530818805,1.2799637798077717
4902,5356.538865828705,1.172754063620232,1.259548172086504
4903,5357.711619892325,0.9574865494660116,1.0283823299685406
4904,5358.669106441791,0.9648114855845051,1.0362770705119908
4905,5359.6339179273755,1.2432086039189016,1.3353312613467667
4906,5360.877126531294,0.7538707608255208,0.809760957467344
4907,5361.63099729212,0.2856397247087443,0.30682277134598807
4908,5361.916637016829,1.0737683098031994,1.1534080893289245
4909,5362.990405326632,0.726875150372507,0.7808095510514518
4910,5363.717280477004,1.578986942229676,1.6961824061888504
4911,5365.296267419234,0.4459902613843951,0.4791134136295582
4912,5365.742257680618,1.637866171573478,1.7595301602858886
4913,5367.380123852192,0.5254192624897769,0.5644739821913971
4914,5367.905543114682,0.9080984864585844,0.975612123051365
4915,5368.81364160114,0.9939548514457783,1.0678783387117137
4916,5369.807596452586,0.9059433611309942,0.9733478537438711
4917,5370.713539813717,0.8247899367925129,0.8861785526848778
4918,5371.53832975051,1.1425375077405988,1.2276038064813595
4919,5372.68086725825,0.539105688941163,0.579262422975779
4920,5373.219972947191,0.8948622653642815,0.9615327729054337
4921,5374.114835212556,0.7549030324807973,0.811166073605306
4922,5374.869738245036,1.8529254135810334,1.9910656566376403
4923,5376.722663658617,0.9970672103054312,1.0714557714103865
4924,5377.719730868923,0.48730726112353295,0.5236783547017236
4925,5378.207038130046,0.5616755900018688,0.6036054037257587
4926,5378.768713720048,1.3350181627483835,1.4347011946495967
4927,5380.103731882797,0.7733246279822197,0.8310977153573904
4928,5380.877056510779,0.47109418626769184,0.5062991935096991
4929,5381.348150697047,1.4618426734677996,1.5711069752373994
4930,5382.809993370514,0.7186076178550138,0.772350453698363
4931,5383.528600988369,1.2911635352766098,1.387753803648436
4932,5384.819764523646,0.8700166099370108,0.9351346288835736
4933,5385.689781133583,0.6212681146380419,0.6677840618749399
4934,5386.311049248221,1.3944848806740993,1.498919163250293
4935,5387.705534128895,0.7436033658477754,0.7993231560835774
4936,5388.449137494743,1.1590089990759225,1.2458814790880464
4937,5389.608146493819,0.3013670676000402,0.32396608140280125
4938,5389.909513561419,1.0827465215825214,1.163949512996283
4939,5390.992260083001,0.5137055440964104,0.5522484600320647
4940,5391.505965627098,1.475994055940646,1.586759092533888
4941,5392.981959683038,1.1017575694768311,1.184486264394785
4942,5394.083717252515,1.0329461750716291,1.1105415471522777
4943,5395.116663427587,0.9991960441629999,1.0742865416680605
4944,5396.11585947175,0.8875702550521964,0.9542981319954825
4945,5397.003429726802,0.2585304310578067,0.2779736167382123
4946,5397.26196015786,1.015661837348489,1.092054018539473
4947,5398.277621995208,1.4348826452624053,1.542849150036132
4948,5399.712504640471,0.7063832278190603,0.7595643022730116
4949,5400.41888786829,0.7756083170743295,0.8340172491097965
4950,5401.194496185364,0.7526468892010598,0.8093438618153844
4951,5401.947143074565,1.4424470406720502,1.551138722566124
4952,5403.389590115237,0.8980976213806571,0.9658094925309737
4953,5404.287687736618,1.0667655861507228,1.1472223580942051
4954,5405.354453322769,0.8296794212965324,0.8922809258464418
4955,5406.184132744065,0.8914052526461091,0.9586859087629392
4956,5407.075537996711,0.6594763871498799,0.709269037043776
4957,5407.735014383861,0.8537013836821643,0.9181752341710929
4958,5408.588715767543,0.9890237084182445,1.0637423164613031
4959,5409.577739475962,0.5241325412835067,0.5637448769421196
4960,5410.101872017245,2.0177887215613737,2.1703181402969913
4961,5412.1196607388065,0.6372711228395929,0.6854817743329757
4962,5412.756931861646,0.6920104767887096,0.7443752218594415
4963,5413.448942338435,0.9429423167111963,1.014314372784604
4964,5414.391884655146,0.8331783085777715,0.8962653350357359
4965,5415.225062963724,1.286751345405719,1.3842137613945091
4966,5416.5118143091295,0.6789629839095142,0.7304153558148149
4967,5417.190777293039,0.5399986734455524,0.5809309882936114
4968,5417.7307759664845,1.4149933991029684,1.5222734349367695
4969,5419.1457693655875,0.5021446516711876,0.5402364389788317
4970,5419.647914017259,0.9472046009159385,1.019071801241415
4971,5420.595118618175,1.5120829262195912,1.6268511635499299
4972,5422.107201544394,1.2570834856742295,1.352552875000587
4973,5423.3642850300685,0.2185549671839908,0.23516121971190398
4974,5423.582839997252,1.407297504340022,1.5142358672123888
4975,5424.9901375015925,0.21544183006426465,0.2318218178145305
4976,5425.205579331657,0.8718942898003661,0.9381897024253449
4977,5426.077473621457,1.250313645755341,1.3454145559188866
4978,5427.327787267212,0.8730062403046759,0.9394405418546629
4979,5428.200793507517,1.106275970131719,1.1904900235764544
4980,5429.307069477649,0.786162916981084,0.8460342102780529
4981,5430.09323239463,1.4253180673058523,1.5338979248500513
4982,5431.518550461936,0.5627501017552277,0.6056435661384681
4983,5432.081300563691,0.7857613099822629,0.845665903236399
4984,5432.867061873673,1.0722527843499847,1.1540234971522432
4985,5433.939314658023,1.285196011404878,1.3832462827004783
4986,5435.224510669428,0.3897034916672055,0.4194494474777881
4987,5435.614214161095,1.044186511029693,1.123900883249128
4988,5436.658400672125,0.1622442579628114,0.17463512697411085
4989,5436.820644930088,1.6654329723205592,1.7926328216286902
4990,5438.486077902408,1.3888694794250114,1.4950140937439547
4991,5439.874947381833,0.7702127501815994,0.8291077072568945
4992,5440.645160132015,0.9198902285415897,0.9902511257163171
4993,5441.565050360557,0.6321461802144768,0.680515015644416
4994,5442.197196540771,1.0863431716488776,1.1694850965982508
4995,5443.28353971242,0.5115976082361158,0.5507683472365805
4996,5443.795137320656,1.1718222492636414,1.2615609617896286
4997,5444.96695956992,0.9580675297702328,1.0314696221859854
4998,5445.92502709969,0.8402207730759983,0.9046175946716172
4999,5446.765247872766,1.0967504285335963,1.1808353143642683
5000,5447.8619983012995,1.0464149851286493,1.1266743200324745
5001,5448.908413286428,0.5192168811627198,0.5590563423974051
5002,5449.427630167591,1.8817774928411382,2.026194635361469
5003,5451.309407660432,0.3573679522596649,0.3848138173580642
5004,5451.666775612692,0.6641745893748521,0.7151901391843858
5005,5452.330950202067,0.9454756950790397,1.0181164411662982
5006,5453.276425897146,0.9563401938703464,1.029842049095728
5007,5454.232766091016,0.7157894195688641,0.7708231356883918
5008,5454.948555510585,0.9194084723594642,0.9901167117347973
5009,5455.867963982944,1.3863718486245489,1.4930296669247622
5010,5457.254335831569,1.4613092552617672,1.573791328227935
5011,5458.715645086831,0.3465375238283741,0.37322649295257004
5012,5459.062182610659,0.652331332693393,0.7025779395959352
5013,5459.714513943352,1.1010302214026524,1.1858593392569687
5014,5460.815544164755,0.8674246661139478,0.9342834300575827
5015,5461.682968830869,1.0620317186712782,1.1439171187426487
5016,5462.74500054954,1.0195539941569223,1.098195801478796
5017,5463.764554543697,0.47932068314185017,0.5163066200978953
5018,5464.243875226839,0.8393662829867026,0.904146223907506
5019,5465.083241509826,1.3350647360130097,1.4381339334483394
5020,5466.418306245839,1.3721387461837367,1.4781234604597453
5021,5467.7904449920225,0.454090561738667,0.4891828927605121
5022,5468.244535553761,1.2363528338119067,1.3319151000083758
5023,5469.480888387573,0.7391802848433144,0.7963408487403857
5024,5470.220068672416,0.8628044690958632,0.9295434067489904
5025,5471.082873141512,0.6779937781757326,0.730454410542635
5026,5471.760866919688,0.5031707735006421,0.5421141765645813
5027,5472.264037693189,1.6611664952060892,1.7897584411967082
5028,5473.925204188395,0.9462487131831949,1.0195441322251735
5029,5474.871452901578,0.8779839225571777,0.9460157767644493
5030,5475.749436824135,0.9994569772234172,1.0769268539341088
5031,5476.7488938013585,0.923046817384602,0.9946208039967586
5032,5477.671940618743,0.79149583907747,0.8528904585515793
5033,5478.4634364578205,0.9333783019728799,1.00579990049367
5034,5479.396814759793,1.257991041608875,1.355633720766254
5035,5480.654805801402,0.3019274007901913,0.3253734161708756
5036,5480.9567332021925,1.0370008755508024,1.11753773151433
5037,5481.993734077743,1.0731176120380042,1.156491721961951
5038,5483.066851689781,0.40629727860869025,0.4378765351821349
5039,5483.47314896839,1.9063813665352427,2.054576404578767
5040,5485.379530334925,0.8714277436392877,0.9392175232951245
5041,5486.2509580785645,0.9076842471558848,0.9783174271280628
5042,5487.15864232572,0.6558058774107849,0.7068559289659156
5043,5487.814448203131,0.42502158339357266,0.4581147228540516
5044,5488.239469786525,1.3004165235197434,1.4016859168399178
5045,5489.5398863100445,1.0665908923874667,1.1496914299842136
5046,5490.606477202432,0.5920112593203157,0.6381545165101712
5047,5491.198488461752,0.9385621396213537,1.0117327897515782
5048,5492.137050601374,1.6554185253926335,1.784520591837341
5049,5493.792469126766,0.24601145633096166,0.26520909160158207
5050,5494.038480583097,1.2423948793866657,1.3393546810401074
5051,5495.280875462484,0.8088518129297881,0.8720058679834477
5052,5496.089727275414,1.283763120804906,1.3840276794452895
5053,5497.373490396219,0.8006335488826153,0.8631944473999917
5054,5498.174123945101,0.4594413601244014,0.4953524083970363
5055,5498.633565305226,0.9792322034536483,1.0557843842619714
5056,5499.612797508679,0.7411861372529529,0.7991499016877766
5057,5500.353983645932,0.9772405774219806,1.0536857170509157
5058,5501.331224223354,1.880470255491673,2.0276241636710086
5059,5503.211694478846,0.3108417604526039,0.33518321128203954
5060,5503.5225362392985,1.0569548012081214,1.1397325036499202
5061,5504.579491040507,0.9924447881794549,1.0702005813137592
5062,5505.571935828686,0.7580756568331708,0.8174909121184268
5063,5506.330011485519,0.5781684127077824,0.6234958518138716
5064,5506.908179898227,1.1088296028756304,1.1957785231856737
5065,5508.017009501103,1.2742211754784876,1.374180112854446
5066,5509.291230676581,0.6546996257648061,0.706083005690324
5067,5509.945930302346,0.5983345110034861,0.6453054526878914
5068,5510.544264813349,1.2135090618412505,1.308793907520994
5069,5511.757773875191,1.35218418104796,1.4584051968568996
5070,5513.109958056239,0.8918906481276281,0.9619880612770232
5071,5514.001848704366,0.8426133937100531,0.908859594945222
5072,5514.844462098076,0.6570208573530181,0.7086917656166489
5073,5515.501482955429,1.128173710637384,1.2169194688644362
5074,5516.629656666067,0.5319767447390404,0.5738410561572376
5075,5517.161633410806,0.786666145622803,0.8485855044744463
5076,5517.9482995564285,1.1475380506017245,1.237888074005216
5077,5519.09583760703,1.1195603317946734,1.207744615300202
5078,5520.215397938825,1.3988068143253258,1.5090316300896354
5079,5521.61420475315,0.635426240994093,0.685522924409965
5080,5522.249630994144,0.7204154715618643,0.7772258569484777
5081,5522.970046465706,0.6313045117558431,0.681100908958556
5082,5523.601350977462,1.6384313728349298,1.7676983018214962
5083,5525.239782350297,0.47733997882005497,0.5150230886715921
5084,5525.717122329117,0.9456428945704829,1.0203086945486166
5085,5526.6627652236875,0.6925672450288403,0.7472696323943281
5086,5527.355332468716,0.8110800330641723,0.8751593221714089
5087,5528.1664125017805,1.4945215185762208,1.6126309282435503
5088,5529.660934020357,0.5422252288244636,0.5850996631216291
5089,5530.203159249181,1.7264533535962983,1.8629931450759807
5090,5531.9296126027775,0.5315047618651079,0.5735662139460945
5091,5532.461117364643,0.8147079127002144,0.8791935420346879
5092,5533.275825277343,0.6775331988619655,0.7311770756038889
5093,5533.953358476205,0.8574305311585704,0.9253345371240342
5094,5534.810789007363,0.8460793171743717,0.9131052287054372
5095,5535.656868324538,1.242656731601528,1.3411295058785317
5096,5536.899525056139,0.891383312860853,0.9620517088905753
5097,5537.790908369,0.9498189492396705,1.025144426092948
5098,5538.74072731824,1.0738577607744446,1.1590494579098383
5099,5539.814585079014,0.8799980642725131,0.9498375609641152
5100,5540.694583143287,0.8817684006526179,0.9517706878249714
5101,5541.576351543939,1.1882945127699713,1.2826615493198377
5102,5542.764646056709,0.34861061610808974,0.37630702173804037
5103,5543.113256672817,1.4019519357461832,1.513348203619447
5104,5544.515208608564,0.6777905546287002,0.7316737022121306
5105,5545.192999163192,0.47489605881582975,0.5126586926315525
5106,5545.667895222008,0.8674093564459326,0.9363955603177078
5107,5546.535304578454,1.9886150826696394,2.1468217488199
5108,5548.523919661124,0.834920153361054,0.9013908648715625
5109,5549.358839814485,0.47598332796587783,0.513889308752888
5110,5549.834823142451,0.9730766365319141,1.050583020950825
5111,5550.807899778983,1.122011970675885,1.2114124889114188
5112,5551.9299117496585,0.2780353670987097,0.3001978230287647
5113,5552.207947116757,1.4518426691920467,1.5675819607792663
5114,5553.659789785949,0.5788101578464193,0.6249763487317278
5115,5554.238599943796,1.1638308516521647,1.2566778927750224
5116,5555.402430795448,0.7968149483858724,0.8604090983260404
5117,5556.199245743834,1.1646767124020698,1.2576566557871613
5118,5557.363922456236,0.838082040451809,0.9050168220718893
5119,5558.202004496688,1.0461741060389613,1.1297536058474302
5120,5559.2481786027265,1.1190331742427588,1.2084669493740332
5121,5560.367211776969,0.9429234368280959,1.0183126254824943
5122,5561.310135213797,0.4814135842352698,0.5199168481551103
5123,5561.791548798033,0.4703356483041716,0.5079593830187532
5124,5562.261884446337,1.375986454501799,1.4860747701521728
5125,5563.637870900839,0.7922916499264829,0.8557115839400742
5126,5564.430162550765,1.1360547762087663,1.2270173876695856
5127,5565.566217326974,1.3459599301277194,1.4537731387957613
5128,5566.912177257102,0.7321413951422073,0.7908150863377889
5129,5567.644318652244,1.1542614697937097,1.2467879533195412
5130,5568.7985801220375,0.11435364838143869,0.12352409717345683
5131,5568.912933770419,1.0934224029006145,1.1811116278357499
5132,5570.00635617332,1.43151160366142,1.5463593061135565
5133,5571.437867776981,0.737713431463817,0.7969290764788026
5134,5572.175581208445,0.4104430172337743,0.4433975866311642
5135,5572.586024225679,1.313505179364256,1.4189822267654677
5136,5573.899529405043,0.5417544783567791,0.58527874877165
5137,5574.4412838834,1.6234785494889366,1.753933076405368
5138,5576.0647624328885,1.1189168483942922,1.2088792044978771
5139,5577.183679281283,0.4885975471615893,0.5278970220415368
5140,5577.672276828444,0.9723675453014948,1.0505917568745
5141,5578.644644373746,0.8512721190863886,0.9197781642096275
5142,5579.495916492832,0.8373538835958243,0.9047601946094236
5143,5580.333270376428,0.6923034071469374,0.7480498067804158
5144,5581.025573783575,0.7967034102075559,0.8608721490951017
5145,5581.822277193783,1.5669142246697447,1.6931535113871443
5146,5583.389191418452,0.9345494723665979,1.0098837004439698
5147,5584.323740890819,0.9208300651744139,0.9950828972864397
5148,5585.244570955993,0.4641460522061607,0.5015855059333352
5149,5585.7087170081995,1.4513642664396684,1.5684549847136169
5150,5587.160081274639,0.7264440066019233,0.7850808683896665
5151,5587.886525281241,0.8645359042575365,0.9343371101612447
5152,5588.751061185499,0.9406659855922044,1.0166369699613198
5153,5589.691727171091,0.6934459677950144,0.7494693023025459
5154,5590.385173138886,1.0157904850193518,1.0978760112409616
5155,5591.400963623905,0.5242771686844208,0.5666589073080927
5156,5591.92524079259,1.6303762366251249,1.7621976068728435
5157,5593.555617029215,1.0189772533722135,1.1014122482488313
5158,5594.574594282587,1.136780429324972,1.228778626448103
5159,5595.711374711912,0.516361970185244,0.5581671860168871
5160,5596.227736682097,0.6288801475011496,0.6798041906129112
5161,5596.856616829598,0.985152125620516,1.0649431788242871
5162,5597.841768955219,0.7642378575919793,0.8261576685421743
5163,5598.606006812811,1.556143496975892,1.682258618387958
5164,5600.162150309787,0.3875967378035057,0.4190260295821732
5165,5600.54974704759,0.7510039189892268,0.8119093016070089
5166,5601.3007509665795,1.7806116852152627,1.9250548373895575
5167,5603.081362651795,0.48347739888231445,0.5227215243388604
5168,5603.564840050677,0.7824142988274616,0.8459340408269443
5169,5604.3472543495045,1.2973998379429759,1.4027571398951024
5170,5605.6446541874475,0.8979253584511753,0.9708758149625725
5171,5606.542579545899,0.7305991735147472,0.7899741159139176
5172,5607.273178719413,0.732224783696438,0.7917470227312562
5173,5608.00540350311,0.6901786606968017,0.7462973316011547
5174,5608.695582163807,0.868313761175159,0.938933666899787
5175,5609.563895924982,1.5828478287312464,1.7116197448261448
5176,5611.146743753713,1.010370889848673,1.0926145545585586
5177,5612.157114643562,0.964285637982357,1.0428056193994828
5178,5613.121400281544,0.606496715202411,0.6558991957177719
5179,5613.7278969967465,0.7643909201869974,0.8266678930800557
5180,5614.4922879169335,1.2487385210597495,1.350503648452564
5181,5615.741026437993,0.5134983581720007,0.5553637452371187
5182,5616.254524796165,1.065746641386795,1.152652195875163
5183,5617.320271437552,0.9688181365509081,1.047848981718667
5184,5618.289089574103,0.9789924431852342,1.0588801226851714
5185,5619.268082017288,0.6343125020466687,0.6860912205622303
5186,5619.902394519335,1.1209971416283224,1.2125239036989797
5187,5621.023391660963,1.4652124813037517,1.5848901214809537
5188,5622.488604142267,0.9250217008784603,1.0006152663434056
5189,5623.413625843145,0.3634942635480911,0.39320884312958954
5190,5623.7771201066935,0.9784590286126331,1.0584552223148957
5191,5624.755579135306,0.8366056080794806,0.905027409665661
5192,5625.592184743386,0.9100579684791228,0.9845086138121245
5193,5626.502242711865,0.7109444963289206,0.7691242333820715
5194,5627.213187208194,1.1352752359653095,1.2282026661098209
5195,5628.348462444159,1.542186353789475,1.668470818760897
5196,5629.890648797948,0.4898534318945167,0.5299872445824025
5197,5630.380502229843,1.1397858098007418,1.2331845258097736
5198,5631.520288039644,0.67717711579553,0.7326895967453644
5199,5632.197465155439,0.649634850127768,0.7029019497481415
5200,5632.847100005567,1.5229162063715194,1.6478163559427474
5201,5634.3700162119385,0.6462345956451827,0.6992625559081683
5202,5635.016250807584,0.913219466902774,0.9881720277128754
5203,5635.929470274486,0.30722420704114484,0.33244758197438307
5204,5636.236694481528,1.253542580991052,1.3564703936933156
5205,5637.490237062519,1.298477395404916,1.4051407428046314
5206,5638.788714457924,1.3455381336925711,1.456116601655335
5207,5640.134252591616,0.2514583748061341,0.2721331734585479
5208,5640.385710966422,1.4865398020747307,1.6087730085202872
5209,5641.872250768497,0.5911483293448327,0.639781276336362
5210,5642.463399097842,0.629920342740661,0.6817535131314584
5211,5643.0933194405825,0.5698080472093352,0.6167049844120784
5212,5643.663127487792,1.6649899271460527,1.8020504236102761
5213,5645.328117414938,0.4408986803427979,0.47721376810673966
5214,5645.769016095281,1.3925604781870788,1.5072775087931969
5215,5647.161576573468,0.6956304033274137,0.7529626907578869
5216,5647.857206976795,1.11725601627586,1.209359637427121
5217,5648.974462993071,0.8262939322903549,0.8944374237744133
5218,5649.800756925361,1.0383183075036868,1.1239713709403925
5219,5650.839075232865,1.0443432299798587,1.1305238456024311
5220,5651.883418462845,0.4620611163427384,0.5002046142131441
5221,5652.345479579188,1.0618766261522978,1.1495491682401522
5222,5653.40735620534,0.7847951681687846,0.8496142821631393
5223,5654.192151373509,0.808221388984748,0.8749932158239685
5224,5655.0003727624935,0.8188798611909078,0.8865508739668256
5225,5655.819252623684,2.047486092199506,2.2167344793161186
5226,5657.866738715884,0.544508744011182,0.5895500511886674
5227,5658.411247459895,0.5099684286888078,0.5521604007014878
5228,5658.921215888584,0.9731969840750025,1.0537278879209826
5229,5659.894412872659,0.7360099300858565,0.796934028096445
5230,5660.630422802745,1.2992739584205992,1.406849795397301
5231,5661.929696761165,0.5277543868678549,0.5714700832708719
5232,5662.457451148033,1.0997971009637695,1.1909133617406786
5233,5663.557248248997,0.7794600073038964,0.8440609941045165
5234,5664.336708256301,1.1237515455750327,1.2169117371890787
5235,5665.460459801876,1.0121559765557322,1.0960967329829945
5236,5666.472615778432,0.8435546842874828,0.9135368754211288
5237,5667.316170462719,1.2091451466012586,1.3094857563475026
5238,5668.52531560932,0.9474522909549705,1.0261085526560711
5239,5669.472767900275,0.5057959133846452,0.5477998886629707
5240,5669.97856381366,1.1710952545618056,1.2683658431825944
5241,5671.149659068222,0.3303000860832981,0.35774550336242844
5242,5671.479959154305,0.8109957365832088,0.8783908125002117
5243,5672.290954890888,1.6462035061631468,1.7830431799811521
5244,5673.9371583970515,0.8778367284930937,0.9508469183626903
5245,5674.814995125545,0.892533614801323,0.9667881288096147
5246,5675.707528740346,1.2650077824137043,1.3702820228825463
5247,5676.97253652276,0.4124895597806244,0.44683166688303977
5248,5677.38502608254,0.9628827992555671,1.0430594154488795
5249,5678.347908881796,0.765995102996385,0.829798093887603
5250,5679.113903984792,1.2251410682920323,1.327214581496455
5251,5680.339045053084,0.9025200841033438,0.9777451808051574
5252,5681.2415651371875,0.8576047875203585,0.9291078766797766
5253,5682.099169924708,0.18898022213852528,0.20474105197743128
5254,5682.288150146846,1.6823588964489318,1.8226754591229763
5255,5683.970509043295,1.1532844414959982,1.2495280679979242
5256,5685.123793484791,0.9697477407507904,1.050706217571497
5257,5686.093541225542,0.9309785055829707,1.0087256414344172
5258,5687.024519731125,0.45733681688579964,0.49554148151033156
5259,5687.481856548011,0.8819879220154689,0.9556780644437253
5260,5688.363844470026,1.1447873172710388,1.2404626168358217
5261,5689.508631787297,0.44406327425531344,0.48118996778286416
5262,5689.952695061553,1.1882507091713705,1.287611266033079
5263,5691.140945770724,1.0642721881131365,1.153301131321364
5264,5692.205217958837,1.3843907384116392,1.500239572244434
5265,5693.589608697249,0.7223578310313314,0.7828342659514911
5266,5694.31196652828,0.2972509400169656,0.32214305277457117
5267,5694.609217468297,1.422699903715511,1.541850140277327
5268,5696.031917372013,1.1401322962728955,1.2356629989783319
5269,5697.172049668286,0.7300299567332331,0.7912217919096828
5270,5697.902079625019,0.4726682029777294,0.5122973596038193
5271,5698.3747478279965,0.9982453689926842,1.081952821917816
5272,5699.372993196989,1.108021151126195,1.2009646967966787
5273,5700.481014348115,0.5028580474599949,0.5450545777964623
5274,5700.983872395575,1.748939049773071,1.8957230315720883
5275,5702.7328114453485,0.8834163662095307,0.9576023690826808
5276,5703.616227811558,0.8896127988582521,0.9643410865542096
5277,5704.505840610416,0.6720864975804943,0.7285590598153079
5278,5705.177927107997,0.8994872186931389,0.975084159159386
5279,5706.07741432669,0.5186614213225766,0.5622650671476137
5280,5706.5960757480125,1.1725765033315838,1.2711714753224224
5281,5707.768652251344,1.2707721923225108,1.3776654082215496
5282,5709.039424443667,0.48094468853014405,0.5214172284781502
5283,5709.520369132197,1.0813718025738126,1.1723860860712427
5284,5710.6017409347705,0.9574840345230768,1.038100091646394
5285,5711.559224969294,1.2566462590348237,1.3624840258699051
5286,5712.815871228328,0.9779728727326074,1.0603743393775227
5287,5713.793844101061,0.3059105948304932,0.33169416492310955
5288,5714.0997546958915,1.533889662801812,1.6631860994972385
5289,5715.633644358693,0.6999161271905905,0.7589441817689837
5290,5716.333560485884,0.4167186663771645,0.4518711301630222
5291,5716.750279152261,1.0212174506150404,1.1073744905139644
5292,5717.771496602876,0.7008429788447756,0.7599909134356865
5293,5718.472339581721,1.8910504175073584,2.0506832922024745
5294,5720.363389999228,0.687144732737579,0.7451861614601433
5295,5721.050534731966,0.9137887542856333,0.9909917159823356
5296,5721.9643234862515,0.627034461551375,0.6800264486969789
5297,5722.591357947803,1.1876880459731183,1.28808274730023
5298,5723.779045993776,0.3843119416578702,0.4168103390310764
5299,5724.163357935434,1.5077829798874518,1.635301063759257
5300,5725.671140915321,0.5622459636260828,0.6098204911212286
5301,5726.233386878947,0.755356657046832,0.8192830797448213
5302,5726.988743535994,1.1319567182626997,1.2277788608742766
5303,5728.120700254257,1.031676598852755,1.1190423023244809
5304,5729.15237685311,0.7308163341149339,0.7927251664781229
5305,5729.883193187225,1.4646689280598366,1.58877353384876
5306,5731.347862115284,0.9933270319006624,1.077534213064446
5307,5732.341189147185,0.540904032652179,0.586772937656269
5308,5732.882093179837,0.7178747302396005,0.7787616103545603
5309,5733.599967910077,0.6891247765088337,0.7475869489199896
5310,5734.289092686586,1.1598997335704553,1.2583224715817052
5311,5735.448992420156,0.8764245273523557,0.9508213239585958
5312,5736.3254169475085,0.9298441334112795,1.0087981570145381
5313,5737.25526108092,1.3545587609041831,1.469610684127633
5314,5738.609819841824,0.9598145904956255,1.0413742583893568
5315,5739.56963443232,0.742260366911978,0.8053532524141195
5316,5740.311894799232,0.5534773822291754,0.6005349133685983
5317,5740.865372181461,1.2813263318275858,1.3902864051009636
5318,5742.146698513288,0.8593644088041401,0.932472653696414
5319,5743.0060629220925,0.8859306336444206,0.9613200330429352
5320,5743.891993555737,0.9655368714502401,1.047724169072613
5321,5744.857530427187,0.45886461567351944,0.4979358268007944
5322,5745.316395042861,0.788642251121928,0.8558032546126186
5323,5746.105037293983,1.8393139732088457,1.9959906663695166
5324,5747.944351267191,0.7932700615892827,0.8608829066821592
5325,5748.737621328781,1.1024242695957582,1.1964114908127466
5326,5749.8400455983765,0.23237334273744636,0.25219143207610706
5327,5750.072418941114,1.4382597164094477,1.5609317443414377
5328,5751.510678657523,0.5119017967108448,0.555583293593633
5329,5752.022580454234,0.7027729603642001,0.7627517899255147
5330,5752.725353414598,0.9630848177102962,1.0452989377025785
5331,5753.688438232309,1.5785632630941109,1.7133600031600316
5332,5755.267001495403,0.3997670090184329,0.4339213836679571
5333,5755.666768504421,1.0979999674773353,1.1918205024374877
5334,5756.764768471899,1.1772395060716008,1.2778665421704707
5335,5757.94200797797,0.5333327489479416,0.5789378498434931
5336,5758.475340726918,1.421342738391104,1.5429022218807915
5337,5759.896683465309,0.7494244830622847,0.8135479980498241
5338,5760.6461079483715,0.4855371060366451,0.5270915002630115
5339,5761.131645054408,1.3202616867711185,1.4332731799926723
5340,5762.451906741179,0.28200071392438986,0.3061496383356577
5341,5762.733907455104,1.0983734912906584,1.1924404546889447
5342,5763.832280946394,1.1312757686937402,1.2281948645478755
5343,5764.963556715088,1.341832375112972,1.456832269584808
5344,5766.305389090201,1.0775298324870164,1.1699179535238935
5345,5767.382918922688,0.6021768833934402,0.6538258354607056
5346,5767.9850958060815,0.7230155011875468,0.785040843895595
5347,5768.708111307269,0.5092681826736225,0.5529669399281647
5348,5769.217379489943,1.464507502430024,1.590193022782712
5349,5770.681886992373,1.0358559803225944,1.1247960365293295
5350,5771.717742972695,0.3925679408957876,0.4262855924670779
5351,5772.110310913591,0.9756753096080502,1.0594866012735158
5352,5773.085986223199,1.183157513021797,1.284823519450009
5353,5774.269143736221,1.1357579302130034,1.2333880415353509
5354,5775.404901666434,0.647608204523749,0.7032970820079788
5355,5776.052509870958,1.347566514193204,1.46346998724785
5356,5777.400076385151,0.6910453712325761,0.7505074693018128
5357,5778.0911217563835,0.9140793443302755,0.9927501554654875
5358,5779.005201100714,0.6563543901593221,0.71286046605856
5359,5779.661555490873,0.7170417126935718,0.7787853694687953
5360,5780.378597203567,0.8753247475196986,0.9507152611156656
5361,5781.253921951086,1.1465448436420047,1.2453228008130677
5362,5782.400466794728,1.647965723350353,1.789994464184841
5363,5784.048432518079,0.4200347975956902,0.4562542440823185
5364,5784.468467315674,0.7444272187549359,0.8086275082940718
5365,5785.212894534429,1.2806808670020473,1.391154539155929
5366,5786.493575401431,0.6413033986254959,0.6966458938138499
5367,5787.134878800057,0.8345621446669611,0.9065969903454185
5368,5787.969440944724,1.0163588803106904,1.1041087526782323
5369,5788.9857998250345,0.9685514961092849,1.0522008651229207
5370,5789.954351321144,0.7379157095465416,0.8016657667252021
5371,5790.69226703069,0.8547091868031202,0.9285666086487939
5372,5791.5469762174935,0.7426174177171561,0.8068061711709877
5373,5792.289593635211,2.012314152928411,2.1862912622829938
5374,5794.301907788139,0.36687380801322433,0.3986126187335317
5375,5794.668781596152,0.8951581416795307,0.9726086533280679
5376,5795.563939737832,0.8551009313432587,0.929106651249772
5377,5796.419040669175,0.7987985669615227,0.8679502885489743
5378,5797.217839236137,0.6664429572956578,0.7241513146229477
5379,5797.884282193432,1.0553820613122298,1.1467885837298286
5380,5798.9396642547445,1.1013660196204,1.1967871120664368
5381,5800.041030274365,0.6782470461730554,0.7370300944400191
5382,5800.719277320538,1.6524410866722974,1.7956873895636094
5383,5802.37171840721,0.40941766738978913,0.4449276993891067
5384,5802.7811360746,1.0900701834752908,1.1846275069647263
5385,5803.871206258075,0.5382027736304735,0.5849048605834883
5386,5804.409409031706,1.410779722047664,1.533219750290724
5387,5805.820188753753,0.978472255057568,1.0634306370637312
5388,5806.798661008811,0.5752886108375606,0.6252549606564345
5389,5807.373949619649,0.41243376875263493,0.4482619610331113
5390,5807.786383388401,1.163666158572596,1.2647671899727333
5391,5808.950049546974,1.0831536443611185,1.1772941668186263
5392,5810.033203191335,1.3236179872610592,1.438697350358625
5393,5811.356821178596,0.8479671123805019,0.9217226876102093
5394,5812.2047882909765,1.1402632755552986,1.239469041389113
5395,5813.345051566532,0.6013633624852446,0.6537022587578731
5396,5813.946414929017,0.55291238636255,0.6010435160685129
5397,5814.49932731538,1.1253869344463965,1.223369116626647
5398,5815.624714249826,0.6709559529963371,0.7293936191316334
5399,5816.295670202822,1.3914717529823974,1.5126891046725197
5400,5817.687141955805,0.6050168012607173,0.6577455648524624
5401,5818.292158757065,0.9717149036541741,1.05641842842841
5402,5819.26387366072,1.059198822927101,1.1515563949187064
5403,5820.323072483647,0.8765078340184118,0.9529609282283561
5404,5821.199580317665,1.3553520442637819,1.4736046423498717
5405,5822.554932361929,0.6051882281426515,0.65801249036136
5406,5823.1601205900715,0.874325605958802,0.9506561681645215
5407,5824.03444619603,0.6096245542239558,0.6628606950573116
5408,5824.644070750254,1.3783469352229076,1.498735572392725
5409,5826.022417685477,0.41474878769349743,0.4509897136440823
5410,5826.437166473171,0.45714715001213335,0.49709804227512827
5411,5826.894313623183,1.9960093338104343,2.1704690188533067
5412,5828.890322956993,0.9940743850547733,1.0810148906371502
5413,5829.884397342048,0.7066370043958159,0.7684577736562516
5414,5830.591034346444,0.7575854821143366,0.8238781381953149
5415,5831.348619828558,0.6618181665671727,0.719744371350486
5416,5832.010437995125,1.310310992605082,1.425020757070741
5417,5833.32074898773,0.6800223384107085,0.7395784752266477
5418,5834.000771326141,0.9344706924803177,1.016328670738809
5419,5834.9352420186215,1.017355509103254,1.1064999838281029
5420,5835.952597527725,0.4571782657449148,0.49725061170819357
5421,5836.40977579347,1.2850411439703748,1.3976929073711106
5422,5837.69481693744,1.1929948331980995,1.2976192553526396
5423,5838.887811770638,0.769337118967087,0.8368322146399015
5424,5839.657148889605,1.2135968904767651,1.3200930080452506
5425,5840.870745780082,0.902498916485456,0.9817252678162101
5426,5841.773244696567,0.48410256449460576,0.5266116717129642
5427,5842.257347261062,0.7466689025386586,0.8122438404317212
5428,5843.004016163601,0.7414878934741864,0.8066228994537435
5429,5843.745504057075,1.2980367217760431,1.412087225331603
5430,5845.043540778851,1.0788056968895035,1.173631852467628
5431,5846.12234647574,0.7366206778797277,0.8013906808348132
5432,5846.85896715362,1.3240202617562318,1.4404660201649975
5433,5848.182987415376,0.8139709279521412,0.8855878826475219
5434,5848.9969583433285,0.6645590322241333,0.7230447523155262
5435,5849.661517375553,0.8277507629773027,0.9006134340440177
5436,5850.48926813853,1.22179162136581,1.3293672103285525
5437,5851.711059759896,0.9570858285642316,1.0413865653914693
5438,5852.66814558846,0.42740900648095703,0.46506659223337554
5439,5853.095554594941,1.095985377098259,1.1925617407239533
5440,5854.191539972039,0.5239518009002495,0.5701371537938567
5441,5854.7154917729395,1.3787371209855337,1.5002898095288124
5442,5856.094228893925,1.7495804475138357,1.9038931168669107
5443,5857.843809341439,0.23954896802479198,0.26068853108667933
5444,5858.083358309464,0.7505947506278972,0.8168376379000774
5445,5858.8339530600915,1.027444191890936,1.1181410629820303
5446,5859.861397251982,0.7879857477819314,0.8575665941258861
5447,5860.649382999764,0.7854859861527075,0.8548629078531981
5448,5861.434868985917,1.1225593117551398,1.2217316946700503
5449,5862.557428297672,0.5366102156276611,0.5840333427215897
5450,5863.0940385133,1.5627250931001981,1.7008542678915357
5451,5864.6567636064,0.8660289042263685,0.9426138782560947
5452,5865.5227925106265,0.5174428139798692,0.5632136599061017
5453,5866.040235324606,1.1613116567714314,1.2640527753721131
5454,5867.201546981378,1.3421139933170707,1.4608929588160389
5455,5868.543660974695,0.44325606027177855,0.4825009770884485
5456,5868.986917034967,1.0220748207739234,1.1125793637782448
5457,5870.0089918557405,0.7098927921242648,0.7727733462853189
5458,5870.718884647865,0.7008398496982409,0.7629320051213568
5459,5871.419724497563,0.9830703587267635,1.0701859060145515
5460,5872.40279485629,0.9847988501251166,1.0720938095684727
5461,5873.387593706415,1.4939945019086736,1.6264656710309902
5462,5874.881588208324,0.9167699459676442,0.9980962345562107
5463,5875.798358154291,0.5766054671812526,0.6277702228224361
5464,5876.3749636214725,1.2347849851958017,1.3443722073417468
5465,5877.609748606668,0.3235453128208974,0.35227079277722084
5466,5877.933293919489,0.7429205591652135,0.8088861429639082
5467,5878.676214478654,1.7870702481095577,1.9457841723155014
5468,5880.463284726764,0.2462762008608479,0.2681604846740182
5469,5880.709560927625,1.1154631929566676,1.214591505233924
5470,5881.8250241205815,0.44549205185649043,0.4850952192247256
5471,5882.270516172438,1.7623100724986216,1.9189964241618973
5472,5884.032826244937,0.6514238030304114,0.7093727146915169
5473,5884.684250047967,1.0604804924296332,1.1548366731213775
5474,5885.744730540397,0.8764606246340918,0.9544687857428885
5475,5886.621191165031,0.865109223649597,0.9421275707659548
5476,5887.48630038868,0.9012761454769134,0.98153541540378
5477,5888.387576534157,0.4578939875118522,0.49868092201378666
5478,5888.845470521669,0.8528213131212397,0.9287969772356505
5479,5889.69829183479,1.144397522766667,1.246375338845694
5480,5890.842689357557,1.3831589359524514,1.5064556663713187
5481,5892.225848293509,0.8952433765389287,0.9750800793145131
5482,5893.121091670048,0.9645215498003381,1.0505597165570844
5483,5894.085613219849,0.4587976435686869,0.4997356965581992
5484,5894.544410863417,1.0127227885423054,1.1030995717457088
5485,5895.55713365196,1.2574922221738234,1.3697469501714223
5486,5896.8146258741335,0.7138825210467985,0.7776341353966247
5487,5897.52850839518,0.5171071976656094,0.5632962133330713
5488,5898.045615592846,1.2896788103371364,1.404893414340782
5489,5899.335294403183,0.6908363650372848,0.7525768856447916
5490,5900.02613076822,0.8067530275702666,0.878868135091059
5491,5900.832883795791,1.327776418463145,1.446494348150394
5492,5902.160660214254,1.2984441219123255,1.4145859141428212
5493,5903.459104336166,0.9001205138765727,0.9806650096981074
5494,5904.359224850043,0.4274247989869764,0.4656819545448748
5495,5904.78664964903,0.5912546479348748,0.64418239722152
5496,5905.3779042969645,1.2763905373822126,1.390670407735875
5497,5906.654294834347,0.6513096470225719,0.7096461625224736
5498,5907.305604481369,0.9985258966753463,1.0879794068916644
5499,5908.304130378045,1.1281856266086834,1.2292851257219581
5500,5909.432316004653,0.8651126345930606,0.9426638021486802
5501,5910.297428639246,1.191747937727996,1.2986073919393075
5502,5911.489176576974,0.8432356439498108,0.9188723994196557
5503,5912.332412220924,0.6028843915810285,0.6569757480350568
5504,5912.935296612505,1.1803699291513112,1.2862929883172003
5505,5914.1156665416565,0.9039102124879719,0.9850532740998793
5506,5915.0195767541445,1.0687558265453845,1.1647228998558083
5507,5916.08833258069,0.352836547307561,0.38452903787072007
5508,5916.4411691279975,0.9397218401581995,1.0241384714273474
5509,5917.380890968156,0.59452699258145,0.6479492774936854
5510,5917.975417960737,2.080132908267842,2.267080227152751
5511,5920.055550869005,0.48292564249641146,0.5263545216660095
5512,5920.538476511501,0.8999420514528538,0.9808843610228923
5513,5921.438418562954,1.113661524809686,1.2138530648897807
5514,5922.552080087764,0.5544004397879689,0.6042941568637709
5515,5923.106480527552,0.9174376783603293,1.0000168936270697
5516,5924.023918205912,0.5886497911296829,0.6416490858844746
5517,5924.612567997042,1.370084115282225,1.493461795624679
5518,5925.982652112324,0.8851547853073498,0.96489658553981
5519,5926.867806897631,0.6115495362373622,0.6666573313442556
5520,5927.479356433869,1.4198055507249592,1.5477700195729862
5521,5928.899161984594,0.44622091289875243,0.4864549938577888
5522,5929.3453828974925,1.5149799969522064,1.651598257809751
5523,5930.860362894445,0.7097719699604568,0.773806830739521
5524,5931.570134864405,1.1659306830324567,1.2711418962656542
5525,5932.736065547438,0.29747101214434224,0.32432349638680413
5526,5933.033536559582,0.9543614839367365,1.0405185921013156
5527,5933.987898043519,0.8420832637957574,0.9181257620177664
5528,5934.8299813073145,1.118366020279609,1.2193828891070315
5529,5935.948347327594,0.5168000016201404,0.563495671492961
5530,5936.465147329214,1.8225326589854376,1.987233575662371
5531,5938.2876799882,0.9776232786070977,1.0660181258202985
5532,5939.265303266807,0.4305354445887133,0.46947492478337133
5533,5939.6958387113955,0.6832611417366934,0.745066105189681
5534,5940.379099853132,1.062794951273645,1.158950422517644
5535,5941.441894804406,1.0258413494393608,1.1186826825819987
5536,5942.467736153845,1.0762430206559657,1.1736754093024133
5537,5943.543979174501,0.5862674497566331,0.6393591982156881
5538,5944.130246624258,0.595166746799805,0.6490737490372572
5539,5944.725413371058,1.4179186196524824,1.546368654915231
5540,5946.14333199071,0.6767306622896285,0.7380617552683311
5541,5946.820062653,1.4815512164404936,1.6158488331473597
5542,5948.30161386944,0.8408124431953183,0.9170625876965668
5543,5949.1424263126355,0.6352800388867763,0.692905507154056
5544,5949.777706351522,1.2113780414701978,1.3212812352694225
5545,5950.9890843929925,0.4410372813936192,0.4810650139927051
5546,5951.430121674386,0.8317809102418323,0.9072816267047656
5547,5952.261902584628,0.6407161834813451,0.6988882140662571
5548,5952.902618768109,1.5633769925470915,1.7053462080544228
5549,5954.465995760656,0.8761427160825406,0.9557412643175185
5550,5955.342138476739,1.0237755842399565,1.116810717241427
5551,5956.365914060979,0.6617788883659159,0.7219358437557023
5552,5957.027692949345,1.3049471520471343,1.423592395636919
5553,5958.332640101392,0.5338173940326669,0.5823704551435167
5554,5958.866457495425,1.0100591095560958,1.1019428700478098
5555,5959.876516604981,0.8641764711192081,0.9428127895929549
5556,5960.7406930761,1.0479694714013021,1.1433543399631378
5557,5961.788662547501,0.7855833381590855,0.8571081292913915
5558,5962.57424588566,0.3693136274605422,0.40294616886190227
5559,5962.943559513121,1.202973946498787,1.312537871314144
5560,5964.14653345962,1.5899757080169366,1.734837852816383
5561,5965.7365091676365,0.8830059759811775,0.9634938094981561
5562,5966.619515143618,0.813618087755458,0.8878002357354476
5563,5967.433133231373,0.745785511721806,0.8137991657305502
5564,5968.178918743095,0.556960041891216,0.607764393089873
5565,5968.735878784986,1.043801421684293,1.1390295965213884
5566,5969.7796802066705,1.0645365600657897,1.1616860710649402
5567,5970.844216766736,0.7607547759853333,0.8302027774076118
5568,5971.604971542722,0.8803968623387846,0.9607846367627966
5569,5972.48536840506,1.1355338432313147,1.239244451883489
5570,5973.620902248292,1.265308931171603,1.3809104460499
5571,5974.886211179463,0.4699520504454995,0.5129037846478559
5572,5975.356163229909,0.7857386626310472,0.857561863451705
5573,5976.14190189254,1.884688526750324,2.057004538582231
5574,5978.02659041929,0.11271930649945716,0.12303082605792212
5575,5978.13930972579,0.693360627005859,0.7567910758517331
5576,5978.8326703527955,1.029618225289596,1.1238294060755512
5577,5979.862288578085,0.7303247552945322,0.7971702751324998
5578,5980.59261333338,0.9136474659690066,0.9972899942644038
5579,5981.506260799349,1.408715964383191,1.5377152344433724
5580,5982.914976763732,1.097638876279234,1.1981932597924767
5581,5984.012615640011,0.780201866790776,0.8516987156190059
5582,5984.792817506802,0.8762171630860394,0.9565309300440449
5583,5985.669034669888,0.7501105351884689,0.8188828889288282
5584,5986.419145205076,0.636774312626585,0.6951683657043267
5585,5987.055919517703,1.2579219454319173,1.37329833426537
5586,5988.313841463135,0.6601067876481466,0.720673742321085
5587,5988.973948250783,1.320336622803552,1.4415049849311452
5588,5990.294284873587,0.5154702693280342,0.5627934783474667
5589,5990.809755142915,0.6632302871712454,0.7241278195902818
5590,5991.472985430086,1.6116681845605854,1.7596792905323426
5591,5993.084653614646,0.972579560028862,1.0619401833412874
5592,5994.057233174675,0.9672993198055337,1.05619977618836
5593,5995.024532494481,0.3850081566670269,0.42040254235252816
5594,5995.409540651148,1.1999248873062243,1.3102480722474712
5595,5996.609465538454,0.7830401503615576,0.8550591661588595
5596,5997.392505688816,0.6604140638401077,0.7211684420891034
5597,5998.052919752656,0.6818751906357647,0.7446158214488411
5598,5998.7347949432915,1.3862260550831706,1.5138004259280575
5599,6000.121020998375,1.3744980915498672,1.5010436842186827
5600,6001.4955190899245,0.6590705434873598,0.7197730625500368
5601,6002.154589633412,0.7602487122067032,0.8302833532937685
5602,6002.914838345619,0.9636810195743237,1.05247541216203
5603,6003.878519365193,0.713301359694924,0.7790437798791855
5604,6004.591820724888,1.2639642174463006,1.3804831506706037
5605,6005.855784942334,0.8222436726282467,0.8980700044437571
5606,6006.678028614962,0.647537292643392,0.7072665187527726
5607,6007.325565907606,0.6527215501819228,0.7129401736764914
5608,6007.978287457788,1.2262529217987321,1.3394054651335296
5609,6009.204540379586,0.9862800308519581,1.0773211001393888
5610,6010.190820410438,1.0622050180309088,1.1602822794715186
5611,6011.253025428469,1.3980972068693518,1.5272279408825526
5612,6012.651122635339,0.39612301021224994,0.4327242942428996
5613,6013.047245645551,0.9951275242456177,1.0870865302842794
5614,6014.0423731697965,0.6214962096046293,0.678944587793438
5615,6014.663869379401,0.4975979207401906,0.5436018693022887
5616,6015.161467300141,1.5753364036618223,1.721000227500122
5617,6016.736803703803,0.7937391953173574,0.8671655430950047
5618,6017.5305428991205,0.6499316304280001,0.7100684320891555
5619,6018.1804745295485,1.4698113064041536,1.6058351079165882
5620,6019.650285835953,0.8351913295146005,0.9125166360447947
5621,6020.485477165467,0.5930565195130839,0.6479771254297061
5622,6021.07853368498,1.4184578520644209,1.5498378302699722
5623,6022.496991537045,0.3690952139404544,0.4032952775076028
5624,6022.866086750985,1.3698418705262156,1.4967836697200598
5625,6024.235928621511,0.5298935334303678,0.5790173864812581
5626,6024.765822154942,0.8871669038626351,0.9694242531443373
5627,6025.652989058804,0.6754403093937071,0.7380823801758416
5628,6026.328429368198,0.8215599868262871,0.8977682282359218
5629,6027.149989355024,1.9338899812146337,2.1133203666391176
5630,6029.083879336239,0.7874571543734419,0.8605592942032325
5631,6029.8713364906125,0.4952290546543736,0.5412130288742136
5632,6030.366565545267,0.8239869485450981,0.9005081621563186
5633,6031.190552493812,1.0835623127713916,1.1842130797744208
5634,6032.274114806583,0.8726165247544486,0.9536977467727322
5635,6033.146731331338,0.49824587703551515,0.5445530378594928
5636,6033.644977208373,1.2971554214909702,1.4177305872561352
5637,6034.942132629864,0.8402249753962678,0.9183555928783504
5638,6035.782357605261,0.9527468589076307,1.0413617415738712
5639,6036.735104464168,0.8867105065201031,0.9692056298576063
5640,6037.621814970688,0.9990040394250173,1.0919697456341484
5641,6038.620819010113,1.159369451997918,1.267289033739189
5642,6039.780188462111,0.9677410122367291,1.057852482147742
5643,6040.747929474348,0.6503115189070741,0.71088203674253
5644,6041.398240993255,0.999411243979921,1.0925143028888487
5645,6042.397652237235,0.27099182722758997,0.2962439926769788
5646,6042.668644064463,1.3263662045173987,1.4499720885568372
5647,6043.99501026898,0.5575618549564751,0.6095412842328141
5648,6044.552572123936,1.6289498302685388,1.7808347126937205
5649,6046.181521954205,0.6154104420420481,0.6728183080880434
5650,6046.796932396247,1.4666749651505597,1.6035158363689217
5651,6048.263607361398,0.6890385030837933,0.7533524371691563
5652,6048.952645864481,0.2884971271359973,0.3154302944479674
5653,6049.241142991617,1.0049851306575874,1.0988149503732374
5654,6050.246128122275,1.3808429116306797,1.5098009702284054
5655,6051.626971033906,0.8127682598033061,0.8887028775217882
5656,6052.439739293709,0.6276746306148198,0.6863298949881343
5657,6053.067413924324,0.7114321121343892,0.7779261308881694
5658,6053.778846036458,1.0253185215869962,1.121169119188584
5659,6054.804164558045,1.4567216741343145,1.5929407104170452
5660,6056.2608862321795,0.8119558840144236,0.8879135188096134
5661,6057.072842116194,0.9280341544563271,1.0148705924323511
5662,6058.00087627065,1.1336175151081989,1.239718091694853
5663,6059.134493785758,0.33233494259366125,0.36344962430183364
5664,6059.466828728352,0.8747988646582598,0.9567090779591926
5665,6060.34162759301,1.1519922292736737,1.2598834105848753
5666,6061.493619822284,0.3002919253831351,0.3284252012762902
5667,6061.793911747667,1.4597754600627013,1.5965481086819104
5668,6063.25368720773,1.3397127248808829,1.465287519864209
5669,6064.593399932611,0.5110466616024496,0.5589663780317246
5670,6065.104446594213,1.0381273384100496,1.1354841677621847
5671,6066.142573932623,0.6873604462871299,0.7518406581565608
5672,6066.82993437891,1.3354184082681968,1.460716008797689
5673,6068.165352787179,0.719025060747299,0.7865138336338369
5674,6068.884377847926,0.6853320335740136,0.7496712518467055
5675,6069.5697098815,0.8870210670866072,0.9703108657303408
5676,6070.4567309485865,1.1503934311003832,1.2584402107800527
5677,6071.607124379687,0.3799073574409704,0.41560031762603944
5678,6071.987031737128,0.9998985444572099,1.0938507173875476
5679,6072.986930281585,1.8488215994375423,2.022588481956841
5680,6074.835751881023,0.6204579994491723,0.678803609476157
5681,6075.456209880472,0.8633705304555406,0.9445727837291485
5682,6076.319580410927,0.5770150178295808,0.6312978367849874
5683,6076.896595428757,1.026930169096886,1.1235543780006632
5684,6077.923525597854,0.5407314025051164,0.5916235460862735
5685,6078.464257000359,1.2611155144659278,1.3798260735155756
5686,6079.725372514825,1.092222125110311,1.1950705760647755
5687,6080.817594639935,0.35957601299833186,0.3934455559039043
5688,6081.1771706529335,1.3239130540441693,1.4486288539045447
5689,6082.501083706978,1.1429330509554347,1.250639695715788
5690,6083.644016757933,0.7389906077278283,0.8086530044546574
5691,6084.383007365661,0.8478977966951788,0.9278429341136037
5692,6085.230905162356,1.0946517502225106,1.1978866793002687
5693,6086.325556912579,0.9528354517942716,1.0427231801729364
5694,6087.278392364373,0.8663757071344662,0.9481286595347969
5695,6088.144768071507,0.39277333317113516,0.4298451104285319
5696,6088.537541404678,0.5910746150384512,0.6468690600724588
5697,6089.128616019717,1.588537087360237,1.7385114723702928
5698,6090.717153107077,0.972728661417932,1.0646047237774032
5699,6091.689881768495,1.5024535570728403,1.6444013244986961
5700,6093.192335325568,0.09109149210962642,0.09970114632363464
5701,6093.2834268176775,1.2668345123001927,1.3865743629838345
5702,6094.550261329978,0.7809320500191461,0.8547707546511533
5703,6095.331193379997,0.5805349380689222,0.6354375288762519
5704,6095.911728318066,1.1850001713246456,1.2970864604965076
5705,6097.09672848939,0.9747695210708116,1.0670007584682724
5706,6098.071498010461,0.7153900704379339,0.7830974127985741
5707,6098.786888080899,0.8801771661173916,0.9634970431276536
5708,6099.667065247017,1.0468743877463567,1.1459983047609112
5709,6100.713939634763,0.8286963759683204,0.9071846139222588
5710,6101.542636010731,1.5684260456118864,1.7170101321024651
5711,6103.111062056343,0.7797739513698616,0.85367735887748
5712,6103.890836007713,0.47915053831275145,0.5245719768917514
5713,6104.369986546026,0.7101257725425967,0.7774515552128746
5714,6105.080112318568,1.347825629509316,1.4756355734620445
5715,6106.427937948078,0.27093283924205025,0.2966340425319911
5716,6106.69887078732,1.1895274922226236,1.3023767271611706
5717,6107.888398279542,0.7953824373689713,0.8708641971962573
5718,6108.683780716911,1.8472307590709534,2.022571162643864
5719,6110.531011475982,0.2999846787915885,0.3284738644513223
5720,6110.830996154774,1.0135366927333962,1.1097989775282833
5721,6111.844532847507,0.6199025373261975,0.6787951446719285
5722,6112.464435384833,1.088182089154543,1.1915802288492603
5723,6113.552617473988,1.209274279281999,1.324212756565002
5724,6114.76189175327,0.5128997905421784,0.5616657701002365
5725,6115.274791543812,0.8927043868170585,0.9775937099303186
5726,6116.167495930629,0.9232573604676872,1.01107348524628
5727,6117.090753291097,0.4616061366195936,0.5055231440149272
5728,6117.5523594277165,1.663638414695015,1.8219362307866298
5729,6119.2159978424115,1.065536854948732,1.1669704770331368
5730,6120.28153469736,0.6517669890508841,0.7138299116573349
5731,6120.933301686411,1.1610970720921614,1.2716793884246558
5732,6122.094398758503,0.7630261611466267,0.8357194329271929
5733,6122.85742491965,0.4991830531771484,0.5467499730987373
5734,6123.356607972827,0.7822752479542032,0.8568280408957691
5735,6124.138883220781,1.03373665939489,1.1322753725471513
5736,6125.172619880176,1.3959666391310748,1.5290716416440762
5737,6126.568586519307,0.5616348747253141,0.6152069619992971
5738,6127.130221394033,0.9166417357237151,1.004089870006428
5739,6128.046863129756,1.2218884182575493,1.338486347989231
5740,6129.268751548014,1.0228549165976801,1.1204926566790354
5741,6130.2916064646115,0.395162184649962,0.4328933198002786
5742,6130.6867686492615,1.4349187478374006,1.571943322458455
5743,6132.121687397099,0.6406660896918766,0.7018690250877511
5744,6132.762353486791,0.7275392174115041,0.7970532537004983
5745,6133.489892704202,0.9651589637624056,1.0573950257745617
5746,6134.455051667965,0.6880232540843281,0.7537918864135434
5747,6135.143074922049,0.7495382785991751,0.8212005546710905
5748,6135.892613200648,1.8887761194810082,2.0693960093416948
5749,6137.781389320129,0.6642120701253589,0.7277618803642167
5750,6138.4456013902545,1.1437455685272653,1.2531953974880028
5751,6139.589346958782,0.22389287504392996,0.24532476573337836
5752,6139.813239833826,0.8626235490082763,0.9452022131358889
5753,6140.675863382834,1.1964953733977381,1.311062228370585
5754,6141.872358756232,1.0390928840533888,1.1386203520346285
5755,6142.911451640285,0.445214462887634,0.48787044135141366
5756,6143.356666103173,1.0492011046490006,1.1497371192059564
5757,6144.405867207822,1.0994968360682833,1.2048821460198924
5758,6145.50536404389,1.09896556077274,1.204331244017389
5759,6146.604329604663,0.4656938429361617,0.510356493057242
5760,6147.070023447599,1.5230904980116975,1.6691817800580209
5761,6148.593113945611,0.805811284464653,0.8831345931137405
5762,6149.398925230075,0.8764488742644971,0.9605686406980577
5763,6150.27537410434,0.6045137662549678,0.6625474700628747
5764,6150.879887870595,0.6926142107076885,0.7591164472149607
5765,6151.572502081302,1.0130969459250991,1.1103888960536124
5766,6152.5855990272275,0.7407666260160113,0.8119249676697119
5767,6153.326365653244,1.4792727702706543,1.621400655102829
5768,6154.805638423514,0.899171478063181,0.9855978821029563
5769,6155.704809901577,1.032654593012012,1.1319351121963361
5770,6156.737464494589,0.6436641553063964,0.7055639008044142
5771,6157.381128649896,1.0165575232467745,1.1143345055177551
5772,6158.397686173143,0.6992610170045737,0.76653739519869
5773,6159.096947190147,0.7325218056039375,0.8030114638390795
5774,6159.829468995751,1.5998999498469857,1.7538866057373141
5775,6161.429368945598,0.3978847512471475,0.43619668026425706
5776,6161.827253696845,0.5883087155953035,0.6449624259931445
5777,6162.4155624124405,0.9629150318223765,1.0556576950361158
5778,6163.378477444263,1.394743073347854,1.5291117140738149
5779,6164.773220517611,1.4272929169865165,1.564848788052125
5780,6166.200513434597,0.2825355594331995,0.30977543587307194
5781,6166.4830489940305,0.9814823653632629,1.0761164022287224
5782,6167.464531359394,0.915278320852849,1.0035521807388597
5783,6168.379809680247,1.0149267874039651,1.1128351965308205
5784,6169.394736467651,0.14341618079834006,0.15725507208322453
5785,6169.538152648449,1.2818554606265025,1.4055523713849953
5786,6170.820008109075,1.1004666624621677,1.2066962435218183
5787,6171.920474771538,0.9194556865813865,1.00823812013099
5788,6172.839930458119,1.3951395042422519,1.5298869360724392
5789,6174.235069962361,0.5124724509050793,0.5619872569496177
5790,6174.747542413266,0.5614712921997125,0.6157277561197524
5791,6175.309013705466,1.4351484973203696,1.5738514812043438
5792,6176.744162202786,0.8862422468209843,0.9719277930917943
5793,6177.630404449607,0.7798811825168741,0.8553011113390082
5794,6178.410285632124,0.6842012855040593,0.750382049733297
5795,6179.094486917628,0.6701946964676608,0.7350324562940945
5796,6179.764681614096,1.2481441411910055,1.3689169696341508
5797,6181.012825755287,0.6655949913647419,0.7300206366534217
5798,6181.678420746652,1.3840595880519686,1.518052061981488
5799,6183.062480334704,1.2738362477839473,1.3972032547399331
5800,6184.336316582488,0.7436582817081216,0.8157036128827782
5801,6185.079974864196,0.3801288362883497,0.4169628477427833
5802,6185.460103700484,0.9971802675945582,1.0938155489131163
5803,6186.457283968079,0.6694667552528699,0.7343609751377418
5804,6187.1267507233315,1.3319326370328781,1.4610653913262022
5805,6188.458683360364,0.6593463212811912,0.7232934684535658
5806,6189.118029681646,1.051766205664535,1.1537902936378668
5807,6190.16979588731,0.7568700842011822,0.8303089417740657
5808,6190.926665971511,1.1706200573116803,1.2842277185840356
5809,6192.097286028823,1.0361451156068142,1.1367332792586182
5810,6193.13343114443,0.769393048519305,0.8441056172514226
5811,6193.902824192949,1.0624498995393878,1.1656410097540029
5812,6194.9652740924885,0.7068048979836021,0.7754730594356888
5813,6195.672078990472,0.992673135368932,1.0891322559846701
5814,6196.664752125841,0.7223111312896435,0.7925173013525882
5815,6197.387063257131,0.6783263035713389,0.7442698823569515
5816,6198.065389560702,0.5868270006294551,0.6438856849337892
5817,6198.652216561331,2.021817902897965,2.218434873097133
5818,6200.674034464229,0.9190540445461011,1.008477560809915
5819,6201.5930885087755,0.2394811306739939,0.2627881783122195
5820,6201.8325696394495,1.3583410978117172,1.4905474215562122
5821,6203.190910737261,0.6769655047137348,0.7428776467141632
5822,6203.867876241975,0.7177799448954829,0.7876784147719638
5823,6204.58565618687,1.145686144344836,1.2572758466370242
5824,6205.731342331215,0.7816833541928645,0.8578421955921566
5825,6206.513025685408,0.8406516815721261,0.9225726160925398
5826,6207.35367736698,1.2084087603871012,1.3261934199903747
5827,6208.562086127367,0.25188628342857555,0.27644566345787297
5828,6208.813972410796,1.6560577521895539,1.8175371489925731
5829,6210.4700301629855,0.7377863842330044,0.8097580050622883
5830,6211.2078165472185,1.3418695107557141,1.4727952677474057
5831,6212.549686057974,0.6382908425221103,0.7005906099351831
5832,6213.187976900496,0.6120230568703846,0.6717689894202843
5833,6213.799999957367,0.7013047722148258,0.7697774151596813
5834,6214.5013047295815,0.899652287198478,0.9875069615148271
5835,6215.40095701678,1.2673351456696764,1.3911247317476556
5836,6216.66829216245,0.5205667463733334,0.5714310736086715
5837,6217.188858908823,1.3282609547295579,1.4580623971214597
5838,6218.517119863553,1.3271003397712775,1.4568334833321122
5839,6219.844220203324,0.43264596503649955,0.4749547634557903
5840,6220.27686616836,1.0732613943264369,1.178228374367881
5841,6221.350127562687,0.29117339827371325,0.3196586986884676
5842,6221.6413009609605,1.8064079664427481,1.9831411148742681
5843,6223.447708927403,0.40707803232089645,0.44692404651220374
5844,6223.854786959724,0.8776603528194755,0.9635775071683267
5845,6224.732447312544,0.7382307688976653,0.8105152546589194
5846,6225.470678081441,0.7622054847533946,0.8368518608821994
5847,6226.232883566195,1.217161761074749,1.3363878660052761
5848,6227.450045327269,1.3827956002487554,1.5182892539963453
5849,6228.832840927518,0.9287434908355863,1.0197795267317817
5850,6229.761584418354,0.562165377794372,0.6172825301960073
5851,6230.323749796148,0.8632344179832216,0.9478820930341155
5852,6231.186984214131,1.0472527502779485,1.1499681221148033
5853,6232.234236964409,0.5772537363764059,0.6338866754071215
5854,6232.811490700786,0.6246599344249262,0.6859529865447501
5855,6233.436150635211,1.469205392697404,1.613390597844051
5856,6234.905356027908,0.7864555009364267,0.8636663439392556
5857,6235.6918115288445,1.179985684906569,1.2958553282430427
5858,6236.871797213751,0.5293908377661865,0.5813907390193972
5859,6237.401188051517,1.1066020985654177,1.2153140547226713
5860,6238.507790150083,1.212508599096509,1.3316589829209937
5861,6239.720298749179,0.7981337390328918,0.8765891610302018
5862,6240.518432488212,0.4690458493932965,0.5151619436426207
5863,6240.987478337605,1.2762643107280383,1.4017605409969345
5864,6242.263742648333,0.6523854620454586,0.7165563486342584
5865,6242.916128110379,0.6204430956695433,0.6814823403806108
5866,6243.536571206048,0.9309298010803104,1.0225294785119556
5867,6244.467501007129,1.37885278567137,1.5145589675674807
5868,6245.8463537928,1.3744501021692486,1.5097712709705577
5869,6247.220803894969,0.5450965176705722,0.5987829590030543
5870,6247.76590041264,0.8516896439941775,0.9355842046788976
5871,6248.617590056634,0.6059771458521936,0.6656812685437091
5872,6249.223567202486,0.9024308301795827,0.9913570897867396
5873,6250.125998032666,1.0348320058428726,1.1368289656541195
5874,6251.160830038509,1.176891642652663,1.292921548027096
5875,6252.337721681161,0.6229199427498315,0.6843523669568277
5876,6252.960641623911,0.41205780911059264,0.452701523081287
5877,6253.372699433022,1.8396831600657606,2.0211613525104855
5878,6255.212382593088,0.49761312184455164,0.5467241800199623
5879,6255.709995714932,1.0279923886546385,1.1294613174201957
5880,6256.737988103587,1.0839256642766486,1.1909438845167242
5881,6257.821913767863,1.0412284340027327,1.144059774972915
5882,6258.863142201866,0.6479883015526866,0.7120005485331357
5883,6259.511130503419,0.45800397701623297,0.5032559570131121
5884,6259.969134480435,0.9727311215483496,1.0688508047959526
5885,6260.941865601983,0.8349808203902285,0.9175094610421063
5886,6261.776846422374,1.2890585093446134,1.4164950781381378
5887,6263.065904931718,1.1333725196327578,1.2454550717932966
5888,6264.199277451351,0.8616208256917162,0.946853864309146
5889,6265.060898277043,0.9112270290170272,1.0013871465394317
5890,6265.97212530606,0.6736106164344164,0.7402756934783448
5891,6266.645735922494,0.9147506536692163,1.0052962351339847
5892,6267.560486576163,1.064780178460751,1.170201001690804
5893,6268.625266754624,0.6420888118518633,0.7056775381094174
5894,6269.267355566476,1.0817933080797957,1.188945434432886
5895,6270.349148874556,0.7996228827423693,0.8788478563910574
5896,6271.148771757298,0.815591638683145,0.896415315801452
5897,6271.964363395981,0.6218195847341121,0.6834536669203701
5898,6272.586182980715,2.0331510774085473,2.23470688460454
5899,6274.619334058124,0.5146479263357833,0.5656939353590255
5900,6275.13398198446,0.7127119038668752,0.7834124437147769
5901,6275.846693888327,1.0694708198043372,1.1755809343823003
5902,6276.916164708131,0.3130301745577526,0.34409670391788305
5903,6277.229194882689,1.3784008261955023,1.515210494483371
5904,6278.607595708884,0.5148663871568715,0.5659861327400552
5905,6279.122462096041,0.870686569352074,0.9571461392074284
5906,6279.993148665393,1.4128993011463535,1.553232019468855
5907,6281.4060479665395,0.869764943440714,0.9561833294288441
5908,6282.27581290998,0.944594991703525,1.0384691809872106
5909,6283.220407901684,0.8338723763445159,0.9167628657212155
5910,6284.054280278028,0.7341308410132115,0.8071220995112436
5911,6284.7884111190415,1.1106595439468947,1.221107971898263
5912,6285.899070662988,1.2746723613627182,1.4014667284377087
5913,6287.173743024351,0.2522099164643805,0.27730591149601264
5914,6287.4259529408155,0.7852924685148537,0.863437533719943
5915,6288.21124540933,0.9035864837496774,0.9935210391682512
5916,6289.11483189308,0.9221747060501002,1.0139804478806818
5917,6290.03700659913,1.5126454254295822,1.663269906176879
5918,6291.54965202456,0.7802628440376793,0.8579888277051747
5919,6292.329914868597,0.9674208512697078,1.0638096977055145
5920,6293.297335719867,1.0519939341174904,1.1568349480184064
5921,6294.349329653985,0.6568516519919285,0.7223305233259789
5922,6295.0061813059765,0.2153875512194645,0.2368622378601328
5923,6295.221568857196,1.3250230705780268,1.457138455980509
5924,6296.546591927774,1.2246639367995158,1.3468137355884364
5925,6297.7712558645735,0.6874342958799389,0.7560212905366291
5926,6298.458690160453,0.7140554140460154,0.7853108668367496
5927,6299.1727455744995,1.2021418063231977,1.3221249960352321
5928,6300.374887380823,1.0083334968876443,1.1090037193389137
5929,6301.38322087771,0.8470388620689846,0.9316272889251761
5930,6302.230259739779,1.2605118736491931,1.3864182067138746
5931,6303.4907716134285,0.45840777518878895,0.5042104647160904
5932,6303.949179388617,0.9512124630909966,1.0462656845838494
5933,6304.900391851708,0.8474665344019741,0.932172932775878
5934,6305.74785838611,0.8094329602818107,0.8903551226040107
5935,6306.557291346392,0.5874295291305316,0.646169144991661
5936,6307.144720875523,1.109103640334979,1.220024145079959
5937,6308.253824515858,1.685985509270722,1.8546466572991565
5938,6309.939810025128,0.8979460199734604,0.9878121514672761
5939,6310.837756045102,0.3633097051815639,0.3996778445358148
5940,6311.201065750283,0.6783314451186016,0.7462402021218874
5941,6311.879397195402,1.4416242714232794,1.585972053244324
5942,6313.321021466825,0.5048904794457485,0.5554627939848489
5943,6313.825911946271,1.2050967769409908,1.325820537163594
5944,6315.031008723212,0.45297113306332903,0.4983624743321441
5945,6315.483979856275,1.2856210100626413,1.4144652246907528
5946,6316.769600866338,0.4861592322777142,0.5348975864162692
5947,6317.255760098616,1.3473830283801362,1.482477150226631
5948,6318.603143126996,0.7793354848654417,0.8575012936249349
5949,6319.382478611861,1.5364017259444154,1.6905299402558138
5950,6320.918880337806,0.49661946434116544,0.5464583772990409
5951,6321.415499802147,0.7026868921639107,0.7732147647948004
5952,6322.118186694311,1.0644077505576206,1.1712599584574133
5953,6323.182594444868,0.5064667790684325,0.5573227950639855
5954,6323.689061223937,0.659442269844476,0.7256674704341263
5955,6324.348503493781,1.6426538381056162,1.8076463814889585
5956,6325.991157331887,0.5595412740894972,0.6157662230407972
5957,6326.550698605976,1.1586309900812921,1.2750711837087274
5958,6327.709329596058,1.059641905866556,1.1661647691427315
5959,6328.768971501924,0.8961239965838104,0.9862327393996352
5960,6329.665095498508,0.575310856987926,0.6331735586327389
5961,6330.240406355496,0.8680183997739732,0.9553331317643995
5962,6331.10842475527,1.2377263534071972,1.3622573425934537
5963,6332.346151108677,0.8501950386562385,0.9357619072140674
5964,6333.196346147333,0.7197047801682857,0.7921539898279342
5965,6333.916050927502,0.49463395423208567,0.5444353148087445
5966,6334.410684881734,0.9462148898173837,1.041494652490519
5967,6335.356899771551,1.6873490385687546,1.857297929045059
5968,6337.04424881012,0.7777893883312572,0.8561608838903227
5969,6337.822038198451,1.2199192698963088,1.3428644177296942
5970,6339.041957468347,0.20685148076699988,0.22770459469633142
5971,6339.248808949114,1.1926307063258719,1.3128684009745015
5972,6340.44143965544,0.5877994404254423,0.6470773357678177
5973,6341.029239095866,0.9249200739832304,1.0182092689752045
5974,6341.954159169849,1.0717597354860118,1.1798843364234488
5975,6343.025918905335,0.613658771288101,0.6755843089804427
5976,6343.639577676623,1.4849946783051564,1.6348713345106163
5977,6345.124572354928,0.6882092408659446,0.7576940497312485
5978,6345.812781595794,0.8958066966888509,0.9862669740588497
5979,6346.708588292483,0.8041865469340337,0.8854129124297523
5980,6347.512774839417,1.352000136242168,1.4885853382366223
5981,6348.864774975659,0.8298753490116724,0.9137412599966892
5982,6349.694650324671,0.6547156934611849,0.7208938618141151
5983,6350.349366018132,0.448538024968002,0.4938832704615975
5984,6350.7979040431,1.3261916037081392,1.4602787205098713
5985,6352.124095646808,0.6999462696430783,0.7707389248810249
5986,6352.824041916451,0.6631942747535504,0.7302814586076457
5987,6353.487236191205,1.9208716876846665,2.1152144943115134
5988,6355.4081078788895,0.522023021514542,0.574863438785644
5989,6355.930130900404,1.0539760324800227,1.1606757820556122
5990,6356.984106932884,0.6227507255680393,0.6858116166390629
5991,6357.606857658452,0.7088441891655748,0.7806341149885789
5992,6358.315701847618,0.8539219626436534,0.9404201462110261
5993,6359.169623810261,1.3338247105057235,1.4689632398559183
5994,6360.503448520767,0.604665850454694,0.6659486966067809
5995,6361.108114371222,0.9743846859046243,1.0731532548367133
5996,6362.082499057126,0.6028627735277041,0.6639866950652755
5997,6362.685361830654,1.2154777173755065,1.3387326577168914
5998,6363.90083954803,1.3827441963294405,1.5230027510335236
5999,6365.283583744359,0.5687372766569752,0.6264467654249162
6000,6365.852321021016,0.819032324345244,0.9021507736988559
6001,6366.671353345361,1.2874601876537781,1.4181428019532092
6002,6367.958813533015,0.4792806867244508,0.5279451122945167
6003,6368.4380942197395,0.8077887794215712,0.8898184031735632
6004,6369.245882999161,0.5243460246720133,0.5776030868602008
6005,6369.770229023833,1.1278214240774105,1.2423873803529406
6006,6370.8980504479105,1.517631945885114,1.6718382591246965
6007,6372.415682393796,0.7574700583463709,0.8344651712183415
6008,6373.173152452142,0.8803819064014533,0.9698873840801222
6009,6374.053534358543,0.9788705503169695,1.0784105577529037
6010,6375.03240490886,0.5667907266833936,0.624440752676307
6011,6375.599195635544,1.1653535345185446,1.283901711654774
6012,6376.764549170062,0.7468907741431394,0.8228916230861186
6013,6377.511439944205,1.0387057858897606,1.1444200152710962
6014,6378.550145730095,0.6964784586798487,0.767380571310339
6015,6379.246624188775,0.7127856068036635,0.785360187575732
6016,6379.959409795579,1.1842554365948672,1.3048553074802742
6017,6381.143665232174,0.7043738293577917,0.7761252700621796
6018,6381.848039061531,1.5621998505357624,1.7213616701026577
6019,6383.410238912067,1.0489801044150227,1.155894349323507
6020,6384.459219016482,0.46126949467543454,0.5082951087113058
6021,6384.920488511158,0.6577149969680249,0.7247754472258943
6022,6385.578203508126,0.7788736106222132,0.8583001303683295
6023,6386.357077118748,1.171216987056141,1.2906759027090673
6024,6387.528294105804,0.6695564109204497,0.7378677236052338
6025,6388.197850516724,1.1630028515264712,1.2816773059297726
6026,6389.360853368251,0.6452988443779759,0.7111647461207339
6027,6390.006152212629,1.6804932712875598,1.8520488780095687
6028,6391.686645483916,0.5006831936971139,0.5518171215486039
6029,6392.187328677614,0.5312464802400427,0.5855084077372086
6030,6392.718575157854,1.3464987276784086,1.4840489616115848
6031,6394.065073885532,0.9666668152658531,1.065448101180173
6032,6395.031740700798,0.6371289067628823,0.7022508596047554
6033,6395.668869607561,1.0603901897720789,1.1687911606527357
6034,6396.729259797333,0.6318708951876033,0.6964821092287475
6035,6397.36113069252,0.42495047837655875,0.46840996942538665
6036,6397.786081170897,1.3905591764323617,1.5327857278745045
6037,6399.176640347329,1.5695983104287734,1.7301912951245335
6038,6400.746238657758,0.5773872674617451,0.6364850112749563
6039,6401.32362592522,0.8516646969228532,0.9388479868821794
6040,6402.175290622143,0.9355959649792567,1.0313909484248356
6041,6403.110886587122,0.7505109281109981,0.8273726450700746
6042,6403.861397515233,0.905642215615444,0.9984082123842104
6043,6404.767039730848,0.4119222177350821,0.454125165577029
6044,6405.1789619485835,1.569321910895269,1.730120781797866
6045,6406.748283859479,0.8646689591414543,0.9533000411007033
6046,6407.61295281862,0.4642080992261981,0.5118007493518019
6047,6408.077160917846,1.201860272054546,1.3250941151042044
6048,6409.279021189901,1.0747801459419861,1.1850157912752064
6049,6410.353801335843,1.0306679929772145,1.1364067467835712
6050,6411.38446932882,0.8630891112443351,0.9516576211194981
6051,6412.2475584400645,0.7928616187336957,0.8742405072616223
6052,6413.040420058798,0.793031316275119,0.8744432277172398
6053,6413.833451375073,0.7368386932694193,0.812496419267698
6054,6414.570290068343,0.8917860674819167,0.9833699113165169
6055,6415.462076135825,0.7138328248611288,0.7871571801098554
6056,6416.175908960686,1.2021438953352117,1.3256484731009335
6057,6417.378052856021,1.4145467872267545,1.5599151639545406
6058,6418.792599643248,0.8994232178547463,0.9918855690214231
6059,6419.6920228611025,0.49055576658611244,0.540996735532747
6060,6420.182578627689,1.0733572001654466,1.1837372716819843
6061,6421.255935827854,0.23529281645460287,0.25949571680564226
6062,6421.491228644309,1.923257532421303,2.1211005866806287
6063,6423.41448617673,0.35002277709918417,0.38604585682382775
6064,6423.764508953829,0.6369526474363738,0.7025110367515051
6065,6424.4014616012655,0.9982857339391558,1.1010501060638158
6066,6425.399747335205,1.0802668463702503,1.191497137125654
6067,6426.480014181575,0.921514179442056,1.016423067135622
6068,6427.401528361017,1.1860553777078167,1.3082370443428109
6069,6428.587583738725,0.8812649539977429,0.9720744704725499
6070,6429.4688486927225,1.2257232887723148,1.3520540867627049
6071,6430.694571981495,0.22361415210161795,0.24666802570013535
6072,6430.9181861335965,1.0634971105437216,1.173146002756168
6073,6431.98168324414,0.4516198360288399,0.4981947204511534
6074,6432.433303080169,1.1890844056388232,1.3117262058333452
6075,6433.622387485808,0.8925565386125527,0.984640803209054
6076,6434.51494402442,1.2597086547284562,1.3896994892592898
6077,6435.774652679149,1.1305332585552605,1.2472295523998151
6078,6436.905185937704,0.21822066560343956,0.24075201482414832
6079,6437.123406603308,1.6170744012124487,1.7840465434109931
6080,6438.74048100452,0.40013763015303994,0.4414701155707995
6081,6439.140618634673,0.9846077861366211,1.0863232473008475
6082,6440.12522642081,1.0153474221524448,1.1202631666693887
6083,6441.140573842962,0.7535255634211353,0.8314061884515853
6084,6441.894099406383,1.0034342667695455,1.1071628844648929
6085,6442.897533673153,0.6677325077298519,0.7367749768573731
6086,6443.565266180883,0.41310590620560106,0.45582720724497067
6087,6443.978372087088,1.9931431965187585,2.1992842137086326
6088,6445.971515283607,1.0506588394346181,1.159375038816666
6089,6447.022174123042,0.45244404871209554,0.4992721209421928
6090,6447.474618171754,0.7715146945520246,0.8513752754233574
6091,6448.246132866306,1.0859218576633793,1.1983478500013907
6092,6449.332054723969,0.5641540622700632,0.6225763128778798
6093,6449.896208786239,0.8742402451716771,0.9647863428617144
6094,6450.770449031411,1.1946237430584006,1.3183781082433788
6095,6451.965072774469,0.6517366135731208,0.719271012688059
6096,6452.616809388042,1.064976279608345,1.175348613646155
6097,6453.681785667651,1.1795217075377877,1.3017963162273454
6098,6454.8613073751885,0.8295132471930629,0.915528506852256
6099,6455.690820622382,0.5529378458577412,0.6102853000392682
6100,6456.243758468239,1.4101094138723056,1.5563768721768618
6101,6457.653867882112,1.0047431902403332,1.1089978496713169
6102,6458.658611072352,0.4092163580480701,0.4516878005896043
6103,6459.0678274304,0.8850038904238318,0.9768649390132021
6104,6459.952831320824,0.5818081553879892,0.642210980175112
6105,6460.534639476212,1.080144715071583,1.192299897224765
6106,6461.614784191283,1.2380299145152094,1.3666118063678185
6107,6462.852814105799,0.8712830401955216,0.9618011367009395
6108,6463.724097145994,1.4196236671687075,1.567139644842008
6109,6465.143720813163,0.6001531537094706,0.6625372625785311
6110,6465.743873966872,0.5518597335849336,0.6092320401063483
6111,6466.295733700457,0.8977141232453505,0.991054253258752
6112,6467.193447823703,0.8993431327135113,0.9928725095398039
6113,6468.092790956416,1.038334234094691,1.1463413079124438
6114,6469.131125190511,1.0662321374520616,1.1771683784276046
6115,6470.197357327963,0.5037204887084954,0.5561433551546924
6116,6470.701077816671,0.8593796624218157,0.9488271036137577
6117,6471.560457479093,1.219744111154796,1.3467254091589305
6118,6472.780201590248,1.0184471064594618,1.1245029542601617
6119,6473.7986486967075,1.2228447963134386,1.3502161891041329
6120,6475.021493493021,0.7062611129413199,0.7798464307905594
6121,6475.727754605962,0.38536931651287887,0.42552762015227874
6122,6476.113123922475,1.3685818405974715,1.5112110480845975
6123,6477.481705763073,0.54547086155344,0.602336428606904
6124,6478.027176624626,0.8041663080884973,0.8880117617754087
6125,6478.8313429327145,0.599796285318007,0.6623451886053517
6126,6479.4311392180325,1.842539939460039,2.0347137458837765
6127,6481.273679157493,0.7291112138227618,0.8051892768483537
6128,6482.002790371315,1.00391423855217,1.108684201949039
6129,6483.0067046098675,0.4434851843780052,0.4897788799571945
6130,6483.4501897942455,1.069133483078076,1.1807478137350949
6131,6484.519323277324,1.1938860492600725,1.3185555047578141
6132,6485.713209326584,0.450164934998611,0.4971858080846126
6133,6486.163374261582,1.281841000833083,1.4157467151994292
6134,6487.445215262415,0.385001550826928,0.4252323038436138
6135,6487.830216813242,1.0964039676391621,1.2109831010907817
6136,6488.926620780881,0.6959551501358874,0.7687043025932455
6137,6489.622575931017,1.2835219414655512,1.4177121699203454
6138,6490.906097872483,1.2841125609656956,1.4184049547793198
6139,6492.190210433449,0.6232760816719747,0.6884778693658871
6140,6492.8134865151205,1.1912241782220008,1.3158580156990556
6141,6494.0047106933425,0.6174146252378705,0.6820306978315426
6142,6494.62212531858,0.24432877711024048,0.26990291785285925
6143,6494.866454095691,1.1415206291740105,1.2610115850850252
6144,6496.007974724865,1.2713335527059826,1.4044484955770236
6145,6497.279308277571,0.7594611829299538,0.8390041976678848
6146,6498.038769460501,0.7960937974057742,0.8794883791607616
6147,6498.834863257906,1.1968262227737796,1.3222227519299687
6148,6500.03168948068,1.1757645110992598,1.2989887744051989
6149,6501.207453991779,0.4577303603573455,0.5057152911930256
6150,6501.665184352137,0.9017878687482153,0.9963344785045074
6151,6502.566972220885,1.13457127262609,1.253548756508524
6152,6503.701543493511,1.0309663027119313,1.1391078173385514
6153,6504.732509796223,0.6762201979090605,0.747168262508986
6154,6505.408729994132,0.2591706377643277,0.2863667415699021
6155,6505.667900631896,1.4691194445349538,1.6232909950566705
6156,6507.137020076431,0.34073255143903225,0.376501770181038
6157,6507.47775262787,2.1405001744296897,2.365222164277568
6158,6509.6182528023,0.43995533663473907,0.4861674003980786
6159,6510.058208138935,0.833845921172724,0.9214404645985282
6160,6510.8920540601075,0.8341691323666964,0.9218146326063853
6161,6511.726223192474,0.8407152087256691,0.9290656418410129
6162,6512.5669384012,0.7940067470744907,0.8774649205105574
6163,6513.360945148274,1.0216791212596945,1.129087797066389
6164,6514.382624269534,0.6700235899625113,0.7404796004714322
6165,6515.052647859497,1.118642429677493,1.2362910506966687
6166,6516.171290289174,1.0690405554760218,1.181501714457724
6167,6517.24033084465,0.621057002265843,0.6864073057987746
6168,6517.861387846916,0.9468096039208831,1.0464513640996564
6169,6518.808197450837,1.5122952001675003,1.6714833372052613
6170,6520.320492651004,0.5894722888533579,0.6515434415368769
6171,6520.909964939858,0.878907446480298,0.9714686296683877
6172,6521.788872386338,0.5827246946073501,0.6441062123531947
6173,6522.371597080945,1.0057220452736146,1.1116744441661024
6174,6523.377319126219,0.7118039267406857,0.7868096412190734
6175,6524.08912305296,0.8096409912950548,0.8949702603652654
6176,6524.898764044255,1.1837986464697678,1.3085843276344389
6177,6526.082562690724,1.3492036732641282,1.4914638580359596
6178,6527.431766363989,0.7561381012337733,0.8358902635813523
6179,6528.187904465222,0.9157053664939667,1.0123044502233358
6180,6529.103609831716,0.6574141086248346,0.7267803493920002
6181,6529.761023940341,0.6666478154147626,0.7369990220716359
6182,6530.427671755756,1.171035746094276,1.294633934058479
6183,6531.59870750185,1.0948596359576186,1.2104489811177142
6184,6532.693567137808,0.7978622682194327,0.8821175251791236
6185,6533.491429406027,0.3799576664368942,0.4200890581534309
6186,6533.871387072464,0.8915499395889128,0.985724312987103
6187,6534.762937012053,1.7071166863051985,1.8874764029510198
6188,6536.470053698358,0.5845965153821453,0.6463844119635007
6189,6537.05465021374,1.0879501886565777,1.2029546484665221
6190,6538.142600402397,1.0273841455637012,1.1360135332612316
6191,6539.169984547961,0.5549764369379773,0.6136701682237731
6192,6539.724960984899,0.9139457753335591,1.010616075352898
6193,6540.638906760232,0.7157523949581446,0.7914752109672749
6194,6541.35465915519,0.5077354279073916,0.5614599920452977
6195,6541.862394583098,1.6552624664273026,1.8304297515272954
6196,6543.517657049525,0.599851817210947,0.663354975348467
6197,6544.117508866736,1.2892524387752928,1.425757625384372
6198,6545.406761305511,0.7970918380151488,0.8815123794915193
6199,6546.203853143526,0.7223340430928147,0.7988509346115207
6200,6546.926187186619,0.9231735705161555,1.020981617740205
6201,6547.849360757135,1.280502343121043,1.416197260438115
6202,6549.129863100256,0.5619262532982248,0.621491103170884
6203,6549.691789353555,0.5916598422973038,0.6543845671162916
6204,6550.283449195852,1.323301410170643,1.4636100247372767
6205,6551.606750606023,0.5311630452415557,0.5874989245622543
6206,6552.137913651264,0.6847731344196291,0.7574099454315102
6207,6552.822686785684,1.3660100451224935,1.5109312851433772
6208,6554.188696830806,1.5881698433859128,1.756712903399589
6209,6555.776866674192,0.5132974833995831,0.5677904985989523
6210,6556.290164157592,0.6426234455693702,0.7108540537882085
6211,6556.932787603161,0.6180785807982829,0.6837127769786349
6212,6557.550866183959,1.159399512131131,1.2825343491348784
6213,6558.710265696091,0.7492073976072788,0.8287985740943701
6214,6559.459473093698,1.025763154755623,1.134752558176002
6215,6560.4852362484535,0.7611396935744779,0.8420312628527693
6216,6561.246375942028,1.014582313315259,1.1224277124152329
6217,6562.260958255343,1.108463740316438,1.226315577909119
6218,6563.36942199566,0.7965822017231403,0.8812962150309518
6219,6564.166004197383,1.059892528043747,1.1726292388662674
6220,6565.2258967254265,0.6905669534353365,0.7640376615887275
6221,6565.916463678862,1.3056600253521538,1.444593491065107
6222,6567.222123704214,0.5888192543625337,0.6514933250039152
6223,6567.810942958577,0.7741677150324904,0.8565813695828718
6224,6568.585110673609,0.7342435332393507,0.8124208517261674
6225,6569.319354206848,0.5469348482638452,0.6051785260936002
6226,6569.866289055112,1.4831080250214654,1.6410654384514967
6227,6571.349397080134,1.4191434583362934,1.570339350636981
6228,6572.76854053847,0.39772320095107716,0.4401103970383114
6229,6573.166263739421,1.0638209059461587,1.177207451845802
6230,6574.230084645367,1.0492796230564636,1.1611433226033696
6231,6575.279364268424,0.6416774678627917,0.7101030005953867
6232,6575.9210417362865,0.3689659965730243,0.4083165632263433
6233,6576.2900077328595,1.5524369945342187,1.718019706508588
6234,6577.842444727394,0.8258958175856606,0.9140167756851564
6235,6578.668340544979,0.6133862216011039,0.6788452093149325
6236,6579.2817267665805,0.9714057089067865,1.0750860227434018
6237,6580.253132475487,0.8535943169772509,0.9447204130633164
6238,6581.1067267924645,1.2595082249581537,1.3939939638580374
6239,6582.366235017423,1.2817548760358477,1.4186550698090532
6240,6583.6479898934585,0.37707534325545566,0.41736125582500666
6241,6584.025065236714,1.1270840224015046,1.2475095106866787
6242,6585.1521492591155,0.6139164901378535,0.6795283182792591
6243,6585.766065749253,0.599051858394887,0.6630839291229673
6244,6586.365117607648,1.3148174113975983,1.4553759999297728
6245,6587.679935019046,0.4535994959542222,0.5021052816967896
6246,6588.133534515,1.0766756796374466,1.191822085512303
6247,6589.2102101946375,1.652995082758025,1.8298196677262941
6248,6590.8632052773955,0.627843315563041,0.6950301850100992
6249,6591.491048592959,0.652962635737822,0.7228474770225751
6250,6592.144011228696,0.7019387813606954,0.7770764745816408
6251,6592.845950010057,1.1891124193252836,1.3164188328977648
6252,6594.035062429382,1.147078952188167,1.2699181863121476
6253,6595.182141381571,0.4906382024182676,0.5431936096284722
6254,6595.672779583989,0.8274249386649899,0.9160655314036744
6255,6596.500204522654,0.7649657970123371,0.8469305229757271
6256,6597.265170319666,1.0755251640266579,1.1907856236094094
6257,6598.340695483693,0.835351284715216,0.9248947799399126
6258,6599.176046768408,1.577733686252941,1.7468868860897513
6259,6600.753780454661,0.5936775297141139,0.6573499297638753
6260,6601.347457984375,1.043070004265246,1.1549550447184518
6261,6602.39052798864,0.5872254930163763,0.6502290786373306
6262,6602.977753481657,0.9193853554916132,1.0180394783994908
6263,6603.897138837148,0.530028301852326,0.5869144322950006
6264,6604.427167139001,0.9723872012700667,1.0767626246577633
6265,6605.399554340271,1.2950264477476594,1.4340641063985053
6266,6606.694580788018,1.070893401095418,1.1859009215387488
6267,6607.765474189114,0.20230760001868475,0.22403944004270868
6268,6607.9677817891325,1.774136177093169,1.9647221585339816
6269,6609.741917966226,0.3524977110837426,0.39037971942775374
6270,6610.094415677309,1.2923817186865563,1.431281575608952
6271,6611.386797395996,0.6211778710139697,0.6879588342009124
6272,6612.00797526701,0.9000022347991035,0.9967722236565468
6273,6612.907977501809,1.1958518885785452,1.3244581116801142
6274,6614.103829390388,0.4215249613571359,0.46686940607390726
6275,6614.525354351745,0.7202503216722107,0.7977366707195271
6276,6615.245604673417,0.7557164196769008,0.837031397183211
6277,6616.001321093094,1.8217992485369905,2.0178577057126907
6278,6617.823120341631,0.7594784126276863,0.8412452676053258
6279,6618.5825987542585,1.0156051260573804,1.1249656071940486
6280,6619.598203880316,0.6454492014527204,0.7149670103753583
6281,6620.243653081769,0.5581931386768701,0.6183217354663625
6282,6620.801846220445,1.095747223906983,1.2137958810371114
6283,6621.897593444352,0.9985568193706058,1.106161116458391
6284,6622.896150263723,0.6788180900812222,0.7519836915600787
6285,6623.574968353804,1.0887511091141278,1.2061186136441688
6286,6624.663719462918,0.5864063276330853,0.6496363422300051
6287,6625.2501257905515,1.386161509944941,1.535645680737602
6288,6626.636287300496,0.8239544614889383,0.9128374499046811
6289,6627.460241761985,0.6015948905742334,0.6665030412905092
6290,6628.06183665256,1.8294444508555898,2.026855960504588
6291,6629.891281103415,0.21913732653774787,0.24279360053910246
6292,6630.110418429953,0.9278497865489044,1.0280177438683182
6293,6631.038268216502,0.509429966834432,0.5644378862376195
6294,6631.547698183336,1.000958528461524,1.10905362341342
6295,6632.548656711798,0.9353453089297545,1.036377196306095
6296,6633.4840020207275,0.8685961138316998,0.9624375405710391
6297,6634.352598134559,1.3441773561862647,1.4894276617078108
6298,6635.6967754907455,0.9575118475204363,1.0610103825100459
6299,6636.654287338266,0.9710763430775842,1.0760633794229737
6300,6637.6253636813435,0.4651101691870281,0.5154059629465516
6301,6638.0904738505305,0.9852795199849425,1.0918360507059222
6302,6639.0757533705155,0.7838090650466256,0.8685953770389376
6303,6639.859562435562,1.1955583968783685,1.324906982490236
6304,6641.0551208324405,0.7311078094253389,0.8102279993857315
6305,6641.786228641866,0.8580549918469842,0.950928387635628
6306,6642.644283633713,0.6482639086198105,0.7184434513429093
6307,6643.292547542333,0.8273553261105917,0.9169357390421268
6308,6644.119902868443,1.7984995037140834,1.9932644554954622
6309,6645.918402372157,0.6933931663197654,0.7685126783642502
6310,6646.611795538477,0.7106283247358078,0.7876268261673466
6311,6647.322423863213,0.7554957341335466,0.8373685957240268
6312,6648.077919597346,1.3061703362109256,1.4477432760212787
6313,6649.384089933557,0.26326204298584344,0.2918046701127726
6314,6649.647351976543,0.7357830033179198,0.8155605520448053
6315,6650.383134979861,1.162004453903137,1.2880156859606087
6316,6651.545139433764,1.038521576228959,1.151170833832846
6317,6652.583661009993,1.3575796691793585,1.5048711429238564
6318,6653.941240679173,0.42502780705854093,0.4711552734220048
6319,6654.366268486231,0.9683049622781255,1.0734031174254874
6320,6655.334573448509,1.1115412288036168,1.232211742610596
6321,6656.446114677313,0.6076408154985984,0.6736233265235817
6322,6657.053755492811,1.2819517365633146,1.4211749573020984
6323,6658.335707229375,0.7193706022690094,0.7975181257720354
6324,6659.055077831644,0.4667644891042073,0.5174786303285297
6325,6659.521842320748,0.9817132779226085,1.0883877545928198
6326,6660.503555598671,0.9580933347015161,1.0622237089246338
6327,6661.461648933372,0.8850716982669837,0.9812859772607169
6328,6662.346720631639,1.3723020466695743,1.521511126806854
6329,6663.719022678309,1.1538942721672356,1.2793939089798256
6330,6664.872916950476,0.5600000035037738,0.6209220529081722
6331,6665.43291695398,0.803180971837719,0.890569266552297
6332,6666.236097925817,0.5722551566786933,0.634529062837018
6333,6666.808353082496,0.8079978168170783,0.8959367311747741
6334,6667.616350899313,1.4810113705243566,1.6422266737883817
6335,6669.0973622698375,0.7126472477702919,0.7902475631092369
6336,6669.810009517608,0.3656927963565977,0.40551938427912815
6337,6670.175702313964,1.5380764949813965,1.7055975601489197
6338,6671.713778808946,0.8126865861859187,0.901230940914312
6339,6672.526465395132,1.01295278699763,1.123336311107635
6340,6673.539418182129,0.7149413718088908,0.7928672588242832
6341,6674.254359553938,1.3537676812884456,1.5013462844044307
6342,6675.608127235227,0.41295227963837533,0.4579828758155465
6343,6676.021079514865,1.0129825558133234,1.1234537384433898
6344,6677.034062070678,0.7395402427564477,0.8202089320758279
6345,6677.773602313435,0.6645955555095497,0.7371010295779971
6346,6678.438197868944,0.7091025540003102,0.7864748456793144
6347,6679.147300422945,1.7427976152439442,1.932988903359882
6348,6680.890098038189,0.9950292033799997,1.103657933893516
6349,6681.885127241569,0.6805130651300715,0.7548217583972883
6350,6682.565640306699,0.6189775048005686,0.6865768488345799
6351,6683.184617811499,1.138469333483954,1.2628198429154747
6352,6684.323087144983,0.7615502204325821,0.84475198883809
6353,6685.084637365416,0.85160695407194,0.9446631462553043
6354,6685.936244319488,0.7201054320294134,0.7988068819176813
6355,6686.656349751517,1.384392169237799,1.5357182860438927
6356,6688.040741920755,0.4627602144382763,0.5133591816222923
6357,6688.503502135193,0.7564333265690948,0.8391513272928565
6358,6689.259935461762,1.2487720667759277,1.385351097267765
6359,6690.508707528538,1.1962124807168948,1.327078572370389
6360,6691.704920009255,0.9426212454936831,1.045771181960858
6361,6692.647541254749,0.8521106163525474,0.9453751832253958
6362,6693.499651871101,0.48186416498629114,0.5346145609354083
6363,6693.981516036088,0.8421868488276232,0.9343919607582042
6364,6694.823702884915,1.1152789513735115,1.2374053265603933
6365,6695.938981836289,0.3333288106314285,0.36983814757728467
6366,6696.27231064692,1.5066940395317943,1.6717334167477822
6367,6697.779004686452,0.7286749364529896,0.8085182001001087
6368,6698.507679622905,1.253959595223023,1.391381704773426
6369,6699.761639218128,1.109728963325324,1.2313778199256866
6370,6700.871368181453,0.5044300554181973,0.559739141868995
6371,6701.375798236872,0.40888009360151045,0.45371734147885995
6372,6701.784678330473,1.55212834746726,1.7223477519348642
6373,6703.33680667794,0.9337828154848467,1.0362236813699839
6374,6704.270589493425,0.6030965219715654,0.6692727393730331
6375,6704.873686015397,0.766420150293925,0.8505284183287173
6376,6705.640106165691,0.5739698321076503,0.636968712029734
6377,6706.214075997798,1.3210926348156136,1.466113646293304
6378,6707.535168632614,1.185880057067152,1.3160954825822386
6379,6708.721048689681,1.0059430095834614,1.116428770984472
6380,6709.7269916992645,0.8181846902971301,0.9080679121241835
6381,6710.545176389562,0.9578482684355549,1.0630930841525956
6382,6711.503024657997,0.5868792101246072,0.6513766528218448
6383,6712.089903868122,0.6418560614247326,0.7124043379046702
6384,6712.731759929547,1.0935854558993015,1.2138012739836195
6385,6713.825345385446,0.7271185054269154,0.80706814366406
6386,6714.552463890873,1.3131124966021162,1.4575171910757092
6387,6715.865576387475,0.6927895850967616,0.7689981204056565
6388,6716.558365972572,1.25130903885929,1.3889766121404126
6389,6717.809675011431,0.37684470108251844,0.41831589200895736
6390,6718.1865197125135,1.373167492538414,1.5242947631384782
6391,6719.559687205052,1.06650896804058,1.1839208833973769
6392,6720.6261961730925,0.4172331466088508,0.46317686017266047
6393,6721.043429319701,1.0042389296459078,1.1148308277841499
6394,6722.047668249347,0.8665020054495471,0.961946217301778
6395,6722.914170254797,0.7356146903030094,0.8166569037742023
6396,6723.6497849451,0.9234994734124484,1.0252569181998454
6397,6724.573284418512,0.4895168219045445,0.5434658104923141
6398,6725.062801240417,2.1406829729876335,2.3766295561266277
6399,6727.203484213404,0.6578688154440897,0.7304125949123738
6400,6727.8613530288485,0.32973427014894696,0.366099493200737
6401,6728.191087298997,1.2949317974535006,1.4377553326453731
6402,6729.486019096451,0.40921819675804727,0.4543651458276448
6403,6729.895237293209,1.0397093684059655,1.1544252434579372
6404,6730.934946661615,1.0263022181607084,1.139564054001366
6405,6731.961248879776,1.051948392835584,1.168066044515031
6406,6733.013197272611,0.33945469741684065,0.37693330628355215
6407,6733.352651970028,1.1387593636081874,1.2644969621003839
6408,6734.491411333636,1.2531124411452765,1.391510210366908
6409,6735.744523774782,0.6650815830180363,0.738555026862235
6410,6736.4096053578,1.2416225426986784,1.378807608178368
6411,6737.651227900498,0.6459531914206309,0.717342565351768
6412,6738.297181091919,1.255232720262029,1.3939775249613953
6413,6739.552413812181,0.7093079226806367,0.7877309768907461
6414,6740.261721734862,0.19597575815896562,0.21764666484207504
6415,6740.4576974930205,0.9088301244592003,1.009332335485448
6416,6741.36652761748,1.3075207152132862,1.4521398446343228
6417,6742.674048332693,0.998134912731075,1.1085650443151835
6418,6743.672183245424,1.0529632607594976,1.1694842137673558
6419,6744.725146506184,0.9457033258431693,1.0503783899856434
6420,6745.670849832027,0.9222310478198779,1.0243286643636167
6421,6746.593080879847,0.649357010714084,0.7212596350656261
6422,6747.242437890561,0.7867345292561367,0.8738608740097146
6423,6748.029172419817,1.0018378174900135,1.1128042104964158
6424,6749.031010237307,1.1826751049156883,1.31369949090349
6425,6750.213685342223,0.3880741975217461,0.4310783856881262
6426,6750.601759539744,1.1845661717043185,1.3158439349851163
6427,6751.786325711449,0.3916946496556193,0.43511455794395354
6428,6752.178020361104,1.258884396038411,1.398445142603432
6429,6753.436904757143,1.3639655175211374,1.5152160950986282
6430,6754.800870274664,1.1281904465904518,1.2533321110507643
6431,6755.929060721254,0.4199954433106541,0.46659353629636524
6432,6756.349056164565,0.6388561042476795,0.7097428991262117
6433,6756.987912268813,0.9809059168419481,1.0897609567506863
6434,6757.9688181856545,1.0717687754504368,1.1907319897550377
6435,6759.040586961105,0.4613451671539224,0.5125647816457752
6436,6759.501932128259,0.9605272723356393,1.0671776803879778
6437,6760.4624594005945,1.2577209242335812,1.397398134341847
6438,6761.720180324828,1.1513135869190592,1.2792077308986445
6439,6762.871493911747,0.6793111921642776,0.7547911629519065
6440,6763.550805103911,0.7646258626000417,0.8495975836541022
6441,6764.3154309665115,0.8620760369540221,0.9578927593120411
6442,6765.1775070034655,1.4489113403760712,1.609982131746689
6443,6766.626418343842,0.4289694982853689,0.47667127165548445
6444,6767.055387842127,0.771109601918397,0.8568654260075882
6445,6767.826497444045,0.9362320288209958,1.040368251651799
6446,6768.762729472866,0.822947364205902,0.9145011559693137
6447,6769.585676837072,0.5082025593164872,0.5647504814449128
6448,6770.093879396389,1.8612690284662676,2.0683954888761478
6449,6771.955148424855,0.5405445702290308,0.6007213089581662
6450,6772.495692995084,1.2446900543973243,1.3832724013736704
6451,6773.740383049481,0.8325637530952008,0.9252847863283368
6452,6774.572946802577,0.4208933054933368,0.46777562106387605
6453,6774.99384010807,1.1528448943699914,1.281268975267881
6454,6776.14668500244,0.21255099494646856,0.23623440794309145
6455,6776.359235997386,1.7356235169208958,1.9290233654628426
6456,6778.094859514307,0.5893125645297914,0.6550034525226108
6457,6778.684172078837,0.9018459924036506,1.0023875751467077
6458,6779.586018071241,0.6315190364894079,0.7019368047119015
6459,6780.21753710773,1.6764505166511299,1.8634086161879526
6460,6781.893987624381,0.45960603410094336,0.5108794758651203
6461,6782.353593658482,0.999442933996761,1.1109511161967471
6462,6783.353036592479,1.0163045307645007,1.1297178005475457
6463,6784.369341123243,0.8571146237109133,0.9527837256295109
6464,6785.226455746954,0.5569596170480509,0.6191373269852759
6465,6785.783415364002,1.0765968369860275,1.196799733186903
6466,6786.860012200988,0.3307111052872642,0.36764361419079583
6467,6787.190723306276,1.1685646114638075,1.2990743501941096
6468,6788.3592879177395,1.4363550765738182,1.596812028259438
6469,6789.795642994313,1.2332724610960213,1.3710843367276773
6470,6791.028915455409,0.3474942601287694,0.38633500695682066
6471,6791.376409715538,0.8202892661174701,0.9119827778983994
6472,6792.196698981656,0.8648944629803736,0.961590654629092
6473,6793.061593444636,1.0350303995364811,1.1507689586032614
6474,6794.096623844172,0.9111918239323131,1.0131046733271276
6475,6795.007815668105,0.8891035816741351,0.9885649338064626
6476,6795.896919249779,0.3986357541170946,0.4432382418116732
6477,6796.295555003896,1.478580877006607,1.6440298794290489
6478,6797.774135880903,0.592489734002811,0.6588081660258198
6479,6798.366625614905,0.906696740080406,1.0081974993673632
6480,6799.273322354986,1.4987290623830631,1.6665370776025423
6481,6800.772051417369,0.8849368630471872,0.984051523178627
6482,6801.656988280416,0.567144135484341,0.630677132965923
6483,6802.2241324159,0.7329979237538282,0.8151200316959035
6484,6802.957130339654,0.9488291409379599,1.0551483729945568
6485,6803.905959480592,0.4636629242895651,0.5156280767887976
6486,6804.369622404882,1.362163174008856,1.5148427677508836
6487,6805.731785578891,0.6696821642526629,0.7447655786885315
6488,6806.401467743143,1.2881183382432937,1.4325597419544085
6489,6807.689586081387,1.0007155154271459,1.1129595321324357
6490,6808.690301596814,0.7127785669690638,0.7927431669082096
6491,6809.403080163783,0.9632510175379139,1.071331457499974
6492,6810.366331181321,0.7907052087603006,0.8794431511297515
6493,6811.157036390081,0.6937284476689456,0.7715958624524298
6494,6811.85076483775,1.3913954759591434,1.547594944412051
6495,6813.242160313709,0.6951502945785251,0.7732111686895214
6496,6813.937310608288,0.5251553449425046,0.5841354149115533
6497,6814.46246595323,0.6186303538906941,0.6881161674879507
6498,6815.081096307121,1.2542423403247085,1.3951394998335462
6499,6816.3353386474455,1.62213967446678,1.80441263186426
6500,6817.957478321912,0.638169787296647,0.709902388546473
6501,6818.595648109209,0.6047307564949733,0.6727136975877214
6502,6819.200378865704,1.1891167704507097,1.3228123105256084
6503,6820.389495636155,0.639558668823156,0.7114836878088192
6504,6821.029054304978,0.6715857444332869,0.7471225633324755
6505,6821.700640049411,0.803079469241311,0.8934186701187645
6506,6822.503719518652,1.1834835145873512,1.3166369142968435
6507,6823.68720303324,0.9318819894942862,1.0367534972624817
6508,6824.619085022734,0.8117484074455206,0.903118045299954
6509,6825.4308334301795,1.263725296926168,1.4059929502774045
6510,6826.694558727106,0.5206371127114835,0.5792647326130865
6511,6827.215195839817,0.9808282760677685,1.0912887561636524
6512,6828.196024115885,1.404375764521319,1.56256809850368
6513,6829.600399880406,0.4826274978213405,0.5370076407149901
6514,6830.083027378228,0.7871862426636653,0.8758914518341765
6515,6830.870213620891,0.6748146337113212,0.750869464635301
6516,6831.545028254603,1.0112099805364778,1.1251940712880626
6517,6832.556238235139,0.8330221867463479,0.9269404840389597
6518,6833.389260421885,0.7885982305442667,0.877523292084824
6519,6834.17785865243,1.6237694662222566,1.8069011444579977
6520,6835.801628118652,0.8527111897319628,0.94891375200351
6521,6836.654339308384,0.9536683549649752,1.061279799704109
6522,6837.608007663349,0.35391946495838056,0.393863411477214
6523,6837.961927128307,0.611728189553105,0.6807739019335127
6524,6838.57365531786,1.5873038403860846,1.7664852985042991
6525,6840.160959158246,0.46848486053477245,0.5213866842618712
6526,6840.629444018781,1.0226847895628453,1.1381786239309515
6527,6841.652128808344,0.9162779325797601,1.019776828428632
6528,6842.568406740924,0.5293100712551677,0.5891099889352883
6529,6843.097716812179,1.4443526143586496,1.6075491678347245
6530,6844.542069426538,0.8535271200362331,0.9499953169346702
6531,6845.395596546574,1.042004102773717,1.1597952132392944
6532,6846.437600649348,0.7932684753950525,0.8829610190379068
6533,6847.230869124743,0.980445654318828,1.0913198524701737
6534,6848.2113147790615,0.5645934245540047,0.6284536263637928
6535,6848.7759082036155,1.1037600584813845,1.228618963301444
6536,6849.879668262097,0.23404831203515641,0.260530192149424
6537,6850.113716574132,1.0021946960487185,1.1155955366599832
6538,6851.115911270181,1.872728177303543,2.0846756653333536
6539,6852.988639447484,0.3778456316267693,0.4206250446163114
6540,6853.366485079111,0.9969820177075235,1.109868359278356
6541,6854.363467096819,0.9290247200542581,1.0342378964809789
6542,6855.292491816873,0.9697914395728731,1.0796424148688528
6543,6856.262283256446,0.49784841517157474,0.5542522989514264
6544,6856.760131671617,1.2892801289526687,1.4353644025040881
6545,6858.04941180057,0.5090174138058501,0.5667078063066056
6546,6858.558429214376,1.3640347450009358,1.518646157508418
6547,6859.922463959377,0.2653949399918929,0.2954854814061785
6548,6860.187858899369,0.9204467620429568,1.0248129022298271
6549,6861.108305661412,1.1432466647856927,1.2728996942145776
6550,6862.251552326197,1.4100083357679978,1.5699515951427379
6551,6863.661560661965,0.80651805240268,0.898031207075961
6552,6864.468078714368,0.8521175151900025,0.9488206374676743
6553,6865.320196229558,0.6273370999997496,0.6985432608306842
6554,6865.947533329558,0.6584240927586507,0.7331683709130596
6555,6866.605957422316,0.9013343210308449,1.0036675150744703
6556,6867.507291743347,1.074861898342533,1.1969190384561843
6557,6868.58215364169,0.9869741059937951,1.0990756335504255
6558,6869.5691277476835,0.4558068031565199,0.5075882290279605
6559,6870.02493455084,1.7641393058611357,1.9645710223091988
6560,6871.789073856701,0.5833745253003144,0.6496781398777771
6561,6872.3724483820015,0.7002752319704086,0.7798746942571174
6562,6873.072723613972,0.8619704202656067,0.9599635627352029
6563,6873.9346940342375,1.2186300653766011,1.357194396570681
6564,6875.153324099614,0.9919917620491105,1.1048141720256468
6565,6876.145315861663,0.5528015486470395,0.6156861382767367
6566,6876.69811741031,0.5395291666227422,0.6009108439046251
6567,6877.237646576933,1.021216547680524,1.1374120532510381
6568,6878.2588631246135,0.8535586882808275,0.9506980094092707
6569,6879.112421812894,1.2655205977098376,1.4095682728858845
6570,6880.377942410604,1.3100959736084405,1.4592557884942252
6571,6881.688038384213,0.7571589743129152,0.843387580997708
6572,6882.445197358526,0.3933798526031751,0.4381865750189176
6573,6882.838577211129,1.3427242557063437,1.4956753471665558
6574,6884.181301466835,0.5200828116812772,0.5793421221558376
6575,6884.701384278516,0.5618984717448257,0.6259291008297
6576,6885.263282750261,1.3603783688540716,1.515416718021086
6577,6886.623661119115,0.9263071891837171,1.0319048392516088
6578,6887.549968308299,0.701024558800782,0.7809553283471419
6579,6888.2509928671,1.0386882211478223,1.1571362019488705
6580,6889.289681088248,0.6875944208204601,0.7660215252471709
6581,6889.977275509068,1.5600973263954074,1.7380670002062113
6582,6891.537372835463,0.6453654251527041,0.7190093907181532
6583,6892.182738260616,0.7682382415014217,0.8559149243364651
6584,6892.950976502118,0.7989650583585899,0.890162671937912
6585,6893.749941560476,0.9758547307528715,1.087261361225096
6586,6894.725796291229,0.8895908811191475,0.991169401050128
6587,6895.615387172348,0.22492480316032015,0.2506126082836589
6588,6895.8403119755085,1.241691250365875,1.3835065249916507
6589,6897.082003225874,1.4203397882029094,1.5825994598544069
6590,6898.502343014077,1.0580716644763015,1.1789804869086178
6591,6899.560414678554,0.7583283116910025,0.8450031287914149
6592,6900.318742990245,0.5393667646048925,0.6010243202533991
6593,6900.8581097548495,0.9762055661849445,1.0878123669876802
6594,6901.834315321034,0.7443615511938333,0.8294790439627976
6595,6902.578676872228,1.3593213550666405,1.5147826256284729
6596,6903.937998227295,0.5971881376372039,0.6655053656056479
6597,6904.535186364932,0.605475073710295,0.67474864709193
6598,6905.140661438642,0.9534014559194475,1.0624952648555834
6599,6906.094062894562,1.045969735876497,1.1656787358262137
6600,6907.140032630438,1.3022492676309412,1.4513203003695951
6601,6908.442281898069,0.46080764322414325,0.5135710256271819
6602,6908.903089541293,1.5691661574501268,1.7488554295711578
6603,6910.4722556987435,0.5766688643279849,0.642725549206401
6604,6911.0489245630715,0.7709822680617435,0.8593075453486518
6605,6911.819906831133,0.3722377452022556,0.4148886577103469
6606,6912.1921445763355,1.1114109710642879,1.238765702387317
6607,6913.3035555474,0.8839878236849472,0.9853051353702661
6608,6914.187543371085,1.1415739445774307,1.2724374423134337
6609,6915.329117315662,0.9159466132659873,1.02096955294381
6610,6916.245063928928,0.9714044951469987,1.0828067420683056
6611,6917.216468424075,1.1411185897322866,1.2720094314185644
6612,6918.3575870138075,0.4597696492610339,0.5125191274904937
6613,6918.8173566630685,0.9329943930306399,1.0400469234338152
6614,6919.750351056099,1.2171223586501583,1.3568020813146868
6615,6920.967473414749,0.5163545204732145,0.5756269900079067
6616,6921.4838279352225,0.9971460639344514,1.1116205594216062
6617,6922.480973999157,0.8730600467088152,0.9733092193914046
6618,6923.354034045866,0.7918499898769369,0.8827901063142986
6619,6924.145884035743,0.314543783645604,0.35067333128866957
6620,6924.460427819388,2.194403546657668,2.4464759189788166
6621,6926.654831366046,0.6319664716438638,0.7045926860106393
6622,6927.28679783769,0.7848654188755972,0.8750743284193488
6623,6928.071663256565,0.6477686414345953,0.7222319426589918
6624,6928.719431898,0.9076200150548175,1.0119676581942318
6625,6929.627051913055,0.9018381365785899,1.0055398468446377
6626,6930.528890049633,0.8161686003895738,0.9100361371453336
6627,6931.345058650023,0.6781921573701766,0.7562037362239367
6628,6932.023250807393,1.281321716794082,1.428730471869512
6629,6933.304572524187,0.8799634590232017,0.9812241205021753
6630,6934.1845359832105,0.8608349115520468,0.9599117675585954
6631,6935.0453708947625,1.062763447670477,1.1851020453352887
6632,6936.108134342433,0.6306146878687287,0.7032224364421927
6633,6936.738749030302,1.4037110392664545,1.5653519087831123
6634,6938.142460069568,0.5343649285596257,0.595915607206913
6635,6938.676824998128,1.0513494186106982,1.1724617016368757
6636,6939.7281744167385,0.5831701870165489,0.6503636963933723
6637,6940.311344603755,0.4913049761871662,0.5479202457004242
6638,6940.802649579942,1.2467507446845048,1.390433454569388
6639,6942.049400324627,0.8983982259387631,1.0019604741319887
6640,6942.9477985505655,1.364365368439394,1.5216697638422507
6641,6944.312163919005,0.7593366444243657,0.846908048206622
6642,6945.071500563429,1.239963994837126,1.382985898768899
6643,6946.311464558266,0.34992654254529043,0.39029827007911005
6644,6946.661391100812,0.8112408627157492,0.9048418532655866
6645,6947.472631963527,0.6713366497288007,0.7488079657289278
6646,6948.143968613256,1.4402781152166426,1.6065063565026358
6647,6949.584246728473,0.9737851108484392,1.0862056570464214
6648,6950.558031839321,0.22068696109181474,0.24616952456082827
6649,6950.778718800413,0.953037970260084,1.063089389967928
6650,6951.731756770673,1.4389604702291763,1.6051548633637542
6651,6953.170717240902,0.6369192420461331,0.7105019423212445
6652,6953.8076364829485,1.453922069019427,1.6219135576744703
6653,6955.261558551968,0.5268829828619346,0.5877785062684584
6654,6955.78844153483,0.7576021017230232,0.8451725687851103
6655,6956.546043636553,1.2099500673293733,1.3498279549422596
6656,6957.755993703882,0.2768979559014042,0.30891677692127717
6657,6958.032891659784,0.9479516289711682,1.0575730812816395
6658,6958.980843288755,0.8357231960426361,0.9323846335525541
6659,6959.8165664847975,1.0849132667226513,1.2104172675999503
6660,6960.90147975152,1.705932310159369,1.9033188204099503
6661,6962.6074120616795,0.2628139348762488,0.2932333193116171
6662,6962.870225996556,0.8100584848025392,0.9038235259325131
6663,6963.680284481358,0.8533995976986262,0.9521972145906341
6664,6964.533684079057,1.2631026759154338,1.4093560345739637
6665,6965.796786754972,0.6818486438687614,0.7608188760337414
6666,6966.478635398841,0.6623626821356083,0.7390864108339051
6667,6967.140998080977,1.1755030056028772,1.3116833153441165
6668,6968.31650108658,0.4853272522959742,0.5415647383303172
6669,6968.801828338876,1.130409422122284,1.2614085879235382
6670,6969.932237760998,0.6031309826685174,0.6730412770650821
6671,6970.535368743666,1.5605674020862352,1.741477837526094
6672,6972.095936145753,1.1664784511540347,1.3017452648786383
6673,6973.262414596907,0.39224189217566163,0.4377373689000229
6674,6973.654656489082,0.9368541817348159,1.0455267078874972
6675,6974.591510670817,0.7036872834178212,0.7853281308938408
6676,6975.295197954235,0.7130597086434136,0.7957993816869084
6677,6976.008257662878,0.910796827831291,1.0164956869626318
6678,6976.91905449071,1.2625605281964454,1.409108141066673
6679,6978.181615018906,0.660778140048933,0.7374948460313815
6680,6978.842393158955,0.9204502584570946,1.0273289115771918
6681,6979.762843417412,1.2414887591803563,1.385671055701384
6682,6981.0043321765925,0.9725345072320124,1.0855088974272242
6683,6981.9768666838245,0.4205488957595662,0.46941124709095594
6684,6982.397415579584,0.9878742684259123,1.1026619723786861
6685,6983.38528984801,1.4585849962177235,1.6281005621233502
6686,6984.843874844228,0.307847012005368,0.343634974546166
6687,6985.151721856233,0.8519531047240889,0.9510006974477196
6688,6986.003674960957,0.8469587145609694,0.9454421020401115
6689,6986.850633675518,0.40349264727683476,0.4504180943872183
6690,6987.254126322795,1.777744142413212,1.9845088308013235
6691,6989.031870465208,1.0813011884802108,1.207108230859961
6692,6990.113171653688,0.5655396811453102,0.6313529179736926
6693,6990.678711334834,1.26080883553459,1.4075484796921207
6694,6991.939520170368,0.3359780854698329,0.37509064684047616
6695,6992.275498255838,0.8835855716670267,0.9864540821118846
6696,6993.159083827505,0.950894590056123,1.0616184519878649
6697,6994.109978417561,0.9293613154477498,1.037597915503915
6698,6995.039339733009,0.7800121426771511,0.8708715215548468
6699,6995.819351875686,1.067623994737005,1.1920046628162204
6700,6996.886975870423,0.9217214784939642,1.0291265509919745
6701,6997.808697348917,0.6900978731891882,0.7705271014816581
6702,6998.498795222106,1.1838834324498748,1.3218807468754057
6703,6999.682678654556,1.0350089342482534,1.1556808148068949
6704,7000.717687588804,1.1382133019515095,1.2709445827008623
6705,7001.855900890756,0.4969349607190452,0.5548972499938579
6706,7002.352835851475,0.33867282906521723,0.3781793137987079
6707,7002.69150868054,1.352214818788525,1.5099622806891342
6708,7004.043723499329,1.0191426755918656,1.1380657319033836
6709,7005.062866174921,0.03769849772652378,0.04209838240914779
6710,7005.100564672647,1.6390977113023837,1.8304022532095368
6711,7006.7396623839495,1.3750796734457253,1.5356209946998938
6712,7008.114742057395,0.702731575859616,0.7847978277181807
6713,7008.817473633255,0.5502770738939944,0.6145481974888493
6714,7009.367750707149,0.9863297652163965,1.101543185922515
6715,7010.354080472365,0.6464214074130723,0.7219445258499748
6716,7011.000501879778,1.2356440991807176,1.3800257921865515
6717,7012.236145978959,0.9222882446802032,1.0300810159716314
6718,7013.158434223639,0.5479922553986398,0.6120505182598899
6719,7013.706426479038,0.9234536760441188,1.031413470504063
6720,7014.629880155082,0.6505867691275853,0.72665967278608
6721,7015.28046692421,1.4411433714531086,1.6096770787429706
6722,7016.721610295663,1.1138255279729492,1.2441176455936096
6723,7017.835435823636,0.6467879841084141,0.7224637277427347
6724,7018.482223807744,0.9555731382861268,1.0673915006669363
6725,7019.43779694603,0.9980804365104632,1.1148945041289238
6726,7020.435877382541,0.5871887267439888,0.6559258372161452
6727,7021.023066109285,0.6344911378728284,0.70877397869337
6728,7021.6575572471575,0.6376671968864684,0.7123310448335737
6729,7022.295224444044,1.747607587546554,1.9522585622490922
6730,7024.0428320315905,0.41233367083987105,0.4606357188795274
6731,7024.45516570243,1.244138343812665,1.389892200628515
6732,7025.699304046243,0.8954196855529517,1.0003455352633237
6733,7026.594723731796,0.7135829319440745,0.7972155084339817
6734,7027.30830666374,1.1461677637116736,1.2805182051580983
6735,7028.454474427452,0.5722619539419611,0.6393556845140443
6736,7029.026736381394,1.134201431051224,1.267193350607421
6737,7030.160937812445,0.7555428657142329,0.8441541993566484
6738,7030.916480678159,0.8194274075140129,0.9155452425532555
6739,7031.735908085673,0.590881307491145,0.6602019234415051
6740,7032.326789393164,1.0480439065095197,1.1710116327138278
6741,7033.374833299674,0.9171865755097315,1.0248224726773218
6742,7034.2920198751835,1.7509635750520829,1.9564832252609141
6743,7036.042983450236,0.5473447880149251,0.6116111576942994
6744,7036.590328238251,0.6973227329481233,0.7792073636883258
6745,7037.287650971199,0.5387278204771064,0.6019975969529909
6746,7037.826378791676,1.0657803260801302,1.1909616805857557
6747,7038.892159117756,0.8325317353301216,0.9303369129520003
6748,7039.724690853086,1.1036212057151715,1.2332945360166563
6749,7040.828312058801,0.5521552811960646,0.6170462210133382
6750,7041.380467339997,0.9867233502454837,1.1026983441189702
6751,7042.367190690243,1.293040731653491,1.4450477195725364
6752,7043.660231421896,0.9846641243748309,1.1004478167709966
6753,7044.644895546271,0.1867397707883356,0.2087020931760464
6754,7044.831635317059,1.6555498636698758,1.8502648082281696
6755,7046.487185180729,0.7378868685254929,0.8246998898437272
6756,7047.225072049255,0.7233664049244908,0.8084831364345779
6757,7047.948438454179,1.0009634097905291,1.1187606440983384
6758,7048.94940186397,0.3308706527295726,0.3698162654572608
6759,7049.280272516699,1.016940655149483,1.1366487350421355
6760,7050.297213171849,0.8288624314027402,0.9264501139215412
6761,7051.126075603252,1.6050263949255168,1.7940272361559286
6762,7052.731101998177,0.7987294116637713,0.8928132033646048
6763,7053.529831409841,0.6994943664794846,0.7819016888248019
6764,7054.22932577632,1.13292854959127,1.2664165659931153
6765,7055.362254325912,0.6237506175348244,0.697260367206941
6766,7055.9860049434465,0.6287531913749262,0.7028613468311868
6767,7056.614758134821,1.026101198664037,1.1470574301551373
6768,7057.640859333485,0.988921120242594,1.105517469661184
6769,7058.629780453728,1.2598164399860252,1.4083801390058766
6770,7059.889596893714,0.15697387808177155,0.17548946195360154
6771,7060.046570771796,0.850729575033256,0.9510789297068125
6772,7060.897300346829,1.4993714806587377,1.6762613245879239
6773,7062.396671827488,1.1200269646633387,1.2522011102366506
6774,7063.516698792151,0.594844599064345,0.6650570975155454
6775,7064.1115433912155,1.0377851347175238,1.1602940402277353
6776,7065.149328525933,0.6345000547371455,0.7094166242312682
6777,7065.78382858067,0.9168288944938467,1.0250936447890264
6778,7066.700657475164,0.5316180326753965,0.5944057117826359
6779,7067.232275507839,1.1753891396665495,1.3142246056175075
6780,7068.407664647506,0.5031589373847964,0.5626047467455383
6781,7068.910823584891,1.7209519568868927,1.9242936531040677
6782,7070.631775541778,0.6257734969594821,0.6997369601602141
6783,7071.257549038737,1.179566015832279,1.319001745883034
6784,7072.437115054569,0.5460725068887768,0.6106378784607739
6785,7072.983187561458,0.48347543345880695,0.5406455250235056
6786,7073.466662994917,1.6004734199241284,1.7897439049525488
6787,7075.067136414841,0.823737138605793,0.9211811800807677
6788,7075.890873553447,0.4515905967382423,0.5050199049841005
6789,7076.342464150185,0.723448321811702,0.8090494437507926
6790,7077.065912471997,1.2057063934344114,1.3483897185080476
6791,7078.271618865431,0.6602719388165497,0.7384264384458442
6792,7078.931890804248,1.2054134581658218,1.3481126941803954
6793,7080.137304262414,1.1917413054388817,1.3328542997594959
6794,7081.3290455678525,0.949596632020075,1.0620629346107275
6795,7082.278642199873,0.7455640121725082,0.8338814451724509
6796,7083.024206212045,0.5965279690026364,0.6672010021062789
6797,7083.620734181048,0.6783336157359372,0.7587075800376003
6798,7084.299067796784,0.949661001082859,1.0621983058734643
6799,7085.2487287978665,1.0580026413781525,1.183401283967622
6800,7086.306731439245,0.8795077980448696,0.9837714289780327
6801,7087.18623923729,0.9865364091674564,1.1035075224621702
6802,7088.172775646457,0.8897062739915782,0.9952161939055977
6803,7089.062481920449,0.9798564335451374,1.096076799172191
6804,7090.042338353994,0.9524355549083339,1.0654244922205667
6805,7090.994773908902,0.8727299639576813,0.9762819585434274
6806,7091.86750387286,0.8088383784088364,0.904825289822817
6807,7092.676342251269,0.8261695110777509,0.9242281478308609
6808,7093.502511762346,1.1861841891923177,1.3269952087630352
6809,7094.688695951539,0.3970244316096796,0.44416546435769755
6810,7095.085720383148,0.6398821784605389,0.7158648307480073
6811,7095.725602561609,0.908503076645502,1.01639609133395
6812,7096.634105638254,1.908986661695053,2.1357351119519703
6813,7098.543092299949,0.5626554063173899,0.6295114104834647
6814,7099.105747706267,1.0428618125451976,1.166790197200266
6815,7100.148609518812,0.22606461274244793,0.25293426455928364
6816,7100.3746741315545,1.4303866466170803,1.6004071963152569
6817,7101.8050607781715,0.5212897167057235,0.5832686711228486
6818,7102.326350494877,0.7122357859816475,0.7969256718161898
6819,7103.038586280859,1.4717997793195536,1.6468306997851971
6820,7104.5103860601785,0.34326736915772926,0.3841010911729937
6821,7104.853653429336,0.9865511885855085,1.1039149834674664
6822,7105.840204617922,1.249202501144282,1.397839877009881
6823,7107.089407119066,0.6451362726647858,0.7219163858109392
6824,7107.734543391731,1.0415283040229042,1.1654995816632667
6825,7108.776071695754,1.225788883187306,1.3717209580569716
6826,7110.001860578941,0.8884336701821667,0.9942274614545131
6827,7110.890294249123,0.3059261193357088,0.34236157876002127
6828,7111.196220368459,1.084332577657733,1.2134828021072952
6829,7112.280552946117,0.41977928769665596,0.469787593238446
6830,7112.700332233813,1.174574364747059,1.3145124391781866
6831,7113.87490659856,1.1293694779105863,1.2639515498225968
6832,7115.004276076471,0.6624531005554672,0.7414115056778716
6833,7115.666729177026,1.745495147559268,1.9535682121787168
6834,7117.412224324586,0.33870140995531983,0.3790897884919457
6835,7117.750925734541,0.7824101016221903,0.8757143556548702
6836,7118.533335836163,0.750329524584231,0.839821220203519
6837,7119.283665360747,0.9671036924628424,1.0824662352598573
6838,7120.25076905321,1.1707478289827122,1.3104277049811197
6839,7121.421516882193,0.7843348914420858,0.8779330392691793
6840,7122.205851773635,0.5107425043697731,0.5717006161702075
6841,7122.716594278005,0.9647763044986277,1.0799352446880992
6842,7123.681370582503,0.8076875257602296,0.9041132323436936
6843,7124.489058108264,1.4267787491680792,1.5971403537050453
6844,7125.915836857432,1.1192750419413642,1.252955465011357
6845,7127.035111899373,0.5347713384708186,0.5986550292574925
6846,7127.569883237844,0.9944433445571121,1.1132512482466563
6847,7128.564326582401,0.5498212542042893,0.6155215792041203
6848,7129.114147836605,1.2158372869944287,1.3611374369442197
6849,7130.3299851236,0.3807320150854139,0.4262422023307163
6850,7130.710717138685,0.7500974063232206,0.8397654641192032
6851,7131.460814545008,1.41399321289191,1.5830482984701817
6852,7132.8748077579,1.129129899122745,1.2641627462010232
6853,7134.003937657023,0.7191764979461368,0.8052010618721894
6854,7134.723114154969,0.6615086790970963,0.7406458983973362
6855,7135.384622834066,1.2561263485895324,1.406417056025774
6856,7136.640749182656,0.6474867708475358,0.7249742231564241
6857,7137.288235953503,1.1794501095973828,1.3206168715988849
6858,7138.467686063101,0.5592167804516066,0.6261633745906635
6859,7139.026902843552,0.830236428230819,0.9296384697411564
6860,7139.857139271783,0.9367028256547201,1.0488691475858294
6861,7140.793842097438,0.7530500920456689,0.8432404750164394
6862,7141.5468921894835,0.6253029737490579,0.7002039905818755
6863,7142.172195163233,1.7988819062566108,2.014383453592215
6864,7143.971077069489,0.6715950051902837,0.7520773230535148
6865,7144.6426720746795,1.0642194164929606,1.191768814350079
6866,7145.706891491172,0.6789918254889926,0.7603868143739128
6867,7146.385883316661,0.7663309302943162,0.8582073916196556
6868,7147.152214246956,0.2691280090430155,0.3013987263103959
6869,7147.421342255999,1.681489047931791,1.8831238382076145
6870,7149.1028313039305,0.5878180613481163,0.6583279322491665
6871,7149.690649365279,0.9847370081934059,1.10287093165623
6872,7150.675386373472,0.5656543491986668,0.6335254421372366
6873,7151.241040722671,1.4320976260823954,1.6039485622326632
6874,7152.673138348753,0.9562760814023932,1.0710591665327576
6875,7153.6294144301555,0.5541507168281896,0.6206779521727409
6876,7154.183565146984,1.0394514117324434,1.164253072870994
6877,7155.223016558716,1.26075053783552,1.4121516146547357
6878,7156.483767096552,0.585806603002311,0.6561714035078703
6879,7157.069573699554,0.4904354343962041,0.5493510118143162
6880,7157.56000913395,0.9197124251604691,1.0302067000179893
6881,7158.479721559111,0.7508888337715689,0.8411159931167731
6882,7159.230610392882,1.1018350417934926,1.234250458070878
6883,7160.332445434676,1.4827268865110454,1.6609531224762244
6884,7161.815172321187,0.8228146956162163,0.9217455042236873
6885,7162.637987016803,0.499500182409065,0.5595665277373393
6886,7163.137487199212,1.2344487194350222,1.3829084580953594
6887,7164.371935918647,0.3400512246980725,0.3809564706276749
6888,7164.711987143345,1.3305397189224095,1.490602286797095
6889,7166.042526862268,0.4899205272167819,0.5488719446241459
6890,7166.532447389484,1.0631665219125352,1.1911073556891536
6891,7167.595613911397,1.0483011891692513,1.174477887036954
6892,7168.643915100566,0.5481207563261705,0.614106984178627
6893,7169.192035856892,0.9694657486315919,1.0861879367279177
6894,7170.161501605524,0.9742043549358641,1.0915180293549847
6895,7171.13570596046,1.6710383124336659,1.8723008545119038
6896,7172.806744272893,0.5483439149529659,0.6144076719525938
6897,7173.355088187846,0.26768271782020747,0.2999360379967921
6898,7173.622770905667,1.285185069684303,1.440045753281769
6899,7174.907955975351,0.6395225444402968,0.7166011954867016
6900,7175.547478519791,0.8332674611001494,0.9337090979173824
6901,7176.380745980891,0.7550741058194035,0.8461043097668625
6902,7177.135820086711,1.1446181822730068,1.282630197084379
6903,7178.280438268984,1.0888882911867768,1.2202083262819903
6904,7179.3693265601705,1.188345405277687,1.3316886656276208
6905,7180.557671965448,0.5831262231986329,0.6534807406183578
6906,7181.140798188647,0.7148641725661946,0.8011221891865861
6907,7181.855662361213,0.9059855162204258,1.0153192572728096
6908,7182.7616478774335,1.0888472392525728,1.2202704734494785
6909,7183.850495116686,0.870364595497449,0.975438097843489
6910,7184.7208597121835,1.0044628614987232,1.1257445497611467
6911,7185.725322573682,0.3026187382547505,0.33916451405777265
6912,7186.027941311937,0.661725116659909,0.7416428377919351
6913,7186.689666428597,1.6329280802419817,1.8301636441087832
6914,7188.322594508839,0.8230959905313284,0.9225445839392868
6915,7189.14569049937,1.1489223435000895,1.287759059083589
6916,7190.29461284287,0.7732880949652099,0.8667525278518498
6917,7191.0679009378355,0.9158323747478789,1.0265412753108425
6918,7191.983733312583,0.698665415290634,0.783136603399882
6919,7192.682398727874,0.5386514190913658,0.6037846612106434
6920,7193.221050146965,0.8326911440499316,0.9333893280174727
6921,7194.053741291015,1.3680494213158454,1.5335142276241347
6922,7195.421790712331,0.7659720530846243,0.8586391214536369
6923,7196.187762765416,0.7700514347707212,0.8632250713891023
6924,7196.9578142001865,1.185792163843871,1.329289226015661
6925,7198.14360636403,0.8498468427933403,0.9527122121480062
6926,7198.993453206824,0.7510254277276545,0.8419435751322321
6927,7199.744478634551,1.312671142536601,1.4716031731271806
6928,7201.057149777088,0.5206442470280308,0.5836965031686604
6929,7201.577794024116,0.9036207989984177,1.0130635593434405
6930,7202.481414823114,0.6906298637450163,0.7742898465753721
6931,7203.172044686859,1.0934416700329166,1.2259132588681991
6932,7204.265486356892,0.4985360923346889,0.5589462989383529
6933,7204.764022449227,0.7590545255716279,0.8510414628779746
6934,7205.523076974799,1.921940139895014,2.1548849964025565
6935,7207.445017114694,0.7451537394526895,0.8355002158757966
6936,7208.190170854146,0.7375533575441295,0.8269904579318229
6937,7208.9277242116905,0.45582581408507394,0.5111075280664922
6938,7209.383550025776,1.0302385514996786,1.1551943502573125
6939,7210.413788577275,0.9215349184260049,1.0333272047134237
6940,7211.335323495701,1.0280732728706425,1.1528107399640357
6941,7212.363396768572,0.6000109330216219,0.6728246528633154
6942,7212.9634077015935,0.8733590657830064,0.9793562349314396
6943,7213.8367667673765,1.2651907754125205,1.4187678528632517
6944,7215.101957542789,0.43077197912953125,0.4830739042617872
6945,7215.532729521919,1.4203665332524906,1.5928329922633873
6946,7216.953096055171,0.7577710017139907,0.8498062582914059
6947,7217.710867056885,1.0204182568677425,1.1443704494423865
6948,7218.731285313753,0.9817598453937535,1.1010382143196273
6949,7219.7130451591465,0.7191023873347149,0.8064848979588913
6950,7220.432147546481,0.35256442632908147,0.39541226565176096
6951,7220.78471197281,1.0733362595929066,1.2037892404168196
6952,7221.858048232403,0.680815020218688,0.7635771875903975
6953,7222.538863252622,1.4224662564711252,1.595407387925667
6954,7223.961329509093,0.9989462841031127,1.1204278560493055
6955,7224.960275793196,0.7043614922504275,0.7900341926404052
6956,7225.664637285447,1.161595135740754,1.3028999734630597
6957,7226.826232421187,0.8444196766577079,0.9471625997486808
6958,7227.670652097845,0.4343213376687345,0.4871745158684173
6959,7228.104973435514,0.8590111573967079,0.9635536559586365
6960,7228.9639845929105,1.6149952568493973,1.8115723051758381
6961,7230.57897984976,0.2029167074124416,0.22762292127492076
6962,7230.781896557172,0.9302716687825523,1.043541464091065
6963,7231.712168225955,0.7951689963938406,0.8920049831942886
6964,7232.507337222349,0.7983883795668589,0.8956303951317913
6965,7233.305725601916,1.7266847560240421,1.9370216406818421
6966,7235.03241035794,0.5596372430682095,0.627830966403246
6967,7235.592047601008,1.1232455407225643,1.2601307015710947
6968,7236.71529314173,0.5774078464637569,0.6477883519673928
6969,7237.292700988194,0.6311145614581619,0.7080494169769765
6970,7237.923815549652,1.1833228089890326,1.327590013890758
6971,7239.107138358641,0.38568654399023217,0.43271833755022887
6972,7239.492824902632,1.2517496774826213,1.4044024650405085
6973,7240.744574580114,0.639162942801704,0.7171274286694213
6974,7241.383737522916,1.4292659058655772,1.6036264762570944
6975,7242.8130034287815,1.0953643737339007,1.2290256684983316
6976,7243.908367802515,0.286372081321133,0.32132338497948904
6977,7244.1947398838365,0.8536112870797297,0.9577986966086567
6978,7245.048351170916,1.4736204908185755,1.6535106737829386
6979,7246.521971661735,0.6507715499510596,0.7302346510922669
6980,7247.172743211686,0.8073919532116633,0.9059908823903284
6981,7247.980135164898,0.5787421611321406,0.649428575477644
6982,7248.55887732603,1.0166384942695004,1.1408216134369211
6983,7249.575515820299,0.7357910618729875,0.8256848895616623
6984,7250.311306882172,0.9242662700653455,1.037201615318193
6985,7251.2355731522375,1.3435601821502132,1.5077559679042205
6986,7252.579133334388,1.1978343860891982,1.344256418764472
6987,7253.776967720477,0.6046136521599692,0.6785368893096828
6988,7254.381581372637,0.6586470623351488,0.7391854448178867
6989,7255.040228434972,0.8543880584556973,0.9588737040914167
6990,7255.894616493428,0.8341260138749931,0.936149387052841
6991,7256.728742507303,0.630066790166893,0.7071428593672222
6992,7257.35880929747,1.525330790418593,1.7119455801144068
6993,7258.884140087888,0.6354526090308354,0.7132175602813877
6994,7259.519592696919,0.4512474850898798,0.5064762041804065
6995,7259.970840182009,1.3629575208406095,1.5297850042922316
6996,7261.33379770285,1.1121763520150125,1.248341175266338
6997,7262.445974054865,0.6768579527733891,0.7597428230208705
6998,7263.122832007638,1.1501620457302124,1.291022589045491
6999,7264.272994053368,0.47525403693180124,0.5334704574506326
7000,7264.7482480903,1.2146081954306283,1.363404726024747
7001,7265.962856285731,0.8622153376200004,0.967864645648843
7002,7266.825071623351,0.19750118757292512,0.22170521038524307
7003,7267.0225728109235,0.8285890964643841,0.9301373327084961
7004,7267.851161907388,1.430634623629885,1.6059928725344468
7005,7269.281796531018,1.3833994913447896,1.5530112889015466
7006,7270.665196022363,0.4973822029105577,0.5583788483765939
7007,7271.162578225273,1.1313378693321283,1.27009221336414
7008,7272.293916094605,0.4629035841417135,0.5196884337005913
7009,7272.756819678747,0.9444143959690336,1.0602762297445063
7010,7273.701234074716,0.9381520189408548,1.053264964976605
7011,7274.639386093657,1.0535605346312877,1.1828559395085467
7012,7275.692946628288,0.4955643514940675,0.556392585830598
7013,7276.188510979782,1.124906526567429,1.262995798985781
7014,7277.31341750635,0.597777414628581,0.6711730176014932
7015,7277.911194920978,1.3151285948551958,1.4766183586534332
7016,7279.226323515833,0.5421977665127997,0.6087919345597259
7017,7279.768521282346,1.54757278471061,1.7376681250065822
7018,7281.316094067057,0.8600730824855418,0.9657488323298322
7019,7282.176167149542,0.6415145488781491,0.7203484344548837
7020,7282.8176816984205,0.6780940654816732,0.7614326099299473
7021,7283.495775763902,0.5279221333712485,0.592812196546375
7022,7284.023697897273,1.2536044723638042,1.4077069478765212
7023,7285.277302369637,0.8623918352686815,0.9684271354922482
7024,7286.139694204906,0.6395446610795261,0.7181918579566643
7025,7286.7792388659855,1.487931562115591,1.6709288518899217
7026,7288.267170428101,0.8365876528796434,0.9395048346528333
7027,7289.103758080981,0.8365187461195092,0.9394427321899873
7028,7289.9402768271,0.8811531020110124,0.9895849243210566
7029,7290.821429929111,0.46861364663800487,0.5262887255815052
7030,7291.290043575749,1.4512058695590895,1.6298292838697963
7031,7292.741249445308,0.6618602060325429,0.7433470266939279
7032,7293.403109651341,0.8010383128821559,0.8996720158886087
7033,7294.204147964223,0.8447460884926841,0.9487763965667422
7034,7295.048894052716,0.515955507165927,0.5795048318293371
7035,7295.564849559882,1.006769483102289,1.13078282694214
7036,7296.571619042984,1.79706527252074,2.0184663088403147
7037,7298.368684315505,0.7701642863758025,0.8650798237492967
7038,7299.13884860188,0.19772282438316324,0.2220936318039603
7039,7299.336571426264,1.4269054486048844,1.6027883004413574
7040,7300.7634768748685,0.8178402300818561,0.9186740842407287
7041,7301.58131710495,0.2672405036428245,0.3001941117036768
7042,7301.848557608593,1.0693182110644557,1.2011827949410936
7043,7302.917875819658,0.9260248631562717,1.0402405939392467
7044,7303.843900682814,1.2163864322128575,1.3664398503341504
7045,7305.060287115027,0.7578744610073045,0.8513859333069543
7046,7305.818161576034,0.8190440023945484,0.920116493082171
7047,7306.637205578429,1.023547055267045,1.1498740988347071
7048,7307.660752633696,1.010912340359937,1.1357025335876207
7049,7308.671664974056,0.8262389972214805,0.928250723083142
7050,7309.497903971277,1.0034530740813352,1.127362616848027
7051,7310.501357045358,0.6895946754411852,0.774763061500165
7052,7311.1909517208,0.6901942478189085,0.7754470454435067
7053,7311.8811459686185,0.8432264231569206,0.9473944245499331
7054,7312.724372391775,0.8306736918511888,0.9333062366705184
7055,7313.555046083627,0.8940853575440997,1.004568791321866
7056,7314.449131441171,1.306497105847484,1.467968280495015
7057,7315.755628547018,1.344622008227816,1.5108432960584781
7058,7317.100250555246,0.453488098138223,0.5095612627986298
7059,7317.553738653384,0.797263857044527,0.8958522739913172
7060,7318.351002510429,0.5209964274818049,0.5854310746031269
7061,7318.871998937911,1.0247581619432822,1.1515075522433338
7062,7319.896757099854,1.3370244702391574,1.5024269747295735
7063,7321.233781570093,0.48359185719618836,0.5434307761669754
7064,7321.717373427289,0.8513776257887002,0.9567347449150481
7065,7322.568751053078,0.6752320696896277,0.7588038502083411
7066,7323.2439831227675,1.605350019089201,1.8040637256229537
7067,7324.849333141857,0.37678200807840767,0.4234340461245509
7068,7325.226115149935,1.2179878453571291,1.368805482655869
7069,7326.444102995292,1.0903949748426385,1.2254422472456206
7070,7327.534497970135,0.7490164132905193,0.841801110817301
7071,7328.283514383425,0.5776573282828394,0.6492242502312119
7072,7328.861171711708,0.9544065207819585,1.0726614964389796
7073,7329.81557823249,0.7712613010899076,0.8668397991436073
7074,7330.58683953358,0.38401890217483015,0.43161484610945605
7075,7330.970858435755,1.6812720417428864,1.8896657230069027
7076,7332.652130477498,0.8649029101143242,0.9721391974471607
7077,7333.517033387612,1.1220725829907678,1.2612155018366698
7078,7334.639105970603,0.554857720392647,0.623676515088358
7079,7335.193963690996,0.8228567450687478,0.9249252648952102
7080,7336.016820436064,1.295403531093143,1.4561106672284254
7081,7337.3122239671575,0.33697749287603074,0.3787922273250986
7082,7337.6492014600335,0.9720499789309542,1.092676450480968
7083,7338.6212514389645,1.1418850852360265,1.2836113058130223
7084,7339.7631365242005,0.7328280066576554,0.8238018414527377
7085,7340.495964530858,0.6764465933802057,0.7604319445830124
7086,7341.172411124238,0.6090378287126441,0.6846628647679455
7087,7341.781448952951,1.7260737129927293,1.9404253681249246
7088,7343.507522665944,0.9218845271216196,1.036402815903846
7089,7344.429407193065,0.9839772349905616,1.106228459222203
7090,7345.413384428056,0.3238037581122626,0.3640406638021365
7091,7345.737188186168,0.961738899147349,1.0812544428424276
7092,7346.6989270853155,0.9025135154652162,1.014687910026557
7093,7347.601440600781,0.6250299881421597,0.7027278703615885
7094,7348.226470588923,1.0233070398953714,1.1505288537106415
7095,7349.249777628818,1.0978410848902058,1.234353613708787
7096,7350.3476187137085,0.6256377790505212,0.7034484248993963
7097,7350.973256492759,1.6585910908106598,1.8648927318822532
7098,7352.63184758357,0.24858265022248816,0.27951119726117757
7099,7352.880430233792,1.0335175951195197,1.1621129734124824
7100,7353.913947828912,0.6706777513163615,0.7541418015725577
7101,7354.584625580228,1.492175521646459,1.6778944275322334
7102,7356.0768011018745,0.637100435161301,0.7164156959334727
7103,7356.713901537036,0.5841634257240003,0.6568963917435076
7104,7357.29806496276,0.5318620621992523,0.5980898161513483
7105,7357.829927024959,1.192497035881388,1.3410011365595955
7106,7359.02242406084,0.7964093831678838,0.8956084177586466
7107,7359.818833444008,1.4481799822096946,1.628587098722482
7108,7361.267013426218,0.7911210050106092,0.8896997290687741
7109,7362.058134431229,1.0444567178001307,1.1746205517416248
7110,7363.102591149029,0.7195027184798164,0.8091858979818142
7111,7363.822093867509,0.647667522217489,0.7284067996478226
7112,7364.469761389726,0.650298520715296,0.7313748852005698
7113,7365.120059910441,1.0567665517937712,1.1885344166819456
7114,7366.176826462235,1.2679788051273135,1.426111608082133
7115,7367.444805267362,0.2717783578882518,0.3056799605838899
7116,7367.716583625251,1.494651943723511,1.6811034390888453
7117,7369.211235568974,0.3213780626147127,0.36147898913717214
7118,7369.532613631589,1.2456824121945829,1.4011248748727811
7119,7370.7782960437835,1.209664934032844,1.3606454960709646
7120,7371.987960977816,0.8170870185676904,0.9190905310099163
7121,7372.805047996384,0.618987171434128,0.6962712128401183
7122,7373.424035167818,0.925356790904516,1.040905172227544
7123,7374.349391958723,0.8498518035448797,0.9559889259416646
7124,7375.1992437622675,0.6789078814217646,0.7637084438583202
7125,7375.878151643689,0.9954978307559941,1.1198573786061408
7126,7376.873649474445,0.316439842440559,0.35597692707789513
7127,7377.190089316886,2.142695688551612,2.410426101618718
7128,7379.3327850054375,0.6468180475321788,0.7276680354035895
7129,7379.97960305297,0.48440852024759806,0.5449646440713045
7130,7380.464011573217,1.0729205176285177,1.2070579951443527
7131,7381.536932090846,0.6857812658408875,0.7715341153809598
7132,7382.222713356687,0.9508103679081614,1.0697175813277233
7133,7383.173523724595,1.0288724812853616,1.157563138950694
7134,7384.20239620588,0.7221168612695692,0.8124547529422412
7135,7384.92451306715,0.828120584636963,0.931732587837922
7136,7385.752633651787,0.7089188623485825,0.7976293493387534
7137,7386.461552514135,1.0808681275620984,1.2161389575983075
7138,7387.542420641697,1.0871144150323744,1.2231922852875718
7139,7388.62953505673,0.9549742349227017,1.0745340262204952
7140,7389.5845092916525,1.0796684483129866,1.2148617736784677
7141,7390.664177739965,0.7760819879504197,0.8732790375772858
7142,7391.440259727916,0.7204736400180991,0.8107183017156246
7143,7392.160733367934,0.8278721605947794,0.9315821253044341
7144,7392.988605528529,0.18466380263453175,0.20780046811773636
7145,7393.173269331163,1.538348546268935,1.7310954978277022
7146,7394.711617877432,0.9823445024057946,1.1054596109339618
7147,7395.693962379838,0.7093112061238571,0.7982226389108511
7148,7396.403273585962,1.1286600790517696,1.270153690737123
7149,7397.531933665014,1.2199870966433082,1.3729594771766853
7150,7398.751920761657,0.46846605848895706,0.5272186208598681
7151,7399.220386820146,0.6084327206044691,0.684745300633785
7152,7399.82881954075,1.5253616626196163,1.7166998755035672
7153,7401.35418120337,0.31648841552396334,0.3561984500260018
7154,7401.670669618894,1.347421199029668,1.5164922986961273
7155,7403.018090817924,0.43083220011976664,0.48490444684232487
7156,7403.448923018043,0.6545456529402145,0.73670145725903
7157,7404.103468670984,0.9680592196418729,1.0895795429704638
7158,7405.0715278906255,1.3633480085054543,1.534517239988535
7159,7406.434875899131,1.3478966209040664,1.5171654130603582
7160,7407.782772520035,0.5356697276502018,0.6029546200660626
7161,7408.318442247685,0.6425808434642022,0.7233021200139635
7162,7408.961023091149,0.7368870088394033,0.8294652377482485
7163,7409.697910099989,1.1771065392194942,1.325010039972594
7164,7410.875016639208,0.6005621619497106,0.676038013347552
7165,7411.475578801158,0.7377658507994056,0.8304943368892219
7166,7412.213344651957,1.1152382258060243,1.2554282153841219
7167,7413.328582877763,1.0902319106744471,1.2273046096834397
7168,7414.418814788438,0.7618353686075352,0.857637250895341
7169,7415.180650157045,1.0888542014699851,1.2257969729860838
7170,7416.269504358515,0.44388735815573455,0.4997244571815442
7171,7416.713391716671,1.5971175066197247,1.7980359600244733
7172,7418.310509223291,0.677589130466913,0.7628535176484846
7173,7418.988098353758,0.5495186694488439,0.6186753060396716
7174,7419.537617023207,0.8782962518644126,0.9888397283125978
7175,7420.415913275071,1.0048685387819205,1.1313614940040642
7176,7421.420781813853,0.38618080838841706,0.4348016110126121
7177,7421.806962622241,1.1037247856347676,1.2426947025767612
7178,7422.910687407876,1.3100480255061484,1.4750270929469276
7179,7424.220735433382,1.085470329689997,1.222198005695088
7180,7425.306205763072,0.7364100024169602,0.8291865847085762
7181,7426.042615765489,0.967742550247749,1.0896788279539646
7182,7427.010358315737,0.6085238565037798,0.6852109332482004
7183,7427.618882172241,0.5053644439876734,0.569057808711479
7184,7428.124246616228,1.226642514832747,1.3812550968899304
7185,7429.350889131061,1.20447976379819,1.3563304877648992
7186,7430.555368894859,0.6012662273915339,0.6770843523303754
7187,7431.156635122251,0.4776683446698371,0.5379072458746069
7188,7431.634303466921,1.1063664997427622,1.2459020359309934
7189,7432.7406699666635,1.3009052315346707,1.4650069179906924
7190,7434.041575198198,1.0176163912801712,1.1460111697259967
7191,7435.059191589478,0.5312499981764631,0.598290489408949
7192,7435.590441587655,1.17607518873956,1.3245020376268446
7193,7436.766516776394,0.8916647458690932,1.004219951524772
7194,7437.6581815222635,0.4678135206750085,0.5268747393385834
7195,7438.1259950429385,0.7462208978267881,0.8404383758498168
7196,7438.872215940765,0.8654327786698559,0.9747157069476649
7197,7439.737648719435,0.9654723289277172,1.0874056737451014
7198,7440.703121048363,1.2662023408684036,1.4261422267013977
7199,7441.969323389231,1.2018374736298938,1.3536796823175814
7200,7443.171160862861,0.45723349138279445,0.5150129064310017
7201,7443.628394354244,0.7954718744949787,0.8960013771737791
7202,7444.423866228739,1.0951135576606248,1.2335295601876346
7203,7445.5189797863995,0.673132525870642,0.7582283318486124
7204,7446.19211231227,1.2782672894700227,1.4398811786989998
7205,7447.47037960174,0.445620348956254,0.5019731947232527
7206,7447.9159999506965,0.6628460576112047,0.7466754306495322
7207,7448.578846008308,1.4480059727120533,1.6311541198684998
7208,7450.02685198102,0.2865626769953451,0.3228168509168714
7209,7450.313414658015,0.9739623488731013,1.097188127399047
7210,7451.287377006888,1.868956007536326,2.105455323746319
7211,7453.1563330144245,0.4059225825503745,0.4573045809520057
7212,7453.562255596975,0.9388952984500065,1.05774953883497
7213,7454.501150895425,0.6104490894713308,0.6877377421550408
7214,7455.111599984896,0.6446481977645817,0.7262751838600322
7215,7455.756248182661,1.1230159913238822,1.265230572492785
7216,7456.879264173985,0.6757515099980083,0.7613423739125279
7217,7457.555015683983,1.203880863618906,1.3563820928754466
7218,7458.758896547602,0.5590200482565706,0.6298480983056141
7219,7459.317916595858,1.4244026227670474,1.6048919601519276
7220,7460.742319218625,0.6705175577153568,0.755500758129713
7221,7461.412836776341,0.9322824531918741,1.0504557756602158
7222,7462.345119229532,0.8959151238386767,1.0094964479336193
7223,7463.241034353371,0.7123941395093425,0.8027228573052092
7224,7463.95342849288,1.2819040536160173,1.4444638165420245
7225,7465.2353325464965,0.6383160716222847,0.7192791308790849
7226,7465.873648618119,0.6359187818625287,0.7165864260324633
7227,7466.509567399981,0.727324602779845,0.8195971283141299
7228,7467.236892002761,0.6566242274539036,0.7399374817627434
7229,7467.893516230215,1.848796545505138,2.0833998987965394
7230,7469.74231277572,0.6683819470035814,0.753222720176836
7231,7470.410694722724,0.9054592344127741,1.0204062044889897
7232,7471.3161539571365,0.9001838774429416,1.0144785112301655
7233,7472.2163378345795,0.7221146354650045,0.8138140027960534
7234,7472.9384524700445,0.8634707517558127,0.9731338267823668
7235,7473.8019232218,0.5164523391858893,0.5820526525646713
7236,7474.318375560986,1.138772904569123,1.2834335472008112
7237,7475.457148465555,1.2045369152783678,1.3575809002441521
7238,7476.661685380834,0.46443178143090336,0.5234526673583743
7239,7477.126117162265,0.8641032140803873,0.9739236585225237
7240,7477.990220376345,1.3705835030968956,1.5447986535187588
7241,7479.360803879442,0.46568626716270956,0.5248933271328835
7242,7479.826490146605,1.4440949868012467,1.6277106275416113
7243,7481.270585133406,0.8177679161717606,0.9217716449448216
7244,7482.088353049578,0.6726175096491716,0.7581727096987864
7245,7482.760970559227,0.46171394750581385,0.5204493679911143
7246,7483.222684506733,1.2127218645136963,1.3670061949478123
7247,7484.435406371246,0.651854465834731,0.7348011995392446
7248,7485.087260837081,0.7488492606880754,0.8441487018342476
7249,7485.836110097769,1.1444646147938329,1.290128755136086
7250,7486.980574712563,1.3608236877398667,1.5340584933998822
7251,7488.341398400303,1.0693948623957112,1.205561293360788
7252,7489.4107932626985,0.3908566971294931,0.4406335033980166
7253,7489.801649959828,0.48681693148773775,0.5488186130410512
7254,7490.288466891316,1.1917705466312327,1.3435684292345935
7255,7491.480237437947,1.3909395729997414,1.5681411799960494
7256,7492.871177010947,0.12942893527724664,0.1459216249215985
7257,7493.000605946224,1.154987719075507,1.3021670566877976
7258,7494.155593665299,0.737761055655028,0.8317915672734739
7259,7494.893354720954,0.7271808300347402,0.819874243707555
7260,7495.620535550989,1.282698490275834,1.4462232966733202
7261,7496.903234041265,0.9734328299045956,1.0975574159235992
7262,7497.87666687117,1.1417083417154572,1.2873137050063557
7263,7499.018375212885,0.6166418318716751,0.6952988891801609
7264,7499.635017044757,0.8857416565206222,0.9987359044154246
7265,7500.520758701277,0.8735978390777746,0.9850593176415586
7266,7501.394356540355,0.495244625459236,0.558441574005233
7267,7501.889601165814,0.7165273308355609,0.8079691497818985
7268,7502.60612849665,1.209693599322236,1.364090722649363
7269,7503.815822095972,1.1918054153302364,1.3439499927741303
7270,7505.007627511302,0.8481332378250954,0.9564264379412003
7271,7505.8557607491275,0.603017095121686,0.680023685866992
7272,7506.458777844249,1.4228048656586907,1.6045183243610261
7273,7507.881582709908,0.4437750176166446,0.5004651098450728
7274,7508.3253577275245,1.0375002449636668,1.1700455965374223
7275,7509.362857972488,0.6991562742259703,0.7884920271400667
7276,7510.062014246714,1.2061378487160255,1.3602718127228508
7277,7511.26815209543,0.563397998869732,0.63540978012381
7278,7511.8315500943,0.80755879787921,0.910788093711908
7279,7512.639108892179,0.6173697101503421,0.6962979201172893
7280,7513.2564786023295,1.0709795943121208,1.2079139923259758
7281,7514.327458196642,1.689880560511483,1.9059853628406165
7282,7516.017338757153,0.6655266260013377,0.750659121544052
7283,7516.682865383154,0.6336814997530382,0.7147493766382127
7284,7517.3165468829075,0.9173751615771835,1.0347487256578534
7285,7518.233922044485,0.7543332489931345,0.8508610658547914
7286,7518.988255293478,0.49555329177565,0.5589743943550682
7287,7519.483808585253,1.6116697227744226,1.8179487442072875
7288,7521.095478308028,0.3234818506816737,0.3648956099353537
7289,7521.4189601587095,0.816995782191043,0.9215972478019113
7290,7522.235955940901,1.3478540216729016,1.520445539678331
7291,7523.5838099625735,0.9922531783731756,1.1193386165529156
7292,7524.576063140947,0.5416919256176698,0.611081914639243
7293,7525.117755066564,0.9601336028945298,1.0831363943590204
7294,7526.077888669459,1.2613552306929705,1.4229731608899976
7295,7527.339243900152,0.9167013988299004,1.0341831512513404
7296,7528.255945298982,0.36287953572809784,0.40939214170815375
7297,7528.61882483471,0.9536148488650724,1.0758531181561029
7298,7529.572439683575,0.45207845305048977,0.5100368396022666
7299,7530.024518136625,1.4185196184698725,1.6003934404922429
7300,7531.443037755095,0.47543824867716467,0.5364102569149273
7301,7531.918476003772,1.783312856705379,2.012029592510725
7302,7533.701788860478,0.4943878958129062,0.5578136734525714
7303,7534.196176756291,1.0732399900407472,1.2109387951133745
7304,7535.269416746331,0.5264628917848313,0.5940210528137821
7305,7535.795879638116,1.0562611985114927,1.1918172812811592
7306,7536.852140836628,0.46044026696745277,0.5195414889928728
7307,7537.312581103595,1.2012630042290766,1.3554664794232825
7308,7538.513844107824,0.9933370842391014,1.1208747633081007
7309,7539.507181192063,0.7203587085268737,0.8128629396197423
7310,7540.22753990059,0.7246724996430203,0.8177417015572965
7311,7540.952212400233,0.7677148327702525,0.8663236749802803
7312,7541.719927233004,1.5541595776003305,1.7538081991879297
7313,7543.274086810604,0.869002787269892,0.9806641007720488
7314,7544.143089597874,0.8741926133998277,0.9865368138628436
7315,7545.017282211274,0.45236312431916303,0.5105055352829235
7316,7545.469645335593,1.150133102869404,1.2979711390940305
7317,7546.619778438462,0.7266859369019585,0.8201117289214207
7318,7547.346464375364,0.817464533045495,0.9225737295846896
7319,7548.16392890841,0.30308034869904077,0.3420554984940317
7320,7548.467009257109,1.6534629176176168,1.866103452065445
7321,7550.120472174726,0.973418222152759,1.0986368006135072
7322,7551.093890396879,0.9570875464296478,1.0802250169839451
7323,7552.050977943309,0.8647447765952165,0.9760190057766253
7324,7552.915722719904,0.5068768755245401,0.572110367071698
7325,7553.422599595428,0.9924648353371595,1.1202026006625645
7326,7554.415064430766,1.2219225676681162,1.3792188375520087
7327,7555.636986998434,0.5786463219155848,0.653149495019666
7328,7556.215633320349,0.9082151491402328,1.0251627790279816
7329,7557.1238484694895,0.6078015457769652,0.6860776122336576
7330,7557.7316500152665,0.8870431296418246,1.001292835795108
7331,7558.618693144908,1.0246831739168556,1.156679832749526
7332,7559.643376318825,1.186443704415069,1.3393034735928768
7333,7560.82982002324,0.8291399707513847,0.9359859291144748
7334,7561.658959993992,1.5238544436360826,1.720250402179369
7335,7563.182814437628,0.33760126160541404,0.3811224931626711
7336,7563.520415699233,0.24888619198645756,0.28097265534698734
7337,7563.76930189122,1.1909417856259097,1.3444845032174595
7338,7564.9602436768455,0.7726097270196988,0.8722381511952482
7339,7565.732853403865,1.1124690261540309,1.2559405645585517
7340,7566.845322430019,1.0212086859173723,1.1529345696930184
7341,7567.866531115937,0.422536486298668,0.47704861539971416
7342,7568.289067602235,1.508097503742647,1.7026730511348918
7343,7569.797165105978,0.7499728844377387,0.8467585698508154
7344,7570.547137990416,0.7341513875408054,0.8289068488939013
7345,7571.281289377956,0.9977045998903122,1.126491748694437
7346,7572.278993977847,0.9761903286253073,1.1022208130573883
7347,7573.255184306472,0.7916177419765518,0.8938353310974018
7348,7574.046802048449,0.7030867900139128,0.7938845218092833
7349,7574.7498888384625,0.9467793262028863,1.0690618818446167
7350,7575.696668164665,0.5719369091511908,0.6458175657479537
7351,7576.268605073817,0.6371655171360544,0.7194798153691309
7352,7576.905770590953,2.0117160740282998,2.2716330790927364
7353,7578.917486664981,0.6802706513899466,0.7681914736372369
7354,7579.597757316371,0.6823316608551977,0.7705286029685414
7355,7580.280088977226,0.6797418427031516,0.7676137682026675
7356,7580.959830819929,1.07187472957321,1.2104539495174393
7357,7582.0317055495025,0.7712783113693149,0.871011746634381
7358,7582.802983860872,0.6597509137100133,0.7450735034143929
7359,7583.462734774582,1.0242249616749177,1.1566975072106693
7360,7584.486959736257,0.9825578928612231,1.1096623678069675
7361,7585.469517629118,0.7654769550590572,0.8645154480355333
7362,7586.234994584177,1.0482449074725082,1.183885153662647
7363,7587.2832394916495,0.6071111117908004,0.6856831082640774
7364,7587.89035060344,1.465903512416844,1.6556386312744034
7365,7589.356254115857,0.7646173708199058,0.8636069879738986
7366,7590.120871486677,0.7973533794720424,0.9005938813708156
7367,7590.918224866149,1.047968945905268,1.183676416156038
7368,7591.966193812054,0.3035187937757655,0.3428298403920949
7369,7592.26971260583,0.8286013533670484,0.9359251412035445
7370,7593.098313959197,1.0044285830408626,1.134543668265586
7371,7594.102742542238,0.9749156260813834,1.101228085365703
7372,7595.077658168319,0.9385546694684308,1.0601752893566145
7373,7596.016212837788,1.3987728788861205,1.5800574097028486
7374,7597.414985716674,0.5928971411585735,0.669755496890112
7375,7598.007882857833,0.9748270952441089,1.101207846296911
7376,7598.982709953077,0.5824447652712479,0.6579672865653786
7377,7599.565154718348,0.5657040088581198,0.639062745804719
7378,7600.130858727206,1.6205072873081008,1.8306688317212008
7379,7601.751366014514,0.6537974558950737,0.738609806980451
7380,7602.405163470409,0.6172028567389134,0.6972765068421013
7381,7603.022366327148,0.538312252851938,0.6081578786780317
7382,7603.56067858,1.2705179108879747,1.4353810081473497
7383,7604.831196490888,1.0267378357229973,1.1599952002327962
7384,7605.857934326611,1.136948653478612,1.2845343933032505
7385,7606.99488298009,1.0264711425952555,1.159740367746359
7386,7608.021354122685,0.3994537474563913,0.45132436940258
7387,7608.420807870141,1.252799939756187,1.415491350594446
7388,7609.6736078098975,0.39260645472495526,0.443601497703631
7389,7610.066214264622,0.7882760557167785,0.8906704815864641
7390,7610.854490320339,0.9400399007881788,1.0621634395705049
7391,7611.794530221127,0.8877192933168772,1.0030631469524796
7392,7612.682249514444,1.266875968540262,1.4315082242416557
7393,7613.9491254829845,0.9618935979706293,1.0869184542899413
7394,7614.911019080955,0.6786876519936413,0.7669156551531404
7395,7615.589706732949,0.7717350569582777,0.8720699784470369
7396,7616.361441789907,1.1292456276223675,1.2760794729930902
7397,7617.490687417529,1.0155381121894607,1.1476107291576383
7398,7618.506225529719,0.6029958707385958,0.6814293967810852
7399,7619.1092214004575,0.640220432962451,0.7235039367039326
7400,7619.74944183342,1.2344830216916307,1.3950880809117174
7401,7620.983924855112,0.709650116323246,0.8019932137710284
7402,7621.693574971435,0.32391773733161244,0.3660722766248102
7403,7622.017492708766,1.4058058368264028,1.588766417806532
7404,7623.423298545593,1.5640840016967559,1.7676898261686105
7405,7624.98738254729,0.6071109541016995,0.686161906568913
7406,7625.594493501391,0.6707992571318755,0.7581514624246758
7407,7626.265292758523,0.8619207977408223,0.9741731235741541
7408,7627.127213556264,0.5637663915049416,0.6371986940584873
7409,7627.690979947769,1.051046493828835,1.187960889200718
7410,7628.742026441598,0.9006760363154172,1.018022200175057
7411,7629.642702477913,0.9272254992820308,1.0480481285899994
7412,7630.569927977195,0.9368300549867854,1.058922330277661
7413,7631.506758032182,0.5023412719365297,0.5678186588414041
7414,7632.0090993041185,1.642762287626283,1.8569044116539264
7415,7633.651861591745,0.6604386468889061,0.7465526873597625
7416,7634.312300238634,0.459487762178469,0.5194063122424453
7417,7634.771788000812,1.6153634859265367,1.8260270892616357
7418,7636.387151486739,0.4358379126570071,0.49269130271598544
7419,7636.822989399396,1.117376803260413,1.263144486448566
7420,7637.940366202656,0.29673376494793047,0.33545115531377384
7421,7638.237099967604,0.8021949430840323,0.9068691333231936
7422,7639.039294910688,0.8954959644825067,1.012359480718303
7423,7639.934790875171,1.5708766983862006,1.77590768182168
7424,7641.505667573557,0.6611697898397324,0.7474873709942587
7425,7642.166837363397,1.1283398037821826,1.2756632853862675
7426,7643.295177167179,0.7405267505664597,0.8372322040083213
7427,7644.035703917745,0.8921093961653241,1.0086237961486002
7428,7644.9278133139105,0.4037860142689169,0.45653019103912934
7429,7645.331599328179,1.229306358904978,1.389893704981385
7430,7646.560905687084,0.8388984223656735,0.9485072753838955
7431,7647.39980410945,0.7980174753729443,0.9022988357855892
7432,7648.197821584823,1.0125473292810057,1.1448793086569853
7433,7649.210368914104,0.5775558298510077,0.6530500070262242
7434,7649.787924743955,0.9902068265555499,1.1196518395263007
7435,7650.778131570511,1.1398692796192336,1.288902432238689
7436,7651.91800085013,1.438680107736218,1.626815641002878
7437,7653.356680957866,0.34613402857848996,0.39140817224944063
7438,7653.7028149864445,0.8778238902941666,0.9926490986627782
7439,7654.580638876739,0.5408556958755071,0.6116130934422866
7440,7655.121494572614,1.14047227874471,1.2896872863806619
7441,7656.261966851359,0.6944407934388437,0.7853152213757187
7442,7656.956407644798,0.7615260000238777,0.8611901816661747
7443,7657.717933644822,0.9343526826733068,1.0566502242757254
7444,7658.652286327495,1.6121361927671387,1.8231802088098914
7445,7660.264422520262,0.6104199539058754,0.6903502006257275
7446,7660.874842474168,0.70384540498344,0.7960179907977786
7447,7661.578687879151,0.753145558516735,0.851785294015321
7448,7662.331833437668,1.1243607262504156,1.2716362312255975
7449,7663.456194163919,0.7468150904733193,0.8446548458441271
7450,7664.203009254392,1.2410502335469573,1.403658658584735
7451,7665.444059487939,0.35774994107850944,0.4046332937638473
7452,7665.801809429017,0.7010133944531844,0.7928868434759802
7453,7666.5028228234705,1.046506332602803,1.1836746430298786
7454,7667.549329156073,0.8163366396702258,0.9233537429180403
7455,7668.365665795744,1.5703641509853696,1.77625659203652
7456,7669.936029946729,0.6450125868141185,0.7296020278303869
7457,7670.581042533543,0.8660873869903298,0.9796810223778454
7458,7671.447129920533,1.003561536070265,1.13520393528638
7459,7672.450691456604,0.6528426386948922,0.7384930029941742
7460,7673.1035340952985,0.6370984328023042,0.7206918472003612
7461,7673.740632528101,0.5008785365889707,0.5666052150007053
7462,7674.24151106469,1.819962844064321,2.0588023496847416
7463,7676.061473908754,0.34304315540248353,0.38807474471731984
7464,7676.404517064157,0.9018503616662201,1.0202434993291298
7465,7677.306367425823,1.183241579830792,1.3385973249415852
7466,7678.489609005654,0.7942076414010444,0.8985039840559319
7467,7679.283816647055,1.0859130424159957,1.2285343790581498
7468,7680.369729689471,0.6798821086013049,0.7691915707740773
7469,7681.049611798072,0.8958704612859947,1.0135648217194893
7470,7681.945482259358,1.0726851045983494,1.2136282770872662
7471,7683.018167363956,0.5757975124060977,0.6514659946199041
7472,7683.593964876362,0.6117031147732632,0.6920974309328151
7473,7684.205667991136,1.099888842945802,1.2444578891686686
7474,7685.3055568340815,0.47743669884130213,0.5402017051570073
7475,7685.782993532923,1.730299482306691,1.9577860284232869
7476,7687.5132930152295,1.0783998748420345,1.2202182802692154
7477,7688.5916928900715,0.5649269674249808,0.6392320968115921
7478,7689.1566198574965,0.7013812256245728,0.7936424542181467
7479,7689.858001083121,0.5716496990717133,0.6468540560301692
7480,7690.429650782193,1.3725257508504,1.5531069690235098
7481,7691.802176533043,0.5405668556531964,0.6117038044399719
7482,7692.342743388696,1.1366580094654637,1.28625144848962
7483,7693.479401398162,0.4176045628182692,0.4725745401546523
7484,7693.89700596098,1.2152664567684042,1.375244483126232
7485,7695.1122724177485,1.0241126233340765,1.1589528469802954
7486,7696.136385041083,0.6430917872166901,0.7277783612210403
7487,7696.779476828299,1.1189922834428216,1.2663634588994235
7488,7697.898469111742,1.1725568324891356,1.3270095832925433
7489,7699.071025944231,0.9650216018080755,1.092160574068237
7490,7700.036047546039,0.1806768339156406,0.20448411962266258
7491,7700.216724379955,0.9412301922429833,1.0652570012661118
7492,7701.157954572198,1.0367768097394219,1.1734140569952345
7493,7702.194731381937,0.3944984936470064,0.44649806642948353
7494,7702.589229875584,1.241773248591926,1.405463789161102
7495,7703.831003124176,1.382163661864979,1.5643959266205796
7496,7705.213166786041,0.49005010194468923,0.5546750674089602
7497,7705.703216887986,1.258979303293927,1.4250189357954939
7498,7706.96219619128,0.7745641694973529,0.8767371797375473
7499,7707.736760360777,0.4842122712843775,0.5480926134416503
7500,7708.220972632062,1.0216680092253227,1.1564631227520943
7501,7709.242640641287,0.8811992366490813,0.9974800052848016
7502,7710.123839877936,1.0998090540306293,1.244957014566412
7503,7711.223648931967,0.7052848682606054,0.7983812730734839
7504,7711.928933800227,0.8503744880308659,0.9626348542817654
7505,7712.779308288258,0.12934060166389827,0.14641749385301747
7506,7712.908648889922,1.9963267647608518,2.2599079267217856
7507,7714.904975654683,0.9018335381506404,1.0209425388491853
7508,7715.8068091928335,0.6863526537781581,0.7770149437326119
7509,7716.493161846612,0.9374636913889844,1.0613092298271052
7510,7717.430625538001,0.778814357408919,0.8817162622878746
7511,7718.20943989541,0.6623881145114865,0.7499176821928888
7512,7718.871828009921,0.8816580650754986,0.9981745363827454
7513,7719.7534860749965,0.6586889995451202,0.745750727343095
7514,7720.412175074542,1.1418218891767538,1.292756851917284
7515,7721.553996963718,1.0032318379871867,1.1358704947833078
7516,7722.557228801706,1.0610534194202046,1.2013586862260677
7517,7723.618282221126,0.8226344502309075,0.931431076035647
7518,7724.440916671357,0.8019539617225746,0.9080291055182483
7519,7725.242870633079,0.6382039258851364,0.722630255707413
7520,7725.881074558964,1.483993275433022,1.6803263794702725
7521,7727.365067834397,0.789469186430324,0.8939405142677038
7522,7728.154537020828,0.1907841846532392,0.21603396816599577
7523,7728.345321205481,1.1631230929760932,1.3170639356880443
7524,7729.508444298457,0.6482663857896114,0.7340808054636774
7525,7730.156710684247,1.1696328083489789,1.324478846163628
7526,7731.326343492596,0.5782605240119665,0.6548295434493284
7527,7731.904604016608,1.6465483612264507,1.8645918242214872
7528,7733.551152377834,1.0860575186115966,1.229915026998688
7529,7734.637209896446,0.16184185192560108,0.183282791741887
7530,7734.799051748371,1.1211400545071228,1.2696733318951028
7531,7735.920191802878,0.47879115075011214,0.542234429703315
7532,7736.398982953629,0.8825337197749832,0.9994844926465496
7533,7737.2815166734035,1.4018838415468053,1.5876828157700507
7534,7738.68340051495,0.392678611613519,0.4447336777182346
7535,7739.076079126564,1.0374683167610783,1.175007694203417
7536,7740.113547443325,0.8185815113301942,0.9271200640467523
7537,7740.932128954655,1.1616978627371282,1.315750951382658
7538,7742.093826817392,0.7679413310688687,0.869796593162464
7539,7742.861768148461,1.3069741906829222,1.4803442611527906
7540,7744.168742339144,0.37044342729768687,0.41959268317295556
7541,7744.539185766442,1.0249918991103186,1.1609923679571803
7542,7745.564177665552,1.0537944842126308,1.1936388035991423
7543,7746.617972149765,0.6447569924866912,0.7303337489081814
7544,7747.262729142251,0.3411141140049949,0.38639373572760705
7545,7747.603843256256,0.9570560117172136,1.0841027098699645
7546,7748.560899267974,1.3894412004428887,1.5739132237635163
7547,7749.9503404684165,1.4676021221439441,1.6624932214416612
7548,7751.41794259056,0.31429813162776554,0.356045011259546
7549,7751.732240722188,0.6798183416976826,0.7701200980345849
7550,7752.412059063886,1.4005050603300333,1.5865567558356946
7551,7753.812564124216,0.3532439486407384,0.4001812003034493
7552,7754.165808072857,0.8769366651931705,0.9934658884670934
7553,7755.04274473805,1.0978012066498195,1.2436991419166354
7554,7756.1405459447,0.8211143490834729,0.9302590602692603
7555,7756.961660293783,0.7869884596948395,0.8916103259544916
7556,7757.748648753478,0.6933188566854369,0.7854995256795178
7557,7758.441967610163,1.1509871607886453,1.304033793820357
7558,7759.592954770952,0.8771818329287271,0.9938413120638665
7559,7760.470136603881,1.3818798128459093,1.5656857019514825
7560,7761.852016416727,0.664653422111769,0.7530787970024694
7561,7762.516669838838,0.848866798646668,0.9618114572321573
7562,7763.365536637485,0.5224069899632013,0.5919241354233867
7563,7763.887943627448,0.7415969814692289,0.8402898688247193
7564,7764.6295406089175,0.9510087122880577,1.077584897454411
7565,7765.580549321206,1.0675192277176393,1.2096233939576664
7566,7766.648068548923,0.6992928783174648,0.7923954289603422
7567,7767.347361427241,1.0697324292359554,1.2121699399058754
7568,7768.417093856477,1.4962339143885401,1.6954939432934408
7569,7769.913327770865,0.3479159121188786,0.39426006316092976
7570,7770.261243682984,0.7226431661074457,0.8189080237320712
7571,7770.9838868490915,0.818048744292355,0.9270348929969804
7572,7771.801935593384,1.350228642433649,1.5301381228222692
7573,7773.1521642358175,0.8667357399535831,0.9822467935957871
7574,7774.018899975771,0.2773695528067037,0.3143398932634833
7575,7774.296269528578,1.1525157658952594,1.3061401094615133
7576,7775.448785294473,0.528822872699493,0.5993246811406401
7577,7775.977608167173,0.97776895628067,1.108134112504836
7578,7776.955377123453,1.6642416943495846,1.8861670175638814
7579,7778.619618817803,0.5281195511088299,0.5985618636745946
7580,7779.147738368912,1.1464053911786323,1.2993290779612592
7581,7780.29414376009,0.497487489778905,0.5638610407890553
7582,7780.791631249869,0.9120724876847817,1.033768225765396
7583,7781.703703737554,0.7444049305704539,0.84374305847299
7584,7782.448108668124,0.8850808880042678,1.003205184911935
7585,7783.333189556129,0.53663340719595,0.6082630642188762
7586,7783.869822963325,1.6733890528821576,1.8967708547735351
7587,7785.543212016207,0.4289463819213779,0.48622139068957265
7588,7785.972158398128,0.9387267657521079,1.0640783638428
7589,7786.91088516388,0.9366920780767032,1.0617899497827608
7590,7787.847577241957,1.0944604877886377,1.240649728071228
7591,7788.942037729746,0.904449504177137,1.0252788317750463
7592,7789.846487233923,0.7382610544700583,0.8369021901222412
7593,7790.584748288393,0.9133741699770326,1.0354264376483326
7594,7791.49812245837,0.5588777485918399,0.6335698334315654
7595,7792.057000206962,1.1514378959300302,1.3053367465150203
7596,7793.208438102892,0.5227412462973007,0.5926220727341711
7597,7793.731179349189,0.5994685658333765,0.6796128137860755
7598,7794.330647915022,1.8372919932371587,2.0829460206823778
7599,7796.1679399082595,0.7148108891387892,0.810411065556131
7600,7796.882750797398,1.0572439884927007,1.198657250153462
7601,7797.939994785891,0.7028817461487051,0.7969119204521292
7602,7798.64287653204,0.38447964418446645,0.43592011027194255
7603,7799.027356176224,1.0215105233373833,1.1581889141304376
7604,7800.048866699562,1.0370989930343057,1.1758847433278552
7605,7801.085965692596,1.1921710504166185,1.3517339435848257
7606,7802.2781367430125,0.28490709558627714,0.3230466402878042
7607,7802.563043838599,0.7785965987104646,0.8828292043910224
7608,7803.341640437309,1.3208987178268217,1.497751593939233
7609,7804.662539155136,0.9887053009397277,1.1211080012959247
7610,7805.651244456076,0.7142823014692112,0.8099499824412232
7611,7806.365526757545,1.0884202977085806,1.2342141493896288
7612,7807.453947055254,1.0677474854728644,1.210795907093579
7613,7808.5216945407265,0.626401124772201,0.7103350608180199
7614,7809.148095665499,0.8012528867011497,0.9086261235668734
7615,7809.9493485522,0.29707422690808016,0.33688900788096116
7616,7810.246422779108,1.1788739757575968,1.3368773466679755
7617,7811.4252967548655,0.9675841028947616,1.0972917330231218
7618,7812.39288085776,1.0878703919506734,1.2337242148675105
7619,7813.480751249711,1.0753392271390112,1.2195367920206748
7620,7814.55609047685,1.030848868323119,1.169103078595055
7621,7815.586939345173,0.2689018294931884,0.3049717428648694
7622,7815.855841174666,1.2967960930764093,1.4707526343348467
7623,7817.152637267743,0.644048471840506,0.7304602818816361
7624,7817.796685739583,0.8634292667338741,0.9792866603218453
7625,7818.660115006317,0.9755330252719432,1.1064499665706744
7626,7819.635648031589,0.9507494006420529,1.078359247671588
7627,7820.586397432231,0.4674827901753815,0.5302375049633646
7628,7821.053880222406,1.0402132791332406,1.1798610163153085
7629,7822.09409350154,0.6249408521789519,0.7088518513489541
7630,7822.719034353719,1.9264369227075804,2.1851246917089724
7631,7824.645471276426,0.627705983539272,0.7120208382095539
7632,7825.273177259965,0.5546040810568229,0.6291068073809915
7633,7825.827781341022,0.643398955918201,0.7298371968833546
7634,7826.4711802969405,1.335279461578466,1.5146867294825375
7635,7827.806459758519,0.31873547680061165,0.36156921932796876
7636,7828.12519523532,0.8686830540500523,0.9854279515481363
7637,7828.99387828937,1.1346606780252841,1.2871711374565404
7638,7830.128538967395,0.7490429704766939,0.8497395864119773
7639,7830.877581937872,1.3968807549954363,1.5846898660599789
7640,7832.274462692867,0.5500319008006045,0.6239987108336827
7641,7832.824494593668,1.096260654922844,1.243695090387079
7642,7833.9207552485905,0.4623106662747887,0.5244964249251832
7643,7834.383065914865,1.3501921346796735,1.531820184736867
7644,7835.733258049545,0.7302435868978137,0.8284960927620094
7645,7836.463501636443,0.9334458538824038,1.0590525770803523
7646,7837.396947490325,0.6672305718220741,0.7570273737368519
7647,7838.064178062147,0.4183727806657771,0.4746836295746752
7648,7838.482550842813,1.0858119959484611,1.2319659933646339
7649,7839.5683628387615,1.2139862469248328,1.3774196980998563
7650,7840.782349085686,1.0457195230910656,1.1865257604937145
7651,7841.828068608777,0.9457053686255676,1.073064762782907
7652,7842.773773977403,0.9672741227004735,1.0975567739758125
7653,7843.741048100103,0.7163813406459667,0.8128851745382406
7654,7844.457429440749,0.6228983231158054,0.7068181001694138
7655,7845.080327763865,0.49581942259192147,0.5626248013384821
7656,7845.576147186457,1.423941972178909,1.615814415858417
7657,7847.000089158636,0.8358769795859189,0.9485333518248816
7658,7847.835966138222,0.8110471857253287,0.9203708405769571
7659,7848.647013323947,0.6759608601842046,0.7670869130974703
7660,7849.322974184131,1.0586016810975707,1.2013259222930976
7661,7850.381575865229,1.3677993286728451,1.552239994399544
7662,7851.749375193902,0.30615780674270354,0.3474500927019208
7663,7852.055533000645,1.4813541093853928,1.6811573174126322
7664,7853.53688711003,0.5623221805726644,0.6381843826304643
7665,7854.099209290603,0.6060342088121615,0.6878004534034257
7666,7854.705243499415,1.024989364996145,1.1632937017442804
7667,7855.730232864411,0.8595086034911219,0.9755020636889413
7668,7856.589741467902,0.41773874233967945,0.474121207772877
7669,7857.007480210242,0.9907673097659426,1.1245001917132522
7670,7857.998247520008,1.8656290720273319,2.1174874488981064
7671,7859.863876592035,0.49697223754719744,0.564081853769934
7672,7860.360848829582,0.7134442967308132,0.8097928193588169
7673,7861.074293126313,0.8940143958625413,1.0147612854246615
7674,7861.968307522176,0.6085009673342938,0.6906970097380609
7675,7862.57680848951,1.3096613499601517,1.4865859598880058
7676,7863.88646983947,0.8019543466507457,0.9103131228239011
7677,7864.688424186121,0.3591243637656589,0.40765449629572725
7678,7865.047548549886,1.2797471670110099,1.4526946076666785
7679,7866.327295716897,0.8150423250763197,0.9252097839287197
7680,7867.142338041974,0.55905320513466,0.6346284023022304
7681,7867.701391247108,1.3526677498530262,1.5355424446073005
7682,7869.054058996961,1.0464733652397626,1.187980566153651
7683,7870.100532362201,0.9257361439667875,1.050936495574862
7684,7871.026268506168,0.8653251975547391,0.9823715238132932
7685,7871.891593703723,0.5294576565856914,0.60108285568409
7686,7872.421051360308,0.8379233728464897,0.951286880890236
7687,7873.258974733155,0.5984369922662154,0.67941028058042
7688,7873.857411725421,1.036869285279863,1.1771784952559792
7689,7874.894281010701,1.186975271526535,1.347621707377512
7690,7876.0812562822275,0.7301221346187958,0.8289551178314537
7691,7876.811378416846,1.0225746356054515,1.1610105380152498
7692,7877.833953052452,1.0766581677098657,1.2224381294556592
7693,7878.910611220162,0.8637600974234374,0.9807323591703792
7694,7879.774371317585,0.4735536800317277,0.5376916063880192
7695,7880.247924997617,0.9246720928586001,1.049918165732605
7696,7881.172597090475,1.2678139582812946,1.439561989452939
7697,7882.440411048757,0.7787210424839941,0.8842326436000308
7698,7883.219132091241,0.5201565869510887,0.590642575909216
7699,7883.739288678192,0.646847682043699,0.7345082691674333
7700,7884.3861363602355,0.9239192105351322,1.0491405053383942
7701,7885.310055570771,1.3877885537422117,1.5759052091291328
7702,7886.697844124513,1.2047904208957334,1.3681351707110911
7703,7887.902634545409,0.679873839202628,0.7720672477307138
7704,7888.582508384611,0.6652514683355548,0.7554711547076064
7705,7889.247759852947,0.9521253182047076,1.0812628739374643
7706,7890.199885171151,0.6292240823631801,0.7145783578771004
7707,7890.829109253515,0.9093758935232472,1.0327443165529266
7708,7891.738485147038,0.7330961217649019,0.8325633939078196
7709,7892.471581268803,1.2821944793331568,1.4561829644063031
7710,7893.753775748136,0.39244849236001755,0.44571227512193307
7711,7894.146224240496,1.6064774965407196,1.8245240899276844
7712,7895.752701737037,0.531445059118596,0.6035951103332146
7713,7896.284146796155,0.5265594151251207,0.5980518219763472
7714,7896.81070621128,1.633269314546851,1.8550400741884738
7715,7898.443975525827,0.7454121606169792,0.846651246621437
7716,7899.189387686444,0.5483964475488392,0.6228858344018003
7717,7899.737784133993,0.9619593632169199,1.0926341553697654
7718,7900.69974349721,0.503981274857324,0.5724530275330725
7719,7901.203724772067,1.2282156562241653,1.3950955919612642
7720,7902.431940428291,0.41394191934796254,0.4701952146763521
7721,7902.845882347639,1.1541290028744697,1.3109808203487388
7722,7904.000011350514,1.4953484416855645,1.6986084157107044
7723,7905.495359792199,0.8116978608941281,0.9220549021837682
7724,7906.307057653094,0.7262219662479765,0.8249697190858901
7725,7907.033279619342,0.42874340740945627,0.4870478949895274
7726,7907.462023026751,1.292066298170539,1.4677845544639176
7727,7908.754089324922,0.3169917835539309,0.36011023182954593
7728,7909.0710811084755,1.425264534001144,1.6191436194623847
7729,7910.496345642477,0.7941291078122958,0.9021774600100185
7730,7911.290474750289,0.6841792647846887,0.7772788905009544
7731,7911.974654015074,0.5472407425268102,0.62171400424686
7732,7912.5218947576,1.4370054054543289,1.6325813699240557
7733,7913.958900163055,0.939328492227105,1.0671979402407317
7734,7914.898228655282,1.2408549633610164,1.4097942188653516
7735,7916.139083618643,0.11053674417235015,0.12558879932175
7736,7916.249620362815,1.5973638560953987,1.8148842962738703
7737,7917.846984218911,0.35931554751005024,0.4082567492311924
7738,7918.206299766421,0.8032036472250184,0.9126112038794761
7739,7919.009503413646,0.6925738392556013,0.7869232512305337
7740,7919.702077252901,0.692840592135326,0.7872359872740097
7741,7920.394917845037,1.6581167314861887,1.8840483244901114
7742,7922.053034576523,0.6702778447479432,0.7616308628218655
7743,7922.723312421271,0.9868289592741348,1.1213384184996993
7744,7923.710141380545,0.8719058365568344,0.9907680134953623
7745,7924.582047217102,0.8092915782353884,0.9196320665075121
7746,7925.391338795337,0.6534114762380341,0.7425095686015972
7747,7926.044750271575,1.1831094775652673,1.344451824093145
7748,7927.22785974914,0.7799048803972255,0.8862801609250931
7749,7928.007764629538,0.6764701215706737,0.7687479894447179
7750,7928.684234751108,0.8559943959771772,0.9727729477111563
7751,7929.5402291470855,1.0647121081838122,1.2099831494346516
7752,7930.604941255269,0.3431355707489274,0.38996087504524185
7753,7930.948076826018,1.5235893481521998,1.7315133902593705
7754,7932.47166617417,1.1739770500671511,1.3342254374946538
7755,7933.645643224238,0.8497720849718462,0.9657863653871438
7756,7934.495415309209,0.7192330937214138,0.8174379296273678
7757,7935.214648402931,0.35607015893310745,0.4046934861095699
7758,7935.570718561864,0.8715184714092175,0.9905353080186646
7759,7936.442237033273,1.3029435555745295,1.4808997004485975
7760,7937.745180588848,0.5703934907087387,0.6483127860876045
7761,7938.315574079556,0.7710653065769293,0.8764064370822936
7762,7939.086639386133,1.2673734931531726,1.4405386734378227
7763,7940.3540128792865,0.9116708709598242,1.0362584572097582
7764,7941.265683750246,1.0519210386710256,1.1956942254183842
7765,7942.317604788917,0.4274931146146628,0.48593051142914206
7766,7942.745097903532,1.0404180844789153,1.1826499296190607
7767,7943.785515988011,1.1740031385716065,1.3345213935767128
7768,7944.959519126583,0.7811746597944875,0.8880009185815666
7769,7945.740693786377,0.4800944068501849,0.5457552129769729
7770,7946.220788193227,1.068982972626145,1.2151942548767936
7771,7947.289771165853,0.4398291075867746,0.4999966176530367
7772,7947.72960027344,0.9046112998039462,1.0283678065725124
7773,7948.634211573244,1.6312589664903498,1.8544549860295831
7774,7950.265470539734,1.0485601099999258,1.1920629567863734
7775,7951.314030649734,0.27082105659428635,0.3078905127647162
7776,7951.584851706329,1.209637565907542,1.3752169454987093
7777,7952.794489272236,0.800167699029771,0.9097167968341447
7778,7953.594656971266,0.7143402922120003,0.8121503978408126
7779,7954.308997263478,0.4386113220698462,0.4986738702070021
7780,7954.747608585548,1.4046585201685957,1.5970219464791748
7781,7956.152267105716,0.8373111433229496,0.9520017168973636
7782,7956.989578249039,0.9583675341755225,1.0896558409057386
7783,7957.947945783215,0.3695101380080814,0.42013700767258555
7784,7958.317455921223,1.3712945163360928,1.5591867717751073
7785,7959.688750437559,0.9726288702586317,1.1059233622595597
7786,7960.661379307818,0.9882175685706898,1.1236676403584849
7787,7961.649596876388,0.9129501825718762,1.038101763898818
7788,7962.56254705896,0.39396073102579976,0.44797394332044616
7789,7962.956507789986,1.2470929204009735,1.418082965909237
7790,7964.203600710387,0.48048915213439614,0.5463814326732828
7791,7964.684089862521,0.6315889804700419,0.7182085262936743
7792,7965.3156788429915,1.2531709810164102,1.42505347640882
7793,7966.568849824008,0.6972577145315881,0.7929096847610999
7794,7967.2661075385395,1.6437789801839244,1.869300562042797
7795,7968.909886518723,0.719553831835583,0.8182981001979531
7796,7969.629440350559,0.5911077602440855,0.6722338871408414
7797,7970.220548110803,0.6273801377737982,0.713491844693578
7798,7970.847928248577,0.9734025823709089,1.1070201505505837
7799,7971.821330830948,1.1740010609219098,1.335177309409249
7800,7972.99533189187,0.8095371643794351,0.9206958692777427
7801,7973.804869056249,0.6532607008157356,0.7429714171900567
7802,7974.458129757065,0.559724113943048,0.6365969743425381
7803,7975.017853871008,1.1899382771798628,1.353378437863238
7804,7976.207792148188,1.0834022955605178,1.2322352736048527
7805,7977.291194443748,0.6841284851880118,0.7781257953604273
7806,7977.975322928936,1.4445072170065032,1.6429981199050294
7807,7979.419830145943,0.8243234750998454,0.9376181816147217
7808,7980.244153621043,0.34800301462655625,0.39583813874395296
7809,7980.592156635669,1.085002321938191,1.234149999108488
7810,7981.677158957607,0.65207012047631,0.7417197457317464
7811,7982.329229078084,0.52749740501622,0.600027053831624
7812,7982.8567264831,1.3380611427310214,1.522055465888222
7813,7984.194787625831,0.8836738634299763,1.00520980058192
7814,7985.078461489261,1.0378100793614067,1.1805633951609167
7815,7986.116271568622,0.8736497111794961,0.9938404370644216
7816,7986.989921279802,0.7869203921009102,0.89519319430085
7817,7987.776841671903,1.0500427710139775,1.1945351882700892
7818,7988.826884442917,0.7002980906790981,0.7966781148827917
7819,7989.527182533596,0.9375475208134958,1.0665925854321394
7820,7990.464730054409,0.6898851336845837,0.7848545606680841
7821,7991.154615188094,1.294986680342845,1.4732720393586698
7822,7992.449601868437,0.3258469218490063,0.3707158140172048
7823,7992.775448790286,0.7600713054916923,0.8647375218914336
7824,7993.535520095777,0.7327567361990077,0.8336726679737781
7825,7994.268276831976,2.0575967185031914,2.3410008493410497
7826,7996.32587355048,0.37706448506560264,0.42901509780769626
7827,7996.702938035545,0.8596589235194187,0.9781061446960791
7828,7997.562596959065,0.9410247410687589,1.0706989673088767
7829,7998.503621700133,0.45689421495808347,0.5198632871855602
7830,7998.9605159150915,1.1262516364758994,1.281481657739159
7831,8000.086767551567,0.5675219795557496,0.6457556249459039
7832,8000.654289531123,1.1731246153703978,1.3348546188435542
7833,8001.8274141464935,0.6768126492788724,0.770135590678748
7834,8002.504226795772,1.0397939363228943,1.1831808867483042
7835,8003.544020732095,0.942879620190979,1.0729216425357244
7836,8004.486900352286,1.0718412036785594,1.2196897120300831
7837,8005.558741555965,0.5307111057099974,0.603928077721413
7838,8006.089452661675,1.0768634513324287,1.2254390322157096
7839,8007.166316113007,1.3203701856800762,1.5025708194450393
7840,8008.486686298687,0.5375920140832022,0.6117895641541453
7841,8009.024278312771,0.3596580963876477,0.4093013472853674
7842,8009.383936409158,0.8282999105203999,0.9426352467727565
7843,8010.212236319679,1.2571445392213718,1.4306966303651139
7844,8011.4693808589,0.46001027165402775,0.5235273819406522
7845,8011.929391130554,1.512630958482987,1.72150522056647
7846,8013.442022089037,0.8347526272100367,0.9500459677949787
7847,8014.276774716247,1.0951112211150758,1.2463826058928922
7848,8015.371885937362,0.8298455529475177,0.9444929475983471
7849,8016.20173149031,0.28946838379397377,0.32946468655409683
7850,8016.491199874104,0.870265593145632,0.9905165630540784
7851,8017.361465467249,1.2763611393711471,1.4527473561893216
7852,8018.63782660662,0.7188124592075837,0.8181666707152113
7853,8019.356639065828,0.9630506011581019,1.0961771321162126
7854,8020.319689666986,0.5177700740232467,0.5893535023864175
7855,8020.837459741009,1.0580218964887536,1.2043077998432075
7856,8021.895481637498,0.8220080718992904,0.9356791131957524
7857,8022.717489709397,1.6860927577254188,1.9192808837832809
7858,8024.403582467123,0.2673999918542904,0.30439059150450576
7859,8024.670982458977,1.0814704433123552,1.2310806718490845
7860,8025.752452902289,0.6394012007185665,0.7278694443212392
7861,8026.391854103008,0.9140200565316263,1.0404964518737396
7862,8027.30587415954,0.8181518190522183,0.9313773929413399
7863,8028.124025978592,0.622375334737626,0.7085171267697478
7864,8028.746401313329,0.6614210127791011,0.7529752037551466
7865,8029.4078223261085,1.6501874607893114,1.8786287790240195
7866,8031.058009786898,0.8933123869110204,1.0170060137639874
7867,8031.951322173809,0.8420616168641573,0.9586736474934694
7868,8032.793383790673,0.4758081668833256,0.5417079066822057
7869,8033.269191957556,1.1170489130972783,1.2717714426557212
7870,8034.386240870654,1.0070014460534367,1.1465035769631378
7871,8035.393242316707,0.6062686534805835,0.6902684799978124
7872,8035.999510970188,1.0349789216343197,1.1783899060798015
7873,8037.034489891822,0.7689788950765433,0.8755475709206989
7874,8037.8034687868985,0.6249981444098012,0.7116228143405404
7875,8038.428466931308,0.8824849634675047,1.0048081972286411
7876,8039.310951894776,1.0528222789689607,1.198774747196258
7877,8040.363774173745,1.121317904987336,1.2767892732441606
7878,8041.485092078732,1.2675154749167632,1.4432853514958524
7879,8042.752607553649,0.4756044142823157,0.5415697240586562
7880,8043.228211967931,0.9938673557144284,1.1317239748316392
7881,8044.222079323646,0.4799571174498851,0.5465400931060963
7882,8044.7020364410955,0.7101620423318309,0.8086873830979768
7883,8045.412198483427,0.9369022789260271,1.0668979114643635
7884,8046.349100762353,1.509485998274613,1.7189558665833315
7885,8047.858586760628,0.23394559051575925,0.26641697139278053
7886,8048.092532351144,0.8464863204062567,0.9639815715091022
7887,8048.93901867155,1.7688367543032655,2.0143870680339573
7888,8050.707855425853,0.22069829228894378,0.2513433968505022
7889,8050.928553718142,0.8981472528566883,1.022863583960834
7890,8051.826700970999,1.028034762885909,1.170805468084868
7891,8052.854735733885,0.9959479580356856,1.134282770832704
7892,8053.8506836919205,0.7813918012443537,0.8899406517054789
7893,8054.632075493165,0.7554609510307273,0.8604192221970136
7894,8055.387536444196,0.6560089573067671,0.7471598811022266
7895,8056.043545401502,0.5850206888326284,0.6663155395262247
7896,8056.628566090335,1.2212880044571648,1.3910130847275823
7897,8057.849854094792,1.3140563759388897,1.4967053813325197
7898,8059.163910470731,1.2466634871589122,1.4199774828286107
7899,8060.41057395789,0.2461768856319395,0.28040701691140235
7900,8060.656750843522,0.7761278014586424,0.8840497340313329
7901,8061.4328786449805,1.158652094192803,1.3197824556119304
7902,8062.591530739173,0.5134781092556295,0.5848977546058464
7903,8063.105008848429,1.1005063595921456,1.2535868902516667
7904,8064.205515208021,0.5528563082825713,0.6297706776293097
7905,8064.758371516304,1.2022400431496862,1.3695109693621148
7906,8065.960611559453,0.8915698892988075,1.0156375838515292
7907,8066.852181448752,0.6477977389440639,0.7379543636698095
7908,8067.499979187696,0.9810179967817021,1.11756276671122
7909,8068.480997184478,1.1394763411199165,1.2980984746716477
7910,8069.620473525598,1.275241578046007,1.4527917310805052
7911,8070.895715103644,0.3280969445640949,0.3737856879693249
7912,8071.223812048208,0.7824491072451565,0.8914131741344155
7913,8072.006261155453,0.885399799735751,1.0087144670726111
7914,8072.891660955189,0.7699772434907572,0.8772297957730183
7915,8073.66163819868,0.8151435976360517,0.928699886670122
7916,8074.476781796316,0.7356977379558884,0.8381983785582091
7917,8075.212479534272,1.3921669085611938,1.586149904957576
7918,8076.604646442833,1.0884926113822075,1.2401918311028965
7919,8077.693139054215,0.6381518981788759,0.727102472870029
7920,8078.331290952394,1.0139318362262202,1.1552742894377486
7921,8079.34522278862,0.6942889068795921,0.7910868919534317
7922,8080.0395116955,0.3321119744923635,0.3784196759588885
7923,8080.371623669992,1.7242246990081185,1.9646515269883926
7924,8082.095848369,0.6315089650697701,0.719588362453515
7925,8082.72735733407,0.4607639282157834,0.5250344766628923
7926,8083.188121262286,1.165777553512271,1.3283988687570785
7927,8084.353898815798,0.27391155814621015,0.3121274139630669
7928,8084.627810373944,1.761556810079128,2.007336883721235
7929,8086.389367184023,0.8119657856377671,0.925282940738472
7930,8087.201332969661,0.7878829532874079,0.8978517222388618
7931,8087.9892159229485,1.0110614085879206,1.1521959882355268
7932,8089.000277331536,1.011425103612055,1.1526305732887523
7933,8090.011702435148,0.29037274812890246,0.3309175836145984
7934,8090.302075183277,0.7109722926597897,0.8102496323393235
7935,8091.013047475937,1.0001385432533425,1.1398078944258205
7936,8092.0131860191905,1.0436355816436844,1.1893998248797755
7937,8093.056821600834,0.9039752481394316,1.030251732032657
7938,8093.960796848974,1.2656329039409684,1.442451916569156
7939,8095.226429752915,0.4182200277100492,0.4766591090105403
7940,8095.644649780625,1.2365596699601156,1.4093578584947526
7941,8096.881209450585,0.5415950831629743,0.617291332231124
7942,8097.422804533748,1.1786471246605288,1.343393749177855
7943,8098.601451658408,0.8822613615739101,1.005600795865185
7944,8099.483713019982,0.5502418781979941,0.6271747934272882
7945,8100.03395489818,0.8593624225131862,0.9795247938319938
7946,8100.893317320693,0.9541625626607129,1.087596696974946
7947,8101.847479883354,0.8054120340812005,0.9180593618143319
7948,8102.652891917435,0.4283554679404915,0.4882733174528448
7949,8103.081247385376,1.8783332605653413,2.141088069735611
7950,8104.959580645941,1.041501953180159,1.1872331806655079
7951,8106.001082599121,0.4713959479886398,0.537365243810508
7952,8106.47247854711,0.5085287257734308,0.5796992581755152
7953,8106.981007272883,1.0090233527962482,1.1502500886277003
7954,8107.9900306256795,0.8685843613784527,0.9901719279680693
7955,8108.858614987058,0.8316039848532455,0.9480290830848348
7956,8109.690218971911,0.947465057496629,1.0801262450410816
7957,8110.637684029408,0.8097959516899209,0.9231961847123538
7958,8111.447479981098,0.8172735140606164,0.931733858080099
7959,8112.264753495158,1.2878896328520568,1.4682810998504143
7960,8113.5526431280105,0.6143767142621073,0.7004464402672643
7961,8114.167019842273,0.9403386405447236,1.0720846026936284
7962,8115.107358482817,1.1439084816147442,1.3041966539974474
7963,8116.251266964432,0.6131576688658242,0.6990890681843019
7964,8116.864424633298,1.1403132378563896,1.3001369238278933
7965,8118.004737871154,0.43264178204026393,0.4932895339749311
7966,8118.4373796531945,0.8497597969280832,0.9688863856392655
7967,8119.287139450123,0.36172264842844015,0.41243804540828866
7968,8119.648862098551,1.5778895697339976,1.7991290833484954
7969,8121.226751668285,1.134671777170297,1.293801798426025
7970,8122.361423445455,0.6492465391875157,0.7403133990728523
7971,8123.010669984643,1.1736086937098662,1.3382403784816272
7972,8124.184278678353,0.6593087471983381,0.7518105339510276
7973,8124.843587425551,0.6580395119090099,0.7503717223855237
7974,8125.50162693746,1.027901498684514,1.1721438037924963
7975,8126.529528436145,0.43502256613010104,0.49607672372337086
7976,8126.964551002275,1.627657777766217,1.8561087010246051
7977,8128.592208780041,0.5054237900585576,0.5763789705027422
7978,8129.097632570099,0.4043589668299319,0.46112991119876673
7979,8129.501991536929,1.2157442175084725,1.3864411594259998
7980,8130.717735754438,0.9969887373063102,1.1369949762692928
7981,8131.714724491744,1.1400431911870328,1.3001606867311533
7982,8132.854767682931,1.0980369762864939,1.252279255677736
7983,8133.952804659218,0.5043363319027776,0.5751917637874929
7984,8134.4571409911205,0.7960107152293858,0.9078520421139108
7985,8135.25315170635,0.6728367996920497,0.7673823880988913
7986,8135.925988506042,1.03258987607569,1.1777007890789233
7987,8136.958578382118,0.65136405393514,0.742914068054897
7988,8137.609942436053,0.8274868353382772,0.9438016637679676
7989,8138.437429271391,1.129108780964998,1.2878390577301129
7990,8139.566538052356,1.384202538770296,1.5788244953207933
7991,8140.950740591126,0.6450094189349329,0.7357166343823672
7992,8141.595750010061,0.6802519269904224,0.775923848816506
7993,8142.276001937052,0.5344947066914756,0.6096741637889516
7994,8142.810496643743,1.5480668959271497,1.7658267198579707
7995,8144.35856353967,0.5677325386604934,0.6476101773856683
7996,8144.926296078331,1.0010883293925872,1.1419484559402826
7997,8145.927384407723,0.3238994023813575,0.3694806482908346
7998,8146.251283810105,1.124274853867064,1.282497291569665
7999,8147.375558663972,0.8128471406553217,0.9272593125791498
8000,8148.188405804627,0.7982477588020629,0.9106176714180783
8001,8148.986653563429,1.7539619187036806,2.0008957488829586
8002,8150.740615482133,0.2860558224729175,0.32633836486147716
8003,8151.026671304606,1.1910569538040363,1.3587889190588385
8004,8152.21772825841,0.7482028691902087,0.8535867978378916
8005,8152.9659311276,0.5223225334075323,0.5958989805113097
8006,8153.488253661008,0.7847257662579068,0.8952733863017587
8007,8154.272979427265,0.8559545652760789,0.9765495965536576
8008,8155.1289339925415,1.1759783933111976,1.3416810748506367
8009,8156.304912385853,0.8898522343160948,1.0152583785065552
8010,8157.194764620169,0.7868038713968417,0.8977011556294857
8011,8157.981568491566,0.7860702507196038,0.8968762002910625
8012,8158.767638742285,1.3105620676342369,1.4953214731079822
8013,8160.0782008099195,0.8719217797824967,0.9948651833043038
8014,8160.950122589702,0.3960230435059202,0.451870131930104
8015,8161.346145633208,1.2459949533322288,1.4217145291572784
8016,8162.59214058654,0.8621439144062606,0.9837508778652331
8017,8163.454284500946,0.6526726460015198,0.744744277924323
8018,8164.106957146948,0.7633001863614481,0.8709876053943663
8019,8164.870257333309,0.5785611418941699,0.6601939362151589
8020,8165.448818475204,0.9992707622559465,1.1402753658186315
8021,8166.4480892374595,1.847014892412517,2.107678526826268
8022,8168.295104129872,0.37337599937563937,0.4260828653180051
8023,8168.668480129248,0.925356074478259,1.055988820442504
8024,8169.593836203726,0.8219427979520333,0.9379914842605861
8025,8170.415779001678,0.6793319813350536,0.77525656966863
8026,8171.095110983013,0.7284421702488544,0.8313109668805204
8027,8171.823553153262,1.2879808276957192,1.4698845594250605
8028,8173.111533980958,0.6267586768099136,0.7152925959005614
8029,8173.7382926577675,0.627888256375627,0.7165893992493368
8030,8174.366180914143,1.1654480378847438,1.3301039589131833
8031,8175.531628952028,0.9175845017080064,1.0472427795500086
8032,8176.449213453736,0.8823292665201734,1.0070216017932117
8033,8177.331542720256,0.77312423249532,0.8823967962343372
8034,8178.104666952751,1.5857200705067953,1.8098679327200504
8035,8179.690387023258,0.34536511224632704,0.39419450645814946
8036,8180.0357521355045,0.9774576807649282,1.1156619555332694
8037,8181.013209816269,0.26883479729804094,0.3068508833663973
8038,8181.282044613567,1.148072180169038,1.3104277435512033
8039,8182.4301167937365,0.6998734594753842,0.7988622652834442
8040,8183.129990253212,1.1246104201600247,1.2836885437834196
8041,8184.254600673372,0.7840824960094324,0.895009494156489
8042,8185.038683169381,1.5665451110844515,1.788193821918994
8043,8186.605228280466,0.41385784756494104,0.4724267355252695
8044,8187.019086128031,0.9083124171329473,1.0368634955550446
8045,8187.927398545164,0.7476936097400539,0.8535259305328349
8046,8188.675092154904,0.782909528809796,0.8937378661096
8047,8189.4580016837135,1.0808579627164363,1.2338801988168104
8048,8190.53885964643,0.7784997753096832,0.8887320670794907
8049,8191.31735942174,1.0172905203553455,1.1613499649379135
8050,8192.334649942095,0.6607567852588545,0.7543402197582925
8051,8192.995406727354,0.2380042671920819,0.27171602907664266
8052,8193.233410994546,1.6959971434607723,1.936231987836319
8053,8194.929408138007,1.1381767804523406,1.299434900171951
8054,8196.067584918459,0.8807398331118748,1.0055434742811211
8055,8196.94832475157,0.5650291913425463,0.645105291390624
8056,8197.513353942913,0.7292578495962516,0.8326164827595667
8057,8198.24261179251,1.3425053851478879,1.5327993707060295
8058,8199.585117177658,0.2996566850615636,0.3421394559745348
8059,8199.88477386272,0.4571783484334446,0.5219958573346601
8060,8200.341952211153,1.413308149043587,1.6136956940675664
8061,8201.755260360196,1.1213858102037193,1.2804135626945856
8062,8202.8766461704,0.6525575697323802,0.7451133032628099
8063,8203.529203740132,1.2325255899559124,1.407356897164879
8064,8204.761729330088,0.49752120216726325,0.568105492463855
8065,8205.259250532255,0.9691245257381524,1.1066254396187862
8066,8206.228375057994,1.0528002072278468,1.2021929477465851
8067,8207.281175265221,0.8864322566241754,1.0122354215471645
8068,8208.167607521846,0.6788167925042217,0.7751666750036653
8069,8208.84642431435,0.6842612647942588,0.7813929306480328
8070,8209.530685579144,0.9796632197994768,1.1187405258723555
8071,8210.510348798944,0.5205400836639456,0.5944481325932911
8072,8211.030888882608,1.2347235359138722,1.4100462352314242
8073,8212.265612418521,0.9876551283796289,1.1279193586922591
8074,8213.253267546901,1.4154804072932166,1.616530370631787
8075,8214.668747954194,0.5688770047181606,0.6496939380786501
8076,8215.237624958912,0.7250035108481825,0.8280083880774747
8077,8215.96262846976,0.5400327905008453,0.61676553650949
8078,8216.502661260261,0.7653428266366973,0.8740976677143958
8079,8217.268004086898,1.351569242817277,1.5436466065377523
8080,8218.619573329715,0.7269704978225491,0.8303024552830383
8081,8219.346543827538,0.7034706734939391,0.8034722568903253
8082,8220.050014501032,0.8028679489980277,0.9170102469866164
8083,8220.85288245003,1.3010510318035813,1.4860393499976536
8084,8222.153933481834,0.7548596758679196,0.8622074694387384
8085,8222.908793157701,0.8953000539931963,1.0226328059802725
8086,8223.804093211695,0.9789482814303483,1.1181947441457296
8087,8224.783041493125,0.8794431920450734,1.0045526240563596
8088,8225.66248468517,0.9439068923875311,1.0782029813008878
8089,8226.606391577558,0.4156407297414262,0.4747843694294827
8090,8227.022032307299,0.8760316562384105,1.000693713502571
8091,8227.898063963537,0.8585278566461056,0.98071361707536
8092,8228.756591820184,0.5528325226405286,0.6315208764117581
8093,8229.309424342824,2.0091805690535693,2.29518217194725
8094,8231.318604911878,0.43343448579253163,0.49514959219662774
8095,8231.75203939767,0.7823580884414696,0.8937616708645667
8096,8232.534397486112,0.8506203498254763,0.9717569771423733
8097,8233.385017835937,1.0780761281002924,1.2316224024306328
8098,8234.463093964037,0.4773694240484474,0.545369279416902
8099,8234.940463388086,0.962614268215475,1.099744690490185
8100,8235.903077656301,0.9497599754722614,1.0850768918916556
8101,8236.852837631774,0.8084016895063542,0.9235934406644815
8102,8237.66123932128,0.9825855322778807,1.1226126456142258
8103,8238.643824853558,0.5222746940362413,0.5967133632061069
8104,8239.166099547594,0.9415606175934954,1.0757686913003253
8105,8240.107660165188,1.7028796836184483,1.9456355488943422
8106,8241.810539848806,0.4524435316416202,0.5169569909343388
8107,8242.262983380448,0.8631417801643693,0.9862238226857265
8108,8243.126125160612,1.0005471823933476,1.1432395959996111
8109,8244.126672343005,0.3958006933917204,0.45225520858280144
8110,8244.522473036397,0.7694297811267461,0.879182272577264
8111,8245.291902817524,1.1228474170911795,1.2830285493145253
8112,8246.414750234615,0.6897734102076356,0.7881888044743148
8113,8247.104523644823,1.0934917946760834,1.2495234207668506
8114,8248.198015439499,0.9841962344962667,1.1246531166133287
8115,8249.182211673995,1.2944287804784835,1.4791842352646094
8116,8250.476640454473,0.4284879753704445,0.48965730550514214
8117,8250.905128429844,0.6868023747611005,0.7848533727721909
8118,8251.591930804605,0.904032541635388,1.0331082720501021
8119,8252.49596334624,1.2992984043376055,1.4848319588388437
8120,8253.795261750578,0.746849122671847,0.8535142933956253
8121,8254.54211087325,0.6959897874803573,0.7954012384101233
8122,8255.23810066073,0.28097803091077367,0.3211151972519029
8123,8255.519078691641,1.2586362603196903,1.438436825091054
8124,8256.77771495196,0.9745219333271962,1.1137594236518091
8125,8257.752236885288,1.24576202575372,1.4237770868960093
8126,8258.997998911042,0.8705263467600162,0.9949424341360265
8127,8259.868525257802,0.9139775047260628,1.0446189862475597
8128,8260.782502762528,0.7837507453677972,0.8957917666668761
8129,8261.566253507895,0.43586891563427343,0.49818510079109446
8130,8262.00212242353,1.166777302580158,1.3336012672973634
8131,8263.16889972611,0.3721485643873166,0.42536613867377066
8132,8263.541048290497,1.2577846396216046,1.4376579724242606
8133,8264.798832930119,1.0485953241477546,1.1985783002507726
8134,8265.847428254267,0.6117394721350138,0.6992503132480724
8135,8266.459167726402,1.161634580734244,1.3278229562382324
8136,8267.620802307136,0.6859947732173168,0.784151439495931
8137,8268.306797080353,0.9870402886044758,1.128285570990483
8138,8269.293837368958,1.3035377748146857,1.4900985537000098
8139,8270.597375143772,0.5056138450108847,0.5779893823999643
8140,8271.102988988783,0.4241355744907196,0.48485212112936327
8141,8271.527124563274,1.4966024571549497,1.7108587439004093
8142,8273.023727020429,0.3353616365329799,0.3833822651240671
8143,8273.359088656962,0.901660258830816,1.0307753349327722
8144,8274.260748915793,0.5005472583852679,0.5722328235755025
8145,8274.761296174178,1.7707914474631252,2.0244112950992523
8146,8276.532087621641,1.0184441097389936,1.1643444400900953
8147,8277.55053173138,0.7605131623658963,0.8694776980614805
8148,8278.311044893746,0.41311022792615404,0.47230572941760346
8149,8278.724155121672,0.9340651724069176,1.0679169078236348
8150,8279.658220294079,0.9184642969084962,1.0500969155265842
8151,8280.576684590987,0.8510492422756215,0.9730350834192552
8152,8281.427733833263,0.8974530013747426,1.026104842629824
8153,8282.325186834638,1.0390432626045367,1.188010295957253
8154,8283.364230097242,0.31848964667733526,0.36415768236932017
8155,8283.68271974392,1.1543394105810876,1.3198664965532203
8156,8284.8370591545,1.3194062238217157,1.5086324095814536
8157,8286.156465378323,0.5096231798743247,0.5827250724231358
8158,8286.666088558197,1.070423705417852,1.2239790015133103
8159,8287.736512263615,1.2439237946346111,1.4223937391312973
8160,8288.98043605825,0.40756517218324007,0.46604965793007175
8161,8289.388001230433,0.7900255258045945,0.9033982068548874
8162,8290.178026756237,0.7632702499977313,0.8728149899019915
8163,8290.941297006235,0.41929548566258745,0.47947902389872604
8164,8291.360592491897,1.6023526934714027,1.8323591339973124
8165,8292.962945185369,0.6252251902606076,0.7149910901609364
8166,8293.58817037563,1.2586925250325294,1.4394227826413546
8167,8294.846862900662,0.7216544148723187,0.8252911049546403
8168,8295.568517315534,1.1252222792718385,1.286830873942562
8169,8296.693739594806,0.5232210055255564,0.5983792403166908
8170,8297.216960600332,0.6300745379885484,0.7205881035939192
8171,8297.84703513832,1.2458957589278725,1.4248903823972772
8172,8299.092930897248,0.9195041123784904,1.0516288629870159
8173,8300.012435009627,0.5239348880786565,0.5992290169802768
8174,8300.536369897705,0.9691189775967359,1.1083997774225651
8175,8301.505488875302,0.7379897816390439,0.8440666395408731
8176,8302.243478656941,0.6891314376553055,0.7881952657335191
8177,8302.932610094596,1.6579756190385524,1.8963343648020927
8178,8304.590585713635,0.9970494477838656,1.1404218740241683
8179,8305.587635161419,0.5552812766491115,0.635139504855735
8180,8306.142916438068,0.581078550318125,0.6646530171793248
8181,8306.723994988386,1.0379183838867903,1.1872100595372646
8182,8307.761913372273,0.6607408620475326,0.7557933720124507
8183,8308.42265423432,0.9290300356860826,1.062689707149664
8184,8309.351684270006,0.7909416781913023,0.9047486348914744
8185,8310.142625948198,0.7526402199564473,0.8609474608731414
8186,8310.895266168154,1.5926220078745246,1.8218281655685031
8187,8312.487888176029,0.6563232123116904,0.7507996151841952
8188,8313.14421138834,0.44067395713318547,0.5041136220159883
8189,8313.584885345474,1.351829285169515,1.5464507761394466
8190,8314.936714630643,0.5722200724649156,0.6546168233606986
8191,8315.508934703108,1.4827623094643059,1.6962887047685786
8192,8316.991697012572,0.1463345878673863,0.16741177201716329
8193,8317.13803160044,1.07905065565501,1.234473866764249
8194,8318.217082256095,0.5422735822648974,0.6203922345211947
8195,8318.75935583836,0.9880806017972645,1.1304314124657184
8196,8319.747436440157,0.7160761054346949,0.8192533042277924
8197,8320.463512545592,1.4321736946876626,1.6385508054245452
8198,8321.89568624028,1.1002778327983833,1.258858684903768
8199,8322.995964073078,0.5128241008715122,0.5867472073591736
8200,8323.50878817395,1.1476410341747396,1.3130836518015216
8201,8324.656429208124,0.6442077729097946,0.737090163590613
8202,8325.300636981034,0.40816029716006597,0.46701420128080845
8203,8325.708797278194,0.9109408821186662,1.042299391996699
8204,8326.619738160312,1.459473531713229,1.6699563656019254
8205,8328.079211692026,0.6363780506635521,0.7281731807889507
8206,8328.71558974269,0.5557509554982971,0.6359226902440357
8207,8329.271340698187,0.9407082267807709,1.0764232653276309
8208,8330.212048924968,1.381453924712332,1.5807797361208777
8209,8331.59350284968,0.6695681741730368,0.7661958132065374
8210,8332.263071023854,0.9745936900744709,1.115253053979216
8211,8333.237664713928,0.8150619435346016,0.932711875327281
8212,8334.052726657463,0.9845657026198751,1.1266979418637568
8213,8335.037292360083,0.5891003061788069,0.6741541021958439
8214,8335.626392666261,0.8354970727814361,0.9561348201551674
8215,8336.461889739043,0.6141511832538527,0.7028385082403817
8216,8337.076040922297,0.7952545448351884,0.9101036675825004
8217,8337.871295467132,1.386185139135705,1.5863963582712732
8218,8339.257480606268,1.1362337267401017,1.3003737140455425
8219,8340.393714333008,0.8878405096020288,1.0161169379550983
8220,8341.28155484261,0.6434258509580104,0.7363998108394663
8221,8341.924980693568,0.42533284838827967,0.48679795550634064
8222,8342.350313541956,1.2987880952987325,1.4864872875807544
8223,8343.649101637255,1.012537032518594,1.158892674692681
8224,8344.661638669773,0.3913696536728821,0.4479471500167681
8225,8345.053008323446,1.0301045588566922,1.179027056054741
8226,8346.083112882303,0.8803504765601247,1.007640279437887
8227,8346.963463358863,0.7466334083965194,0.8546016050543267
8228,8347.71009676726,1.0374630967762641,1.187501985281613
8229,8348.747559864036,0.7874193511106569,0.9013122521765521
8230,8349.534979215146,1.599442597324014,1.8308111323713023
8231,8351.13442181247,0.5271256906689814,0.6033935111516154
8232,8351.66154750314,0.7555723452023813,0.8649008373938795
8233,8352.417119848342,0.5409538548356068,0.6192356429149621
8234,8352.958073703177,0.8875353458479367,1.0159803176999755
8235,8353.845609049025,1.0729403881650796,1.2282355000563216
8236,8354.91854943719,0.35036453756765695,0.4010827177047595
8237,8355.268913974758,1.6351270163777372,1.871836161187177
8238,8356.904040991136,0.41343041228537913,0.4732935371484687
8239,8357.317471403421,1.3019544515827874,1.4904826721022906
8240,8358.619425855004,1.0389813305719144,1.1894557482785806
8241,8359.658407185576,0.31235844439470384,0.35760312159824714
8242,8359.97076562997,1.1028597652602912,1.2626139948736212
8243,8361.073625395231,0.7804739193470596,0.893545485463861
8244,8361.854099314578,1.0561703774765192,1.2091993020145155
8245,8362.910269692054,0.9863144810024096,1.1292417845415161
8246,8363.896584173057,0.3737289116725151,0.42789316184886217
8247,8364.27031308473,0.6513411678042758,0.7457441855193062
8248,8364.921654252534,0.9208075424448907,1.0542774472913874
8249,8365.842461794979,1.7277411071099777,1.978205293619177
8250,8367.570202902089,0.729968187495615,0.8358129449823438
8251,8368.300171089584,0.6240216011919983,0.7145128587979382
8252,8368.924192690776,1.056323940953007,1.2095172029947203
8253,8369.98051663173,0.7937432741800876,0.9088717483395647
8254,8370.77425990591,0.5337836432681797,0.6112143350168677
8255,8371.308043549177,0.7795308371569263,0.8926175447777538
8256,8372.087574386334,1.059871053941606,1.2136424846033946
8257,8373.147445440276,0.9290150244269171,1.0638199201875203
8258,8374.076460464703,0.8910516605374141,1.020363609182272
8259,8374.96751212524,0.8760631919831212,1.0032148068573232
8260,8375.843575317223,1.1212099778822449,1.2839608075619506
8261,8376.964785295106,0.4271012712379161,0.4891068626961536
8262,8377.391886566344,1.4581139894253283,1.6698114947301708
8263,8378.850000555769,0.6156007391564344,0.7049943015299307
8264,8379.465601294925,1.090627449186286,1.2490140740738365
8265,8380.556228744112,0.4099255773489858,0.4694656055942091
8266,8380.96615432146,0.5979359330722218,0.6847883580298818
8267,8381.564090254533,1.3414104289513489,1.5362705290114134
8268,8382.905500683484,0.4971897735467792,0.5694267515120183
8269,8383.402690457031,0.8405743986131711,0.9627098535568569
8270,8384.243264855644,1.77760148886955,2.035915339638249
8271,8386.020866344514,0.695906608732912,0.7970564192195138
8272,8386.716772953247,0.5235554417031381,0.599660977817316
8273,8387.24032839495,0.9594991252888576,1.0989842313146736
8274,8388.199827520239,0.4357107020678086,0.49905913382337524
8275,8388.635538222306,1.149656164814587,1.3168153733137538
8276,8389.785194387121,1.2578506647696486,1.4407687129152174
8277,8391.04304505189,0.30272439491091063,0.34675413735820726
8278,8391.345769446802,0.8568396459195355,0.9814675876779122
8279,8392.202609092721,1.050774392500898,1.2036273579822145
8280,8393.253383485222,0.7953635337671585,0.9110785045450708
8281,8394.04874701899,1.2094068748301652,1.3853779648835356
8282,8395.25815389382,0.9800293372154556,1.122648013634887
8283,8396.238183231035,0.7185432449641667,0.8231225317125885
8284,8396.956726475999,0.8448121266792441,0.9677805324455891
8285,8397.801538602678,0.9391770521651779,1.0758959809019937
8286,8398.740715654843,0.7844365557320998,0.8986433900443289
8287,8399.525152210575,0.20812816611396556,0.23843282950490388
8288,8399.73328037669,1.0567492576319637,1.2106222220063578
8289,8400.790029634321,1.2812198454175814,1.467803561510586
8290,8402.071249479739,1.215883251185005,1.3929815267858365
8291,8403.287132730924,0.5273021917309961,0.6041180161127909
8292,8403.814434922655,0.9248545765767631,1.0595938932002278
8293,8404.739289499232,0.9659059811910993,1.1066428722226758
8294,8405.705195480423,0.8641600063292572,0.9900878516358994
8295,8406.569355486752,0.5155080282656854,0.5906377535683921
8296,8407.084863515018,1.246649694190637,1.4283475842291316
8297,8408.331513209208,0.5972231735468085,0.6842819205790044
8298,8408.928736382755,1.1737428900960367,1.3448556563379255
8299,8410.102479272851,0.26276203466113657,0.30107433461438887
8300,8410.365241307512,0.8891429811428679,1.0187898472842505
8301,8411.254384288655,1.3797575536391378,1.5809646570444889
8302,8412.634141842294,1.0468375568689225,1.1995229745615483
8303,8413.680979399163,1.1024713495171454,1.2632930096639703
8304,8414.78345074868,0.6200491079671338,0.7105109434886647
8305,8415.403499856648,0.3197541610261396,0.366408325971711
8306,8415.723254017674,1.1148759004681779,1.2775501240806098
8307,8416.838129918142,0.7183974770377972,0.823235726230242
8308,8417.55652739518,0.9707118352762336,1.1123843845360006
8309,8418.527239230456,1.041869786906318,1.1939467518909936
8310,8419.569109017362,0.4361399648551014,0.49980990972429706
8311,8420.005248982217,1.5031412655862368,1.7225899148970854
8312,8421.508390247804,0.870137387613795,0.9971963920801232
8313,8422.378527635417,0.8621206490042823,0.9880232114075895
8314,8423.240648284422,0.14841546458592347,0.1700922121507082
8315,8423.389063749008,1.8619080213175039,2.133853301371546
8316,8425.250971770325,0.5887575010528963,0.6747705488384856
8317,8425.839729271378,0.44773807885940187,0.513154227953487
8318,8426.287467350237,0.9958815207937732,1.1413918270947234
8319,8427.283348871031,0.7352242483466398,0.8426632109411877
8320,8428.018573119378,0.6062569130699558,0.6948581837737565
8321,8428.624830032448,1.3710256516769732,1.5714095614145096
8322,8429.995855684125,1.1811449451615772,1.3538071866752521
8323,8431.177000629286,0.7783597900233872,0.89215940994039
8324,8431.95536041931,1.0205984136628103,1.1698293793102328
8325,8432.975958832973,0.33652145843734615,0.3857338003521434
8326,8433.31248029141,1.1029410106075375,1.264240285973097
8327,8434.415421302017,0.6427159012418997,0.736723071516371
8328,8435.05813720326,0.753248194918342,0.863431562645147
8329,8435.811385398178,1.2325383738425444,1.4128486941175191
8330,8437.04392377202,0.8468467338570917,0.9707532011169636
8331,8437.890770505877,0.6907382155750383,0.7918146827028972
8332,8438.581508721452,0.6989451555618871,0.8012316590036666
8333,8439.280453877014,1.3420417625911796,1.538459354177664
8334,8440.622495639605,1.058379832395076,1.2133082181769383
8335,8441.680875472,0.6616730192599789,0.758543636434229
8336,8442.34254849126,0.8418273291026708,0.9650834978420554
8337,8443.184375820363,0.6749830006028787,0.7738213644784561
8338,8443.859358820966,1.1601918350224878,1.3300945231703873
8339,8445.019550655988,0.32419269108322624,0.3716757301632955
8340,8445.343743347072,0.8426064753548417,0.9660243877421374
8341,8446.186349822427,0.9106624561409262,1.0440630962562707
8342,8447.097012278567,1.5371643576327187,1.7623660531564131
8343,8448.6341766362,0.8618422426898178,0.9881310802642574
8344,8449.49601887889,0.6744319026947778,0.7732697794764571
8345,8450.170450781585,0.8406007043649879,0.9638012680648753
8346,8451.01105148595,0.6613033517132862,0.7582361117085062
8347,8451.672354837663,0.8544327491872536,0.9796847400802222
8348,8452.52678758685,1.3137567406720336,1.506362545902086
8349,8453.840544327522,0.5450495419845538,0.6249710484528839
8350,8454.385593869507,0.7435208751194295,0.8525521872586663
8351,8455.129114744626,0.5530865653599903,0.6341999700666957
8352,8455.682201309986,1.5747325848842593,1.8056927939695853
8353,8457.25693389487,0.32802278041344834,0.3761423911598911
8354,8457.584956675284,1.4929462995842187,1.7119646789924312
8355,8459.077902974868,0.7394148359708197,0.8479093276067659
8356,8459.817317810839,1.0965712619872647,1.2574866444782873
8357,8460.913889072826,0.6489787742702902,0.7442259794638354
8358,8461.562867847097,0.5070185804452194,0.5814372230862135
8359,8462.069886427542,0.5766927365566517,0.6613434390955609
8360,8462.646579164099,1.2529206816088845,1.436846099851903
8361,8463.899499845707,0.9790426841664157,1.1227866098467267
8362,8464.878542529874,0.6589679561820958,0.7557303538277858
8363,8465.537510486056,1.2888255059860967,1.4780917170417343
8364,8466.826335992042,0.809294196729752,0.928160029855255
8365,8467.635630188772,0.8086769338460726,0.9274644074755295
8366,8468.444307122618,0.7975596955857327,0.9147262674894604
8367,8469.241866818204,1.0435953362884902,1.1969217444397056
8368,8470.285462154492,0.5701057277274231,0.6538775957196593
8369,8470.85556788222,1.2511888226781593,1.4350530791295117
8370,8472.106756704898,0.4748368809250678,0.5446261036113553
8371,8472.581593585823,0.8405489434662741,0.9640962497141404
8372,8473.422142529289,0.7568441889470705,0.8681001791187678
8373,8474.178986718236,0.6613336860791605,0.7585590465470271
8374,8474.840320404315,2.064344513215474,2.36785785280713
8375,8476.90466491753,0.48402918407373363,0.5552130612457722
8376,8477.388694101604,0.5331669232873537,0.6115820999157323
8377,8477.921861024892,0.9209557429167035,1.056413924838715
8378,8478.842816767808,0.8787011377080489,1.0079595192797952
8379,8479.721517905517,0.7765804903046956,0.8908295650179815
8380,8480.498098395821,0.8038191746418306,0.9220872694122242
8381,8481.301917570463,0.6858394758564827,0.786759243315076
8382,8481.98775704632,1.4945574197608948,1.7144974847033405
8383,8483.48231446608,0.22705076048805495,0.2604700683472578
8384,8483.709365226568,1.4249502564853174,1.6346929119126967
8385,8485.134315483054,0.5972803390050103,0.6852117692134845
8386,8485.731595822059,0.9639285677840235,1.1058486375834062
8387,8486.695524389843,1.0989696490159986,1.2607918058369134
8388,8487.794494038859,0.897924572465854,1.0301615519561442
8389,8488.692418611325,0.6434249853755318,0.7381927489794171
8390,8489.3358435967,0.6997675813581736,0.8028422857053649
8391,8490.035611178058,0.7650947288821044,0.8778020599192451
8392,8490.80070590694,0.7067488601805962,0.8108713038763742
8393,8491.507454767121,1.0890322795039538,1.2494894156485636
8394,8492.596487046625,1.2270875886042631,1.4079107276053136
8395,8493.82357463523,0.728443394682472,0.8358032737817412
8396,8494.552018029912,1.4778320339082711,1.6956589272532216
8397,8496.02985006382,0.2601521618053084,0.29850481641045357
8398,8496.290002225625,0.7638844811917807,0.8765030576369834
8399,8497.053886706817,0.5834695893208846,0.6694981624682621
8400,8497.637356296138,1.3177091936067882,1.512010740802121
8401,8498.955065489745,0.8934725952040026,1.0252407900753977
8402,8499.848538084949,0.7390852439675655,0.8480969552461242
8403,8500.587623328916,0.715132137927867,0.8206207712870567
8404,8501.302755466844,0.6057893763281754,0.6951570473903786
8405,8501.908544843172,1.6196806306707003,1.8586386230642349
8406,8503.528225473843,0.5606481397226162,0.6433798102168612
8407,8504.088873613566,1.1746394411366055,1.3479866557797626
8408,8505.263513054702,0.9209540354531782,1.05688391413575
8409,8506.184467090156,0.4711631581612892,0.5407134570436593
8410,8506.655630248317,0.9128004168796906,1.0475506239914472
8411,8507.568430665197,0.7734085197644163,0.8875945040867307
8412,8508.341839184961,0.8632535748183727,0.9907167667346293
8413,8509.20509275978,0.4000753091495426,0.4591546504080155
8414,8509.605168068929,1.5630130803638167,1.7938357785037784
8415,8511.168181149293,1.0691178215056425,1.227034289679377
8416,8512.237298970798,0.9432052739684877,1.082542399646082
8417,8513.180504244767,0.2478626114098006,0.2844830454063589
8418,8513.428366856177,1.1747555586280214,1.348325131704439
8419,8514.603122414805,0.9071837522988062,1.0412396404965936
8420,8515.510306167103,1.0104048185003194,1.1597309693004045
8421,8516.520710985604,0.5460824133497226,0.6267973926051789
8422,8517.066793398953,0.7701190109855816,0.883956098696627
8423,8517.836912409939,1.1573168203431123,1.328405184775434
8424,8518.994229230282,0.5490126826971391,0.6301861514184349
8425,8519.54324191298,0.6609508554629429,0.7586815583631904
8426,8520.204192768442,1.4943366442385013,1.7153133843061066
8427,8521.69852941268,1.1849320531946432,1.360188308578542
8428,8522.883461465875,0.6983046269451734,0.801602165408296
8429,8523.58176609282,0.49119379977491917,0.5638606289080509
8430,8524.072959892595,1.1197809492605302,1.2854507429664097
8431,8525.192740841856,0.38740509801573353,0.44472915952651654
8432,8525.580145939872,0.8048211356199317,0.9239157770314617
8433,8526.384967075492,1.4163184005174116,1.625921565438956
8434,8527.801285476009,0.5339941851871117,0.6130349320984293
8435,8528.335279661196,0.8304455833604152,0.9533747468253478
8436,8529.165725244557,1.226363230334755,1.4079182792685971
8437,8530.392088474891,0.8238809303402377,0.9458699616281182
8438,8531.215969405232,1.0956785790167487,1.2579285338705068
8439,8532.311647984248,0.29905929074811866,0.343350613707229
8440,8532.610707274996,1.1694872145126283,1.342697305323508
8441,8533.780194489509,1.2619559946597292,1.4488889524542525
8442,8535.042150484169,0.42529936021492176,0.4883087666098426
8443,8535.467449844384,0.5658602363837417,0.6496986558054164
8444,8536.033310080767,0.7163540650526556,0.8224973590203914
8445,8536.74966414582,1.0287098677654285,1.181149145315619
8446,8537.778374013586,1.278744220320732,1.4682593387563923
8447,8539.057118233906,1.13547748592282,1.3037869537365228
8448,8540.19259571983,0.774053651264694,0.8888063958762874
8449,8540.966649371094,0.5733334374981496,0.6583378644256775
8450,8541.539982808592,1.0254096596272575,1.1774514480811822
8451,8542.56539246822,0.7737039485728019,0.888439058065763
8452,8543.339096416792,0.4124233011043543,0.47358885691820585
8453,8543.751519717896,1.5518143557183066,1.7819723133876622
8454,8545.303334073615,0.3147883336423547,0.3614853883238354
8455,8545.618122407257,1.073369045574509,1.2326035171097889
8456,8546.691491452832,1.0176166865148843,1.1686006280507646
8457,8547.709108139346,0.6712802419606305,0.7708909128066781
8458,8548.380388381307,0.9251073893810826,1.0623948045847018
8459,8549.305495770688,1.4367693572348799,1.650012971527388
8460,8550.742265127923,0.7089187238580053,0.8141545650692613
8461,8551.451183851781,0.5856634001447674,0.6726102626330336
8462,8552.036847251926,0.6678415648457303,0.7669957750658296
8463,8552.704688816772,0.9530064148730162,1.094510797608422
8464,8553.657695231645,0.882340027632381,1.0133673643652639
8465,8554.540035259277,0.5895133433077717,0.6770656474200709
8466,8555.129548602585,0.9326604742927884,1.0711859282697405
8467,8556.062209076877,1.464817722522639,1.6824084197284017
8468,8557.5270267994,1.0856294406403322,1.2469233615032367
8469,8558.61265624004,0.31080463609578146,0.35698771553432845
8470,8558.923460876136,1.0366634353358677,1.190709309832688
8471,8559.960124311472,0.4660427002090728,0.5353045894265266
8472,8560.426167011681,1.3743740149093355,1.578641329300318
8473,8561.80054102659,0.5542883580892521,0.6366840213001126
8474,8562.35482938468,1.227681899581512,1.4101910108557232
8475,8563.582511284261,0.3278813499109674,0.37663218585842756
8476,8563.910392634172,0.8469900879608758,0.9729294471297036
8477,8564.757382722133,0.8613609534950228,0.9894506813234757
8478,8565.618743675628,1.585863474274447,1.8217166127914575
8479,8567.204607149903,0.5399325836478965,0.6202484652221492
8480,8567.74453973355,1.0022085869386501,1.151298855200929
8481,8568.74674832049,0.9484826406660432,1.089598201968159
8482,8569.695230961155,0.777913293812162,0.8936651949653958
8483,8570.473144254967,0.47307116241972835,0.5434700145065259
8484,8570.946215417387,0.8726807832845225,1.0025541659016977
8485,8571.818896200672,0.607568557608829,0.6979974714638951
8486,8572.42646475828,1.456469983300849,1.6732635930883288
8487,8573.882934741581,1.0300685779438936,1.1834207600288063
8488,8574.913003319525,0.262965387715667,0.3021195721067912
8489,8575.17596870724,1.5329659238486784,1.7612240929680287
8490,8576.70893463109,0.6897673648090858,0.792493143187577
8491,8577.398701995899,0.5725447680324578,0.65782012994325
8492,8577.971246763931,1.2656542120057566,1.4541753986752293
8493,8579.236900975937,0.6810631560965703,0.7825245771202045
8494,8579.917964132033,0.7840397885775019,0.900852064647155
8495,8580.70200392061,0.854350814337522,0.9816509924958374
8496,8581.556354734948,0.740382000714817,0.8507123031614187
8497,8582.296736735663,0.6856896829594916,0.7878792563210212
8498,8582.982426418623,0.9305949623376364,1.0692950451402656
8499,8583.91302138096,1.7384417692592251,1.9975769916166852
8500,8585.65146315022,0.5233708303148887,0.6014022851013294
8501,8586.174833980534,1.0224869462872448,1.1749435430393305
8502,8587.197320926822,0.5139672681198135,0.5906114350775675
8503,8587.711288194942,0.38356440648567514,0.4407662053174579
8504,8588.094852601427,1.5476241088399547,1.7784356781123467
8505,8589.642476710267,0.48471170628545224,0.5570151692634004
8506,8590.127188416553,0.9683788859074411,1.1128386987802554
8507,8591.09556730246,0.7082250407347601,0.813888601429012
8508,8591.803792343195,1.117109430304481,1.2837911108047992
8509,8592.9209017735,1.134846885348452,1.304198618599776
8510,8594.055748658848,0.44631380244754837,0.5129260146151929
8511,8594.502062461295,1.0488470086802408,1.205395804914318
8512,8595.550909469976,1.2363317451017792,1.4208881477755766
8513,8596.787241215077,0.5972576357798971,0.686428381018583
8514,8597.384498850857,0.8455735770803585,0.9718273166442751
8515,8598.230072427938,0.7767406831299013,0.8927290477206442
8516,8599.006813111067,0.4249676476356399,0.488432906008972
8517,8599.431780758703,1.0637375432197587,1.2226059510901373
8518,8600.495518301923,0.84064474171646,0.9662109552005622
8519,8601.33616304364,1.4647675890519167,1.6835811556990707
8520,8602.800930632691,0.8662274228063325,0.9956518446193541
8521,8603.667158055498,0.5377176903930376,0.6180675655300432
8522,8604.20487574589,1.1671620999204606,1.3415799649633018
8523,8605.372037845811,0.6929740987343393,0.7965454222416439
8524,8606.065011944545,0.5318351033656654,0.6113295446834246
8525,8606.596847047911,0.8727371111253888,1.003195431033149
8526,8607.469584159036,1.4044702528753987,1.6144356687106434
8527,8608.874054411912,0.6025220716674085,0.692613528552466
8528,8609.47657648358,0.4933700390829472,0.5671461525775915
8529,8609.969946522662,0.9306026518406725,1.0697688532435181
8530,8610.900549174503,1.1066918570340931,1.2722102089705736
8531,8612.007241031537,1.3418515388584638,1.542568141056876
8532,8613.349092570395,0.8044380506980815,0.9247873095672872
8533,8614.153530621094,0.41676699646632187,0.4791242933141784
8534,8614.57029761756,1.2086932781985524,1.389549068141044
8535,8615.778990895758,0.5551542316334235,0.6382339028961077
8536,8616.334145127392,0.8362780193256185,0.9614368668607686
8537,8617.170423146717,0.5119648609652359,0.5885943356055054
8538,8617.682388007683,1.3222222324711765,1.5201412762480204
8539,8619.004610240154,0.605465016225935,0.6961098425999663
8540,8619.61007525638,1.544255717733904,1.775465186091609
8541,8621.154330974114,0.7983191833554883,0.9178681029355487
8542,8621.95265015747,0.4376644626736379,0.5032115067819037
8543,8622.390314620143,0.8942890495945903,1.028229935350851
8544,8623.284603669737,0.9354928465818375,1.0756204145910806
8545,8624.22009651632,1.260973466300129,1.449876579816491
8546,8625.48106998262,0.5355129613890313,0.6157492083243085
8547,8626.016582944008,0.5534639549878193,0.6363952793706327
8548,8626.570046898996,0.8993935107118887,1.034168282152703
8549,8627.469440409708,0.9623079629946005,1.1065264778431618
8550,8628.431748372703,0.8450955748230626,0.9717627846768827
8551,8629.276843947526,1.0539557486863487,1.211944408832187
8552,8630.330799696212,1.3386656966267765,1.5393585856701897
8553,8631.669465392839,0.7293280177927954,0.8386869472304394
8554,8632.398793410632,0.6731207807333703,0.7740607799039747
8555,8633.071914191365,0.5194791510748473,0.5973857704232008
8556,8633.59139334244,1.0013626548334287,1.1515472399586442
8557,8634.592755997273,0.6141657340922393,0.7062897787755427
8558,8635.206921731366,1.2329439762470429,1.4178978926885273
8559,8636.439865707613,0.7476982703683461,0.8598774718996186
8560,8637.187563977981,0.9632416138992994,1.1077726402185062
8561,8638.15080559188,0.7782206132160354,0.8950036993627082
8562,8638.929026205096,1.1277135769687447,1.2969592286093035
8563,8640.056739782065,0.8741190513828769,1.0053237562619612
8564,8640.930858833448,0.7261019284578651,0.8351010497623081
8565,8641.656960761906,0.9864619578347629,1.1345583356531448
8566,8642.64342271974,0.8110646153199923,0.9328435300892605
8567,8643.45448733506,0.7120069174870878,0.8189232504979298
8568,8644.166494252548,1.1483966683408653,1.3208571839941916
8569,8645.314890920889,0.3146482172978722,0.3619071784373534
8570,8645.629539138186,0.39213279112846067,0.4510319108576647
8571,8646.021671929315,2.1591457335252926,2.4834692730192818
8572,8648.18081766284,0.5938015545252711,0.6830196050618423
8573,8648.774619217365,1.0062616252835141,1.1574623576910295
8574,8649.780880842649,0.45858024596600444,0.5274949413436754
8575,8650.239461088615,1.1361166920905816,1.3068600514746465
8576,8651.375577780705,0.4929059656296886,0.5669935360989158
8577,8651.868483746335,0.9930506734126539,1.1423228576276956
8578,8652.861534419748,0.9170425453285134,1.0549061833336593
8579,8653.778576965076,0.7225224755220552,0.8311551153513552
8580,8654.501099440598,1.1463005365658319,1.318664252202898
8581,8655.647399977164,0.42531036456239235,0.48927120996317214
8582,8656.072710341727,1.2660904125514207,1.4565029463176855
8583,8657.338800754278,0.8833067493396811,1.0161714378506401
8584,8658.222107503618,0.8433563116523146,0.9702254541125481
8585,8659.06546381527,1.3992859562968079,1.6098072987811411
8586,8660.464749771567,0.43023554623323434,0.4949751704614178
8587,8660.8949853178,0.574193415535774,0.6605996166192284
8588,8661.469178733336,0.7168865433777682,0.8247731619714461
8589,8662.186065276714,0.9748095673348871,1.1215247123210037
8590,8663.160874844049,0.9073301424232341,1.0439054474987857
8591,8664.068204986472,0.8650727804724738,0.995301741564246
8592,8664.933277766944,1.075018975589046,1.2368705387232994
8593,8666.008296742533,1.223737966542103,1.4080043672638531
8594,8667.232034709075,0.8742315649124066,1.0058900983909251
8595,8668.106266273988,0.2692666131806618,0.3098222595604569
8596,8668.375532887168,0.9419713386469084,1.0838512027801361
8597,8669.317504225815,0.9159419701591105,1.0539171272503491
8598,8670.233446195974,1.4056815056046617,1.6174534100925984
8599,8671.63912770158,0.18096385351054778,0.20823149771870975
8600,8671.82009155509,0.9567153964580939,1.1008765068136108
8601,8672.776806951548,0.747199148119762,0.8598027609836193
8602,8673.524006099668,0.8251957643897185,0.9495648550572946
8603,8674.349201864057,1.2469182353343058,1.4348659603975897
8604,8675.596120099392,1.3281609512014256,1.528384757554307
8605,8676.924281050593,0.595086777175311,0.684812194618516
8606,8677.519367827768,0.4683787025132915,0.5390045649630062
8607,8677.987746530282,1.3035316373043315,1.5000996930634
8608,8679.291278167586,0.45737928453672794,0.5263614300685944
8609,8679.748657452123,0.8353939552434895,0.9613954465830884
8610,8680.584051407366,0.5778013717608701,0.6649593259667186
8611,8681.161852779127,1.2240131372745964,1.4086613195355469
8612,8682.385865916402,1.1153580416284967,1.2836401149905543
8613,8683.50122395803,0.8439141832095629,0.9712588263743271
8614,8684.34513814124,0.8174386135251552,0.9408007994084526
8615,8685.162576754765,0.6286831328798144,0.7235690639968704
8616,8685.791259887645,1.398439114102075,1.6095189391265305
8617,8687.189699001747,0.587665108983856,0.6763820963362019
8618,8687.77736411073,0.701693186245393,0.8076320008337109
8619,8688.479057296976,1.0722778329127323,1.234179809870451
8620,8689.551335129889,0.8134827399007918,0.936325525553608
8621,8690.36481786979,0.29797975204382965,0.3429816586599295
8622,8690.662797621833,1.263429230926704,1.4542434669374618
8623,8691.92622685276,0.5969514412354329,0.6871221287943526
8624,8692.523178293995,1.7052350009016664,1.962832735283128
8625,8694.228413294897,0.6738761483429698,0.775694867177112
8626,8694.90228944324,1.0028038550190104,1.1543339838606907
8627,8695.905093298259,0.35322155437279434,0.4066020921679114
8628,8696.258314852632,1.078196582637247,1.2411457988504797
8629,8697.33651143527,0.2739742459343688,0.31538572690708133
8630,8697.610485681203,1.4807340282968653,1.7045558795115257
8631,8699.0912197095,0.8452067482921848,0.9729877294125323
8632,8699.936426457793,0.6610955384676345,0.7610522374896467
8633,8700.59752199626,0.5636355689111952,0.6488632763786697
8634,8701.161157565171,1.6430973131155042,1.891568085667093
8635,8702.804254878287,0.6128461434345809,0.7055397497515624
8636,8703.417101021721,0.6622312150102516,0.7624017856955568
8637,8704.079332236732,1.239478191913804,1.426979437237637
8638,8705.318810428646,0.8358403221591288,0.9623004572899317
8639,8706.154650750805,0.8505858310054464,0.9792899148092805
8640,8707.00523658181,0.5923011191825935,0.6819327630693682
8641,8707.597537700993,0.5163344944830897,0.5944758637771431
8642,8708.113872195476,1.045821543155398,1.204104641195543
8643,8709.159693738631,0.7896714138660172,0.9092017708034688
8644,8709.949365152497,1.5009293249258917,1.728142464456423
8645,8711.450294477423,0.8251049976333888,0.9500333710862401
8646,8712.275399475056,0.7113212329459202,0.8190324355613112
8647,8712.986720708002,1.044233192322281,1.202368869085238
8648,8714.030953900325,0.3355489005880372,0.38636986277375474
8649,8714.366502800913,1.2192771498775983,1.4039517088519264
8650,8715.58577995079,0.7706470172015543,0.8873881704133495
8651,8716.356426967992,0.6470882595785952,0.7451212700352393
8652,8717.00351522757,1.136338707383402,1.3085059356018085
8653,8718.139853934954,0.9503967421569541,1.0944115299590276
8654,8719.09025067711,0.29230337565604714,0.3366015370561703
8655,8719.382554052767,1.0653392465010256,1.2267955802490962
8656,8720.447893299268,1.5270488722289883,1.7585088000435032
8657,8721.974942171497,0.7807792274143139,0.8991463162850131
8658,8722.755721398911,0.8433772433691047,0.9712462836024736
8659,8723.59909864228,0.5090994318234152,0.5862946170767042
8660,8724.108198074104,0.7514779639896005,0.8654321943985364
8661,8724.859676038093,1.0970855464165652,1.263462801739922
8662,8725.95676158451,0.5800806250117603,0.6680636977183735
8663,8726.536842209522,0.7169314744896838,0.8256788300611067
8664,8727.253773684011,1.245027171304173,1.4338947101792885
8665,8728.498800855315,1.1292061343010573,1.3005295454536838
8666,8729.628006989617,0.6948859433741745,0.800328503212361
8667,8730.32289293299,1.1519352512332262,1.3267454389812452
8668,8731.474828184224,0.4049740611008019,0.4664387896801971
8669,8731.879802245325,0.7435752934179618,0.8564365375958429
8670,8732.623377538743,1.4580206341979647,1.6793414838380434
8671,8734.08139817294,0.5945756646815425,0.6848453237119796
8672,8734.675973837622,0.7386127025474707,0.8507583531641351
8673,8735.41458654017,0.6655048714910663,0.7665593100288571
8674,8736.08009141166,0.6875674609746056,0.7919803581904373
8675,8736.767658872635,1.1189408285481477,1.2888754123692618
8676,8737.886599701184,1.5029084686320857,1.731187207308234
8677,8739.389508169816,0.3253063488573389,0.3747264612261143
8678,8739.714814518673,1.3976811507200182,1.610023311613416
8679,8741.112495669393,0.5708302260936762,0.657567912324189
8680,8741.683325895487,0.842184819484828,0.9701636049799822
8681,8742.525510714971,0.4716073789713846,0.5432802801517532
8682,8742.997118093943,0.7519308355385874,0.8662125693184829
8683,8743.749048929481,1.3047782099674805,1.5031019621982473
8684,8745.053827139449,0.9233342730567529,1.0637012154960919
8685,8745.977161412506,0.46637108339382394,0.5372774936615935
8686,8746.4435324959,1.363776015879921,1.571134196545002
8687,8747.80730851178,0.5772623439825111,0.66504773033014
8688,8748.384570855762,1.1318526429004123,1.303987521363564
8689,8749.516423498662,0.8136631468441919,0.9374237529311651
8690,8750.330086645507,1.016344218303857,1.1709482653717902
8691,8751.34643086381,0.6527101455940283,0.7520110424446136
8692,8751.999141009404,0.6736225806835137,0.7761130135988846
8693,8752.672763590088,1.1027261988674582,1.2705174633270357
8694,8753.775489788955,0.483417302781163,0.5569839677464363
8695,8754.258907091737,0.7502690299497772,0.8644519061487024
8696,8755.009176121686,1.034655005661989,1.192132480607886
8697,8756.043831127348,1.8592209933867707,2.1422347565152773
8698,8757.903052120735,0.42705753858354,0.4920793897335548
8699,8758.330109659319,0.47657676386916137,0.5491418870326974
8700,8758.806686423188,0.7852949463449477,0.90487330154444
8701,8759.591981369533,1.2057793221028987,1.3894028380743009
8702,8760.797760691636,0.5378909046430635,0.6198160342386372
8703,8761.335651596279,0.9932386860255065,1.144526666146138
8704,8762.328890282304,1.0675790847981261,1.2302096955499244
8705,8763.396469367102,0.25921682943589985,0.2987098821990705
8706,8763.655686196538,1.3501794468975277,1.5558927714528272
8707,8765.005865643436,0.7352659340613172,0.8473090706509122
8708,8765.741131577497,0.9681428900421452,1.1156857917609222
8709,8766.70927446754,1.0886183827733475,1.2545406261491596
8710,8767.797892850313,1.0025076630536205,1.1553251153202209
8711,8768.800400513366,0.5709074986389169,0.6579442838101632
8712,8769.371308012005,0.9497607314751804,1.0945648185327375
8713,8770.32106874348,0.7086222124653432,0.8166736295226189
8714,8771.029690955946,0.3666763885794353,0.4225922826454936
8715,8771.396367344525,1.0174216540526686,1.1725789680947036
8716,8772.413788998578,1.4787747828977444,1.7043159790644822
8717,8773.892563781475,0.4443578844966396,0.5121428088052271
8718,8774.336921665972,1.3067437429544952,1.5060925316006828
8719,8775.643665408927,0.7691615719559195,0.8865183606332055
8720,8776.412826980883,0.912650660109648,1.0519133928626947
8721,8777.325477640992,0.6912765545130242,0.7967709208275442
8722,8778.016754195505,0.5307473327429761,0.6117503001456396
8723,8778.547501528248,1.326650860515656,1.529137854425802
8724,8779.874152388764,0.8768962404847116,1.010758183821267
8725,8780.751048629249,0.6487944403543224,0.7478459855951861
8726,8781.399843069603,0.5995621806741838,0.6911044797910175
8727,8781.999405250277,0.7641275962250802,0.8808043604919553
8728,8782.763532846502,1.3346475460893998,1.5384570671806537
8729,8784.098180392592,1.250825227742098,1.4418647751440365
8730,8785.349005620334,0.6524112994229654,0.7520693887957882
8731,8786.001416919757,0.9243067226634594,1.0655087052350132
8732,8786.92572364242,0.5908096260627644,0.681074720338667
8733,8787.516533268483,0.7175906936154206,0.8272333356064963
8734,8788.234123962098,0.9325806899869349,1.0750843606250953
8735,8789.166704652085,0.8892083164519136,1.025099457082467
8736,8790.055912968537,0.5494600623460428,0.633438833057353
8737,8790.605373030883,1.2603770297992014,1.4530239760443666
8738,8791.865750060682,1.0723653164423013,1.2362993921639225
8739,8792.938115377125,0.8099722279421258,0.9338096058637539
8740,8793.748087605067,0.7801231972480309,0.899408366852234
8741,8794.528210802315,0.5739837758410431,0.6617571868470223
8742,8795.102194578156,1.503154037096465,1.733031473489738
8743,8796.605348615252,0.6759907148607454,0.7793884010955933
8744,8797.281339330113,0.6521298540519638,0.7518858240380506
8745,8797.933469184165,0.5262423527965439,0.6067475844894155
8746,8798.459711536962,1.1678550145643385,1.346526093489961
8747,8799.627566551526,0.7752242463138828,0.8938428036355028
8748,8800.40279079784,0.47254494309891015,0.5448565816977317
8749,8800.875335740939,1.7586222110767267,2.0277520734436165
8750,8802.633957952015,0.7942859872218833,0.9158644004218769
8751,8803.428243939237,0.7922282725357945,0.9135030956420006
8752,8804.220472211773,0.9507146624255256,1.0962643019441531
8753,8805.171186874199,0.42824848701275187,0.4938185389049953
8754,8805.599435361211,0.6731052373397688,0.7761710459076652
8755,8806.272540598551,1.216208235353406,1.4024487179297185
8756,8807.488748833905,0.734565003975149,0.8470666072736871
8757,8808.22331383788,1.1901863372459047,1.372483989476357
8758,8809.413500175126,0.4359774798813305,0.5027643575151617
8759,8809.849477655007,0.7531697324466222,0.8685528506266764
8760,8810.602647387454,1.5651271920960426,1.8049208092117877
8761,8812.16777457955,0.557940231727116,0.6434381987089182
8762,8812.725714811277,1.1064479393589863,1.2760095959193665
8763,8813.832162750636,0.4791149149823468,0.5525482035544316
8764,8814.311277665618,1.2836156329794903,1.4803647526825838
8765,8815.594893298598,0.7387927414383739,0.8520500094376943
8766,8816.333686040036,0.2642163839718705,0.3047244014671848
8767,8816.597902424008,1.00662591449327,1.1609603585157147
8768,8817.604528338501,0.6625138570307172,0.7641015711529545
8769,8818.267042195532,1.5562152683378372,1.7948588509399923
8770,8819.82325746387,1.0087262046363321,1.1634413827388466
8771,8820.831983668506,0.5960786558407563,0.6875141308162127
8772,8821.428062324347,1.0101691361996927,1.1651348772546541
8773,8822.438231460546,0.5442077354327921,0.6277022420834472
8774,8822.98243919598,0.9438851622053335,1.088709029201376
8775,8823.926324358185,0.895272241834391,1.0326524872540555
8776,8824.821596600019,0.9254674350358982,1.0674961006385475
8777,8825.747064035055,0.7242227888782509,0.8353791393821632
8778,8826.471286823933,0.7250575435155042,0.8363514840125523
8779,8827.196344367449,0.9305557692441653,1.0734051748221476
8780,8828.126900136693,1.073952878725322,1.238833159946493
8781,8829.200853015418,0.5564910925077129,0.6419380242983957
8782,8829.757344107926,1.7189299003493943,1.9828818004783362
8783,8831.476274008275,0.6196294328292424,0.7147964104740926
8784,8832.095903441104,0.5718300932567217,0.6596621025848204
8785,8832.667733534361,0.6855391671324469,0.7908437367160659
8786,8833.353272701494,0.8740612522233278,1.0083351928458313
8787,8834.227333953717,0.6714145725472918,0.7745683524751885
8788,8834.898748526264,1.2761923316465982,1.4722774814692792
8789,8836.17494085791,0.44850451637285005,0.5174269123147412
8790,8836.623445374284,1.1530024519252038,1.3301954701391823
8791,8837.776447826209,1.3274308098789334,1.5314574821811575
8792,8839.103878636088,0.6825738528568763,0.7875020560761796
8793,8839.786452488945,0.39739636078047624,0.4584907311039842
8794,8840.183848849725,1.21808123968367,1.4053536382411185
8795,8841.401930089409,0.784499204119129,0.905128269876131
8796,8842.186429293528,0.8988687513592595,1.0370966232179994
8797,8843.085298044887,1.1245980220046476,1.297556693895567
8798,8844.209896066892,0.21138425466415356,0.24389858463650177
8799,8844.421280321556,0.9777658494422212,1.1281658294236638
8800,8845.399046170998,0.5300213706032082,0.6115586030283096
8801,8845.929067541601,1.6009032683286932,1.8471977025780817
8802,8847.52997080993,1.1347877679963858,1.3094043351470492
8803,8848.664758577926,0.6282535855225433,0.7249395385213573
8804,8849.293012163449,0.6478472760936711,0.7475559475529036
8805,8849.940859439543,1.027806839603727,1.1860061812126472
8806,8850.968666279146,0.9376772020204953,1.0820211809007474
8807,8851.906343481167,0.24294782718607166,0.28035078078180853
8808,8852.149291308353,0.8737787347890844,1.008304872009359
8809,8853.023070043142,1.5351813428678724,1.7715605085501704
8810,8854.55825138601,0.3972998310400726,0.4584849377693328
8811,8854.95555121705,1.1243940747535817,1.2975614313795518
8812,8856.079945291804,0.6545784923582687,0.7554030190890424
8813,8856.734523784162,1.2285410209897236,1.4177872735325494
8814,8857.963064805152,0.7179349029829609,0.8285424922309014
8815,8858.680999708135,1.012494964617872,1.168496578414053
8816,8859.693494672752,0.9820017161473515,1.1333229010047938
8817,8860.6754963889,0.37119887929475226,0.42840517870598555
8818,8861.046695268195,0.9281646090548747,1.0712123460072034
8819,8861.97485987725,0.8337911966154934,0.9623081035230133
8820,8862.808651073865,0.6897059503462515,0.7960245186625203
8821,8863.498357024211,0.8796469439257635,1.0152559199007418
8822,8864.378003968137,1.3758154042716342,1.5879369084951305
8823,8865.753819372409,1.0373819958385866,1.1973498823876103
8824,8866.791201368247,0.9625857710088894,1.1110377462855203
8825,8867.753787139256,0.3384828976722929,0.39069028059592226
8826,8868.092270036928,0.6586969782620145,0.7602979750736828
8827,8868.75096701519,0.940937773697442,1.086084245536133
8828,8869.691904788888,1.3862761655182112,1.6001427192387214
8829,8871.078180954406,0.6117399311915506,0.7061307945608909
8830,8871.689920885598,0.3155120027877274,0.36419865390070055
8831,8872.005432888385,1.2925479803980124,1.492008350435195
8832,8873.297980868783,0.7520786826007679,0.868153623737571
8833,8874.050059551384,1.1227547634498478,1.2960545606774823
8834,8875.172814314834,0.9500242673420871,1.0966818414937458
8835,8876.122838582176,0.7672220462191035,0.8856730635530935
8836,8876.890060628395,1.3995139784201456,1.6156034741672374
8837,8878.289574606815,0.191303502790106,0.22084618368464654
8838,8878.480878109605,0.6947316128971579,0.8020202397194827
8839,8879.175609722502,1.1681723744350165,1.3485898395806863
8840,8880.343782096938,0.2778864284591691,0.32081019797291627
8841,8880.621668525397,1.1044096647019614,1.2750079720731065
8842,8881.726078190099,1.3026630650801962,1.5039113832298445
8843,8883.028741255179,1.1370083497749874,1.3126912226468188
8844,8884.165749604954,0.2809352099229727,0.32434914926594727
8845,8884.446684814877,1.1556205500855867,1.3342086109197402
8846,8885.602305364962,0.981876103542163,1.1336342541239126
8847,8886.584181468505,0.4744848724658368,0.5478292990218478
8848,8887.05866634097,1.088290409737965,1.2565242747703311
8849,8888.146956750708,0.6842400290861406,0.7900269182138985
8850,8888.831196779794,1.1217994428698148,1.2952489233090774
8851,8889.952996222664,0.584952146264186,0.6754075534171367
8852,8890.537948368928,0.7687886791627534,0.8876801179021983
8853,8891.306737048091,0.5676423087588773,0.655434725953503
8854,8891.87437935685,1.8104610455029615,2.090488081657595
8855,8893.684840402353,0.9196326911969663,1.0619036146779253
8856,8894.60447309355,0.4337296604480798,0.5008365432858405
8857,8895.038202753998,1.06513406067279,1.2299404330143964
8858,8896.103336814671,0.4279861966479075,0.4942159252637539
8859,8896.531323011319,1.1421710537197214,1.318927739675991
8860,8897.673494065039,0.37801307405788975,0.43652021225309484
8861,8898.051507139096,1.2512173276627436,1.4448834946378748
8862,8899.30272446676,0.8242223037195799,0.9518156874636212
8863,8900.126946770479,0.7279292070634256,0.8406267083199954
8864,8900.854875977542,1.3888890840007662,1.6039340192134002
8865,8902.243765061543,0.810722100412022,0.9362682258332893
8866,8903.054487161955,0.3989356225501979,0.4607194437235826
8867,8903.453422784505,1.044216521528142,1.2059435119130697
8868,8904.497639306033,1.2824183140437526,1.481061645877064
8869,8905.780057620077,0.5546650050964672,0.6405939149815536
8870,8906.334722625174,0.9617165546951583,1.110715575396701
8871,8907.296439179869,0.32404874782878323,0.37425928166765976
8872,8907.620487927697,0.7453774443092698,0.8608761096908354
8873,8908.365865372007,1.3488044155601528,1.5578240201238798
8874,8909.714669787567,0.714319726172107,0.8250326216582838
8875,8910.428989513739,1.3275277467109845,1.5332991048328426
8876,8911.75651726045,0.9608261275043333,1.1097802570198805
8877,8912.717343387954,0.6076295728107652,0.7018390755022518
8878,8913.324972960765,0.7861438194431685,0.908039468558883
8879,8914.111116780208,0.6300721320476441,0.7277769061086506
8880,8914.741188912256,0.8826147596228111,1.0194910425467782
8881,8915.623803671879,0.8903747146669048,1.028468444044871
8882,8916.514178386546,1.163899772820514,1.3444346960911375
8883,8917.678078159366,0.624090484536282,0.7209074269317123
8884,8918.302168643902,0.6151344392947067,0.7105688560331932
8885,8918.917303083197,1.3589840056465619,1.5698371365354051
8886,8920.276287088844,0.5311378333371977,0.613559390589218
8887,8920.80742492218,1.5409043144827592,1.780035253514194
8888,8922.348329236664,0.6146568852927885,0.7100615850386505
8889,8922.962986121956,0.46738304194877855,0.5399335811456497
8890,8923.430369163905,1.0217556766074267,1.1803684195095931
8891,8924.452124840513,1.0174095670772658,1.1753661793916885
8892,8925.46953440759,0.4443274128243502,0.5133189546260605
8893,8925.913861820414,0.6768096050782333,0.7819044504825738
8894,8926.590671425492,0.9532388553834608,1.1012690766959201
8895,8927.543910280876,1.7554135078298714,2.028044744246426
8896,8929.299323788706,0.5093551355967065,0.5884784295160498
8897,8929.808678924303,0.8135054307222163,0.9398828569442199
8898,8930.622184355025,0.7386693874832417,0.8534318029766261
8899,8931.360853742508,0.7906784318347491,0.9135315734169066
8900,8932.151532174343,1.0100246815709397,1.1669733876817254
8901,8933.161556855914,0.8620328798679111,0.9960005106444039
8902,8934.023589735782,0.7263355684208364,0.8392257761841021
8903,8934.749925304202,0.9346787841441255,1.07996268696151
8904,8935.684604088347,0.5691609819532459,0.6576392773345299
8905,8936.2537650703,0.9443916921372875,1.0912106388714413
8906,8937.198156762437,1.1478787299020041,1.3263518992759336
8907,8938.346035492339,0.962146484907862,1.1117615120862288
8908,8939.308181977247,0.9820678505020624,1.1347974996162349
8909,8940.290249827749,0.8913223645340622,1.0299550018784265
8910,8941.181572192283,0.8661402372763405,1.0008698921086454
8911,8942.04771242956,0.4263587369277957,0.4926861700383954
8912,8942.474071166487,0.42772601701290114,0.4942693997914894
8913,8942.9017971835,1.4137043645077938,1.633651877476414
8914,8944.315501548008,0.7408833247682196,0.8561703666667103
8915,8945.056384872776,1.1005672989213053,1.2718383926824877
8916,8946.156952171697,0.632594260501719,0.7310514319064572
8917,8946.7895464322,1.305319704937574,1.5084947675615235
8918,8948.094866137137,0.7763369334861636,0.8971930222887379
8919,8948.871203070623,0.7879718918993603,0.910650130475189
8920,8949.659174962522,0.4262634377118957,0.4926337678167419
8921,8950.085438400234,1.5941469545050495,1.8423718811602077
8922,8951.67958535474,0.4525610114687879,0.523042200995772
8923,8952.132146366208,0.7784239759548655,0.8996608498399555
8924,8952.910570342163,0.7525701816121,0.869790829876434
8925,8953.663140523775,0.9071255819326325,1.0484319797502435
8926,8954.570266105708,0.4508398776943068,0.521076187267531
8927,8955.021105983402,1.8829801278225204,2.176344543897541
8928,8956.904086111224,0.8156783480135346,0.942786644816983
8929,8957.719764459238,0.6098485358234029,0.7048909239632084
8930,8958.329612995061,0.7543029085718445,0.8718660899600925
8931,8959.083915903633,0.7886139036236273,0.9115352521609742
8932,8959.872529807257,0.8849361292795948,1.0228836321874457
8933,8960.757465936536,0.7568116307338641,0.8747984529132836
8934,8961.51427756727,0.8618208425959892,0.9961901695843441
8935,8962.376098409866,0.7464968642962049,0.8628970750470323
8936,8963.122595274162,1.3791735931372386,1.594244482384834
8937,8964.5017688673,0.540553779761467,0.6248619760728857
8938,8965.042322647061,0.8668100432223582,1.0020115543544013
8939,8965.909132690284,0.9227198666285403,1.0666561634501721
8940,8966.831852556912,1.251290041502216,1.4465009302653624
8941,8968.083142598414,0.6476882064744132,0.748746941528919
8942,8968.730830804889,0.8459825912941596,0.9779909058433953
8943,8969.576813396183,0.5796470669010887,0.6701047127596864
8944,8970.156460463084,0.8516840487936861,0.9846035714686358
8945,8971.008144511878,0.8921970576466265,1.0314527936161244
8946,8971.900341569524,0.49813378919316165,0.5758912993700414
8947,8972.398475358717,1.429413624053268,1.6525543517274832
8948,8973.82788898277,0.9516557877650484,1.1002395495096815
8949,8974.779544770536,1.2672685440102214,1.4651508915343034
8950,8976.046813314546,0.29293470333504956,0.3386826618959876
8951,8976.339748017881,0.9280064523190958,1.072939135936733
8952,8977.2677544702,0.871403430488499,1.0075103966901735
8953,8978.139157900689,0.3456981670933601,0.3996990818401941
8954,8978.484856067782,1.6201789718652435,1.873274264643232
8955,8980.105035039647,0.684940055351035,0.7919572275124142
8956,8980.789975094998,0.5746233551999467,0.6644112770179128
8957,8981.364598450198,0.5292109827005333,0.611908371388361
8958,8981.893809432899,1.4042074488988874,1.623649716220699
8959,8983.298016881798,1.1604534529578814,1.341831980292169
8960,8984.458470334755,0.5184573288515821,0.5995027126820285
8961,8984.976927663607,1.3012159536501713,1.504634318578883
8962,8986.278143617257,0.48749502145437873,0.5637160819717022
8963,8986.765638638712,0.9431246197436849,1.0905926452056713
8964,8987.708763258455,0.8044806104098825,0.930283539025029
8965,8988.513243868865,0.42293553220406466,0.48907929589431354
8966,8988.93617940107,0.8010672189866455,0.9263537790135954
8967,8989.737246620056,1.4064006106782472,1.6263809930752215
8968,8991.143647230734,0.7035752366373345,0.8136415892039042
8969,8991.847222467371,1.3593002805173455,1.5719642949434876
8970,8993.206522747889,0.6373496690448519,0.7370790544637625
8971,8993.843872416934,0.44142441194890125,0.5105013420620163
8972,8994.285296828883,1.1527916877057578,1.3331969475968897
8973,8995.438088516588,1.0819718074708362,1.2513162334721892
8974,8996.52006032406,0.505677428231138,0.5848330276471128
8975,8997.02573775229,0.9418339457897673,1.089271198890011
8976,8997.96757169808,0.6813277439923695,0.7879959970444671
8977,8998.648899442072,1.0698285897124151,1.2373331887843508
8978,8999.718728031785,0.5246789112916304,0.6068385692753753
8979,9000.243406943076,0.8859983652218943,1.0247453860854068
8980,9001.129405308298,1.4943716846591997,1.7284131573354828
8981,9002.623776992958,1.2499005223216955,1.4456870934332309
8982,9003.87367751528,0.17850072875080514,0.2064653344133351
8983,9004.05217824403,0.752932926219728,0.8708926487090057
8984,9004.80511117025,0.801685906799321,0.9272942802045469
8985,9005.60679707705,0.9588335121334239,1.1090774019977971
8986,9006.565630589183,0.6951254682189756,0.8040595496830863
8987,9007.260756057402,1.0439469803695829,1.207558190314403
8988,9008.304703037771,0.7653722475588438,0.8853383182578295
8989,9009.07007528533,1.0188875780513627,1.1786039568689044
8990,9010.088962863381,0.9445413297235064,1.0926205150243617
8991,9011.033504193105,1.0087798238710093,1.1669467419845518
8992,9012.042284016976,0.602169420757491,0.6965944893764516
8993,9012.644453437733,0.9065676290665579,1.048734455990971
8994,9013.5510210668,1.0142086124069465,1.1732718024965414
8995,9014.565229679207,1.0314573672112601,1.193244232546543
8996,9015.596687046418,0.381246008690141,0.4410524140503846
8997,9015.977933055108,0.836086917495777,0.9672502535499199
8998,9016.814019972604,0.5311402211682434,0.6144720802774022
8999,9017.345160193772,1.079315416605823,1.2486619110621506
9000,9018.424475610378,1.6480179914597102,1.9066263164772792
9001,9020.072493601838,0.5735235156389535,0.66353797139867
9002,9020.646017117477,0.6110198197802674,0.7069254996018769
9003,9021.257036937257,1.488897415529209,1.7226108260531356
9004,9022.745934352786,0.21955368049020763,0.25402296283196235
9005,9022.965488033276,0.599705740751233,0.6938601013905087
9006,9023.565193774028,1.102052218553581,1.2750871020109007
9007,9024.667245992581,0.9613135411036637,1.1122695167841643
9008,9025.628559533685,0.8931544363185822,1.0334224643309153
9009,9026.521713970003,0.7097908331888902,0.8212731708748882
9010,9027.231504803192,0.8753316543316032,1.012825391630085
9011,9028.106836457524,0.8802449286104093,1.0185240079593136
9012,9028.987081386134,1.1605505704374082,1.3428813181784884
9013,9030.147631956572,0.8853448202135041,1.0244568979690967
9014,9031.032976776785,1.1167620723481377,1.2922536051186013
9015,9032.149738849133,0.2945197722146986,0.34080733903725186
9016,9032.444258621348,1.0714622090654302,1.2398618241469528
9017,9033.515720830414,0.3383140155892761,0.39149255308306535
9018,9033.854034846003,1.3149145215847966,1.5216097203394983
9019,9035.168949367588,0.5801096799950756,0.6713122281372893
9020,9035.749059047583,0.6802475659205811,0.7872003471944995
9021,9036.429306613503,1.872903859233702,2.167395970001746
9022,9038.302210472737,0.44258790342610155,0.5121942454090741
9023,9038.744798376163,1.0283803813599661,1.1901230387536368
9024,9039.773178757523,0.3670300664507522,0.42476284092424266
9025,9040.140208823974,0.8352824076828256,0.9666753269545394
9026,9040.975491231657,1.3383747645220865,1.5489255968420423
9027,9042.313865996179,0.7055553228910867,0.8165687032952194
9028,9043.01942131907,0.5913516519904078,0.6844033588933943
9029,9043.61077297106,1.0072981767461897,1.165811328241983
9030,9044.618071147806,0.49051973455607367,0.5677189087714376
9031,9045.108590882362,1.2064388192848128,1.3963214720265482
9032,9046.315029701647,0.8638692195745534,0.9998528260395979
9033,9047.178898921222,1.4096555840515066,1.631574079210172
9034,9048.588554505273,0.49938329686301586,0.5780123226593151
9035,9049.087937802136,0.9047770653123735,1.047244200780229
9036,9049.992714867449,0.8894907651065296,1.0295650578002904
9037,9050.882205632555,0.546303368109875,0.6323421015366493
9038,9051.428509000665,0.7958303854102269,0.921175420426681
9039,9052.224339386075,0.5310778452294471,0.6147312044777401
9040,9052.755417231305,1.644689550756084,1.9037701405621916
9041,9054.40010678206,0.5311572900554893,0.6148434796199478
9042,9054.931264072116,0.973976513983871,1.1274399317983004
9043,9055.9052405861,0.8801113703684678,1.018800107660491
9044,9056.785351956469,1.1449364878535562,1.3253743128120026
9045,9057.930288444322,0.4224428976831405,0.4890268604227687
9046,9058.352731342005,1.3424704522094544,1.5540758845050135
9047,9059.695201794215,0.2063489465017483,0.23887933964738234
9048,9059.901550740717,1.3594595183585625,1.5737798249741843
9049,9061.261010259075,0.7493651692111598,0.8675213171153016
9050,9062.010375428286,0.5462653945942293,0.6324049766310639
9051,9062.55664082288,0.5093468432223744,0.5896696935413648
9052,9063.065987666103,1.3326593470046646,1.5428286457567857
9053,9064.398647013108,1.2777979981929093,1.4793451966396245
9054,9065.6764450113,1.0394922075611248,1.2034747315271244
9055,9066.715937218862,0.628381904656635,0.7275222056385806
9056,9067.344319123518,0.5463739025344694,0.6325817638984493
9057,9067.890693026053,0.8168728647578973,0.9457683748164337
9058,9068.70756589081,0.9442981229385623,1.0933137805347957
9059,9069.65186401375,0.7679566386759689,0.8891573252412673
9060,9070.419820652425,1.0654544408698712,1.2336212738257617
9061,9071.485275093295,0.5836150248942431,0.6757412677886662
9062,9072.06889011819,0.8815918709369726,1.0207641187397773
9063,9072.950481989126,1.4310697917971993,1.6570073459690886
9064,9074.381551780923,0.4882040322117973,0.5652940265714869
9065,9074.869755813135,0.6700445778078574,0.7758538915724492
9066,9075.539800390943,1.3655421713210671,1.5811962285687922
9067,9076.905342562264,1.035850600899721,1.1994627251070156
9068,9077.941193163164,0.4476199856853782,0.5183294852843667
9069,9078.38881314885,0.49625566113900277,0.5746519208939834
9070,9078.885068809988,1.0735258785134647,1.2431260562657165
9071,9079.958594688502,0.6416841482532618,0.7430722105864934
9072,9080.600278836755,0.9247508039825334,1.0708746663900894
9073,9081.525029640738,1.1624295252768206,1.34612886713123
9074,9082.687459166014,1.1302253019257478,1.308858416806184
9075,9083.81768446794,0.9015048711080453,1.0440063713607286
9076,9084.719189339048,0.5428016671503428,0.6286112762900149
9077,9085.261991006199,0.9548004358075559,1.1057505625068016
9078,9086.216791442006,0.6372731869923882,0.7380341853103013
9079,9086.854064628998,0.7659244299957209,0.8870353759021712
9080,9087.619989058994,1.2889994408924395,1.4928383305429662
9081,9088.908988499887,0.5170101022868039,0.5987803538193956
9082,9089.425998602173,1.072990060049051,1.2427037442986706
9083,9090.498988662222,0.4549783682978159,0.526950355279974
9084,9090.95396703052,0.8244187771688303,0.95483826395904
9085,9091.77838580769,1.7761547850332136,2.0571604283428493
9086,9093.554540592722,0.5261131460974866,0.6093659210760084
9087,9094.08065373882,0.7372824230296828,0.8539576662588222
9088,9094.81793616185,0.8893472030085832,1.0300982344011564
9089,9095.707283364858,0.9043058735805971,1.0474383868380772
9090,9096.611589238439,0.5525614848847908,0.64002903615628
9091,9097.164150723323,0.9279646939085069,1.074865552319621
9092,9098.092115417232,0.43992674982655444,0.5095762148227866
9093,9098.532042167059,1.3045934686106193,1.5111475229732965
9094,9099.83663563567,1.2057386052165384,1.3966686515112134
9095,9101.042374240886,0.842876588969375,0.976364805858433
9096,9101.885250829855,0.6122301412233355,0.7091993972972982
9097,9102.497480971078,0.9963061233775079,1.1541186628912017
9098,9103.493787094456,0.699469047049206,0.8102754781560229
9099,9104.193256141505,0.8816646881314227,1.021344433869923
9100,9105.074920829637,1.3992407171936065,1.6209401949115243
9101,9106.47416154683,0.231106000714135,0.26772871160371
9102,9106.705267547544,0.4859351160321239,0.5629418350365368
9103,9107.191202663576,1.4224405204768118,1.647868450759453
9104,9108.613643184053,0.41032759145309683,0.47536637945099514
9105,9109.023970775506,1.2064157391560002,1.3976467658200118
9106,9110.230386514662,1.1446983639725659,1.3261705909466512
9107,9111.375084878635,1.0064977318106685,1.1660807532501671
9108,9112.381582610446,0.9207152362268971,1.066713390237711
9109,9113.302297846672,0.3564994354983355,0.4130354148310263
9110,9113.65879728217,0.7860561563684314,0.9107189042740078
9111,9114.44485343854,0.5980771976537653,0.6929360693564388
9112,9115.042930636193,1.381474678255472,1.6005998317224028
9113,9116.424405314448,0.7126530154710053,0.8257089765775514
9114,9117.13705832992,0.7239096952380351,0.8387604330608507
9115,9117.860968025157,0.9499762222658319,1.100705188713198
9116,9118.810944247423,1.3053373455441033,1.5124716987536462
9117,9120.116281592967,0.4529827240094164,0.5248735300113492
9118,9120.569264316977,1.0156379280215333,1.1768331836289556
9119,9121.584902244998,0.920062965957186,1.066105508506023
9120,9122.504965210956,0.8888897279466619,1.0299983793017997
9121,9123.393854938902,0.6910194533702452,0.8007274915996446
9122,9124.084874392272,0.9748027603000082,1.1295767218101167
9123,9125.059677152572,0.5445705855290726,0.6310438458403128
9124,9125.604247738102,0.631225058592463,0.7314643207071322
9125,9126.235472796694,0.8859198943318916,1.0266147406501713
9126,9127.121392691026,1.8245695464102027,2.1143615533021833
9127,9128.945962237436,0.5270387161217513,0.6107637785300236
9128,9129.473000953558,0.9737007000094309,1.1283911706574967
9129,9130.446701653567,0.32145751722418936,0.3725324804659804
9130,9130.768159170791,1.1892145417223219,1.3781702443946287
9131,9131.957373712514,0.9196485637567093,1.0657916718262093
9132,9132.87702227627,0.37611044589539233,0.4358849024960755
9133,9133.253132722166,1.0460042279555637,1.2122503759007788
9134,9134.299136950121,1.1283203843468073,1.3076699739106687
9135,9135.427457334468,0.7121446593228029,0.825355986778083
9136,9136.139601993791,0.5395944427073118,0.6253817468874995
9137,9136.679196436498,1.426714342660489,1.6535536202809096
9138,9138.105910779159,0.4944720104613225,0.5731024703801657
9139,9138.60038278962,1.6315870285943674,1.8910544676375052
9140,9140.231969818215,0.3462898789111932,0.40136938106803455
9141,9140.578259697126,0.7789196652083774,0.9028162512512716
9142,9141.357179362334,0.9093438575946493,1.0539983200538174
9143,9142.266523219929,0.570384488786658,0.6611278002740824
9144,9142.836907708715,0.7600702309173357,0.8809984745180575
9145,9143.596977939633,1.023002880589047,1.1857776136471638
9146,9144.619980820222,1.018541501938671,1.1806245000487487
9147,9145.63852232216,0.8878360833459737,1.0291353465235007
9148,9146.526358405506,1.2825365575827163,1.4866722828506806
9149,9147.80889496309,0.7461521785462537,0.8649306026529777
9150,9148.555047141635,0.5629497079207795,0.6525718168654715
9151,9149.117996849556,0.4401270034832123,0.5101999356676732
9152,9149.55812385304,1.468331320449579,1.7021166324385828
9153,9151.026455173489,0.7912169268693106,0.917213399392593
9154,9151.817672100358,0.8313464665279753,0.963744763177314
9155,9152.649018566886,0.6187901827870519,0.7173462078993378
9156,9153.267808749673,0.47239134594929055,0.5476352005596796
9157,9153.740200095623,1.370934169521206,1.5893117742360197
9158,9155.111134265144,0.9768919672678749,1.1325254419111987
9159,9156.088026232412,1.1128276277740952,1.2901365802016074
9160,9157.200853860186,0.7567496214578568,0.8773386221105041
9161,9157.957603481644,0.8725134156065906,1.0115609972422988
9162,9158.83011689725,0.6087080777342635,0.7057237081536704
9163,9159.438824974985,0.915022736071478,1.0608683428532222
9164,9160.353847711056,0.44229170736252854,0.5127956786891471
9165,9160.796139418419,1.1302929215253243,1.3104771301571891
9166,9161.926432339944,0.700642944950232,0.8123488067397832
9167,9162.627075284894,1.3841832838570554,1.6048851278176048
9168,9164.011258568751,0.7537629201306117,0.8739651736102926
9169,9164.765021488882,0.6836419255050714,0.7926709627998775
9170,9165.448663414387,0.9330709563582786,1.0818906777237625
9171,9166.381734370745,1.0007130521644285,1.1603375315609685
9172,9167.38244742291,0.9224784552043275,1.0696397035971064
9173,9168.304925878114,0.7006894358091813,0.8124803212589692
9174,9169.005615313923,0.6840569965352188,0.7932025941274934
9175,9169.689672310458,0.9692738031662884,1.1239390452651254
9176,9170.658946113625,0.7430677069623925,0.8616501576037195
9177,9171.402013820587,0.8113079616305185,0.9407909944860083
9178,9172.213321782217,0.47058866820589174,0.5457002483512537
9179,9172.683910450423,2.115537797952129,2.4532202085682178
9180,9174.799448248375,0.4093876328533952,0.4747491640442709
9181,9175.208835881229,0.7186224733104609,0.8333605617475035
9182,9175.92745835454,0.9635587690008833,1.1174163597032531
9183,9176.89101712354,0.5881917694387084,0.6821219406070865
9184,9177.479208892979,0.6511687053553032,0.7551625014596073
9185,9178.130377598334,1.1556021573705948,1.3401686934459793
9186,9179.285979755705,1.0351336400926812,1.2004803367959664
9187,9180.321113395798,0.4181735780202871,0.4849778877037494
9188,9180.739286973818,0.963687322469923,1.1176458487471046
9189,9181.702974296288,1.1081996884859109,1.2852639991848644
9190,9182.811173984774,0.8886635535545793,1.0306682101457434
9191,9183.699837538328,1.067356875853875,1.2379324042239885
9192,9184.767194414182,0.36880619499788736,0.4277523582383281
9193,9185.13600060918,1.4421460272096738,1.6726529310302998
9194,9186.57814663639,0.7669402531792002,0.8895441061700095
9195,9187.345086889569,0.4664101427897549,0.5409771420190862
9196,9187.811497032359,0.6533325303662423,0.7577888957535742
9197,9188.464829562725,0.722483652543815,0.8380042407711233
9198,9189.187313215269,1.1794661488474958,1.3680701212348452
9199,9190.366779364116,1.0963392920002661,1.2716731577247062
9200,9191.463118656116,0.9755729978187446,1.1316116362511073
9201,9192.438691653935,0.9302202217986633,1.0790205948256142
9202,9193.368911875734,0.6675857075224485,0.7743851524688654
9203,9194.036497583256,0.9621204867708002,1.1160503203393448
9204,9194.998618070027,0.4173752715323644,0.4841581689622917
9205,9195.41599334156,1.1253834809394903,1.305460663100525
9206,9196.541376822499,0.8344162022694945,0.9679507801924425
9207,9197.375793024768,1.0529585297990707,1.221482414258827
9208,9198.428751554567,0.3605959367232572,0.4183151575318506
9209,9198.78934749129,1.2173988527447364,1.4122708546568068
9210,9200.006746344035,0.44433122742702835,0.51546576848607
9211,9200.451077571463,1.3863572613336146,1.608314702845681
9212,9201.837434832796,1.213506657824837,1.4078196129212848
9213,9203.050941490621,0.7108486103243195,0.8246882809745091
9214,9203.761790100945,0.6881402536328096,0.7983517274353673
9215,9204.449930354578,0.31077790383460524,0.36055530802101277
9216,9204.760708258413,1.4046425331853243,1.629632160811185
9217,9206.165350791598,0.6820246246479655,0.7912849722970259
9218,9206.847375416246,0.34237491231397144,0.39722741136978457
9219,9207.18975032856,1.3306638243975613,1.5438597388114628
9220,9208.520414152958,0.9605189032008639,1.114433136991539
9221,9209.480933056158,1.3930459181319748,1.6162917139909756
9222,9210.87397897429,0.34624164838533034,0.4017377394698853
9223,9211.220220622676,0.6581059911641205,0.7635920683536281
9224,9211.87832661384,1.064216404196486,1.2348089513854965
9225,9212.942543018036,1.0109142244600662,1.1729810856943192
9226,9213.953457242496,0.856358140359589,0.9936619690247969
9227,9214.809815382856,0.5732482238454395,0.6651682201470727
9228,9215.383063606701,1.0134362764310936,1.1759501869578926
9229,9216.396499883132,0.4926631155049108,0.5716748398847311
9230,9216.889162998637,0.7432506280729285,0.8624570941130048
9231,9217.63241362671,1.492651638953248,1.7320701582677647
9232,9219.125065265664,0.8950181255750067,1.0386004169775356
9233,9220.020083391239,0.83205459047349,0.9655488821198472
9234,9220.852137981712,1.1486603060584457,1.3329671079020577
9235,9222.00079828777,0.3532492727117642,0.4099364304655388
9236,9222.354047560482,0.8838115103098971,1.0256452512034178
9237,9223.237859070792,0.6321870254996611,0.733649805006209
9238,9223.870046096292,0.7081173281530937,0.8217742568578389
9239,9224.578163424445,1.5950524761647102,1.8510871165388303
9240,9226.17321590061,0.45254689932880865,0.5252012775214704
9241,9226.625762799938,0.6364321714627295,0.7386134749142478
9242,9227.262194971401,1.2399630203017296,1.439056822384151
9243,9228.502157991703,1.0562061376567726,1.2258177312478287
9244,9229.55836412936,0.6023406496315147,0.6990789109383517
9245,9230.160704778991,0.9556367676577793,1.109125691306487
9246,9231.116341546649,0.9662525510411797,1.1214624422877633
9247,9232.08259409769,0.6819635188257962,0.7915192043726793
9248,9232.764557616516,0.9258088923834293,1.074548594073292
9249,9233.6903665089,0.3960351708756207,0.4596681785447909
9250,9234.086401679775,1.2226726260050782,1.419134070914541
9251,9235.30907430578,0.21159471110877348,0.24559862464901044
9252,9235.520669016889,1.7351567510449968,2.014008044732135
9253,9237.255825767934,1.2696984105477895,1.4737853988953613
9254,9238.525524178482,0.3476379396452103,0.403523679965357
9255,9238.873162118127,0.7265983272554877,0.8434095078581445
9256,9239.599760445382,0.8635579611727735,1.0023981906349266
9257,9240.463318406555,0.7056088269309839,0.8190649691928925
9258,9241.168927233486,1.2698198220605263,1.4740119206808282
9259,9242.438747055547,0.563980089225879,0.6546826729350672
9260,9243.002727144773,0.6268982692999998,0.7277258116136821
9261,9243.629625414073,1.0926307405879925,1.2683764258006356
9262,9244.72225615466,1.0080611052107997,1.1702230350306975
9263,9245.730317259871,0.6421619580978586,0.7454746000532355
9264,9246.37247921797,0.9512027909622702,1.1042452190160421
9265,9247.323682008931,1.5359824190018116,1.7831372854084009
9266,9248.859664427933,0.23746981688054802,0.275687352274275
9267,9249.097134244814,1.1200983068720234,1.300367463491949
9268,9250.217232551686,0.6330361794825876,0.7349295251762764
9269,9250.850268731168,0.4750632787508948,0.5515345197927691
9270,9251.32533200992,0.9766506504838617,1.133870714963342
9271,9252.301982660403,0.9649132174799888,1.120260015310893
9272,9253.266895877883,0.77306787233465,0.8975412414429568
9273,9254.039963750218,1.5892789847548556,1.845193442768594
9274,9255.629242734973,0.24106442439369857,0.2798885345894585
9275,9255.870307159366,1.2206692101626686,1.4172665131556836
9276,9257.090976369529,0.831874682678972,0.9658713706213045
9277,9257.922851052208,0.590346936682181,0.6854472676921904
9278,9258.51319798889,0.6862925079985871,0.7968558941689005
9279,9259.199490496889,1.2631955926535738,1.4667143657382669
9280,9260.462686089542,0.9482316626545071,1.1010258551422276
9281,9261.410917752197,0.4216977787345968,0.4896553151984239
9282,9261.832615530931,0.7392898104881169,0.8584333677112144
9283,9262.57190534142,0.706958557913822,0.8209006082583065
9284,9263.278863899333,1.5296916114293708,1.7762539207311459
9285,9264.808555510763,1.1064438283247,1.2848143067637054
9286,9265.914999339087,0.608356247194024,0.7064412878946295
9287,9266.523355586281,0.6342817908953293,0.7365534245282365
9288,9267.157637377177,1.2022477064892882,1.3961112948665164
9289,9268.359885083666,0.48677875280191074,0.5652823406905713
9290,9268.846663836468,0.5386487675841636,0.6255220180939632
9291,9269.385312604052,1.1196133244393423,1.3001948692969467
9292,9270.504925928492,0.796102190093734,0.9245201838642843
9293,9271.301028118585,1.093074568605516,1.269411649105138
9294,9272.39410268719,0.8727405113149871,1.0135492151522498
9295,9273.266843198506,1.0712906413118617,1.2441496409271886
9296,9274.338133839818,0.6482420733591425,0.7528516346963313
9297,9274.986375913177,0.5691365485890856,0.6609868483283144
9298,9275.555512461766,1.60500198275804,1.8640414598886157
9299,9277.160514444524,0.44825392997336166,0.520612267479211
9300,9277.608768374497,0.7474461716210499,0.8681066615640166
9301,9278.356214546118,0.6847185316182731,0.7952616565544626
9302,9279.040933077737,0.8973230831688852,1.0422002980662317
9303,9279.938256160905,0.8310114325486211,0.9651950955157367
9304,9280.769267593454,0.7681711997192906,0.8922189792599016
9305,9281.537438793173,1.1968501440278487,1.390138715242653
9306,9282.734288937201,1.3593927378751687,1.5789594646033749
9307,9284.093681675076,0.668796761890917,0.7768352264788941
9308,9284.762478436967,0.5816812524335546,0.6756536114665932
9309,9285.3441596894,0.505271429550703,0.5869045893150562
9310,9285.849431118952,1.0521380450809374,1.2221337188418355
9311,9286.901569164032,0.8978583668322244,1.04294300961108
9312,9287.799427530865,0.8582513301844301,0.9969490901069846
9313,9288.65767886105,0.97703763174286,1.134946227914602
9314,9289.634716492792,0.603756065314883,0.7013450878959069
9315,9290.238472558107,0.8326773909411713,0.9672770702183884
9316,9291.071149949048,1.379001070283266,1.6019319231862497
9317,9292.450151019331,0.5702205534271343,0.6624165136602229
9318,9293.020371572758,1.056728223378741,1.2275953683660248
9319,9294.077099796137,0.9173144898431929,1.0656558009212085
9320,9294.99441428598,0.5698091858448606,0.6619634610867259
9321,9295.564223471825,1.0428238014046656,1.2114881040064853
9322,9296.60704727323,0.7215505483491143,0.838265619454607
9323,9297.328597821579,0.46281927309428283,0.5376887461893834
9324,9297.791417094673,0.6244058595857496,0.7254198620793832
9325,9298.415822954259,1.758481751085128,2.042981027721883
9326,9300.174304705344,0.9212002667409251,1.0702661084537826
9327,9301.095504972085,0.5351728895930137,0.621781384745778
9328,9301.630677861678,1.1304913006424613,1.3134521577430067
9329,9302.76116916232,0.47768342209383263,0.5550018528496997
9330,9303.238852584414,1.2393165133253206,1.4399239481223713
9331,9304.47816909774,0.2690500551780133,0.3126067332063551
9332,9304.747219152918,1.255706229916541,1.4589990585461727
9333,9306.002925382834,0.8051732846925006,0.9355442785407522
9334,9306.808098667527,0.6930454868615925,0.8052706618237812
9335,9307.501144154388,0.8965434234542045,1.0417317382164004
9336,9308.397687577843,0.6616196309259976,0.7687739861119336
9337,9309.059307208769,1.234875614014527,1.4348871252356705
9338,9310.294182822783,1.1000805679286714,1.2782826903613835
9339,9311.394263390712,0.8928266197999619,1.037472450672413
9340,9312.287090010512,0.850020966205193,0.9877448727887186
9341,9313.137110976717,0.5049308099114569,0.5867491196249339
9342,9313.642041786628,0.5497257692877611,0.6388073374118257
9343,9314.191767555916,1.0660095367984468,1.238763501179699
9344,9315.257777092715,0.8342167039663764,0.9694222864742542
9345,9316.091993796681,1.1294845636966784,1.3125617505334295
9346,9317.221478360378,0.2993860210026469,0.34791902166440114
9347,9317.52086438138,1.8170357825911196,2.111601910023402
9348,9319.337900163971,0.48989503038865223,0.5693288580867871
9349,9319.82779519436,0.7651181699930021,0.8891843412850444
9350,9320.592913364353,0.7621241004271724,0.8857147319564813
9351,9321.35503746478,0.844821511014743,0.9818338462621842
9352,9322.199858975795,1.38004485953752,1.6038791053887582
9353,9323.579903835333,0.45873916461459885,0.533154462924868
9354,9324.038642999947,0.6238350309358793,0.7250365729750384
9355,9324.662478030883,0.6974129875270592,0.8105581283778617
9356,9325.35989101841,1.1367027719497855,1.321129838482014
9357,9326.49659379036,0.5327463860521675,0.6191934353845521
9358,9327.029340176412,1.9079360336472746,2.2175480464387736
9359,9328.93727621006,0.298664199986888,0.34713992057892423
9360,9329.235940410046,0.9947191729334008,1.1561755591515501
9361,9330.23065958298,0.6911745745619555,0.8033732921155499
9362,9330.921834157542,0.9540040534411673,1.1088792602975728
9363,9331.875838210983,0.6696974980677624,0.7784286233083463
9364,9332.54553570905,0.4446420681724703,0.5168385949874299
9365,9332.990177777223,1.3157210019471677,1.5293645805216034
9366,9334.30589877917,0.9005904172518058,1.0468463054605843
9367,9335.206489196422,0.8250219132569327,0.9590181440993054
9368,9336.031511109679,0.9349046102161083,1.0867606283322004
9369,9336.966415719895,0.5690903072863875,0.6615363881055312
9370,9337.535506027181,1.4350267275094666,1.6681540834368271
9371,9338.97053275469,0.763673957411811,0.8877553351380504
9372,9339.734206712103,0.6017982983012189,0.699586028514258
9373,9340.336005010404,1.0048171856979025,1.1681027801063888
9374,9341.340822196102,0.6587523999005498,0.7658127799815139
9375,9341.999574596002,0.9243275600820198,1.0745595649661304
9376,9342.923902156084,0.5548593888906908,0.6450500506979144
9377,9343.478761544975,0.7111424274407909,0.8267431308304958
9378,9344.189903972416,1.2840310175397462,1.4927739413217032
9379,9345.473934989956,1.4356912535167794,1.669120742572267
9380,9346.909626243472,0.44126051880630257,0.5130159923127102
9381,9347.350886762279,1.0612666440265457,1.2338522387135482
9382,9348.412153406305,0.43528538565260533,0.5060803499127954
9383,9348.847438791958,0.6867360335436388,0.7984321063716088
9384,9349.534174825501,1.1676482337989,1.3575772459177768
9385,9350.7018230593,0.938303284243375,1.0909458235759626
9386,9351.640126343544,0.7595369240207219,0.8831100031991815
9387,9352.399663267564,0.6147898358813109,0.7148211925209133
9388,9353.014453103446,0.7290536575328588,0.8476843038707158
9389,9353.743506760979,1.4915993968716066,1.7343289806768305
9390,9355.23510615785,0.5850698239810299,0.6802937172255116
9391,9355.820175981831,0.8528578155874129,0.9916744229053924
9392,9356.673033797419,1.2974800921911083,1.5086850958489484
9393,9357.97051388961,0.8681616679677973,1.0095009822386847
9394,9358.838675557578,0.2382278479399247,0.27701557090658985
9395,9359.076903405517,0.9481540095621313,1.1025341563226347
9396,9360.02505741508,0.657256845597658,0.7642831881107413
9397,9360.682314260677,0.8447382718313747,0.9823031415064231
9398,9361.527052532509,1.1211621952315909,1.3037585549687158
9399,9362.64821472774,1.0418018172276788,1.2114931272555385
9400,9363.690016544968,0.8424061110672483,0.9796342628686949
9401,9364.532422656035,1.0331387226615334,1.2014520535709647
9402,9365.565561378697,0.6979238664116565,0.8116380735646717
9403,9366.263485245108,0.5929668619392032,0.6895872355262874
9404,9366.856452107048,1.138169451181966,1.3236387659448439
9405,9367.99462155823,0.9062966000892629,1.0539988218579444
9406,9368.900918158319,0.3639568761373084,0.42327776271882533
9407,9369.264875034456,1.4984912005456863,1.7427377151690606
9408,9370.763366235002,0.41536857952633,0.483082137157501
9409,9371.178734814528,0.4088651756574109,0.4755214300589584
9410,9371.587599990185,1.197151984750235,1.3923289545847035
9411,9372.784751974936,1.5947584752248076,1.8547914061947375
9412,9374.37951045016,0.7912845509436011,0.9203286749208506
9413,9375.170795001104,0.5657425200370199,0.6580124392859455
9414,9375.736537521141,0.591592708378812,0.6880843522113251
9415,9376.32813022952,1.1225209041258495,1.3056207876099288
9416,9377.450651133646,0.5330514607794612,0.6200102518198692
9417,9377.983702594425,1.034735330611511,1.2035451546206262
9418,9379.018437925037,0.4759061984495929,0.5535553191969284
9419,9379.494344123486,1.299529565658304,1.511572028765764
9420,9380.793873689145,0.8819667959705839,1.0258955594876007
9421,9381.675840485115,0.8846003194321383,1.0289720855226898
9422,9382.560440804547,1.007933612956549,1.1724491939211694
9423,9383.568374417504,0.5220770416453888,0.607299722203574
9424,9384.09045145915,1.0199077052111534,1.1864041731655623
9425,9385.11035916436,1.1245548546885402,1.3081540654545576
9426,9386.234914019049,0.653698188785711,0.7604359697606903
9427,9386.888612207835,0.8452205643807247,0.9832400557406181
9428,9387.733832772215,0.38797001147759147,0.4513287666130291
9429,9388.121802783693,0.8573668205171998,0.9973876485820312
9430,9388.97916960421,1.1112969145087845,1.2928044774411604
9431,9390.090466518719,0.9592978497294098,1.115997552356962
9432,9391.049764368448,1.2560881600602443,1.4612884866837506
9433,9392.305852528509,0.6586246526767354,0.7662346182666394
9434,9392.964477181185,1.0202790576695406,1.1869896313789032
9435,9393.984756238855,0.70502777638103,0.8202394128210362
9436,9394.689784015236,0.41363202061256743,0.4812303575757874
9437,9395.103416035849,0.722894111468122,0.8410390628443433
9438,9395.826310147317,1.646254099554426,1.9153269560489992
9439,9397.472564246871,0.34570337825607567,0.40221668584716375
9440,9397.818267625127,0.8006012667556206,0.931482967371444
9441,9398.618868891883,0.875337939698511,1.018449403814101
9442,9399.494206831581,1.0866644719644682,1.2643424125108391
9443,9400.580871303546,0.8466453621131222,0.985093922190851
9444,9401.427516665659,1.1253926162044081,1.309439740462574
9445,9402.552909281863,0.830021471987493,0.9657793024402261
9446,9403.38293075385,0.5379045097015478,0.6258914162680542
9447,9403.920835263552,1.1420430138423399,1.3288613482785299
9448,9405.062878277395,0.45510683095380955,0.5295631731602296
9449,9405.517985108349,0.7998352961403725,0.9306960299369712
9450,9406.317820404489,0.9298071319881274,1.081945089826819
9451,9407.247627536477,0.49780899939833034,0.5792698998022764
9452,9407.745436535875,1.7259001274578623,2.008339003353853
9453,9409.471336663333,1.1326004194634152,1.317980473357192
9454,9410.603937082797,0.20472964829787088,0.23824299901116194
9455,9410.808666731094,0.6483813808245031,0.7545208305949079
9456,9411.457048111919,1.3303124565773032,1.5480979979293337
9457,9412.787360568496,0.5678441847630893,0.6608187679387878
9458,9413.35520475326,1.0114452096877358,1.177061436089449
9459,9414.366649962947,0.7401425162079249,0.8613477091448414
9460,9415.106792479155,0.7163588220555539,0.8336781778610155
9461,9415.82315130121,0.981039831885937,1.1417183459032292
9462,9416.804191133097,0.7287338436108257,0.8481007864709431
9463,9417.532924976707,0.8162596262118313,0.9499733860428755
9464,9418.34918460292,1.3950847984870052,1.6236367637153528
9465,9419.744269401406,0.8383142155053065,0.9756721242530968
9466,9420.582583616912,0.9443084315116721,1.0990468829472444
9467,9421.526892048423,0.5131197204773343,0.5972099160917456
9468,9422.0400117689,0.7707319315486529,0.8970463650048718
9469,9422.81074370045,0.7802649625955382,0.9081519122083551
9470,9423.591008663045,0.5835531249740598,0.6792063109454491
9471,9424.174561788019,1.2374017586353148,1.4402428229665143
9472,9425.411963546654,1.0949401413290616,1.2744510668769613
9473,9426.506903687983,0.3676302823532751,0.42790854935699013
9474,9426.874533970336,1.3606737486661586,1.5837842058058895
9475,9428.235207719003,1.1439364007928816,1.331534587419313
9476,9429.379144119795,0.19488114975865756,0.2268441635401753
9477,9429.574025269554,0.9614888475534826,1.1191885412266005
9478,9430.535514117108,0.9500378336324502,1.105874792840087
9479,9431.48555195074,1.2282741539293056,1.4297705690687292
9480,9432.71382610467,0.4111921266594436,0.47865606114956855
9481,9433.125018231329,0.7016977088405838,0.8168295096687109
9482,9433.82671594017,0.8399497941463778,0.9777753972782998
9483,9434.666665734316,0.5296485450089676,0.6165649709000849
9484,9435.196314279325,1.9825350399460149,2.307890869050958
9485,9437.17884931927,0.24064748890486953,0.28014843837310033
9486,9437.419496808176,1.4156947394440067,1.6480789178355328
9487,9438.83519154762,0.45316035062751325,0.5275567640090871
9488,9439.288351898247,0.6902769514817919,0.8036066359353685
9489,9439.978628849729,0.8254410619520058,0.9609715996181577
9490,9440.804069911681,1.053026327283078,1.2259391212844541
9491,9441.857096238964,0.41753825811429124,0.4861077798253022
9492,9442.274634497078,1.1746152150717535,1.3675227000556949
9493,9443.44924971215,0.8621041583355691,1.0037049061203678
9494,9444.311353870486,0.936256946035428,1.0900509039018047
9495,9445.247610816521,0.9151933981283946,1.0655417977789432
9496,9446.16280421465,0.6333178221702838,0.7373693363980903
9497,9446.79612203682,1.111402918222666,1.2940137069054813
9498,9447.907524955042,1.294055645908884,1.5067017046383924
9499,9449.201580600951,0.4081447881508211,0.4752221920518572
9500,9449.609725389102,0.5425881864157418,0.6317647000910501
9501,9450.152313575518,0.891711893664251,1.0382764176674002
9502,9451.044025469182,1.1049515277245519,1.2865813704574018
9503,9452.148976996907,0.43223709611083905,0.5032954549352502
9504,9452.581214093017,0.8032526396673347,0.9353105811047661
9505,9453.384466732685,1.5573699626911548,1.8134288650941737
9506,9454.941836695376,0.9379578863972711,1.092199183954228
9507,9455.879794581773,0.7590544113409123,0.8838881372002815
9508,9456.638848993114,0.6510899557288212,0.7581762167155713
9509,9457.289938948843,0.6824583457855624,0.7947113159591664
9510,9457.972397294629,0.8542870913115621,0.9948128239672868
9511,9458.82668438594,0.9427262658227846,1.0978133291051835
9512,9459.769410651763,1.1343618494247494,1.3209927056747712
9513,9460.903772501188,0.5011495550515974,0.583610737500857
9514,9461.40492205624,0.7330678234393417,0.8536959593407338
9515,9462.137989879679,0.7985262882248207,0.9299356239986364
9516,9462.936516167903,1.2813881784622936,1.4922768048871822
9517,9464.217904346366,1.043991188164,1.2158319308367367
9518,9465.26189553453,0.7292816545505048,0.8493340731188583
9519,9465.99117718908,0.7314098761235073,0.8518216055484308
9520,9466.722587065204,1.138045727102508,1.325415756362228
9521,9467.860632792306,0.6341715859198302,0.7385949438352268
9522,9468.494804378226,0.6372349587891222,0.7421695278677913
9523,9469.132039337015,0.3239671680403262,0.37731886491194344
9524,9469.456006505055,1.4267644964184,1.6617352936989065
9525,9470.882771001474,0.9364986866494291,1.0907511104040344
9526,9471.819269688123,1.0886730136699043,1.268007483328573
9527,9472.907942701793,0.8151368531853223,0.9494272838260285
9528,9473.723079554979,0.6691661087752436,0.7794176259748286
9529,9474.392245663754,1.1732754765489517,1.3665970232372036
9530,9475.565521140303,0.3541143605725665,0.4124690482837419
9531,9475.919635500875,1.2182502179221046,1.4190135440723928
9532,9477.137885718797,0.6894347490306245,0.8030652625711797
9533,9477.827320467828,1.0283794867500546,1.1978857350446848
9534,9478.855699954578,0.3737787368481804,0.43539457979612
9535,9479.229478691426,1.0057926532317651,1.1715996278000862
9536,9480.235271344658,0.9086109143045178,1.0584126235926945
9537,9481.143882258963,0.6959063621616224,0.8106503142479495
9538,9481.839788621124,1.849027025349642,2.153923935272547
9539,9483.688815646474,0.5184827305747604,0.6039944789353244
9540,9484.207298377049,0.4330905811893899,0.5045226355353429
9541,9484.640388958238,1.1134676981837401,1.29712625191553
9542,9485.753856656422,0.27701220318704145,0.3227085654718969
9543,9486.030868859609,1.1849413867021212,1.3804166612776674
9544,9487.21581024631,0.8914046471727488,1.0384740027373245
9545,9488.107214893484,0.7965699587530253,0.9280048224487196
9546,9488.903784852237,0.6424737130146241,0.7484911216728308
9547,9489.546258565251,1.4905307127810374,1.736505792499828
9548,9491.036789278032,0.5855478569519619,0.6821926265265846
9549,9491.622337134984,0.9375144544083014,1.0922605736728734
9550,9492.559851589393,0.5749963640028,0.6699142922790913
9551,9493.134847953395,1.3440042914317019,1.5658796995097342
9552,9494.478852244827,0.6776256788434694,0.7895070133536658
9553,9495.15647792367,0.7035941213162005,0.8197710419452066
9554,9495.860072044987,0.9638368092728342,1.1229961690743444
9555,9496.82390885426,0.4315339289387339,0.5028005395406587
9556,9497.255442783198,0.6955644812296669,0.8104400226524757
9557,9497.951007264428,1.1862156646002404,1.382138239001512
9558,9499.137222929028,1.4580984155600163,1.6989557752850202
9559,9500.595321344588,0.6219463692868885,0.7246983588852258
9560,9501.217267713875,0.7052523117708915,0.8217746546437552
9561,9501.922520025646,1.1199782772728213,1.3050352016577098
9562,9503.042498302919,0.5586194604165939,0.6509320858450778
9563,9503.601117763335,0.6628998688083811,0.7724511751916281
9564,9504.264017632144,0.8220627146911283,0.9579265125813033
9565,9505.086080346835,1.027773710222391,1.1976498856398348
9566,9506.113854057057,1.1099365237423626,1.2934121277025514
9567,9507.2237905808,0.7377111955083819,0.8596706223179551
9568,9507.961501776308,0.16813567291865184,0.19593416933585225
9569,9508.129637449227,1.640276393673048,1.9114740095443281
9570,9509.7699138429,0.8456380818279285,0.9854761684923196
9571,9510.615551924728,0.9354257411396247,1.0901247114020043
9572,9511.550977665867,0.8292308882337238,0.9663805311290974
9573,9512.380208554101,0.9550206587227876,1.1129883997122516
9574,9513.335229212824,0.19866412559349556,0.23152786976996115
9575,9513.533893338417,1.2804294682682666,1.492247036160227
9576,9514.814322806686,0.5190127726182254,0.604882600125874
9577,9515.333335579304,0.7145161905154964,0.8327379466590231
9578,9516.04785176982,1.200150069034862,1.3987377269356178
9579,9517.248001838854,1.1534604413500347,1.3443455634779753
9580,9518.401462280204,1.0791950734801503,1.257810902661546
9581,9519.480657353684,0.5338863311699242,0.6222586267888502
9582,9520.014543684854,0.8161002568394906,0.9511936988742511
9583,9520.830643941694,0.33179319061491697,0.38672121933585846
9584,9521.162437132309,1.753645521323051,2.0439694984314505
9585,9522.916082653632,0.3772046202520869,0.4396636138155675
9586,9523.293287273884,0.878857923542455,1.0243881431853523
9587,9524.172145197426,0.501854548616393,0.58496409174208
9588,9524.673999746043,1.1635084771187394,1.3562008716767113
9589,9525.837508223161,0.6904729897687503,0.8048378736797791
9590,9526.52798121293,1.1529562775540398,1.343936802895992
9591,9527.680937490484,0.9514598700770875,1.1090820090884599
9592,9528.632397360561,1.1392845672908152,1.3280405029560276
9593,9529.771681927852,0.6342602514705504,0.7393561515046266
9594,9530.405942179323,0.7419814127497375,0.8649343946533364
9595,9531.147923592072,0.4776480304171855,0.5568045158193359
9596,9531.62557162249,1.049277714049822,1.2231738218527768
9597,9532.67484933654,0.5631365187146002,0.6564746306794271
9598,9533.237985855254,1.233674850591342,1.438164186873702
9599,9534.471660705845,0.9056088188535796,1.05573780542882
9600,9535.377269524699,0.832607346434088,0.9706469640052618
9601,9536.209876871133,1.043754835251093,1.2168155167909904
9602,9537.253631706384,0.5812838282581652,0.6776742260843596
9603,9537.834915534642,1.347880915100177,1.5714040397375828
9604,9539.182796449742,0.3319478228895605,0.38700318899127145
9605,9539.514744272632,0.8814529894625593,1.027651681416383
9606,9540.396197262095,1.270904784098093,1.4817170369637174
9607,9541.667102046193,0.36123840689106146,0.421166747933514
9608,9542.028340453084,1.133163953478288,1.321159197041582
9609,9543.161504406562,0.16583770753823046,0.19335380678556452
9610,9543.3273421141,1.0060442254980444,1.1729717270835935
9611,9544.333386339598,1.8146757993181382,2.115805628936204
9612,9546.148062138916,0.7028960919415113,0.8195569162734027
9613,9546.850958230858,0.6005362851556129,0.7002153207410152
9614,9547.451494516014,0.7512052336933266,0.8759003293588655
9615,9548.202699749707,0.9067083225363604,1.0572272553030406
9616,9549.109408072243,0.9144171147145244,1.0662295718990884
9617,9550.023825186958,0.27361063165699306,0.3190399161257894
9618,9550.297435818615,1.5048742943345133,1.7547448475156995
9619,9551.80231011295,0.5674271747648163,0.6616574740562559
9620,9552.369737287714,0.6857925447220623,0.7996857783538988
9621,9553.055529832436,1.3832011924787366,1.6129326122284757
9622,9554.438731024915,0.6936201010139484,0.8088372067361727
9623,9555.132351125929,0.6331660604100762,0.738348472120169
9624,9555.765517186339,1.267933056320544,1.4785772009231097
9625,9557.03345024266,0.8306233029215946,0.9686338813464587
9626,9557.864073545581,0.914524040530523,1.066487630331209
9627,9558.778597586112,0.7192798057621985,0.8388112267585521
9628,9559.497877391874,0.1531253949924576,0.1785739268517883
9629,9559.651002786866,1.1532730714861827,1.3449431514650465
9630,9560.804275858352,1.0225793156787404,1.192548168663291
9631,9561.826855174031,0.7683050915693457,0.896022625256444
9632,9562.5951602656,1.172324502706033,1.3672183200315176
9633,9563.767484768307,1.1741018300526775,1.3693140274354705
9634,9564.94158659836,0.777683612466717,0.9070004760627786
9635,9565.719270210826,0.27920354325942753,0.3256344253770735
9636,9565.998473754085,1.08628905302794,1.2669413731544703
9637,9567.084762807113,0.5959058357675531,0.6950170899044636
9638,9567.68066864288,1.239468106730783,1.4456291357773334
9639,9568.920136749612,0.8374470546259545,0.9767570905984366
9640,9569.757583804238,0.5253448961429967,0.6127437874215372
9641,9570.28292870038,0.9429072604398243,1.099782063121122
9642,9571.22583596082,0.6471571605488862,0.7548371245666414
9643,9571.87299312137,1.2978356575695216,1.5137954638225097
9644,9573.170828778939,1.0893833243262634,1.2706801767398423
9645,9574.260212103265,0.8993846628036408,1.0490779329592628
9646,9575.159596766069,0.4680963470000279,0.5460131380475564
9647,9575.627693113069,0.8764273134165705,1.0223194917898826
9648,9576.504120426485,0.9586003015592723,1.1181851545358727
9649,9577.462720728045,0.619548262175158,0.7226986359763443
9650,9578.08226899022,0.6706683597585652,0.7823367703780593
9651,9578.752937349978,0.696640096110059,0.8126406465005875
9652,9579.449577446088,1.6757066093050526,1.9547551478071643
9653,9581.125284055393,0.6886473380855023,0.8033441212365661
9654,9581.813931393479,0.7170815553909051,0.8365223661436083
9655,9582.53101294887,0.9574241180089302,1.1169090316809143
9656,9583.488437066879,0.6748982202916523,0.7873315264750181
9657,9584.16333528717,0.9797285756685596,1.142955459939994
9658,9585.143063862839,1.112170057655021,1.29748034097433
9659,9586.255233920494,0.3169884697326779,0.3698110868755533
9660,9586.572222390227,1.0093122710568423,1.177508292388791
9661,9587.581534661284,0.9808877065133856,1.1443633747814204
9662,9588.562422367797,0.33552380809851456,0.3914479847167717
9663,9588.897946175895,1.0485936661116284,1.223376186228279
9664,9589.946539842007,1.367279566702564,1.595205337912162
9665,9591.31381940871,0.8164527263015771,0.9525740806083011
9666,9592.130272135011,1.0749083586470078,1.2541347438892825
9667,9593.205180493658,0.7049849123868626,0.8225441546127532
9668,9593.910165406045,0.5212643783688691,0.6081935341021333
9669,9594.431429784414,0.5568560882729798,0.6497255449556079
9670,9594.988285872687,1.005409374150986,1.1730954169096033
9671,9595.993695246838,1.3465509829693474,1.5711563907479116
9672,9597.340246229807,0.2780958649218519,0.32448861091058157
9673,9597.618342094729,1.1478276776888379,1.3393168606568522
9674,9598.766169772418,0.6832053247962904,0.7971957413969366
9675,9599.449375097214,1.5742193454007065,1.8368901642115492
9676,9601.023594442615,0.35045723017719865,0.40894290812867923
9677,9601.374051672792,0.5989010922494344,0.6988515361719192
9678,9601.972952765042,1.4143676621933992,1.6504251457445476
9679,9603.387320427235,0.726135571647319,0.8473443743857351
9680,9604.113455998882,0.7178755029017339,0.8377141479897297
9681,9604.831331501784,0.6777490551176015,0.7908972485724881
9682,9605.509080556902,0.699509114774628,0.8162979411777105
9683,9606.208589671676,0.7402524480112334,0.8638522899446524
9684,9606.948842119687,1.0876024861863698,1.2692126510308233
9685,9608.036444605874,1.5438658823022706,1.8016916903134144
9686,9609.580310488176,0.6304559063246415,0.735758248517699
9687,9610.2107663945,0.5920569270874694,0.6909518345710102
9688,9610.802823321588,0.8630644562745147,1.0072358791948715
9689,9611.665887777863,0.9404619770793943,1.0975757832817985
9690,9612.606349754942,0.5616136625139916,0.655445722702758
9691,9613.167963417456,1.0843599470445042,1.2655403512950767
9692,9614.2523233645,0.5386040828889236,0.6286064757157682
9693,9614.79092744739,1.2891976528444502,1.5046380257135574
9694,9616.080125100234,0.4961792559879541,0.5791073419665851
9695,9616.576304356222,1.135259098800816,1.3250080429106326
9696,9617.711563455023,0.43624026367069746,0.5091623251865006
9697,9618.147803718693,1.5148538382854895,1.7680882241233897
9698,9619.662657556979,1.0489124892119435,1.224282897940622
9699,9620.71157004619,0.4541893224377418,0.5301342987952673
9700,9621.165759368629,0.5916482346583507,0.6905821549220382
9701,9621.757407603287,1.2029935913196823,1.404166908242818
9702,9622.960401194607,0.41803323645945056,0.487948105272695
9703,9623.378434431066,0.7565101043746836,0.8830394961408291
9704,9624.13494453544,1.08713105951756,1.2689717517435122
9705,9625.222075594958,0.793451214192828,0.9261833474727662
9706,9626.015526809151,1.3953957811754663,1.6288422501370463
9707,9627.410922590327,0.8137893341463496,0.9499531709143664
9708,9628.224711924473,0.5894641209488327,0.6881016259580154
9709,9628.814176045422,0.9101904202325386,1.0625052713112872
9710,9629.724366465654,0.5776004319413914,0.6742670533080528
9711,9630.301966897596,0.978242392613538,1.1419693836973428
9712,9631.28020929021,1.2820561878161243,1.4966527729689607
9713,9632.562265478025,0.5488799633949384,0.6407656968074595
9714,9633.11114544142,0.4787741396230558,0.5589280877396234
9715,9633.589919581043,0.6852305770335079,0.7999538392039399
9716,9634.275150158077,1.376589372066519,1.6070774834215131
9717,9635.651739530143,0.9344511889721616,1.0909315052666728
9718,9636.586190719116,1.0506391493727278,1.2265921588646507
9719,9637.636829868488,0.6971403379102412,0.8139041661493611
9720,9638.333970206399,1.0664020661861286,1.2450257081866698
9721,9639.400372272585,0.5412603798686177,0.6319316818720391
9722,9639.941632652453,0.7259917925712216,0.847615571256981
9723,9640.667624445025,0.6043031956160121,0.7055479992115871
9724,9641.27192764064,0.9006560317266121,1.0515606989613178
9725,9642.172583672367,1.4789268645108677,1.726742635962269
9726,9643.651510536878,0.19879019035943202,0.23210523916815692
9727,9643.850300727237,1.417703373626864,1.6552995125196215
9728,9645.268004100864,0.7655972871234553,0.8939233921830392
9729,9646.033601387988,0.6485188543210825,0.7572289713997519
9730,9646.682120242309,1.0947540448996733,1.2782775248844038
9731,9647.776874287209,0.8162532074038609,0.9531038258868337
9732,9648.593127494612,1.1045001060465438,1.2896922259132961
9733,9649.697627600659,0.1561633582059585,0.18235019644354183
9734,9649.853790958865,1.1453329291416594,1.3373953256050106
9735,9650.999123888007,0.8723322988062137,1.018631335189006
9736,9651.871456186813,0.667007840844235,0.7788814633879372
9737,9652.538464027657,0.4764105389585893,0.5563215451929088
9738,9653.014874566616,1.9484707921546942,2.275314009325062
9739,9654.96334535877,0.7068971981934737,0.8254972817579258
9740,9655.670242556964,0.838913872039484,0.9796729041424718
9741,9656.509156429003,0.4969172471537604,0.5803004850018741
9742,9657.006073676157,0.6197431875662005,0.7237418232480223
9743,9657.625816863723,1.1548613666618621,1.3486695745438595
9744,9658.780678230385,0.8564381068808871,1.0001813838168383
9745,9659.637116337266,0.565883039840628,0.660867979123728
9746,9660.202999377107,1.168534184958844,1.3646865802622485
9747,9661.371533562065,0.5863024792397482,0.6847316276253044
9748,9661.957836041305,1.127932110663096,1.3173015709442308
9749,9663.085768151968,0.7953083965257974,0.9288481604653603
9750,9663.881076548494,1.15837790031037,1.3528956235892273
9751,9665.039454448804,0.44620719782687956,0.5211439419327634
9752,9665.485661646631,1.3215508430112095,1.543503896607431
9753,9666.807212489643,0.7570148106551642,0.884171112474169
9754,9667.564227300298,0.5712016706766008,0.6671539296537221
9755,9668.135428970974,0.5646991529338266,0.6595644084912143
9756,9668.700128123908,1.0454880833785865,1.2211320200604514
9757,9669.745616207287,0.41649763841087406,0.4864771813617723
9758,9670.162113845698,1.7873988810206356,2.0877282188738087
9759,9671.949512726718,0.5448276155984786,0.6363888019352919
9760,9672.494340342317,0.9018505536259909,1.0534194338223097
9761,9673.396190895943,1.151108498826943,1.3445858215629818
9762,9674.54729939477,0.5749272906523402,0.6715714612425344
9763,9675.122226685422,0.6120453945823101,0.714934835570296
9764,9675.734272080004,0.7486983626604342,0.8745677346323281
9765,9676.482970442665,1.2795203308851342,1.4946459752632273
9766,9677.76249077355,0.6789540238296468,0.7931207937659269
9767,9678.44144479738,0.8682012227745872,1.014199784346428
9768,9679.309646020154,0.49652245952529483,0.5800258193730836
9769,9679.80616847968,0.9566651305267442,1.1175614385726647
9770,9680.762833610206,1.1703479350562702,1.3672008004697476
9771,9681.933181545262,1.1645613727760065,1.3604633425822694
9772,9683.097742918038,0.7692787550367939,0.8987011934154898
9773,9683.867021673075,0.7225642287012306,0.8441366129163099
9774,9684.589585901776,0.7184183275894611,0.8393016896533189
9775,9685.308004229366,0.6519962891270552,0.7617109643035241
9776,9685.960000518493,0.978901187010706,1.1436362712884278
9777,9686.938901705504,0.6967486690155056,0.8140127221223973
9778,9687.63565037452,0.8168537433921301,0.9543410469316317
9779,9688.452504117911,0.9723961810996116,1.1360763857613714
9780,9689.424900299011,1.5827923059423483,1.8492437356285254
9781,9691.007692604953,0.337406807773732,0.3942155306495566
9782,9691.345099412727,0.7845095499615127,0.9166006972598154
9783,9692.129608962689,0.6458561252966319,0.754609937334204
9784,9692.775465087985,1.3845537047545804,1.6177093116253196
9785,9694.16001879274,0.6502302558619704,0.7597422922275487
9786,9694.810249048602,0.7770160746385955,0.907889723195097
9787,9695.58726512324,0.7533191991969943,0.8802111665494493
9788,9696.340584322437,0.6285085905037704,0.7343847532886478
9789,9696.969092912941,0.9949857868105028,1.1626075661787234
9790,9697.964078699752,0.7718393713639671,0.9018810576384141
9791,9698.735918071116,1.173833056296644,1.3716186467913476
9792,9699.909751127412,1.3588849101724918,1.5878770796038613
9793,9701.268636037585,0.48231984786434623,0.5636086162710148
9794,9701.750955885449,0.5927148190621665,0.6926139210656861
9795,9702.343670704511,1.2964661621845153,1.5149916195273436
9796,9703.640136866696,0.19725138044304913,0.23050322117880057
9797,9703.837388247139,0.6429375279531087,0.7513234187060781
9798,9704.480325775092,1.3958902123977168,1.631222979532501
9799,9705.87621598749,0.9266495300162205,1.082894344880281
9800,9706.802865517506,0.6117815273446467,0.7149449155794129
9801,9707.41464704485,0.7714311486470251,0.9015236431705382
9802,9708.186078193497,1.316360411761707,1.5383652569337134
9803,9709.50243860526,0.6832409625949367,0.7984846379228822
9804,9710.185679567854,0.9707014681971486,1.1344425763034984
9805,9711.156381036051,0.7309313008954632,0.854238819352111
9806,9711.887312336947,0.7816445594726247,0.9135167266564446
9807,9712.66895689642,1.1349526770063676,1.3264464070098605
9808,9713.803909573426,0.6724631063334527,0.785936261932599
9809,9714.47637267976,0.21273287850635825,0.2486323158275806
9810,9714.689105558266,0.9653209612533828,1.128225704969899
9811,9715.654426519519,1.2104674282254564,1.4147615154434345
9812,9716.864893947744,1.3524299720647832,1.5807103038940982
9813,9718.21732391981,0.786624309628678,0.919418189363539
9814,9719.003948229438,0.5806571798402729,0.6786882255800829
9815,9719.584605409278,0.8798486670275452,1.0283999045595473
9816,9720.464454076306,0.640018970663732,0.7480872400464617
9817,9721.10447304697,0.8922802630131628,1.042952621871595
9818,9721.996753309983,1.061701815086053,1.2409985697464332
9819,9723.058455125069,0.6788581401197007,0.7935132966189613
9820,9723.737313265188,0.6365599513228517,0.7440782652022699
9821,9724.373873216511,1.1752557777908805,1.3737748862596977
9822,9725.549128994302,0.6387735594344122,0.7466847045286118
9823,9726.187902553736,1.215825924415185,1.4212340599737185
9824,9727.403728478152,0.4766068736989837,0.5571368700911845
9825,9727.88033535185,1.6156904007566482,1.8886985213357275
9826,9729.496025752607,0.6235604259800311,0.7289418092213805
9827,9730.119586178587,0.45731813016027445,0.5346093176363126
9828,9730.576904308748,0.795923420746476,0.930448131167253
9829,9731.372827729494,0.6340659151737782,0.7412421849386709
9830,9732.006893644668,1.2969661548759177,1.5162060143503049
9831,9733.303859799544,0.30660429089766694,0.3584393485955009
9832,9733.610464090441,1.2450515307009482,1.4555483621144139
9833,9734.855515621142,1.235276694273125,1.444146071799273
9834,9736.090792315415,0.639576833564206,0.7477339535569661
9835,9736.73036914898,1.1252138005238521,1.315507447091122
9836,9737.855582949504,0.38483837066814885,0.4499284547419904
9837,9738.240421320172,0.7806508785979531,0.9126920801988075
9838,9739.02107219877,1.1145035381741764,1.3030276150193796
9839,9740.135575736944,0.9405120115061436,1.0996216443733633
9840,9741.07608774845,0.5818843578999804,0.6803326663665189
9841,9741.65797210635,0.9655926372943213,1.1289692637178117
9842,9742.623564743644,0.6085315084492322,0.7115036005757495
9843,9743.232096252093,0.5016661082081555,0.586560058093096
9844,9743.733762360302,1.9053042570740217,2.227743094295535
9845,9745.639066617376,0.8012021334488963,0.9368162678046358
9846,9746.440268750825,0.3854595289521967,0.4507087324302855
9847,9746.825728279777,1.1769687803916895,1.3762092329146651
9848,9748.002697060168,0.6365851630853285,0.744360251576311
9849,9748.639282223254,0.8429721237425838,0.9856976814600591
9850,9749.482254346996,0.5924877929701324,0.692811423582684
9851,9750.074742139966,0.698263472510007,0.8165044368635683
9852,9750.773005612476,1.2103018197794881,1.4152629730420094
9853,9751.983307432256,1.0513930433608039,1.22946421848537
9854,9753.034700475617,0.682512585681252,0.7981193336918949
9855,9753.717213061298,0.9632862288726756,1.1264622828594664
9856,9754.68049929017,0.8146129580545676,0.952617278740099
9857,9755.495112248225,0.8849924542719236,1.0349315912619288
9858,9756.380104702497,0.8807947664317908,1.030035429961162
9859,9757.260899468929,1.0465546284649463,1.2238964534244248
9860,9758.307454097394,0.5072110691962735,0.593168166241364
9861,9758.81466516659,0.7775814925353188,0.9093647173656532
9862,9759.592246659126,0.6786447222330025,0.7936689127829281
9863,9760.270891381359,1.092297869559843,1.277444644703341
9864,9761.363189250918,0.5243800443458895,0.613272898873184
9865,9761.887569295264,1.4065305063904816,1.6449774473646626
9866,9763.294099801655,1.122250163993158,1.3125292314813504
9867,9764.416349965648,0.8817273268359713,1.031241544186866
9868,9765.298077292484,0.49996775905128743,0.5847543151504705
9869,9765.798045051535,0.4407096919057949,0.5154506161656709
9870,9766.238754743441,1.0511039407665521,1.229370515053597
9871,9767.289858684208,0.8787374804924184,1.0277858616827606
9872,9768.1685961647,1.1732514170689683,1.3722710219110794
9873,9769.341847581769,0.6216127521965973,0.7270693177340604
9874,9769.963460333965,0.3351255582419981,0.391982982440856
9875,9770.298585892207,1.573693909589565,1.840695512616218
9876,9771.872279801797,0.7818888740875991,0.9145685023078673
9877,9772.654168675885,0.6301691789194592,0.737111341093664
9878,9773.284337854804,1.4192796011102473,1.6601514382901643
9879,9774.703617455914,0.38466608422277204,0.4499582533466706
9880,9775.088283540137,1.1632503792789066,1.3607046029141572
9881,9776.251533919416,0.4788479661456222,0.5601383781099022
9882,9776.730381885562,0.9622974900266854,1.1256669871787992
9883,9777.692679375588,0.4561272310638742,0.5335712156283013
9884,9778.148806606652,0.7319566684145684,0.8562380438948359
9885,9778.880763275067,1.432566150022467,1.6758234237033285
9886,9780.31332942509,1.0704029777043615,1.2521879934092484
9887,9781.383732402794,1.0017932689734153,1.171943844338888
9888,9782.385525671767,0.22529066797869746,0.2635590579657211
9889,9782.610816339746,1.1117182219077222,1.3005613056979441
9890,9783.722534561653,0.9581430017515231,1.120916211920569
9891,9784.680677563405,0.700385289866972,0.8193804929136266
9892,9785.381062853272,0.5189712632363808,0.6071502019606648
9893,9785.900034116508,1.3768860701147787,1.6108458138840984
9894,9787.276920186623,0.6765659318425605,0.7915428021611239
9895,9787.953486118466,0.5242732719943888,0.6133750128202037
9896,9788.47775939046,0.9246112093587726,1.0817594086582116
9897,9789.402370599819,0.9620143322172225,1.125534079876221
9898,9790.364384932036,1.6190151068567502,1.8942348117013827
9899,9791.983400038893,0.2633288934830489,0.30809964321182565
9900,9792.246728932376,1.3032703596618376,1.5248558422568441
9901,9793.549999292038,0.09761950047504797,0.11421909447976142
9902,9793.647618792513,1.113433018554133,1.3027672028143735
9903,9794.761051811067,0.6589795645759295,0.771047943841373
9904,9795.420031375643,0.7817796862327668,0.9147402563143076
9905,9796.201811061876,1.091213549441818,1.2768147026843488
9906,9797.293024611317,0.741166784775487,0.8672427005095114
9907,9798.034191396093,1.0620011180835718,1.242665231567261
9908,9799.096192514176,1.252519978554119,1.465616135341624
9909,9800.34871249273,0.48310286222113064,0.5653048820078286
9910,9800.831815354952,0.6957831340296252,0.8141790709816199
9911,9801.527598488981,0.7196197129269422,0.8420798633356162
9912,9802.247218201908,1.5355061655591271,1.7968264488334653
9913,9803.782724367467,0.5566623792765313,0.6514119039160094
9914,9804.339386746744,0.43162402770212793,0.5050946702110699
9915,9804.771010774446,0.9011811461550678,1.0545856808499054
9916,9805.672191920601,0.7008776412585576,0.820195547522324
9917,9806.37306956186,1.042199111152513,1.219635681806134
9918,9807.415268673012,1.1641581681869866,1.362378212722318
9919,9808.5794268412,1.0834783063819486,1.2679815395475214
9920,9809.662905147581,0.628921728079149,0.7360305374891899
9921,9810.29182687566,1.0312807386180793,1.2069240103956607
9922,9811.323107614278,0.7030831132215098,0.8228409484389867
9923,9812.0261907275,0.24278871808019176,0.28414627244959284
9924,9812.26897944558,1.2199950855338102,1.4278184965342253
9925,9813.488974531114,0.8035348566463654,0.940431106634004
9926,9814.29250938776,0.8529004873144004,0.9982181522360336
9927,9815.145409875075,1.1353155972919922,1.3287670096369204
9928,9816.280725472367,0.656890540763925,0.7688330981588894
9929,9816.93761601313,0.7282000571976823,0.8523024244356229
9930,9817.665816070328,1.249285331234205,1.4622075977213962
9931,9818.915101401562,0.7881078325699491,0.9224451535031741
9932,9819.703209234132,0.9489005083705706,1.1106579477320322
9933,9820.652109742503,0.7472028864121967,0.8745887697516838
9934,9821.399312628915,0.5035171103299945,0.5893646475076094
9935,9821.902829739245,1.17523165395869,1.3756132681311621
9936,9823.078061393204,0.6248343068727991,0.7313829093557788
9937,9823.702895700077,0.5924510096028826,0.6934835135996323
9938,9824.29534670968,0.7387235154183145,0.8647074127951409
9939,9825.034070225098,1.912624985743605,2.2388320890017632
9940,9826.946695210841,0.601137016517896,0.7036823585936167
9941,9827.54783222736,0.6079213374596293,0.7116299057235393
9942,9828.155753564819,0.8175337404518359,0.9570092636092266
9943,9828.97328730527,0.9601860306465824,1.1240114904040217
9944,9829.933473335917,0.3744290354388795,0.43831936126607024
9945,9830.307902371356,1.4525269627447415,1.7003862609855689
9946,9831.760429334101,0.4771727307324909,0.5586087381954024
9947,9832.237602064833,0.9020922549789248,1.0560535184620852
9948,9833.139694319812,0.7586560602248937,0.8881479585412401
9949,9833.898350380037,0.7724145927277277,0.9042643629818848
9950,9834.670764972765,1.4418955285054835,1.6880425048696428
9951,9836.11266050127,0.37324601908403565,0.4369718122331855
9952,9836.485906520355,1.2707483800768387,1.487716033323087
9953,9837.756654900431,0.8744166302549274,1.0237325547297598
9954,9838.631071530686,0.8042880100110779,0.9416401051126808
9955,9839.435359540697,0.6028901482004585,0.705856414617269
9956,9840.038249688898,0.6912202827661531,0.8092789967358318
9957,9840.729469971664,0.4360954528365255,0.5105843524781569
9958,9841.1655654245,1.4960992606993386,1.7516565900334524
9959,9842.6616646852,0.7646139578864677,0.8952405695036849
9960,9843.426278643086,0.8427363440114277,0.986719799265911
9961,9844.269014987098,1.2454699369773152,1.458278328828897
9962,9845.514484924075,0.7195372965470597,0.8424962008528797
9963,9846.234022220622,0.6497683400793903,0.7608122587611007
9964,9846.883790560702,0.8164716838455206,0.9560133965651868
9965,9847.700262244547,0.8633348853436473,1.0108972964957996
9966,9848.56359712989,0.9960892512026476,1.1663561227485382
9967,9849.559686381093,0.7812290061101521,0.9147812398251065
9968,9850.340915387203,0.8272003281053912,0.9686218679061565
9969,9851.168115715309,0.4558412605711055,0.5337798327204129
9970,9851.62395697588,0.9282797507385112,1.087001483079706
9971,9852.552236726619,1.0852936805640638,1.2708786839960364
9972,9853.637530407183,1.4082733392879163,1.649112487858019
9973,9855.04580374647,0.9855832530720363,1.1541574877845122
9974,9856.031386999543,0.1456739049681346,0.17059229931641673
9975,9856.17706090451,0.7331147626518941,0.8585201602765422
9976,9856.910175667163,1.2544054439222236,1.468996811765446
9977,9858.164581111085,0.5678330248829297,0.6649838242376013
9978,9858.732414135968,0.6487453865356656,0.7597454641765868
9979,9859.381159522503,0.9790458029547153,1.14657040375194
9980,9860.360205325458,1.0033101667704614,1.1750025004433002
9981,9861.363515492229,1.015497704702284,1.1892920859625804
9982,9862.37901319693,1.10146976760916,1.2899956373064856
9983,9863.48048296454,0.21785701860426343,0.25514896271982584
9984,9863.698339983144,1.0914891149077448,1.2783299485143436
9985,9864.789829098052,1.332164885916427,1.5602279980970093
9986,9866.121993983968,0.3932741254429857,0.46061006959872897
9987,9866.515268109411,0.9289574891281518,1.0880184169490317
9988,9867.44422559854,0.830227088796164,0.9723953247406436
9989,9868.274452687336,0.44020664330673753,0.515593602597596
9990,9868.714659330642,1.0982189953447232,1.2863007159268582
9991,9869.812878325987,0.5193802306293946,0.6083388350840238
9992,9870.332258556617,1.6683648215166613,1.9541336177970452
9993,9872.000623378133,0.5580426814703969,0.6536430124960388
9994,9872.558666059604,1.2435548440444109,1.4566039562684046
9995,9873.802220903648,0.5217367254153942,0.6111325029437272
9996,9874.323957629063,0.8950364697830082,1.0484019591128542
9997,9875.218994098846,0.38196214990966837,0.4474172969165521
9998,9875.600956248756,0.8780608150282205,1.0285355788635644
9999,9876.479017063784,1.3036369417168316,1.5270618513512262
