n,beta,gamma,Re_zeta_prime,Im_zeta_prime,abs_zeta_prime
1,0.5,14.134725141734695,0.783296511867031,0.12469982974817109,0.7931604333565061
2,0.5,21.022039638771556,1.1092955634626716,-0.24872978851649746,1.1368391068279748
3,0.5,25.01085758014569,1.2957956050088353,0.45003670943786717,1.37172128721613
4,0.5,30.424876125859512,1.1201308452444934,-0.6675094693494923,1.3039409504035773
5,0.5,32.93506158773919,1.1605700674935626,0.7505541503422638,1.3821195368556258
6,0.5,37.586178158825675,1.8534662499829555,-0.5610044204957607,1.9365079652925943
7,0.5,40.9187190121475,1.4595173346719907,-0.30286893544609256,1.4906107614888204
8,0.5,43.327073280915,1.4640875741457995,1.1037257926214104,1.833511126245459
9,0.5,48.00515088116716,1.0339297984719464,-1.178860415987819,1.5680314756251592
10,0.5,49.7738324776723,1.2608936467842435,0.6507810252362314,1.418932250429311
11,0.5,52.970321477714464,2.344970632667445,0.6240181923932675,2.4265790678464443
12,0.5,56.44624769706339,2.2168085378914295,-0.8323915759472413,2.367934929295201
13,0.5,59.34704400260235,1.2601515126148704,-0.5908815787462921,1.391805616760924
14,0.5,60.83177852460981,0.8559365039821579,1.4154783527660133,1.6541481995269909
15,0.5,65.1125440480816,1.6515820757305586,-1.5831012172721204,2.2877790140227554
16,0.5,67.07981052949417,1.7800760754908274,0.11173723420259732,1.783579559212897
17,0.5,69.54640171117398,2.1120179422005902,0.5650982899875102,2.1863110175645235
18,0.5,72.0671576744819,2.784420397832221,1.017577910789383,2.964533986378066
19,0.5,75.70469069908393,0.9757569742268686,-1.4881928193913025,1.7795559953090005
20,0.5,77.1448400688748,1.3681211817005665,0.502667718581877,1.4575425905002102
21,0.5,79.33737502024937,1.9673676408202183,1.7572444965098601,2.6378862095740034
22,0.5,82.91038085408603,2.0103919192946273,-1.6907953829316194,2.6268735592159773
23,0.5,84.73549298051705,2.15519310618321,0.16861318780693096,2.16177883513602
24,0.5,87.42527461312523,1.7198208831227326,-0.5327409464346403,1.8004434970398635
25,0.5,88.80911120763446,1.150191361839592,1.847712467798885,2.176460781293764
26,0.5,92.49189927055849,2.179850147576858,-2.068521085113802,3.0050833841095375
27,0.5,94.65134404051989,1.273628443220134,-0.7526628777373774,1.4794021829452775
28,0.5,95.87063422824531,0.9845839251644566,1.3779474237420037,1.6935597445291009
29,0.5,98.83119421819369,3.513562437071261,0.12448741421238864,3.5157670735552755
30,0.5,101.31785100573138,3.0449104975449957,-0.8248149166109816,3.154647299576245
31,0.5,103.72553804047834,1.9181860435388025,-1.0090828691886666,2.167414573753041
32,0.5,105.44662305232609,1.8211482627540634,0.4405862778805282,1.8736854760574841
33,0.5,107.1686111842764,1.7501537068394584,2.4150054403200576,2.9824971541209173
34,0.5,111.02953554316967,0.23129777527349576,-1.5739414123903086,1.5908457594888537
35,0.5,111.87465917699264,1.193515578837384,0.6544096580195666,1.3611507768931483
36,0.5,114.32022091545271,2.531203644208371,0.2766619735546103,2.5462784089853314
37,0.5,116.22668032085755,2.7706794068015377,1.4323176905795802,3.119005986211207
38,0.5,118.79078286597621,3.851762238253166,-0.5267766038047981,3.887616998927384
39,0.5,121.37012500242065,1.6002242219041123,-1.6450014716161425,2.2949395203333562
40,0.5,122.94682929355258,1.5591385084859497,0.004702042242178827,1.5591455986677571
41,0.5,124.25681855434577,0.8537247685917665,2.152838883267503,2.3159363630755347
42,0.5,127.5166838795965,3.3558903099109436,-2.0613429666591965,3.9384177785437524
43,0.5,129.57870419995606,2.032664682228034,-1.167195023431942,2.34394324442839
44,0.5,131.08768853093267,2.192547094790934,0.757296943765677,2.319646831720941
45,0.5,133.4977372029976,2.2446744358654205,-0.44964145533860145,2.2892664242911436
46,0.5,134.75650975337388,1.480830855127906,2.397004099199325,2.8175323730309136
47,0.5,138.11604205453344,1.6772315364290145,-2.6779000882994275,3.1597870987941756
48,0.5,139.7362089521214,1.6745083428654894,-0.6643933862903807,1.8014984768443536
49,0.5,141.12370740402113,1.6558837669513382,1.1536761192893887,2.018147575840671
50,0.5,143.11184580762063,2.9854907043185244,2.2688166519830233,3.7497578249652035
51,0.5,146.0009824867655,2.401977263078173,-2.186227667978945,3.2479356811028706
52,0.5,147.42276534255961,2.7796446436250726,0.4584418527701476,2.8171959955254944
53,0.5,150.05352042078488,1.0604974033613042,-1.224858056381305,1.6201641894629866
54,0.5,150.92525761224147,0.9834288732296183,1.2394669246822574,1.582216990833738
55,0.5,153.0246938111989,3.2514085501221652,2.7244545216240135,4.241970061210363
56,0.5,156.11290929423788,1.3866849461124573,-2.767797311788619,3.095738538526666
57,0.5,157.59759181759406,1.63553326262457,-0.602936056713069,1.7431296399396334
58,0.5,158.8499881714205,1.5359636225512479,1.4840390681846638,2.135779999367715
59,0.5,161.18896413759603,3.5632706887938443,0.4429998709420403,3.590702840290745
60,0.5,163.030709687182,3.9630632841819633,1.105716199198047,4.114423277641729
61,0.5,165.5370691879004,2.6471280288417987,-2.124624941488847,3.3943066954941408
62,0.5,167.1844399781745,2.38949604476516,-0.5679640355568394,2.4560689106037628
63,0.5,169.09451541556882,1.495312369355444,-0.3515244454283457,1.5360756874845387
64,0.5,169.9119764794117,0.013574582174888383,1.9788909099479073,1.9789374681266914
65,0.5,173.41153651959155,1.6368102053052165,-3.0783308149179223,3.486440628243158
66,0.5,174.75419152336573,2.320826210968511,-0.3993856967548778,2.354940176796607
67,0.5,176.44143429771043,2.6242960878990695,0.4279516222289012,2.6589608022554057
68,0.5,178.37740777609997,2.8137481429794193,0.1961780818631038,2.820578744145183
69,0.5,179.916484020257,2.826904295049598,2.0741486790753343,3.5062060173754506
70,0.5,182.20707848436646,4.996640431184198,-0.37394162169238143,5.010613528798498
71,0.5,184.8744678483875,0.20418884303568097,-1.4803208726149486,1.4943369665238604
72,0.5,185.59878367770747,1.0924443701324744,0.5720934270680974,1.2331770315444004
73,0.5,187.22892258350186,1.8483085975551696,2.15060319402119,2.835725439800282
74,0.5,189.41615865601693,4.8449444848864704,1.4133629123070575,5.046888326832378
75,0.5,192.0266563607138,1.427566757272256,-2.3733999688030156,2.7696523713966306
76,0.5,193.0797266038457,2.2765151982773593,0.7298453605144526,2.3906475478941425
77,0.5,195.26539667952923,2.724906093822419,-0.8355449692937184,2.850131333090213
78,0.5,196.87648184095832,2.1753244632695656,0.15802261220259503,2.181056548204644
79,0.5,198.01530967625192,0.9927440636259786,2.9978032280082934,3.1579051552764477
80,0.5,201.2647519437038,1.1410955424282858,-3.1843398957234066,3.3826202282321702
81,0.5,202.49359451414054,2.1807129078074152,-0.4808439320048666,2.2330964316893644
82,0.5,204.18967180310455,2.075724361787196,-0.04997022140009535,2.076325756990852
83,0.5,205.3946972021633,1.4696308796658093,2.3836516038619617,2.8002874657900754
84,0.5,207.90625888780622,4.401487348223397,-1.0154183743043044,4.517097004874417
85,0.5,209.57650971685626,4.117747968166422,-0.044323708956226844,4.117986512910689
86,0.5,211.6908625953653,2.7650702934750817,-1.8203991860808089,3.3105085598049806
87,0.5,213.34791935971268,1.9530114983155626,-0.7306828845067247,2.085222144104524
88,0.5,214.54704478349143,1.7339203455869399,1.3692398002944022,2.2093658356077173
89,0.5,216.1695385082637,2.5939234662269657,3.5720401957656445,4.4145113103047295
90,0.5,219.0675963490214,2.045806042338985,-3.585491621638519,4.128083396893857
91,0.5,220.714918839314,0.986240892781184,-1.098120186728983,1.4759874806703217
92,0.5,221.43070555469333,0.835973373544059,1.3865970025670955,1.619105533559406
93,0.5,224.00700025460432,2.410755397529806,-1.0948488804371843,2.6477227305202575
94,0.5,224.9833246695823,1.6328783569379592,2.380835834191616,2.8869830269551806
95,0.5,227.4214442796793,4.9756113269872975,-1.309407711083143,5.1450225102606
96,0.5,229.33741330552536,3.1527012698511943,-1.9673670569672155,3.7161886972759035
97,0.5,231.25018870049917,0.9641390332349599,-1.121516181280386,1.4789735022240873
98,0.5,231.98723525318024,0.8514717094478447,1.1945615803370169,1.466963340103394
99,0.5,233.6934041789083,2.2916868512159607,3.6600915725466643,4.3183444679023975
100,0.5,236.5242296658162,2.2455848965354943,-3.304174629263106,3.9950245941939215
101,0.5,237.7698204809252,2.9254755479297643,-0.27442911535961395,2.938318995768161
102,0.5,239.55547757332764,2.845276752795289,-0.5747234765126126,2.90274126894769
103,0.5,241.04915779621658,2.8480676389592494,0.639225892525168,2.9189208652790697
104,0.5,242.8232719342226,3.001399683505725,0.37382823264076437,3.0245904859447643
105,0.5,244.07089849707816,2.326582512252552,3.5005882494791014,4.203225461322597
106,0.5,247.1369900748975,0.21376793227560903,-2.7815163906007125,2.7897186524898534
107,0.5,248.10199006014847,1.848494756517669,-0.23267390335007124,1.8630807846611148
108,0.5,249.5736896447072,2.2044285025293147,0.7043041807737502,2.3142059981382426
109,0.5,251.014947795016,2.4224848784534068,2.4718971517259165,3.461027089614601
110,0.5,253.06998674799948,5.431540612429044,0.7863452733907571,5.488166571219396
111,0.5,255.30625645491403,2.1764796741713592,-2.487312935816811,3.3051156428728343
112,0.5,256.38071369443446,2.8640860785429867,0.88065291642415,2.9964209691747428
113,0.5,258.6104394915314,2.0359404478556398,-1.7138845591467797,2.661287994429835
114,0.5,259.874406989678,1.743013790376308,0.15898849491430245,1.7502498150141594
115,0.5,260.8050845045969,0.18922432761609764,2.6526641578003374,2.659404628904811
116,0.5,263.57389390487015,5.248950398557784,-3.035353030006594,6.063402370228297
117,0.5,265.55785183887633,1.1626253463044411,-2.2447747079552705,2.5279855983263024
118,0.5,266.6149737815011,1.8714499997637903,0.12881237616534688,1.875877855796921
119,0.5,267.92191508282406,2.061238030075159,1.9573599309572156,2.842527065120921
120,0.5,269.9704490239976,4.145598691913174,0.22139414419343798,4.151506218407407
121,0.5,271.494055641645,4.3075764197543425,1.4662616526925027,4.550289863973523
122,0.5,273.4596091884033,5.010410275463398,-1.1999603926478137,5.152098220375142
123,0.5,275.58749264934386,0.9792983235091702,-1.9833239315225506,2.211922020275113
124,0.5,276.4520495031329,1.751075706700713,0.7286273270496818,1.8966190741213602
125,0.5,278.25074352984194,2.390509321672165,0.3118259747859757,2.410761343549531
126,0.5,279.22925092774517,0.5321357814486577,3.4069561939530852,3.448263185636106
127,0.5,282.4651147650521,-0.051786600288820664,-2.61806613821648,2.6185782699864495
128,0.5,283.2111857332339,1.9706771196692234,0.2593920058666895,1.9876751552241456
129,0.5,284.83596398090475,3.151019572700119,0.5613733566703673,3.200634998421188
130,0.5,286.6674453630029,2.9339205574428413,-0.5269357336477736,2.9808641540299403
131,0.5,287.9119205014222,2.641035151172263,1.7504471683821863,3.1684589249388595
132,0.5,289.5798549292188,4.526661229401937,2.68124692225258,5.26115452575379
133,0.5,291.8462913290674,4.006778856085304,-3.1674000056506992,5.107514033007477
134,0.5,293.5584341393563,1.8574699988581471,-1.9737626506130697,2.7103383179251286
135,0.5,294.9653696192655,1.1566157261564054,-0.462105452482933,1.2455124998195584
136,0.5,295.57325487895827,-0.031941907138887456,1.55709432124426,1.557421911584267
137,0.5,297.97927706194344,5.839593465645139,0.5574612203405004,5.866141394152457
138,0.5,299.8403260537213,4.720666989607673,-1.7616014240650073,5.038644302194731
139,0.5,301.64932546219416,2.1997978706660737,-1.9081543545211033,2.91207206512216
140,0.5,302.6967495896069,2.6247593935658076,1.1056172955512549,2.8481136701919074
141,0.5,304.8643713408573,1.7869503045379143,-1.396097413088379,2.267659449238401
142,0.5,305.7289126020368,1.4967455757562642,1.5401591093990739,2.1476353044245893
143,0.5,307.2194961281701,2.5473044669652887,4.38113085376571,5.067846446493735
144,0.5,310.1094631467019,0.4616653223203797,-3.5525455934476544,3.5824174887019415
145,0.5,311.165141530356,2.0018839537177864,-0.7510981646068609,2.1381505599532864
146,0.5,312.4278011806009,2.3145495031443133,0.760961098697828,2.4364320627173237
147,0.5,313.9852857311589,3.020839848442085,1.331459660552443,3.30125100796865
148,0.5,315.47561608947575,3.837721467076407,2.859014028106367,4.785610438780834
149,0.5,317.7348059423702,3.385183725689653,-2.5515346849988325,4.2390798654219966
150,0.5,318.8531042563166,3.808605108311195,1.182271969476631,3.987886643432118
151,0.5,321.1601343091136,1.2231518929168592,-2.3521427363595424,2.6511650279367847
152,0.5,322.14455867248296,1.9300636370367645,0.21938448023962961,1.9424920059504998
153,0.5,323.4669695575121,2.1288090603811813,1.6189060620436584,2.6744503834026747
154,0.5,324.8628660517396,2.5030717170225394,4.259321987804045,4.940363530788919
155,0.5,327.44390126190547,3.314602533825136,-4.3152037461194785,5.441284161644528
156,0.5,329.03307168048093,1.3902939398823122,-1.8162873950620533,2.2873165807851747
157,0.5,329.9532397282339,1.9247193944042031,0.8190580599905898,2.0917458862948033
158,0.5,331.4744675826634,3.1786112382891587,1.859533950500422,3.6825854935414393
159,0.5,333.64537852486984,1.6998871245168479,-1.2582259588277802,2.1148874200690315
160,0.5,334.2113548332444,0.43879832897161075,2.2728140197565603,2.3147845562622567
161,0.5,336.84185042839067,4.15611423977371,-3.5733767747983527,5.48108631100789
162,0.5,338.3399928508066,2.954809152129421,-1.82310835496447,3.4719765551410404
163,0.5,339.85821672536355,2.1084879301329145,-0.9897613737866063,2.3292378428481992
164,0.5,341.04226111104657,1.866741839760982,0.658497764123449,1.979480841450555
165,0.5,342.0548775103636,0.375475540921758,3.305980089785106,3.32723402180941
166,0.5,344.6617029402523,5.061134100758686,-3.5790532930746357,6.198766075642057
167,0.5,346.34787056600993,1.883299075490364,-2.1536621043241366,2.8609571592990917
168,0.5,347.2726775844205,2.521188540415888,1.1705454124148538,2.779670523434361
169,0.5,349.31626087069617,2.5520845023739773,-1.4830139447530057,2.951688612911142
170,0.5,350.4084193491921,2.4321876338324753,1.0865359403672163,2.6638500400505443
171,0.5,351.87864902535927,3.302416347982343,2.279362460804519,4.012660833305734
172,0.5,353.4889004887188,5.600392787652719,3.0807652583945333,6.391831815162483
173,0.5,356.0175749772649,0.39459797807566027,-3.3997739795494284,3.42259706601913
174,0.5,357.1513022520396,1.2783085256096445,-0.8802605444078476,1.5520732304525786
175,0.5,357.95268510163226,1.112568272593419,1.4586547114359145,1.8345249326121724
176,0.5,359.74375495311443,3.7116799877626856,1.7398155847916497,4.099210485037567
177,0.5,361.28936169580464,4.923112288463339,2.380143941891192,5.46828307505565
178,0.5,363.33133057897385,4.303468605729013,-2.625368877687617,5.0410716900700745
179,0.5,364.736024114089,3.6940848491496254,-0.9719330892055502,3.81980585928257
180,0.5,366.2127102883313,3.6859935352879707,-0.4287735865805285,3.7108483033847994
181,0.5,367.9935754817403,1.9536407501868833,-1.325921472942126,2.3610971884274026
182,0.5,368.96843809573437,1.7104355027284972,1.0740931116012038,2.0197191936958077
183,0.5,370.050919212106,0.29425217206393534,3.98798246473307,3.9988233869205567
184,0.5,373.06192837211285,0.23789552605748596,-3.5271264321269937,3.5351400466639316
185,0.5,373.86487391090856,2.663261658077881,-0.004930835624,2.6632662226160746
186,0.5,375.82591276673935,0.9208303059529265,-1.0898124716568716,1.4267514414712255
187,0.5,376.32409223066804,0.4705904454578954,1.4310592390649362,1.5064481116418762
188,0.5,378.4366802499655,4.567050898945839,0.31455931730027226,4.577870845454512
189,0.5,379.87297534653237,4.558891561382411,1.24164427430593,4.72495214498099
190,0.5,381.4844686171865,5.721774515532297,0.577865974022604,5.750881036026388
191,0.5,383.44352944953647,3.1227315617119653,-3.1040998289179154,4.403054411928188
192,0.5,384.95611681486366,1.5444567588160423,-1.4436201892953384,2.1140922238146715
193,0.5,385.86130084597426,1.6972505737802641,0.9873160494674955,1.9635306189956747
194,0.5,387.222890222388,2.3120295242009115,2.707479467962188,3.560326612856397
195,0.5,388.84612835423223,5.294274807248817,4.1015384337483765,6.697160835621657
196,0.5,391.45608356363806,-0.04758486948050124,-2.9220928879117554,2.922480310521858
197,0.5,392.2450833395191,1.9702263117379029,-0.14993898581893653,1.975923434481395
198,0.5,393.427743844434,2.5662183685007376,1.8327484300895196,3.1534811752769647
199,0.5,395.5828700109937,1.975980927529278,-1.6612144713269408,2.5814984303124247
200,0.5,396.3818542225922,1.7236039482145056,1.7299232756549088,2.4420166072230636
201,0.5,397.9187362096142,3.945286896241756,3.6207359169513618,5.354905907105981
202,0.5,399.9851198761949,6.090144871547641,-2.6080979541143408,6.625106753456388
203,0.5,401.8392286005332,1.339508802257011,-2.7375561256349754,3.0477036227831587
204,0.5,402.86191776388614,2.173595036152492,-0.22040618598904435,2.1847412359382496
205,0.5,404.236441800208,2.0810512301500603,0.3783930326678663,2.1151726902739325
206,0.5,405.13438745990993,0.3771723823308082,3.1434188038107913,3.16596601089531
207,0.5,407.5814603868962,5.230685741488957,-2.9147598767351717,5.9879794977305245
208,0.5,408.9472455023511,4.437644458634623,-0.9793644713836955,4.544429899234803
209,0.5,410.51386919336665,3.7240949382922266,-1.350969778284641,3.9615656565620916
210,0.5,411.9722678042788,3.0985071052252167,-0.8090728982813714,3.2023967955056056
211,0.5,413.26273607018504,3.140612577709281,0.5913228556590754,3.1957956885399508
212,0.5,415.01880975515513,1.5213657633306374,-0.5550136639923167,1.6194424821687212
213,0.5,415.4552149962946,-0.5781434243830668,1.826799642211126,1.9161019680434745
214,0.5,418.3877057895348,2.4991493007486465,-5.325589129491845,5.8828264298374595
215,0.5,419.8613648181523,0.9752008057987326,-1.8484784378527497,2.0899495560508248
216,0.5,420.6438276250418,1.7249691698483742,0.7536628291029195,1.8824256417980514
217,0.5,422.07671005882673,2.9226286613588375,1.753651955857871,3.4083798899888325
218,0.5,423.7165796274818,4.236996071428712,0.9952854604485066,4.352324534898855
219,0.5,425.06988249446135,4.7638672592336215,2.7385483805111064,5.494913875212064
220,0.5,427.2088250840746,2.69955501091972,-3.051511136664758,4.074225996943568
221,0.5,428.12791407661666,3.5547357757301126,1.3200974327438857,3.791939301622926
222,0.5,430.3287454309386,1.082130481346041,-2.425211673499942,2.6556841001780698
223,0.5,431.3013069307036,1.56748288028753,-0.1026792458467265,1.5708423242076666
224,0.5,432.1386417345886,0.5933444049904879,2.1817392122504327,2.260982877689403
225,0.5,433.88921848092724,4.954763872574159,4.540986690815309,6.720881278458045
226,0.5,436.16100643264696,3.457836976753222,-4.63590514139401,5.783446467099465
227,0.5,437.5816981676686,1.980697549198702,-2.045372785846181,2.8472289360853846
228,0.5,438.6217386562722,2.426139587244651,0.3242656740491342,2.44771352984008
229,0.5,439.91844221437066,3.0415403352053416,1.74452713604076,3.506328926250873
230,0.5,441.68319920118904,3.939948792715991,-0.34916315502963674,3.9553901701418086
231,0.5,442.90454630260945,3.614060314592086,1.7696446516454167,4.024061896965139
232,0.5,444.31933627755916,5.2724960165139585,3.4959603335343115,6.326211575485039
233,0.5,446.8606226964295,-0.27263428500279663,-2.319876858400539,2.335842051916469
234,0.5,447.4417041944933,1.842117335335711,0.4015973014622265,1.8853850189513237
235,0.5,449.1485456850233,2.320163000189305,-0.6817505895040878,2.4182514785970066
236,0.5,450.1269457803135,1.8057619576982218,1.7392516092564243,2.507144273505451
237,0.5,451.4033084453888,1.9934855595163994,4.855788141005783,5.249063073190568
238,0.5,453.9867378066779,1.6567678164275206,-4.290290059735022,4.599072558050281
239,0.5,454.9746837686168,3.098410775487077,-0.549470365118838,3.146754997739458
240,0.5,456.32842668924604,3.6809034268266623,0.2449998558075497,3.689047975693727
241,0.5,457.903893064103,3.72959872076909,-0.636391156728409,3.783503709833592
242,0.5,459.513415281106,1.6533765670110931,-0.8613332248568565,1.8642824347677849
243,0.5,460.08794442217584,0.3021019813936262,2.1030077196652557,2.124595744167255
244,0.5,462.06536727488253,7.01098995498244,2.3429813118295533,7.392126999480408
245,0.5,464.05728691054827,4.020818229704989,-4.296206815233807,5.884247805419939
246,0.5,465.6715392113711,0.9267031032951094,-2.0744377572155273,2.2720190690701023
247,0.5,466.5702869308262,1.533522038131735,0.08545094096507035,1.5359009423616896
248,0.5,467.43904621026167,0.6020721918199087,2.4075861816540423,2.4817256387953766
249,0.5,469.53600455911203,5.1988009385921705,-0.2774320861281605,5.206198206130867
250,0.5,470.77365547810166,5.100221591545807,2.264983287272959,5.580538466357513
251,0.5,472.7991746619088,3.038908287847039,-3.2193795633210676,4.427117386593083
252,0.5,473.8352323451397,3.767130993468123,0.3342737554130156,3.781932689182351
253,0.5,475.6003393693758,2.8018435427391744,-1.8630726128446522,3.3647238814977087
254,0.5,476.7690152374845,2.6465161790431773,0.068321958878837,2.647397925511452
255,0.5,478.07526376667096,2.383804458728654,0.8406461480067169,2.5276885970414043
256,0.5,478.9421815346348,-0.1277172037513457,4.022544679172488,4.024571701445131
257,0.5,481.8303393762866,0.23645488445405405,-4.510868801106398,4.517061904952959
258,0.5,482.8347827909824,2.0406114782787816,-1.270437043481035,2.4037690169257004
259,0.5,483.8514272124825,2.5384911419804426,1.00558828465194,2.7304111551453936
260,0.5,485.539148129356,3.023319949317244,-0.4518359575678919,3.0568969967093946
261,0.5,486.52871826165125,2.369229342647159,2.652334866849836,3.5564206618407264
262,0.5,488.38056709001745,5.184954380858919,-0.23703289302908495,5.1903695941585735
263,0.5,489.66176157795616,5.230087427553037,1.6546627865031376,5.485592350593204
264,0.5,491.398821593663,5.796260660117831,-2.028930624270577,6.141107157356284
265,0.5,493.3144415817853,0.4005313299856953,-1.9926998377366707,2.0325545477590174
266,0.5,493.9579978053695,1.5591370048571058,0.5956701516034731,1.669050966695173
267,0.5,495.3588288221313,2.449276588763241,1.1786793209399407,2.718131849244098
268,0.5,496.4296962157591,1.3773819871505697,4.160368049036461,4.382447197853079
269,0.5,498.58078242968656,7.366047375010654,-2.3539213765009874,7.733020094222544
270,0.5,500.3090849416905,2.4823828723792567,-3.4633483730357026,4.261103927163821
271,0.5,501.6044469651455,1.5751158098994633,-1.1807988588624712,1.968572010287192
272,0.5,502.27627032711825,1.1919060009998,1.970562659750698,2.3029887344976485
273,0.5,504.49977331342774,2.3970065575557378,-2.0392861551899886,3.147114306744319
274,0.5,505.41523174224443,2.249414814356207,1.0283142745579261,2.4733170549496406
275,0.5,506.46415270952355,1.331743311526282,4.274294412131339,4.476955770316721
276,0.5,508.8007003364678,5.191638963008146,-4.558626128867831,6.908993219349749
277,0.5,510.26422794367284,2.7147073414894054,-2.7702631345170654,3.8786587610153065
278,0.5,511.5622897003746,2.1139818373207673,-1.178538708981797,2.4203042571318525
279,0.5,512.6231445314074,2.0580673262904545,0.6339250064302201,2.1534860188359466
280,0.5,513.6689855554737,1.4321099106014936,3.100856090613204,3.415588864417967
281,0.5,515.4350571672994,6.747466504058784,2.7703236710669232,7.294038488098961
282,0.5,517.5896685724674,1.1094275193217804,-3.0214839802335436,3.218725658305848
283,0.5,518.2342231475501,2.5485293325834237,1.3950127203575122,2.905350624106732
284,0.5,520.1063104117233,3.836488337058512,-2.0443978405228354,4.347206607779347
285,0.5,521.525193449492,2.3240158674988907,-1.2157772462847019,2.6228160562590417
286,0.5,522.4566961777302,2.199379960440557,1.5082067688255714,2.666825803819735
287,0.5,523.9605308920159,3.5839064826167926,1.5902944256593186,3.9208955656107154
288,0.5,525.0773856872796,2.8205569526017586,5.386256028807267,6.0800736451734485
289,0.5,527.9036416012724,-0.9619670157803243,-1.9561351320406288,2.179872747261388
290,0.5,528.4062138522927,1.638631852735195,0.00029073484115066747,1.6386318785270613
291,0.5,529.8062263187069,2.5230199228217995,0.09699290230474611,2.5248835921787003
292,0.5,530.866917883961,2.2909043222356167,2.4928943874955185,3.385670545230957
293,0.5,532.6881830282937,4.4757262653026215,-0.32512433737473045,4.487519519364023
294,0.5,533.7796307537687,4.034466737960632,3.0383019922708807,5.050564409642541
295,0.5,535.6643140758732,5.596636339900613,-2.37002705950188,6.07777645063285
296,0.5,537.0697590831223,4.264004308165429,-1.7226580856659077,4.598835028587509
297,0.5,538.4285261762479,3.9229589094919093,-1.0658204813551568,4.065166651447157
298,0.5,540.2131663762282,0.5462892694663172,-1.0645880319243362,1.196569949334586
299,0.5,540.6313902472951,0.49663883627353234,1.0090532841534716,1.1246504630133023
300,0.5,541.8474371212013,0.11254271939248259,4.47842607715879,4.479839951634894
301,0.5,544.3238901010053,4.707901576853961,-5.194199142365415,7.01028116325541
302,0.5,545.6368332489349,3.409990482305478,-2.4479639588548268,4.197685389981738
303,0.5,547.0109120581222,2.2677224614551457,-1.3869024940733625,2.658206856182396
304,0.5,547.9316133644893,2.4011000454819365,1.4266351756691564,2.7929499374084603
305,0.5,549.4975675626614,4.16707739862173,0.7498151557158561,4.234000096108317
306,0.5,550.9700100394839,3.8903402935969615,0.10467992809880027,3.891748384380838
307,0.5,552.0495722005649,3.4458905807642912,3.2301323402263535,4.723125747847102
308,0.5,553.7649721191589,7.640201127055891,0.4167482352459316,7.651558818531471
309,0.5,555.7920205616825,0.8467871584339364,-3.6897170164082684,3.785638671725202
310,0.5,556.8994764068553,1.2482143964434678,-1.0223661271104851,1.6134657347931574
311,0.5,557.5646591720586,1.0557827374177768,1.5197425422766269,1.8504849589863732
312,0.5,559.3162370286822,3.4359530128700113,0.6086379375480923,3.4894431139758253
313,0.5,560.2408074972957,1.5371853617737257,4.496758493555969,4.752239028691546
314,0.5,562.5592076160458,4.601247566556424,-4.978634786396915,6.779253904749613
315,0.5,564.1608791107861,0.39882012272386297,-1.3511189124392995,1.4087511511408366
316,0.5,564.5060559381499,0.6756311599032434,1.2690124539314123,1.4376613205011906
317,0.5,566.698787682808,2.7185203756821634,-2.339049516370754,3.5862941420125245
318,0.5,567.7317579011769,2.686638993145909,0.2842888601489719,2.7016382503023726
319,0.5,568.9239551796294,2.7238706638429586,1.7141810657633805,3.21836730650278
320,0.5,570.0511147824636,2.2225084274878704,5.1490014091347724,5.608186803372948
321,0.5,572.4199841324528,3.176328642436154,-5.371807001258473,6.2406228938728425
322,0.5,573.6146105267582,3.1727484085410635,-2.1284979405918882,3.8205805772164734
323,0.5,575.0938860144948,1.3584744743483907,-1.3684347809252624,1.9282288886701462
324,0.5,575.8072471409288,1.3653700218346845,1.2500072892732292,1.8511492429734164
325,0.5,577.0390034720982,1.957604628854445,3.8441147053486167,4.3138652912196775
326,0.5,579.0988346720366,4.930957816444991,-2.1767486408044885,5.390044492655338
327,0.5,580.1369593623846,4.821296835959122,1.911067669345143,5.186239757015261
328,0.5,581.9465762659016,4.4633334509508735,-2.9054104560022957,5.325669480189744
329,0.5,583.2360882191673,3.6952547493551924,-1.3738142423168784,3.942368987680479
330,0.5,584.5617059034655,3.3498536220981654,-0.7424148514889329,3.431136706864874
331,0.5,585.9845632049883,2.1387098055516245,-0.6669007199927337,2.2402759211064813
332,0.5,586.7427718912502,1.0972323097298362,2.265000182985428,2.5167726497320118
333,0.5,588.1396632662479,3.1832102723942595,6.129380881113896,6.9066734122905284
334,0.5,590.6603975167653,0.4014506054735774,-4.971527927980645,4.987710148688136
335,0.5,591.7258580650481,1.632338498715715,-1.5812324939411244,2.272625172412895
336,0.5,592.5713583002256,2.1315723703045255,1.0305210477173814,2.367609427172096
337,0.5,593.974714682231,3.772445083143846,1.5987069415683544,4.097219275356766
338,0.5,595.728153697389,2.489100990263786,-1.1932386913317126,2.760333732399613
339,0.5,596.3627683283937,0.9767938512924678,2.940219266908112,3.0982278104459082
340,0.5,598.4930773461648,5.132765912302679,-2.5422317170949724,5.727846717039484
341,0.5,599.5456403643649,5.358135948412519,1.5595237507582256,5.580478041427054
342,0.5,601.6021367359326,1.0738726536384047,-3.389704749754265,3.555741943215088
343,0.5,602.5791678863874,1.9874336333788707,-0.7283309091468061,2.116685701823526
344,0.5,603.6256189035792,1.9623964087500565,0.834809510844157,2.1325821401463014
345,0.5,604.6162184937532,1.0124367730499744,3.41166161976413,3.558716514025169
346,0.5,606.383460422109,7.6325136605295265,3.113966213993987,8.243303364553913
347,0.5,608.4132173111873,2.178641907039632,-4.392444575623669,4.903065358429875
348,0.5,609.3895751547201,3.4533839827587314,-0.7057382871468868,3.524759206289074
349,0.5,610.8391629377394,2.7795481102566506,-1.098865695154263,2.988878303514243
350,0.5,611.7742096208872,2.723137869429256,1.9643644741221862,3.3577086894358543
351,0.5,613.5997786756371,3.337064111837041,-1.4663716864380212,3.64502987769618
352,0.5,614.6462378722326,2.6759284309812004,0.916475415911496,2.828519074657913
353,0.5,615.538563369407,0.6712683895195533,4.616340814789703,4.664890542023621
354,0.5,618.1128313664424,1.2894482482810423,-5.383791430497662,5.536053373306214
355,0.5,619.1844825979537,2.370273505503492,-1.8145804133704666,2.9851128232412836
356,0.5,620.2728936722275,2.782318652384942,-0.02910079358738801,2.782470833557214
357,0.5,621.7092945279486,2.0821016504782386,-0.3528564563798083,2.1117895164369767
358,0.5,622.375002739779,0.3343500329470036,2.627122006313549,2.648312666697154
359,0.5,624.2699000181779,7.440969011044066,1.7438465255365303,7.642579442043369
360,0.5,626.0192834276544,4.564391888005943,-3.4834194293265663,5.741766646939274
361,0.5,627.268396850783,3.561525045534201,-1.4424153726568365,3.8425281726025315
362,0.5,628.3258623594604,4.1052570533925765,1.3710109095206002,4.328141216325318
363,0.5,630.4738874382921,0.10408581549725737,-1.1954269299270324,1.1999497496905855
364,0.5,630.8057809271976,0.6888089116502347,0.8553275452806511,1.0981998572594176
365,0.5,632.2251411671159,2.7760521724364713,2.6523584604385935,3.8394623408427173
366,0.5,633.5468582522518,4.406787291755452,5.078084333124584,6.7235938849028285
367,0.5,635.5238003106055,6.992312413464054,-4.424459290076911,8.274555752246243
368,0.5,637.3971931598373,-0.3130935493407889,-1.745568987051767,1.7734256847118643
369,0.5,637.9255139808225,1.3034952628064806,0.22766898277928868,1.3232282742893202
370,0.5,638.9279382668568,1.5116449426044496,2.345686722555149,2.7905763979638913
371,0.5,640.6947946688257,4.830337264272367,0.26877191240517073,4.83780905240339
372,0.5,641.9454996657053,4.613564101984302,1.449998736676003,4.836059352352929
373,0.5,643.2788837813979,5.829887552002177,2.200251288696295,6.231267495654446
374,0.5,644.990578229748,5.530867395025197,-2.7411237539957947,6.172864292698553
375,0.5,646.3481915955016,4.12733927938159,-2.060554104658941,4.613113129476986
376,0.5,647.7617530042888,2.5254839938290843,-1.716913640674803,3.053827410418295
377,0.5,648.7864008887824,2.6292020020385554,0.4490774292147586,2.6672783328617364
378,0.5,650.1975193452564,1.8272724232411988,0.06976116135353162,1.8286036006666824
379,0.5,650.668683891396,-1.193825474685149,2.1049786840374773,2.419949281340287
380,0.5,653.6495716053947,-0.4627094688022232,-3.832325315997635,3.8601576885090605
381,0.5,654.3019205863194,2.793956295439593,-0.18047200156103138,2.7997789063020635
382,0.5,655.7094630223556,3.5102064728948195,-0.6866356733652446,3.5767328709718362
383,0.5,656.9640845994606,3.421279571011353,0.11013584627190229,3.4230518266093575
384,0.5,658.1756144186054,3.6907033466116266,1.3747069060819188,3.938414689988801
385,0.5,659.663845972964,4.098444450206286,0.14754660092629196,4.101099475856641
386,0.5,660.7167325952793,3.6300490924250806,3.2301274057625986,4.859113033350301
387,0.5,662.2965864311004,7.803226700460259,1.5035737001262357,7.946765430694881
388,0.5,664.244604652273,1.6877705703861783,-4.42298782899898,4.734067049983005
389,0.5,665.342763095599,2.1501401646102507,-1.548858001443431,2.6499177036477066
390,0.5,666.5151477041729,1.6176432676069417,-0.35538271686235734,1.6562205821322635
391,0.5,667.1484948945555,0.26364653219591083,2.139064237217383,2.155250636209467
392,0.5,668.9758488202351,5.938671175797003,2.0081484728361727,6.269009142057173
393,0.5,670.3235852058626,7.219730499208231,2.4042617528476424,7.609532380994482
394,0.5,672.4581835841698,0.13640470549209266,-2.8401402422322835,2.8434139408864896
395,0.5,673.0435782861476,2.212738145202276,0.5670474835483119,2.284240124818685
396,0.5,674.3558978101232,4.12175592605726,1.3886929621376611,4.349406862674359
397,0.5,676.1396743636268,2.6119867475308673,-2.2223584282414457,3.429482723801458
398,0.5,677.230180668764,1.7526312561858943,-0.20209432470240826,1.7642444377797164
399,0.5,677.8004447462214,-0.2854333702463613,2.339267444149695,2.3566171483948857
400,0.5,679.7421978825282,9.08943017762894,2.6903228237558303,9.479218208798297
401,0.5,681.8949915331519,-0.15311683546294902,-3.5411481582937028,3.544456946316187
402,0.5,682.6027350197505,2.5340425096207144,-0.33437689927905095,2.556008480294289
403,0.5,684.0135498138695,2.502229797538477,-0.7666532114807918,2.6170424349565407
404,0.5,684.9726298620984,2.2471245530100803,1.5204393303614556,2.7131724077269297
405,0.5,686.163223587728,2.8379722019915232,3.911232598240505,4.832372777095719
406,0.5,687.9615431847036,6.725518672768876,-0.923489030939567,6.788625295892278
407,0.5,689.3689413622724,4.921686806007263,-1.5227470752127292,5.151869531684095
408,0.5,690.4747350323504,5.360756709924965,1.3325769969855488,5.5239002485472675
409,0.5,692.4516844155208,0.915032602249504,-2.863668652960916,3.0063071727836608
410,0.5,693.1769700606018,2.3403824712185717,0.4128510479864026,2.376517641300106
411,0.5,694.5339086998731,3.1020456783556365,0.3879534127536279,3.126211003926649
412,0.5,695.7263359209268,2.804351595308601,1.3897510828442625,3.129823627998341
413,0.5,696.6260699003457,0.44757234125016837,5.13406896006745,5.153541024128964
414,0.5,699.1320954760135,1.875775187788792,-6.187990910429411,6.466047019832217
415,0.5,700.2967391321434,1.9269238826100186,-2.3273256466830823,3.021502989421274
416,0.5,701.3017429546461,2.2753681013805456,-0.2435097013576586,2.288361197764768
417,0.5,702.2273431457605,2.1105799115532684,2.4148977089863917,3.207222865333796
418,0.5,704.0338392955254,4.173567778350422,-1.1419897910629286,4.326986096970595
419,0.5,705.1258139546193,3.517809865370416,1.0789273461541695,3.679547590013846
420,0.5,706.184654799518,3.285589232901504,4.495558866238629,5.568226479515273
421,0.5,708.26907088511,3.8286071583965815,-4.2849813589570465,5.746242078083286
422,0.5,709.2295885702842,4.8846219918510645,0.14894174531243837,4.886892227865453
423,0.5,711.1302741796854,0.6138156754323748,-2.4039774326646612,2.4811040244551372
424,0.5,711.9002899143753,1.5870570137348141,-0.0001809044747824205,1.5870570240452277
425,0.5,712.7493834701013,0.9988874569523598,2.1344789607622836,2.3566451972228637
426,0.5,714.0827718206694,2.6791284243389337,5.531635123000496,6.146276616628438
427,0.5,716.1123964540521,6.748126221341291,-4.075486650055673,7.883324104331618
428,0.5,717.4825697031002,3.9360148435318933,-2.9730867572808735,4.9326927448222735
429,0.5,718.7427865454858,2.8769571486352388,-1.5391659855958721,3.262807742772889
430,0.5,719.6971009883657,3.2279086577884755,1.3211033864707733,3.487794211356275
431,0.5,721.3511622185364,3.223971297761141,-1.3319945991056332,3.4882947898413392
432,0.5,722.2775049756742,2.9479662827199564,1.8178314948034948,3.463382241040285
433,0.5,723.8458210451284,3.517720543283578,-0.09555332456154902,3.519018081578166
434,0.5,724.5626138903791,0.7240864083901796,4.552285519024736,4.609512400844335
435,0.5,727.0564032300493,1.2505305838645524,-6.062109391463725,6.189749349953786
436,0.5,728.4054815889341,0.16619947886030242,-1.1829791727730563,1.1945969989867968
437,0.5,728.7587497956142,0.7587043332009907,0.9007608459869902,1.177710646500726
438,0.5,730.4164821227564,3.2785335579357,0.23467576146757455,3.286921812810719
439,0.5,731.4173549185986,2.622957845481476,2.8839903717338213,3.8983725224029335
440,0.5,732.8180527144998,5.746765819651751,4.297068065000397,7.1756610386196416
441,0.5,734.789643252378,3.361403501205555,-4.315992538939033,5.470541572284628
442,0.5,735.7654592085784,4.088083920538973,-0.3734868875489992,4.105109328208
443,0.5,737.0529289122653,4.789507493895046,-0.07763683636747196,4.790136690370949
444,0.5,738.5804211713738,3.5670807860999787,-2.0163619626519136,4.097533514078087
445,0.5,739.9095236740419,1.746616424749105,-1.0500952182660057,2.037981575635186
446,0.5,740.573807447295,1.102682052025451,1.7803498757800937,2.094171289090091
447,0.5,741.7573355729417,1.3239249351193108,5.508650548677449,5.665510400773704
448,0.5,743.8950131424737,7.015847880174222,-5.0575252360299325,8.648738809261427
449,0.5,745.3449895506119,2.692045412596531,-3.7235956113757736,4.594809330161476
450,0.5,746.4993058994323,2.4471389289003307,-1.5347939762879037,2.888612380882747
451,0.5,747.6745636242696,1.6867217790004294,-0.3886087411904502,1.7309093313874069
452,0.5,748.2427544650845,0.030748267409321985,2.2824327733231757,2.2826398797638663
453,0.5,750.6559503621243,0.8990632480620891,-1.6441092926571248,1.8738756869700468
454,0.5,750.9663810666508,0.44834569416058484,1.8161656248314186,1.8706874239946218
455,0.5,752.8876215672024,7.279784446316639,-0.9219529113376201,7.337932866656493
456,0.5,754.3223704717127,5.604408849339453,-2.4923457753898335,6.133611172438136
457,0.5,755.8393089760378,2.112650114260447,-2.712741977663171,3.4383512826150517
458,0.5,756.768248439951,2.7487652933470135,0.020329101204913692,2.748840466499446
459,0.5,758.1017292464126,2.4686596439904167,-0.1138168062899504,2.4712819959002927
460,0.5,758.9002382248924,1.1492292714446801,2.803064529981365,3.0295046917912045
461,0.5,760.282366983512,4.252004953828132,6.7657590647589485,7.99093497969711
462,0.5,762.700033249691,-0.350365156659045,-4.532031995136605,4.545554943892175
463,0.5,763.5930661728372,1.6918232123905828,-1.284656170615167,2.124289824549187
464,0.5,764.3075227241802,1.8736907301607015,1.8433152993972628,2.6284079297708267
465,0.5,766.0875400998362,3.916542792256893,-1.4529123405351503,4.177351040175909
466,0.5,767.2184721555395,3.3239307278723205,0.23230065938714817,3.3320382770978965
467,0.5,768.2814618065092,3.2360577316392383,2.4971464366764606,4.087518803468436
468,0.5,769.6934072526244,5.6317156643576425,2.414743286711817,6.127577536424246
469,0.5,771.0708393136783,7.762953019636226,1.85547695903576,7.981618528255519
470,0.5,772.961617565757,2.0193333192927674,-4.794663378114702,5.202547833882956
471,0.5,774.1177446279405,1.7403466505139338,-1.8386764627967171,2.5317064598404206
472,0.5,775.0478470965805,2.0181131218133253,0.1816395658447378,2.026270836861497
473,0.5,775.9997119631714,1.6857456914782691,2.305401456180121,2.85597871324262
474,0.5,777.2997485295925,3.505102446850101,4.899481884859606,6.0241734622255025
475,0.5,779.157076949189,6.6754670154296445,-2.6970065489885733,7.199701674331821
476,0.5,780.3489250041816,6.154157090394739,-0.7132452258028548,6.195350534504598
477,0.5,782.1376643908121,0.6122558823341837,-2.1018226816083234,2.189181548062201
478,0.5,782.5979439460735,1.536633045815678,1.4142623732236315,2.0883915288587307
479,0.5,784.2888226124655,4.5323808988067045,-0.892334919232113,4.619387212601781
480,0.5,785.739089700715,2.1186709344617123,-1.309539460476696,2.4907147823623763
481,0.5,786.4611474505062,1.5417046762501965,1.7355958415439894,2.3214534744328845
482,0.5,787.46846381591,0.09659486252569693,5.5078590741707485,5.508706032126911
483,0.5,790.0590923641196,0.02989082662564717,-5.042625288277924,5.042713878408767
484,0.5,790.8316204679211,3.322602852267944,-0.9942375695359734,3.468169266136801
485,0.5,792.4277076086046,0.8663385060381971,-1.3753342840334317,1.6254497223483253
486,0.5,792.8886525626226,0.8638038834330638,1.400115803235485,1.6451387210517505
487,0.5,794.4837918698931,4.093737535006403,1.2677293123776434,4.285536677591477
488,0.5,795.6065961561624,4.14893108719917,3.6714861560312553,5.540166040856253
489,0.5,797.2634700380356,7.048122346289104,-1.0327893635907188,7.1233898164993015
490,0.5,798.7075701662963,4.279728319159945,-2.3473163772459493,4.8811851696802755
491,0.5,799.6543362108977,4.806120414484142,1.7328633027667808,5.108973347415018
492,0.5,801.604246462982,1.122686621354326,-3.2530480880802157,3.441329265433684
493,0.5,802.5419848784181,1.6534326357538478,-0.6424136709319505,1.7738474583729518
494,0.5,803.2430962042702,1.0630373485169085,1.9454073588974512,2.216902838735657
495,0.5,804.7622391126617,4.153976005590177,2.4174825561068447,4.80621873868635
496,0.5,805.8616356670948,3.983655342780748,6.214675984548202,7.381849868629526
497,0.5,808.1518149359938,0.8752481090530707,-5.667331602947674,5.734518876956499
498,0.5,809.1977833633007,1.8421381112182043,-1.9599835367866458,2.6897970713935395
499,0.5,810.0818048864071,2.4254071445507934,0.43535573124565224,2.4641701299963987
500,0.5,811.1843588465063,3.0608092717504762,2.279035967714887,3.816092024594246
501,0.5,812.7711083891094,4.82678518022975,-0.36486135734317054,4.840555648494069
502,0.5,814.045913607511,3.5896225952283882,-0.12127044768386457,3.5916704884573742
503,0.5,814.8705396258725,2.0923717338497143,4.132093805467387,4.631653990724611
504,0.5,816.7277377143947,8.216110294912387,-2.3197191372985695,8.537304331820115
505,0.5,818.3806688663617,1.6013397139498626,-3.6482246896780293,3.98419781961807
506,0.5,819.2046421708238,3.1968930204039983,-0.07016358610836662,3.1976628829073563
507,0.5,820.7218984438692,2.2272694534303166,-1.4462798544720803,2.6556458038743727
508,0.5,821.7134541333794,1.4668332995520943,0.22137873725933188,1.483444799776999
509,0.5,822.1977574934043,-1.1046417576397012,1.8412025233289495,2.147151635221467
510,0.5,824.5262938716297,8.451344755518997,-3.811040689030106,9.270882337193237
511,0.5,826.0392873765744,2.485124810966054,-3.642823977855607,4.409763243045914
512,0.5,826.9058109540807,3.7044795655683918,0.2056772972076981,3.7101849013627937
513,0.5,828.3401743004899,3.791508352715579,-1.1864811930997745,3.9728167853918794
514,0.5,829.4370109683093,3.8602131378052924,0.6262165828540829,3.9106767544666776
515,0.5,830.8958840533174,3.2519351257872295,-0.8649802532201368,3.3650071174946388
516,0.5,831.7997776590706,2.657376185793094,2.1217389848374655,3.400503567502815
517,0.5,833.0036409091542,3.928245853042254,4.694945560757643,6.1215708196852185
518,0.5,834.6519151478255,9.683249357408476,-0.12430610182466406,9.684047197566859
519,0.5,836.6935761875918,-0.7900712863586249,-2.6219521319536994,2.7384020193873875
520,0.5,837.3473350595315,1.5808997023620512,-0.5255861819362262,1.665978602374809
521,0.5,838.2490219927322,1.8753570102705261,1.3238746392018015,2.2955626709572767
522,0.5,839.4653948102824,3.0317919777657516,2.997587095831174,4.263483434181296
523,0.5,841.0363898290134,5.244655919338989,0.39757415142275815,5.259703500971992
524,0.5,842.0413542065264,4.704518656132223,4.439467177060855,6.4684901331065525
525,0.5,844.1661966073508,1.0090134953275942,-3.7360537564516982,3.869910322585015
526,0.5,844.8059939757637,3.079637646751315,0.8417208521082039,3.1925948737918093
527,0.5,846.194769927694,5.287278354636772,0.023629263420673573,5.287331154892829
528,0.5,847.971717639512,0.716315091578853,-1.9039099138466582,2.0342026129339255
529,0.5,848.4892811809435,1.415654812644014,1.1015401903618807,1.7937305649245783
530,0.5,849.8622743486978,2.8136611461337444,1.3061905335377246,3.1020674968746604
531,0.5,850.645448466004,-0.4104253031240393,4.895199487940235,4.912374879442203
532,0.5,853.1631125833892,1.1525476256718532,-6.108922398586564,6.216695175203177
533,0.5,854.095511719869,3.2040052499906797,-1.8881619761382,3.718979065563821
534,0.5,855.286710244405,3.1185126952159457,-1.0231703894314426,3.282072375197157
535,0.5,856.4841174907916,2.5907811524523905,-0.3061445118065288,2.6088065167834493
536,0.5,857.3107406026038,1.8036597603625062,2.7624001338281365,3.299097305404107
537,0.5,858.9040264664757,6.030022742804451,1.3293211225930406,6.174809221806851
538,0.5,860.4106708960147,4.079827992037654,-1.4742945937709793,4.338034231519655
539,0.5,861.1710982127154,2.998151972683337,3.9717851280446603,4.976343271385297
540,0.5,863.1897197719089,3.9441226921867845,-4.986869663234232,6.358063608450975
541,0.5,864.3408239300695,3.2873949925865706,-2.2188597630250544,3.966144788740681
542,0.5,865.594664326516,2.154774461312606,-1.2904510182652988,2.511636281324782
543,0.5,866.4237399040427,2.1204171952439506,1.3293249575525965,2.5026533768499455
544,0.5,867.693122611785,3.0929365477127515,2.0012877935882867,3.683939375307735
545,0.5,868.6704942291316,1.5900195895252345,5.896171948339157,6.106799975392642
546,0.5,870.8469023257541,4.981444391014896,-6.4910235182632725,8.182186415342827
547,0.5,872.1887508216132,1.623390519992244,-3.066247779328676,3.4694772264188054
548,0.5,873.098978971282,2.2717815879966867,-0.43139160507759716,2.3123776293010994
549,0.5,873.9083892353375,1.9185082945256553,2.722102607824749,3.33024273645181
550,0.5,875.9852851087803,1.4078576071624083,-2.331832430082172,2.723876928943007
551,0.5,876.6008258330274,1.8428402813426148,1.2452792223895093,2.2241359320540526
552,0.5,877.6546983410335,2.003390858728178,4.2847133890501325,4.729941200389398
553,0.5,879.380951969791,8.499918062918841,0.09236752710664146,8.500419921180235
554,0.5,880.8346488479394,6.6812853602213735,-3.1433574824779833,7.383784282287693
555,0.5,882.3866966271964,1.6174482801465113,-3.470935110767965,3.8292988238201953
556,0.5,883.4303318387016,1.6631861429665784,-1.0747377332082206,1.9802144685204146
557,0.5,884.1987431145948,1.596047522704132,1.2579307516473979,2.0321804719734375
558,0.5,885.2723044796171,1.6724288507825176,3.771308824946059,4.125504637501424
559,0.5,886.8528019629163,7.443373523464533,3.008560689244274,8.028402508013583
560,0.5,888.4755666738172,6.203138001725225,-3.3183693298277035,7.034948192956987
561,0.5,889.7352942940907,4.315906525380848,-2.186480413819935,4.838155199644094
562,0.5,890.813132112528,4.672926736888416,0.01427258844780751,4.67294853332536
563,0.5,892.3864332601559,2.2830210683401884,-2.14104259045495,3.129895936389454
564,0.5,893.1191175672942,2.5860006998072382,1.6667746744694352,3.076611355835543
565,0.5,894.8862923208687,1.7376231010983534,-1.3669336784485961,2.210846381535286
566,0.5,895.397919674783,0.7832414645764955,2.053596342900251,2.197891064499153
567,0.5,896.6322515562027,2.0962743862895548,7.182538842136399,7.482194231735216
568,0.5,899.2215226683834,-1.5005906529077324,-3.3152666742235617,3.6390610641773256
569,0.5,899.8588846079375,2.0044371081430787,-0.9343062977013411,2.2114918897489484
570,0.5,900.8497398605214,2.8245695830410558,0.7081908501856088,2.91199718573479
571,0.5,902.2432075867523,3.081715804548208,-0.2250245959580097,3.0899204469999346
572,0.5,903.0996744426304,2.201882174535249,3.0241605060535774,3.7408330458482513
573,0.5,904.7029027222814,5.887574579334162,0.5904843628402829,5.917111306201762
574,0.5,905.8299407582222,6.131902350088219,2.8917540287863357,6.779562507567832
575,0.5,907.6567294689676,2.481842225539964,-3.5383565088294597,4.321979594589609
576,0.5,908.3335436450609,3.6131925967273113,1.971305945877264,4.115969858161756
577,0.5,910.1863340571798,2.472208667381998,-3.5885450864553423,4.357691078151531
578,0.5,911.2349514859555,2.371657843178628,-1.1023592133891431,2.615331099584646
579,0.5,912.3310456000356,1.5646856271144862,-0.03352506268068353,1.5650447410621835
580,0.5,912.8239992467434,-0.6693227085057215,2.0042010437623885,2.1130108168061237
581,0.5,914.7300969583756,9.187843792643624,2.729737560517839,9.584776507948522
582,0.5,916.3550008086428,6.58709193534723,-4.6723494345089325,8.075929011752917
583,0.5,917.8253775704268,1.5896835720158442,-3.450270819247633,3.7988764898702336
584,0.5,918.836535243529,1.6423821835255008,-0.935142982545477,1.8899501672176549
585,0.5,919.4483444396823,1.0622397252150162,2.0812951386115537,2.336694821287743
586,0.5,921.1563955071548,5.269759973721118,-0.09697214852009954,5.270652120774222
587,0.5,922.5006293066368,3.4918204923127267,-0.8162973959785811,3.585965949255027
588,0.5,923.2857198024222,2.3581622542919933,3.3206111628563257,4.072761681273965
589,0.5,924.7734839334767,7.866872273562526,3.1627716363998446,8.478844484513335
590,0.5,926.551552784603,4.137789546393801,-5.375430607762676,6.78355043831161
591,0.5,927.8508589857536,1.587955925306727,-2.572311183918933,3.0229768189040365
592,0.5,928.6636593289348,2.5058710860635456,0.23552577790168022,2.51691523338103
593,0.5,929.8740928506478,3.028001109038324,0.6496028596686744,3.0968975752560883
594,0.5,931.009211336628,2.8229197286275296,1.602769568898296,3.2461894715590702
595,0.5,931.8527407455201,0.11479175479961988,5.425119559813987,5.426333880738106
596,0.5,934.3853068372584,-0.2900600603170567,-4.124181774134047,4.134369376905091
597,0.5,934.9954248638464,3.005927256361302,-0.0764510220521695,3.0068993048169417
598,0.5,936.228649379283,4.342555420865259,0.13489699551508377,4.3446501335188366
599,0.5,937.5329257119704,4.733895737424064,-0.43243321701190335,4.753605719869602
600,0.5,939.0243008992184,2.0301377464470147,-1.650245032412007,2.6162507403820205
601,0.5,939.6609406145282,1.7046882430865178,2.00074647559973,2.628487866767153
602,0.5,941.1569996420424,4.315298530031231,1.1491668723642527,4.46568985755047
603,0.5,942.0523416433755,2.5124443450618563,5.7547344174612105,6.279279003400464
604,0.5,944.1880358095727,3.7345058090214422,-6.519100147394911,7.513002087673026
605,0.5,945.333562503046,3.064213044241316,-3.032982355244058,4.311424770040691
606,0.5,946.7658422047278,0.3433159948131057,-0.9671909186334589,1.0263158117175952
607,0.5,947.0791830962548,0.43388172977165973,0.9105699445103531,1.0086580090770285
608,0.5,948.346646255045,2.1334007462462563,4.078119436089289,4.602440317819809
609,0.5,950.1516126846439,5.308119214518105,-1.6307669317537343,5.552974912714606
610,0.5,951.0332487338235,4.6481719182645795,3.395937181033403,5.756552051294986
611,0.5,952.7279886198506,6.33764897961029,-3.3132709631105333,7.151472510172066
612,0.5,954.1297192695514,2.289034981805879,-2.658835831046846,3.5084311485890116
613,0.5,954.8293089382166,3.073909426168037,1.7783082766582834,3.551239148116621
614,0.5,956.6754793432898,1.8087701715951945,-2.6512137456427562,3.2094522677144774
615,0.5,957.5100525964237,2.1685084267928274,0.15686603164819993,2.174174728248987
616,0.5,958.4145933901361,1.6772604967605105,2.297879136308694,2.8448991720403916
617,0.5,959.4591688070681,0.7282306420001554,6.3063652871778535,6.348272442426347
618,0.5,961.6695724741927,5.194576358597511,-7.441052775182403,9.074849307197884
619,0.5,963.1820866713115,-0.09595944329773858,-1.7711038849179712,1.773701549283177
620,0.5,963.5670401916123,1.3865451683447068,0.8463192709872365,1.6244272259182369
621,0.5,965.0555796237511,3.5884892040764407,-0.20368440083097689,3.5942651686979135
622,0.5,966.1107548184102,3.507264934351035,1.6024217806693495,3.8559905190355304
623,0.5,967.3711537662629,4.657003868989089,1.9494384613647477,5.04856369182637
624,0.5,968.6363019060873,5.925249583971667,2.173167567612726,6.311199561832934
625,0.5,970.1256105569412,5.586388802149046,-1.4802782269849313,5.779183634222217
626,0.5,971.0714914863858,5.73063492483974,3.1226974527052915,6.526209927892689
627,0.5,973.1853612943012,-0.36857815244172554,-3.1267907432432036,3.148439328697433
628,0.5,973.8730789926536,1.859036594690296,-0.5358569408085956,1.9347247146326627
629,0.5,974.7746350658374,2.1871014845277794,1.4558209389894656,2.627323259521711
630,0.5,976.1785024205897,3.099390352356351,0.5883448093282997,3.154737734098221
631,0.5,976.9172021170506,0.4540900913422669,4.292159261198986,4.316112711057422
632,0.5,978.766671535113,10.451718016284504,-0.6339997204590817,10.470929525952712
633,0.5,980.5780006397745,0.3040273129433946,-3.8505060023896855,3.862490010531364
634,0.5,981.288615301759,2.677593253929407,-0.39081545390757616,2.705964218629148
635,0.5,982.396485168779,3.4466064977036983,0.6930164591857965,3.515589305182813
636,0.5,983.5750760064313,4.451875317559611,1.6882929141287735,4.76125265103564
637,0.5,985.1869286557734,3.1233736080286367,-1.9984291950654012,3.7079889351263673
638,0.5,986.1305151101845,2.321931984572818,0.44000959471324963,2.3632555055308733
639,0.5,986.756008407656,-0.6357555945462187,3.5592098213428853,3.61554418149474
640,0.5,988.9926223706574,6.265055338206143,-6.037326097894352,8.700587612517992
641,0.5,990.223917804028,3.7746318957758196,-3.4474380054490767,5.112012788523017
642,0.5,991.3742941477615,3.2983844828643556,-1.8421617230207512,3.7779491805162158
643,0.5,992.7286963367327,1.113613204182086,-1.136749681013548,1.5913309542056597
644,0.5,993.214580957443,0.706418704342378,1.4444428019176987,1.6079310911406048
645,0.5,994.4045905710944,1.678721270137701,4.9629192218416796,5.239148051481115
646,0.5,996.2053361642983,8.247004695870675,-1.4524061641241561,8.37392202729992
647,0.5,997.5119347519392,6.168532852288324,-2.2016652652860937,6.5496662121155165
648,0.5,998.8275471369296,3.9826448276901547,-2.360460510842189,4.6296040485955725
649,0.5,999.7915715574129,4.525957479936693,0.7450679459246825,4.586874464626139
650,0.5,1001.3494826377828,3.2579703986226867,-2.45062450688805,4.0767550321379336
651,0.5,1002.4043054883917,2.694256798555605,-0.4852960215662948,2.7376142761739044
652,0.5,1003.2678081794533,2.3151052699451546,2.2594464293127103,3.2349359464851517
653,0.5,1004.6750441211728,4.310205631629446,1.5478901290536067,4.579720126661868
654,0.5,1005.5434203043784,1.9270357213196048,6.507007047463479,6.786354499065102
655,0.5,1008.0067043070636,-1.2055520590025195,-4.5810830233174435,4.737053665886898
656,0.5,1008.7957099007423,1.9463288353792807,-1.6060801622712686,2.523428109352468
657,0.5,1009.8065907469646,2.100086102462225,-0.24368240930689952,2.1141766138051463
658,0.5,1010.569757011061,1.386964801621541,2.6436198887122284,2.9853638768049593
659,0.5,1012.4100425157616,3.244997944535975,-1.5527474012255007,3.5973651680160645
660,0.5,1013.058638098409,1.8985793291001563,3.2871986409080787,3.79608724526641
661,0.5,1014.6896326223704,7.570854397945019,0.325133276921867,7.5778326692165345
662,0.5,1016.0601789426473,6.237635965799133,-1.930863495564132,6.529650548102327
663,0.5,1017.2664023643554,5.635301427219997,-1.297332089251534,5.782706349576251
664,0.5,1018.6055725186202,4.354142300006408,-2.329712949277777,4.938230208762817
665,0.5,1019.912439743944,2.3753741054500637,-1.9013048695886572,3.0425913869536
666,0.5,1020.9174750172637,1.8201620155824139,-0.16658003897360343,1.8277687688418036
667,0.5,1021.5443444999047,0.2749390634141941,2.35686726648243,2.3728495106954077
668,0.5,1022.8852709117164,3.129380828161186,7.647063663565866,8.262602921736722
669,0.5,1025.2657241977276,-0.5713520235169047,-3.371525232282842,3.419594351190903
670,0.5,1025.7079443714629,2.785649067089107,0.7900623373908725,2.895520544209269
671,0.5,1027.4676935155878,1.3351992665669081,-2.416396256577129,2.7607477157901936
672,0.5,1028.1289642554975,2.1524239633109263,0.8854052924121714,2.3274173346580107
673,0.5,1029.2272974439613,3.2301621245522902,2.903038625042239,4.342992126331718
674,0.5,1030.8973687905966,4.18630746718991,-1.6942274005957734,4.516146221589765
675,0.5,1031.8331802974078,3.5227777336316533,1.3678130286658274,3.7790045570174895
676,0.5,1032.8128830351588,3.1968590758149555,5.122784227124208,6.038445676520823
677,0.5,1034.6129155295207,8.423014820487259,-3.9483173053263747,9.302493655450013
678,0.5,1036.1959173580547,0.8933351184989126,-3.7527519379865417,3.8576151625071686
679,0.5,1037.0247076462817,2.434042160525824,-0.7832833819144805,2.5569697095586816
680,0.5,1038.0877522406188,2.61101906224841,0.30399274271433036,2.628655955245484
681,0.5,1039.0774014368967,2.4834988970135456,2.2228163481668344,3.3329685400773346
682,0.5,1040.2640379376958,3.72996575228722,4.1656577819771154,5.591542655634674
683,0.5,1041.6215280145423,8.169840914856744,4.609919284333842,9.380706603563524
684,0.5,1043.6239543496215,0.5210004730522662,-4.792062660685278,4.820301446678905
685,0.5,1044.5149758290788,1.8113044932218736,-1.2360070886456997,2.19283777109666
686,0.5,1045.107042352978,1.444093293767554,2.399096835637011,2.8001912555873645
687,0.5,1047.0898174842948,2.515989079359776,-3.1727806007648773,4.049288553319903
688,0.5,1047.9871474896004,2.7164889804972003,-0.14755494621440385,2.720493492606636
689,0.5,1048.953785194686,2.5763994054536563,1.8163986216862587,3.1523226118666368
690,0.5,1049.9962842565933,2.5377216460071144,4.8394446683495245,5.4644538474242506
691,0.5,1051.576571843205,9.825814739181912,1.8321958586681877,9.995177684926134
692,0.5,1053.2457851583858,4.284790742412656,-5.967098134459078,7.346134483694823
693,0.5,1054.7810394782814,-0.15426299762747883,-0.9106034241006211,0.9235776461244563
694,0.5,1055.0021464756858,0.593452237460039,0.6575382138356692,0.8857437895918485
695,0.5,1056.6888473638282,1.7103183087471716,-0.6114354117520234,1.816326506986052
696,0.5,1057.1000436596178,-0.3688684823633553,2.101908979600949,2.134030298709029
697,0.5,1059.133769106897,6.318955576740091,-2.141135580624261,6.671855900379585
698,0.5,1060.139518561608,5.8242152460982,1.4021442533180974,5.990616974902976
699,0.5,1061.5013044650684,6.941297855206967,-0.7976023989305947,6.986972556227817
700,0.5,1062.9153815078805,4.51451402335193,-3.0890843913188353,5.470217476822186
701,0.5,1064.0715510717184,3.5720185269875397,-1.6161815223640084,3.9206324834614477
702,0.5,1065.121855106293,3.7312373657247297,0.07974477496673474,3.7320894293297577
703,0.5,1066.463223469243,2.946330362578603,-0.8474232326109519,3.065777020694975
704,0.5,1067.4188601209646,2.0015011607262703,0.8653755634177565,2.180569137209184
705,0.5,1067.9900000790426,-1.717434569641981,3.053326124208972,3.5031959582327565
706,0.5,1070.5350419968292,2.029305617361286,-7.664933740706078,7.929015735768756
707,0.5,1071.6186232150894,2.0975529471747567,-2.9606521482599537,3.628386626201484
708,0.5,1072.5439980111216,2.790909559077097,-0.5390164879685567,2.8424839386089547
709,0.5,1073.5703531650938,3.180364174448912,1.0288522703382903,3.3426416613658074
710,0.5,1074.747771044311,4.232042765049991,1.9289861033425113,4.650932524999744
711,0.5,1076.2666255941774,3.3550220061842557,-1.1725478241340526,3.5540175944784136
712,0.5,1076.9240560657545,1.7592370344463772,3.5846958383693974,3.9931139724518956
713,0.5,1078.6471984809564,7.27043004515858,-1.2962893795084516,7.385087622836373
714,0.5,1079.8099654292591,6.804431971619456,-0.18186586010439926,6.806861953019802
715,0.5,1081.1710023434678,6.323602041141764,-2.584255175053534,6.83127496039526
716,0.5,1082.9527497230697,-0.30706381976560276,-1.1430011897721966,1.1835285840357634
717,0.5,1083.2954665140855,0.8602407336312574,0.3902604544678088,0.9446255036361578
718,0.5,1084.18326431043,0.7476780726368414,2.509937227681904,2.6189324900053195
719,0.5,1085.6478312086394,4.990197674116997,3.7983062918690997,6.271299985937133
720,0.5,1086.9119989898252,7.773840147015194,4.610291048125568,9.038106780724156
721,0.5,1088.7557246748088,3.1438830731685874,-5.80521716400294,6.6018593667988945
722,0.5,1089.7953379240748,3.166887675905692,-2.2259999497352725,3.8709499257966113
723,0.5,1090.8631910262488,2.9557417220096416,-0.6739842210291397,3.0316107694466283
724,0.5,1091.7284729669368,2.9794840452113203,2.439928640106265,3.851048810970801
725,0.5,1093.4408732723687,3.265622211883303,-2.1812487490246593,3.927102562432924
726,0.5,1094.284457523754,3.075915686769441,1.2158496626369608,3.307498709636745
727,0.5,1095.4330847586614,3.687920768035039,2.282840435344478,4.33729409246686
728,0.5,1096.4019177947425,2.697231961713621,6.847668808391435,7.359730182873995
729,0.5,1098.8410154666499,-1.2981794590787985,-3.1707593505354383,3.4262201865878437
730,0.5,1099.3606671785717,2.438066533539894,-0.39256139858407324,2.4694681357785364
731,0.5,1100.5744606224625,3.403466866608176,-0.5240255577421402,3.44357220009493
732,0.5,1101.839111168756,2.384514789491413,-0.6803838165528103,2.479684036148607
733,0.5,1102.5517798999176,1.4254505041418,2.3333567825072987,2.7343121647374
734,0.5,1103.7322971745468,2.923930606860451,5.942087499964243,6.622520218992664
735,0.5,1105.617188830762,6.464987182609638,-4.5842745984334305,7.925379036055556
736,0.5,1106.7743716758328,4.491204749464296,-2.264415747254027,5.0297613042790275
737,0.5,1107.7745319550102,4.952267067495388,0.43840128529866906,4.971634016573514
738,0.5,1109.1589188567664,4.944904156321284,-1.8091176320212576,5.265451900995176
739,0.5,1110.4441429936132,3.136464677479489,-1.8548096125240603,3.6438618760578962
740,0.5,1111.4435047649,2.8717294661733086,0.06218456159615517,2.8724026609423934
741,0.5,1112.4329954080765,2.6332322400957353,1.8109781226491322,3.1958651083851115
742,0.5,1113.397595114802,1.7492249167653815,5.216315592740895,5.501793904946336
743,0.5,1115.0653594615667,10.905077996750837,0.7751065024910503,10.932589638572518
744,0.5,1116.7872538812146,1.9938891715203921,-5.9367824486571426,6.2626655563737215
745,0.5,1117.9659196691996,0.9374893969413924,-2.1431424596863398,2.3392190944603604
746,0.5,1118.6841348610185,1.738075363151905,0.21374259640156812,1.751168714176938
747,0.5,1119.473247426179,1.0314329868257903,2.81179167448235,2.9950002382304795
748,0.5,1121.1559376758105,6.007456060267715,-0.0017819927986219399,6.007456324564135
749,0.5,1122.4586213568805,3.643906777092138,-0.8754959076220377,3.747605860332827
750,0.5,1123.1011173878092,1.4927829227741773,4.345574210885564,4.594824923415462
751,0.5,1125.3147293978466,0.7393508306479165,-3.4461231534408725,3.524543153298173
752,0.5,1125.7634424292526,2.6620754678909715,1.893035033652029,3.266531407377078
753,0.5,1127.6580235272156,1.5132255230300444,-3.435741883374237,3.7542207943488757
754,0.5,1128.4302246138927,2.8315651688165944,-0.05191816227877086,2.832041101543153
755,0.5,1129.7289967770655,2.2129627921744457,-0.5600824986404688,2.282738864792
756,0.5,1130.3915978962316,0.9745280494982924,2.322750906464067,2.5189038673078796
757,0.5,1131.495085561917,0.84736268097522,6.978889518494591,7.030143840951135
758,0.5,1133.7086256694563,3.3071260925684056,-7.539695393119611,8.23310935267933
759,0.5,1134.8856545915332,1.5047040848272444,-2.773476166426524,3.155361219992374
760,0.5,1135.5622139754776,2.8172490121756195,0.9022818065648243,2.95820967057144
761,0.5,1136.9292934809696,4.287194793940825,-0.43548364023085157,4.309255759652938
762,0.5,1138.1515897798056,3.4195459841291056,-0.47088117784140415,3.4518145693560656
763,0.5,1138.9923418204937,2.8218217791462865,3.0177718119116914,4.131540252984725
764,0.5,1140.7218481719033,2.9294270577008072,-1.7434982029888666,3.4090070211448693
765,0.5,1141.2610229641368,1.3081219279205416,3.3887594775661447,3.6324748829277436
766,0.5,1142.8586596078565,9.913173831101401,1.8856663010214452,10.090924278996525
767,0.5,1144.7822995186255,-0.4101313762256791,-3.884495654670025,3.9060868189167373
768,0.5,1145.4853275171172,2.346086287571206,-0.8942508655584892,2.5107380347781705
769,0.5,1146.576814924867,2.5464170592402415,-0.16272133212008974,2.551610877762645
770,0.5,1147.5017765233192,2.3461916550016966,1.8572952089808814,2.992350376427021
771,0.5,1148.615277208834,3.1121017950138095,4.017185155047392,5.0816290845024605
772,0.5,1149.9826010281072,7.523723639266317,4.03292347930171,8.53644476289502
773,0.5,1151.5628147236732,7.460144054832311,-3.9128720734228675,8.424032121366967
774,0.5,1152.9431285305898,2.6564599377782137,-3.624249438064407,4.493546860813939
775,0.5,1153.8903037162713,2.8738305371655146,-0.7808891760767182,2.978034563543346
776,0.5,1154.6975195353823,2.859505678229996,2.7845493396332044,3.9913015106204774
777,0.5,1156.6215678338726,1.4798329010772362,-2.927848491559598,3.2805795531641175
778,0.5,1157.432314575611,1.7065580427809266,-0.1291548464335104,1.7114383797664263
779,0.5,1158.001609027295,-0.024975233242911527,2.390913048001054,2.3910434888092746
780,0.5,1159.4806570190224,5.997350423657316,7.03114248260383,9.241492125994531
781,0.5,1161.3966446343782,4.414808317731121,-6.775169472939752,8.08662190716016
782,0.5,1162.4875286020053,3.7351417007958356,-3.1389514809987156,4.878965046512225
783,0.5,1163.7010316827786,2.351027329640872,-2.083398553325034,3.1413180413188244
784,0.5,1164.7375863512277,1.6596332518220676,-0.49513557658087565,1.7319185228380596
785,0.5,1165.2712277064577,0.24826219748888323,2.194788511148744,2.2087848983938048
786,0.5,1166.9436134095288,6.19774346277779,1.4633173699263142,6.368149005443646
787,0.5,1168.0862716101387,6.673378700129486,2.7306241290314857,7.210429349864741
788,0.5,1169.698356884885,4.115802723974994,-3.344229787731844,5.303178757672888
789,0.5,1170.4636385782837,4.659255119037284,2.3038430848544236,5.197725581820061
790,0.5,1172.1206818656956,4.4040625422712045,-3.9467964682240297,5.913794825475599
791,0.5,1173.3056877640483,2.628676772137559,-2.1581585981475633,3.4011160090672874
792,0.5,1174.2327668564562,2.762591402013761,0.08239540478553763,2.7638198669975096
793,0.5,1175.2154523959507,2.9052138958268,1.9928512209847964,3.5230276424526856
794,0.5,1176.6328758097884,2.875875962980172,0.1004075169500626,2.877628228925204
795,0.5,1177.1063044216562,-1.3443663484505979,3.4968290537440363,3.746349464472689
796,0.5,1179.701223501934,-0.8702303348930405,-6.142551449602545,6.2038890340481085
797,0.5,1180.6535437870843,1.10513821389316,-1.9854988888380702,2.2723415917031873
798,0.5,1181.26731815168,2.0540066306776152,1.047947492948345,2.3058918419657783
799,0.5,1182.5822703469205,4.019807751025517,0.6906369073531806,4.078704903888388
800,0.5,1183.7127752959743,4.533495643045378,1.6595604883013864,4.827703777143184
801,0.5,1185.1558428474657,3.6762411134341946,-1.0878781083262943,3.833826743956941
802,0.5,1185.8753586953567,2.3906926807867777,3.4790202975935243,4.221254994078799
803,0.5,1187.3451614932674,8.113027108065975,2.1471266116387695,8.392339455874072
804,0.5,1188.8564442982292,6.060102723027457,-3.8072872321226043,7.156834571340084
805,0.5,1189.9636364979185,5.5692115132806315,-1.8581562622304177,5.8710187850596816
806,0.5,1191.4826059264135,1.151569145538983,-2.6693394848286887,2.9071437498381245
807,0.5,1192.2186114781016,2.13862889466787,0.10222725241125918,2.141070750873
808,0.5,1193.3240214274551,1.8618003159723029,0.5551375041969182,1.9428016020995427
809,0.5,1193.857427135437,-1.287925570680071,2.5915132920833583,2.8939062560242537
810,0.5,1196.0346717486711,7.517447905569928,-4.500571558987501,8.761687472771719
811,0.5,1197.071786658822,7.068054406271857,-0.8517876040180504,7.119194842984551
812,0.5,1198.6865691046305,1.2217666515878562,-3.3130272057995964,3.531127725996397
813,0.5,1199.356513707894,2.8324499899664377,0.4717338161556783,2.871464041036501
814,0.5,1200.53269203122,4.210763123007488,0.9322818606174299,4.312734114887685
815,0.5,1201.810334856606,4.827806270501748,0.017579247663739594,4.827838275609946
816,0.5,1203.1373508614254,3.0283537297152328,-1.074679834220352,3.213388096442763
817,0.5,1203.855247594097,2.0253757556841028,2.6284716352610102,3.318284208606104
818,0.5,1204.9854921714664,3.5320087687414676,6.699953983554563,7.573933543688859
819,0.5,1206.870499793853,7.551657899146387,-6.725807419951679,10.112567551122568
820,0.5,1208.471459949531,-0.5055503738574778,-2.212786964607846,2.269803368410101
821,0.5,1208.989484167939,1.631629454489359,-0.026234286823692107,1.6318403459169621
822,0.5,1209.898030087546,2.185233775385403,1.9794317300500037,2.948456651710161
823,0.5,1211.4161158927982,3.3740876497811825,-0.3922746766303944,3.3968142266440453
824,0.5,1212.1131530663197,1.467258524582883,3.686006430778565,3.967302734314849
825,0.5,1213.5983726803681,8.488342627447732,3.8448126627158548,9.318505511739877
826,0.5,1215.3899750650457,2.1569900535743236,-4.804097970617895,5.266114640084617
827,0.5,1216.1837220334673,3.692840675161627,-0.3587227081075111,3.710222935813988
828,0.5,1217.1744824977388,4.815288052457801,2.2439414875010177,5.312463875403871
829,0.5,1219.0500281774061,0.5707200107767374,-2.690141978438228,2.7500154899302913
830,0.5,1219.6144713108586,2.092182878077782,0.6313004688506918,2.185353398719057
831,0.5,1220.816347690978,2.965790065313697,0.8155747763256174,3.075885714276784
832,0.5,1221.6922424831437,1.87494436019676,3.7028216367427635,4.150458339432405
833,0.5,1222.9524840951083,5.640930836486012,7.44713346656261,9.342371089333565
834,0.5,1225.0183300241686,1.211715288517088,-6.322170711664723,6.437242922855815
835,0.5,1225.8550207607957,3.8437067178244093,-1.8370751605281528,4.260155687070371
836,0.5,1227.231827641491,1.4452724242015693,-1.9580712887808192,2.433691753716
837,0.5,1227.9171416144,1.855073437519779,0.7824693074308912,2.0133444006584735
838,0.5,1228.793154362981,1.2836857453141937,3.620022682020491,3.8408870474235095
839,0.5,1230.5846031542492,5.372558052787901,-1.9904053545284275,5.729406034303342
840,0.5,1231.5622738776453,4.4759754503035225,0.9392242985204952,4.573455861233509
841,0.5,1232.5295870405978,4.594430175333953,4.6874641186618815,6.563620075824147
842,0.5,1234.2778166534317,6.069822566759504,-4.8885010087489,7.79359917525157
843,0.5,1235.502548526521,3.1576563455329154,-3.063336639501852,4.3994118883549405
844,0.5,1236.399017465779,4.0087592023736445,0.015660164849580663,4.008789790370467
845,0.5,1237.9772985135812,0.9620633816375075,-1.57804903179457,1.8481895728078264
846,0.5,1238.4572327956619,1.0893438305314314,1.2410498166179251,1.6513251128848847
847,0.5,1239.4908071467958,1.293202961707966,4.04289609734613,4.244688769993251
848,0.5,1240.8134717852163,6.234589302308802,7.980187439346802,10.126869967347849
849,0.5,1243.078076398021,-1.1895479350332085,-3.10365555148377,3.323808368723714
850,0.5,1243.5381465261144,2.5409049250602935,-0.02935773143811165,2.5410745196847038
851,0.5,1244.851433966984,3.0883997544579165,-1.101292915250521,3.2788807737575194
852,0.5,1245.655866188148,3.0272468954159337,2.4064923925349047,3.8672250259241157
853,0.5,1247.3725619698557,2.547271521405932,-2.268675123861415,3.4110817963504334
854,0.5,1248.0630610532082,2.4804574271374626,1.6507513424676987,2.9795383941980527
855,0.5,1249.159887953003,3.7073390023826223,4.0264306563888805,5.473253722357074
856,0.5,1250.6723972756781,6.979752781275194,-0.24155831913007159,6.983931508059036
857,0.5,1251.6598320042713,7.206361916331335,3.8742115882161143,8.181758215653812
858,0.5,1253.6735778521072,-0.5254547872126626,-4.152313672751311,4.185428481090339
859,0.5,1254.4313284217735,2.0118794425188753,-1.2661195971338488,2.37712383469529
860,0.5,1255.4082306452908,2.1052537726818517,-0.015599087371177978,2.1053115633839052
861,0.5,1256.1812141984608,1.34307773543266,2.554127010475767,2.8857273934065226
862,0.5,1257.541219412644,4.895785728837852,3.5343781158278067,6.03825691473416
863,0.5,1258.779233488595,7.3986171942472065,3.9125204457785507,8.369429647571309
864,0.5,1260.3445483161854,7.047086732806136,-4.040125147794721,8.12305623700437
865,0.5,1261.6117171614799,3.5789368736629568,-3.2553281902527327,4.837969695225313
866,0.5,1262.5566140003561,3.967702961331235,-0.40497272774103227,3.9883166498625284
867,0.5,1263.6767328438618,4.570387883490461,0.3187268092403087,4.581487988032374
868,0.5,1264.9572230069998,4.528366194615607,-0.8469935688083805,4.606896840405718
869,0.5,1266.179037760562,3.203401437102715,-0.9365018416119834,3.3374865492724273
870,0.5,1267.2003456118455,1.7091479878708957,0.253938716658668,1.7279096377592733
871,0.5,1267.5705717794401,-1.582533072675716,1.7473961922336032,2.357499603127207
872,0.5,1270.1189218864927,2.0909375401816686,-7.994633364631659,8.263545391163692
873,0.5,1271.13429963161,2.6461245311095603,-3.1295804031623606,4.098322648840337
874,0.5,1272.083959599333,3.3079491768590383,-0.840218766687665,3.4129892078025286
875,0.5,1273.2611446334558,2.9445106512058827,-0.6992605683481559,3.026401876405623
876,0.5,1274.1962208894804,2.643825027446344,1.1963940860608862,2.9019251515008317
877,0.5,1275.0920303158405,1.7747942581078855,4.395371239608185,4.740166979399302
878,0.5,1276.8421715555698,6.297015558547249,-2.0947189504668273,6.636283027872679
879,0.5,1277.7630919863468,5.994403712100702,2.3476550932020466,6.437729436710135
880,0.5,1279.3328433167082,4.421084288995462,-3.411539670412824,5.584316360415387
881,0.5,1280.155794409023,5.2028491400037575,1.590932056114738,5.440652900232775
882,0.5,1281.8287269597,2.511525748905494,-3.995102640058992,4.718962459272338
883,0.5,1283.0004913866997,0.6919142735913762,-1.0407461823197026,1.249759168004987
884,0.5,1283.3350321388793,0.3917178667144439,1.2529041642102206,1.312711595057584
885,0.5,1284.8547951546216,3.959491093467475,1.5214150539824471,4.241730010942784
886,0.5,1285.6950233311386,1.7550419944531883,5.719797864821875,5.982997577863049
887,0.5,1287.4100266170753,11.617902828725123,-1.7418316292372675,11.747750574570034
888,0.5,1289.165351532773,-0.46063775538034707,-4.23296777156352,4.257957643844908
889,0.5,1290.1047715198074,0.5515003937360634,-0.9362088656597217,1.0865724662584157
890,0.5,1290.4177080730426,0.35737038262958515,1.152015948793311,1.2061734272711238
891,0.5,1291.9458709680832,5.304084903257623,1.8913150669579908,5.63119786044388
892,0.5,1293.4939815574176,2.7258802761619214,-2.0252561173135306,3.395892463062467
893,0.5,1294.1184743778483,2.181614640140997,2.4295822675088705,3.265319652449217
894,0.5,1295.3653635053583,5.45653880217479,4.225092193084956,6.901102791562123
895,0.5,1296.8011109923473,9.113128025666017,-0.23001527525453974,9.11603035531529
896,0.5,1298.2565270678895,4.86024347563523,-4.643286284501901,6.721761239608135
897,0.5,1299.405171250744,3.3322464363083375,-2.7106142294839954,4.295497155553793
898,0.5,1300.4900189824477,2.7854834625117544,-1.2896696245213597,3.0695546680812735
899,0.5,1301.495516680575,2.465781568266403,0.0661502589241397,2.4666687250537014
900,0.5,1302.346742379247,1.7844650735600778,2.2409391063587663,2.8646332535184675
901,0.5,1303.2732002287942,0.011849061675507665,6.11192316329687,6.111934649054047
902,0.5,1305.4016721880043,4.852535091342696,-7.048411280609978,8.557289196547131
903,0.5,1306.5083933129688,2.9274855209097765,-2.8928520236471646,4.115673007644786
904,0.5,1307.2672421078025,3.992085131123297,1.39849426118671,4.2299562518669
905,0.5,1308.9881965176435,1.0385819335397286,-2.1190495369085087,2.3598778300046144
906,0.5,1309.4215324932559,1.4886695313212666,1.7633088442767553,2.307681748809594
907,0.5,1311.0565705111119,3.9410627332177333,-1.4581906177921928,4.202177452818337
908,0.5,1311.9669406080493,3.433549823433625,1.276910507806334,3.6632997195079886
909,0.5,1313.0315993690197,3.7810610799504576,2.8985138740033496,4.764221402087232
910,0.5,1314.0525656517261,4.02739679724649,7.328826417064908,8.362512876757783
911,0.5,1316.212112602854,0.06594102123603435,-6.223968686686363,6.224317989236574
912,0.5,1317.07298603483,2.6018343809461806,-2.2786628486303435,3.4585902508972852
913,0.5,1318.171279132165,2.083466465410369,-1.1743430111766284,2.3916341736120446
914,0.5,1318.9478805965664,2.0393086614502476,1.2568100486192366,2.395485611515187
915,0.5,1319.9310828775365,2.160822789260233,3.9039490515842443,4.462059314257476
916,0.5,1321.6281385519123,4.4253906748065965,-1.5214791674830568,4.679634759439044
917,0.5,1322.2580671233911,2.2643618205506675,4.746973115724766,5.259380972679316
918,0.5,1324.2249787188443,3.7108005458171758,-5.70555218123946,6.806127120740797
919,0.5,1325.2376243589824,3.078320026415429,-1.938265016551514,3.6377088200428753
920,0.5,1325.9819696304462,3.5099811812825816,2.3393716439712464,4.218130816081289
921,0.5,1327.6352811084575,4.0891571874815265,-3.4117253687516182,5.325511852931622
922,0.5,1329.0435179965186,0.1534416828056632,-0.6076512013156096,0.626725085250732
923,0.5,1329.2050187854836,0.11360670025844022,0.6069863019515446,0.6175263987073125
924,0.5,1330.4299371204593,1.5713046565082547,4.692770889316218,4.948848042037485
925,0.5,1331.8275913852851,8.501141108221967,6.414917819969703,10.649909425852703
926,0.5,1333.6735226102849,3.1339563787367717,-7.125002218160891,7.7837869441951275
927,0.5,1334.7473290516898,2.4774810920919803,-3.06912479458805,3.9442920234724523
928,0.5,1335.6949745260022,2.870744908699324,-0.8544028728548424,2.9951929153170913
929,0.5,1336.6901846533858,3.019846846358385,0.5660775287609164,3.072445075835978
930,0.5,1337.68879180967,3.254360177835619,2.476052387922979,4.089216990429998
931,0.5,1338.9231645986704,5.55988877262985,2.916378406353757,6.278345815026593
932,0.5,1340.4264004573001,4.5304854891168445,-1.9461140309220926,4.930786812309992
933,0.5,1341.1662722529263,3.747467969821312,3.504082508149912,5.130507811977177
934,0.5,1342.6085078837768,8.954984151251223,0.22747396930576508,8.957872825390652
935,0.5,1344.1560440035958,3.4375576139431026,-5.173535327490711,6.21146280146413
936,0.5,1345.4771062613986,0.208792913969937,-1.124662337399748,1.1438793004900132
937,0.5,1345.7314132554184,0.5510714966001833,1.011522056848878,1.151892645109322
938,0.5,1347.5194717508998,1.8895549446869462,-1.251885531694176,2.266635231671849
939,0.5,1348.0172380187364,0.7656593525664341,2.094782675285331,2.2303247971647586
940,0.5,1349.0851940140476,0.5442860719103938,7.175398396116126,7.196012053287677
941,0.5,1351.2962063740968,2.0433230194142493,-7.3609924709499435,7.6393310648937005
942,0.5,1352.2104651591756,3.694130568392944,-2.602866527388471,4.519017018748047
943,0.5,1353.4833383582645,1.1851614683852172,-1.4668097867188516,1.8857726948280928
944,0.5,1353.8867819716963,0.8135221571816267,1.9018451782735764,2.0685341143785614
945,0.5,1355.6805953206365,4.0806886533587265,-2.2898498325937675,4.679255511454826
946,0.5,1356.605655709808,3.7394517225658843,0.5435915990623014,3.778755219906692
947,0.5,1357.7717428285794,3.3853862582860375,0.5182940216986193,3.4248312090846853
948,0.5,1358.4601603991591,0.6135088419242793,4.776483598034476,4.815723067350493
949,0.5,1360.3931447621912,7.020077146390806,-4.928720759074667,8.577515459747772
950,0.5,1361.3930747136396,7.065863642144463,-1.1356127347435345,7.156538639083192
951,0.5,1363.0223286032808,0.6213610097040978,-3.594611049532847,3.6479196950870687
952,0.5,1363.8791907971345,1.5420515408810116,-0.9731401197284514,1.8234375907495728
953,0.5,1364.576584896754,1.4593905143971306,1.2354488890193749,1.9121073795400532
954,0.5,1365.4937335512952,0.7899681497809622,4.0137766019413945,4.09077648961179
955,0.5,1367.1040909700082,8.10775185127797,1.5139260753664823,8.247885319497108
956,0.5,1368.3301933079858,8.189403853776561,0.21399781546473665,8.192199371675109
957,0.5,1369.686949077343,6.274185955067522,-3.3035417651218335,7.090754374019088
958,0.5,1370.9735227677836,2.668050320458834,-2.786479941931148,3.85784434357908
959,0.5,1371.6865535528275,3.502343108115493,1.5406482131428347,3.8262258380320815
960,0.5,1373.2029145623733,3.7834716175324314,-2.2061908713540865,4.3797186715038645
961,0.5,1374.1547986586406,3.595332221026446,0.1784984127124929,3.599760472988701
962,0.5,1375.3023923447488,3.357284650083841,0.33517229354858746,3.373974020061684
963,0.5,1376.1617799936193,2.3653151757552333,3.1422194899819735,3.932970786044639
964,0.5,1377.1776336421046,2.0324498405170095,8.263688646977668,8.509959013321112
965,0.5,1379.683283028613,-1.986936058067461,-2.303563577527052,3.0420913948397232
966,0.5,1380.1485784416925,1.8288108867343162,-0.7632072707342575,1.981674695185764
967,0.5,1381.0739771492056,2.957473640124875,0.7588829611636121,3.0532857188245472
968,0.5,1382.3456629784737,3.616972243238464,-0.131919077715246,3.619377135837426
969,0.5,1383.2975910079465,3.363189263423469,2.0058809570970673,3.915941832516354
970,0.5,1384.4444158477602,4.685486092798741,3.109806875019167,5.6235823747613845
971,0.5,1385.6637770111927,7.238751581434943,3.3896891850107393,7.993091844130508
972,0.5,1387.3266476634894,2.8717615107033594,-3.6746628585723022,4.663706819529719
973,0.5,1387.9214541271128,3.6573355495262847,2.6606353954844097,4.522729709979717
974,0.5,1389.565831798394,5.069203037014758,-3.9986315750979657,6.456459858455722
975,0.5,1390.7054902864277,3.5203950369737265,-2.423731129041343,4.274067594485757
976,0.5,1391.8532004432698,2.1713093234464043,-1.3620201063386064,2.5631392759965093
977,0.5,1392.6440277885486,1.9547109182531268,0.9341413560375955,2.1664521335579376
978,0.5,1393.4334017407937,0.4254244497409458,3.6750640693262984,3.699605637914744
979,0.5,1394.8841846756804,7.764580072564713,6.259095035022779,9.973212840439928
980,0.5,1396.5441631236824,7.590995702916242,-5.947812606069757,9.643634717191189
981,0.5,1397.8346233213872,2.6987058608922734,-4.297575120907086,5.074659125838293
982,0.5,1398.8376752013858,2.651398526294287,-1.7344881843664723,3.1683376409313477
983,0.5,1399.8394729412064,2.151253569040232,-0.315262701585241,2.1742314709614434
984,0.5,1400.4269462973944,0.4883510604909558,2.9733816749498083,3.0132184360264973
985,0.5,1402.564347250066,0.8099076263412428,-2.278789716677637,2.4184360516750183
986,0.5,1402.973747640919,1.434322135871358,1.4922767289291607,2.0698236217499524
987,0.5,1404.0062921705228,2.3764339667987784,5.372793635055054,5.874891475035353
988,0.5,1405.6669750592469,9.960997731084836,-1.9780674900484165,10.155502291559177
989,0.5,1407.0851427764364,4.026436465881493,-4.983416181784013,6.406764195336597
990,0.5,1408.1363074961896,3.5449397326044703,-2.3938961958828644,4.277538626881153
991,0.5,1409.320681079839,2.0136027736613196,-1.5550786020202534,2.544182695593582
992,0.5,1410.0248107258021,2.0934422697084893,1.3660886902720843,2.499739755712888
993,0.5,1411.2570568157066,3.0515351103982495,1.2334255804909153,3.291383476989974
994,0.5,1411.965653461773,-0.17998932345114993,4.92503997039299,4.928327796172348
995,0.5,1413.843148788569,10.825437411390586,-3.767270589854872,11.46221718713794
996,0.5,1415.5857847954953,-0.41689336181511066,-1.1701044579639146,1.2421531780229567
997,0.5,1415.781581303283,0.8870401652680184,0.7443706671625552,1.1579844320761574
998,0.5,1417.1028229338226,5.297353086624491,1.4120471990436838,5.482319492395271
999,0.5,1418.6969638524522,2.152487218746635,-2.810863710320763,3.5403610020541447
1000,0.5,1419.4224809459956,2.692098120712181,0.7110034526365343,2.7844062564940355
1001,0.5,1420.4165263237512,3.2368470215767013,2.758070574953844,4.252544172318048
1002,0.5,1421.8505671870487,4.14322031313403,-0.1654448847970164,4.146522226284571
1003,0.5,1422.4613109875074,0.6552356796692919,5.220619280868725,5.261577659950479
1004,0.5,1424.463045669579,6.8917785047892774,-7.690873634694627,10.326962197273527
1005,0.5,1425.8734692449966,0.16270130686873646,-3.454713951125299,3.458543074671265
1006,0.5,1426.64597968212,1.7197928706066987,-0.8899983111980334,1.936436033471021
1007,0.5,1427.3656711094268,1.802137944446789,1.554366255313692,2.3798646235600898
1008,0.5,1428.5923058759788,3.6960357030600295,2.1426010613068422,4.2721679772929875
1009,0.5,1429.6504772761916,4.343144441205004,4.433018372562074,6.206009630079769
1010,0.5,1431.2183136727517,6.051316799887753,-1.9903380087252212,6.370233936173776
1011,0.5,1432.0497408933136,5.681525381166525,3.6180469678271807,6.735725240702955
1012,0.5,1433.8219407370652,2.342502197769286,-4.631429747258502,5.1901308317175285
1013,0.5,1434.58494216826,3.9468765225273494,-0.12900892772329017,3.9489843741789983
1014,0.5,1435.6929073834192,5.2508342318806625,0.5276943755356882,5.277283532714704
1015,0.5,1437.2267216238013,2.0158821368614377,-2.6702025912221563,3.345708096634635
1016,0.5,1438.0062848417224,2.3625626363191103,0.2366417350519202,2.374384451031359
1017,0.5,1438.9495527468828,2.0007161420168784,1.613990575771642,2.570570104005448
1018,0.5,1439.622793078164,-1.9125141885842687,4.277931448818525,4.685979940452873
1019,0.5,1441.9609875048618,2.9734857577300025,-8.159332557484769,8.68425732777732
1020,0.5,1442.9110595808968,3.988354939431403,-3.109019394141881,5.056973078437062
1021,0.5,1444.0419307063667,3.111526961417986,-2.1049180207957274,3.7566314572901143
1022,0.5,1445.072278459201,2.6208663637597462,-0.6818821547272865,2.708118123277262
1023,0.5,1445.83008477971,2.2350588041964863,2.4266422258977958,3.2991029615224856
1024,0.5,1447.2262270999759,5.300022203039996,0.9164699106666265,5.3786757152550315
1025,0.5,1448.3238535157254,5.341269039113778,1.8135695475343814,5.640761424837916
1026,0.5,1449.4887712807313,6.451798021090061,1.9953605422597636,6.7533074414355525
1027,0.5,1450.7735618582974,7.062822844100089,-0.38233456574961866,7.073163807470389
1028,0.5,1451.8352979993933,7.953593953376313,1.5985904963004804,8.112653594850853
1029,0.5,1453.7375967571022,-0.6834081203572732,-2.501278023438307,2.5929593921821654
1030,0.5,1454.2260112602262,1.9011493531313357,-0.048350622406817326,1.9017640877876578
1031,0.5,1455.3120912398197,2.6020406671446445,0.41848031726832413,2.635477453786229
1032,0.5,1456.1677976083872,2.036016739819896,2.9787854162891296,3.608119554715952
1033,0.5,1457.5390016684112,5.087566767619246,2.025686331906313,5.4760150410910855
1034,0.5,1458.3937773686873,2.9345818861607555,7.385190631781811,7.946874323552666
1035,0.5,1460.6882705354192,-1.3696375948842363,-3.808284294776371,4.047089869419832
1036,0.5,1461.2454433451599,2.5613127656173367,-0.771188275113958,2.674893350955804
1037,0.5,1462.2661232657872,3.4566605008099187,0.23551728559550242,3.464674618153017
1038,0.5,1463.2868911904275,4.247632117298145,1.9373690108428077,4.668594787307714
1039,0.5,1464.6969032978764,4.93264113930928,-1.3837922300051249,5.123068372082194
1040,0.5,1465.8895576140853,2.6481836952757223,-1.0670973668270167,2.8550960884378886
1041,0.5,1466.5056211078877,1.4612240158447802,2.7275927469389356,3.094339641609407
1042,0.5,1467.703989586071,4.5931497810202835,6.46556055114871,7.93098342902424
1043,0.5,1469.3476498782697,10.059725982274196,-4.107594569304491,10.86602135025614
1044,0.5,1470.966589127165,-0.24942481252064713,-2.7295353491247285,2.74090787134891
1045,0.5,1471.3887645271066,2.2934270699419024,0.7804018916042119,2.4225678189808706
1046,0.5,1473.0201323241856,1.3418927590316465,-2.0063941454101752,2.413771663492177
1047,0.5,1473.7456491857465,1.30904836860953,0.23894802266929674,1.3306779433419789
1048,0.5,1474.2032215656989,-0.993364615615239,1.8068769667141074,2.0619354093662547
1049,0.5,1476.092127038241,9.719078362388625,0.5802439579037044,9.73638368517462
1050,0.5,1477.4351911475,6.332326789586802,-3.178151995028229,7.0851261579184746
1051,0.5,1478.441395973413,6.200198793359155,-0.4395365908535283,6.215758802581665
1052,0.5,1479.75991870649,4.634067727176769,-2.712764085136752,5.369699496402858
1053,0.5,1480.7668790179823,4.580220590959136,-0.6364747854063331,4.624231916146085
1054,0.5,1481.9646842098023,4.130175132801665,-1.1350391519518999,4.2833001884151125
1055,0.5,1483.0329599580714,3.729254764516486,-0.16763929108110262,3.733020764820776
1056,0.5,1484.1435808817555,2.9268781804666752,0.18247565473084176,2.9325608685688636
1057,0.5,1484.8178832312037,0.790507405634274,3.7188260477477564,3.801916507732624
1058,0.5,1486.1713490275572,7.526813881863329,7.814816964390544,10.850082552641558
1059,0.5,1488.1163379762284,1.5895852247644513,-7.834125553087341,7.993766594561382
1060,0.5,1489.25246694643,0.6393755588458125,-2.6618514206769324,2.7375635318671967
1061,0.5,1489.9708922046789,1.7956277961715295,-0.28569995763737516,1.8182144120476609
1062,0.5,1490.6706938146033,1.3178748350767193,2.40919417967181,2.7460900706810434
1063,0.5,1492.1800905440164,5.421560763419215,0.4561102236530504,5.440712972356434
1064,0.5,1493.3308354212702,4.48424236082709,0.3502471603378305,4.497899801458546
1065,0.5,1494.1553686136888,3.296465715892438,4.748472060502456,5.780542632437433
1066,0.5,1495.7688329789416,8.199671643734069,-2.6163330993019844,8.606963108527868
1067,0.5,1497.06550557171,3.55608501147338,-3.091269179972486,4.711866482814788
1068,0.5,1497.7473609331212,4.233764204434156,2.653764946341129,4.996721698191417
1069,0.5,1499.6408247466197,0.30542074359880833,-3.406040960977447,3.419707130512293
1070,0.5,1500.351951516603,1.913394696005653,-0.5639105772411331,1.9947617406164058
1071,0.5,1501.1193249221317,1.8549106484069247,1.7418860790160393,2.5445747436149855
1072,0.5,1502.346063292399,3.2317316441110973,1.9216885695350312,3.7599170706054954
1073,0.5,1503.0909331266805,-0.4041367157792184,5.989198447546882,6.00281804897823
1074,0.5,1505.261529654672,3.2325520034151367,-7.536978253726119,8.200941022341498
1075,0.5,1506.1529861381132,4.769529640966655,-2.400292360463142,5.3394584380587915
1076,0.5,1507.4075051638304,2.6673641226980904,-2.545098698626912,3.6867816247791727
1077,0.5,1508.2530310295422,3.104807867988573,0.19484344755490904,3.110915599333873
1078,0.5,1509.2804193632232,3.6620761335342054,1.4994119646534856,3.9571502179658107
1079,0.5,1510.3917974464734,4.935234321375009,2.594435264136361,5.575628408230964
1080,0.5,1511.923005459002,3.286055357082184,-2.115695391661212,3.908238324373913
1081,0.5,1512.589764705458,2.6259617333772294,2.4048690425547004,3.560768194785994
1082,0.5,1513.5897655399187,3.231986665409194,7.05196514170617,7.7573159124288456
1083,0.5,1515.708343586874,0.2535416152667543,-5.868576099110927,5.874050457880668
1084,0.5,1516.4359897187585,3.6625712009946283,-1.4712121440798558,3.94701063784268
1085,0.5,1517.7198062541302,2.001763457638076,-1.9113746294847462,2.767744553706699
1086,0.5,1518.4147914872538,2.3631314797259533,1.2077941234902387,2.6538946918084987
1087,0.5,1519.7410094939069,2.5855520879088223,-0.06478181856023918,2.5863635249720103
1088,0.5,1520.2736222203562,-0.2745830109487683,3.2572993051121695,3.268852182798408
1089,0.5,1521.9019090654608,10.38519706969654,3.5271298263717075,10.967814868446427
1090,0.5,1523.4860471492589,5.125190670725375,-6.196524303399483,8.041423558917343
1091,0.5,1524.7248921606222,1.1512188963888126,-2.5021190276628062,2.754252090131719
1092,0.5,1525.227837233792,2.1771800851828944,1.5574803375455508,2.676912050321788
1093,0.5,1526.5523119103875,5.844453071457983,0.7358551444325053,5.890595428143273
1094,0.5,1528.0409304292975,2.6698738920469176,-2.8724432821693613,3.921626831904541
1095,0.5,1529.0344567287013,1.2720681882590685,-0.5523509973903806,1.3868125684096093
1096,0.5,1529.3699753651945,-0.3920038190369932,1.6062354706513626,1.6533781725056709
1097,0.5,1531.0207429702223,7.725526192276301,3.4134823902073363,8.446041497399996
1098,0.5,1532.2223269393921,10.023770694589372,2.619024487049622,10.360273558235527
1099,0.5,1533.8869779132017,2.7566178752735246,-6.6579310750673795,7.20603832286683
1100,0.5,1535.0422774712067,0.979778266953732,-2.6173916530309733,2.7947637677898767
1101,0.5,1535.7695023952483,2.0186051993945076,-0.1423514821859177,2.023618268227253
1102,0.5,1536.6207018240298,2.033486085552766,1.822503565438656,2.7306748078402387
1103,0.5,1537.651062167945,2.6831710078455666,4.560035321273004,5.290872214351844
1104,0.5,1539.3028548555833,5.300877090420781,-2.0101007383660865,5.669197730378415
1105,0.5,1540.0302701395065,4.248279811697752,4.187776491490609,5.965346033648013
1106,0.5,1541.742248762789,4.243408256931292,-4.28295378745526,6.029113266515236
1107,0.5,1542.4965229227662,5.3453443282409925,1.5148641085600478,5.555854502672076
1108,0.5,1544.1186700545202,2.102429761904644,-3.6334869710047997,4.197908821330455
1109,0.5,1544.8346082275195,3.463924843513568,0.43486524422962314,3.491114879540544
1110,0.5,1546.0911977863134,4.025358920366119,-0.78421671852249,4.101037710065742
1111,0.5,1547.297581121407,2.001894153685428,-0.7810442607690176,2.1488625688582594
1112,0.5,1547.8065638018575,0.4669356736407901,2.2735331845272917,2.320987303813872
1113,0.5,1548.8713481787254,-0.05772981516953413,8.114484585347,8.11468993969539
1114,0.5,1551.2738453264046,-1.7964347318734428,-5.307040178560672,5.602843314134216
1115,0.5,1552.00687283767,1.9421525526043146,-1.9013839409378075,2.717943602881348
1116,0.5,1552.7361053298039,2.9562476025789666,1.1056205158959047,3.156231394071704
1117,0.5,1554.1565191096577,3.197341920080198,-1.404934091499714,3.4923967637369406
1118,0.5,1554.9212851649918,2.8917894962884176,2.065557731107547,3.5537269494689907
1119,0.5,1556.1629874975526,5.193683527867539,1.836577554178341,5.508844316202293
1120,0.5,1557.3945070176906,5.472450065190644,0.47792988296105304,5.493280139318607
1121,0.5,1558.339152852352,5.287838217638828,3.812655521295334,6.519016424276408
1122,0.5,1559.7811543907103,7.838041573027872,-1.6647281017912956,8.012878094255951
1123,0.5,1560.8764757778094,7.749336246904549,-0.6830329659658679,7.779379557534445
1124,0.5,1562.4101531801944,1.843060762814718,-4.422152870181852,4.790856810914386
1125,0.5,1563.3854009584954,1.8032701071767783,-1.595216135884838,2.4075916596517573
1126,0.5,1564.1779404604317,1.8937006194770563,0.44564208018445406,1.94543026085206
1127,0.5,1564.91578826226,0.7074080179004377,2.97289140612322,3.055897481328705
1128,0.5,1566.2664156015514,5.604439083876407,5.245247469647526,7.676090050457017
1129,0.5,1567.623450717218,10.017611593322446,1.505349269474783,10.130084819870785
1130,0.5,1569.0224778043741,7.477152036981095,-4.797762756131266,8.884049192133665
1131,0.5,1570.509277866921,0.09915474678895402,-2.6263976527281803,2.628268687571131
1132,0.5,1571.0453814855382,1.9111700041212047,0.24694061484769206,1.9270574594220076
1133,0.5,1571.8453520880453,1.8488028985008167,3.310073456261262,3.7913926786011496
1134,0.5,1573.8065633302715,0.8920974329685744,-2.3832897156049433,2.5447804813809407
1135,0.5,1574.2309154298637,1.653053186563642,1.5617607944193441,2.274133157181776
1136,0.5,1575.6381549520165,3.193130615578269,0.037491743010671826,3.193350710294319
1137,0.5,1576.1613523634244,-0.5690998831015764,4.119417806836434,4.158542742864059
1138,0.5,1578.1188269457828,9.678955968006154,-6.045774020129006,11.411992469900634
1139,0.5,1579.5140550677406,1.4764863271057584,-4.795940195041127,5.018072760387336
1140,0.5,1580.3720816254715,2.816987874873459,-1.5455945946738103,3.2131422841618744
1141,0.5,1581.3635517730017,2.951021692405717,-0.2978141505929482,2.9660111761998644
1142,0.5,1582.3294869441472,3.018005171513295,1.1738444614119854,3.2382504589467116
1143,0.5,1583.3946934354217,3.2553974681126876,2.0761101850101005,3.861068009721814
1144,0.5,1584.2348480663761,1.1735421381927316,6.291806060610099,6.400314418405079
1145,0.5,1586.2932107503377,2.4612387091190713,-5.713310896718785,6.220901653766255
1146,0.5,1587.004342107041,4.6380988508493255,0.04985580003933482,4.638366797812285
1147,0.5,1588.1634040289048,5.835999645634786,-0.31355927844731574,5.844417103950551
1148,0.5,1589.3579459495577,5.945707352541791,-1.3088911361991036,6.088072924045021
1149,0.5,1590.835904321394,0.9147503991395185,-2.125350704103711,2.313846128885853
1150,0.5,1591.2938843735724,1.6323287876132762,1.4028528334666357,2.152322778589772
1151,0.5,1592.637167039235,3.944439304462542,0.5321293710145943,3.980171239291763
1152,0.5,1593.5848081888619,3.2461909229699675,2.482263793724856,4.08648859658386
1153,0.5,1594.4426896556906,1.0942786317838133,7.189153668791207,7.271958209277108
1154,0.5,1596.4844924096546,4.609178762909758,-8.867298706760282,9.993673760102983
1155,0.5,1597.7158959444232,0.7445078290230663,-3.473365828267585,3.5522615450517727
1156,0.5,1598.4207985496705,2.6456478663127045,-0.45458995579238176,2.6844188682901717
1157,0.5,1599.6193489504628,1.7037758520846387,-0.6182952669566368,1.8124958458677127
1158,0.5,1600.0480449034073,-0.0785484589328781,2.2281452859401805,2.2295293843450863
1159,0.5,1601.911946228582,5.18044062556228,-2.287641286440671,5.6630616922654164
1160,0.5,1602.8154047937267,4.175607478668063,0.9449734161774225,4.281199898765612
1161,0.5,1603.655202996124,3.259336528397604,5.516102454557063,6.407078967401401
1162,0.5,1605.5216466466234,3.5111636968562494,-5.39570840418729,6.437541432032775
1163,0.5,1606.2934181265741,5.128612218813666,0.04360906294823695,5.128797621405631
1164,0.5,1607.556905211983,5.511844297217202,-2.027093599544375,5.872779241388149
1165,0.5,1608.83629530501,2.862994247467834,-2.7098707057407787,3.942097830199795
1166,0.5,1610.003264190038,0.6117210465888956,-0.6994335002591505,0.929198504155372
1167,0.5,1610.2538231625745,-0.023010972949066885,0.9676222287210053,0.9678958014120468
1168,0.5,1611.4371412695548,0.7254090111924737,6.206604049307384,6.2488520592504075
1169,0.5,1613.0788554510275,12.578516867329796,0.5326890347398637,12.589791268699901
1170,0.5,1614.7106278521615,1.3513553862288805,-5.830689964399255,5.985240750449058
1171,0.5,1615.574608718972,2.777781438790331,-1.8951016234898654,3.362659644543587
1172,0.5,1616.3983948415837,3.562948240398095,0.936213001806328,3.683896707089804
1173,0.5,1617.7346848409852,3.6429139585753054,-1.166868742510027,3.825232642837522
1174,0.5,1618.5375178319775,3.377111527186797,2.3267161059101893,4.101035247905072
1175,0.5,1619.9525012611289,4.512292794108332,-0.8351135236865737,4.5889215353071995
1176,0.5,1620.7743108213886,3.7532208909928384,3.0166776312522843,4.81528929426706
1177,0.5,1622.0987516980229,6.19652527988282,0.8807091164708538,6.258799732541515
1178,0.5,1622.9777676994756,5.573011122810584,6.240072660520208,8.366418575683518
1179,0.5,1625.0218566579629,-0.6947150542318256,-5.618331613976245,5.661119953788407
1180,0.5,1625.987020163621,0.522964773947945,-1.4902975148387008,1.5793919201784061
1181,0.5,1626.3999193116356,1.1717487850365034,1.116427012506463,1.6184574413584771
1182,0.5,1627.7554412763157,3.64093239545743,0.5009444670975874,3.6752325188220496
1183,0.5,1628.7153168567631,3.2097203705689092,2.2487216879798173,3.919062909323581
1184,0.5,1629.6586689549479,2.733141537473118,5.8110839821083236,6.42174117439942
1185,0.5,1631.1948145515157,11.19204502138265,0.03642152239985873,11.192104283286056
1186,0.5,1632.7981835707087,1.2697866779600417,-4.801607637590887,4.966668311141377
1187,0.5,1633.5125168897373,3.470165623586019,-0.5481215918942869,3.5131875461778113
1188,0.5,1634.5168226620672,4.446823348366493,0.866761137930148,4.5305091062488065
1189,0.5,1635.7183663262138,5.621433431559864,-0.04020774324228619,5.621577224238368
1190,0.5,1637.089190173371,2.9519968554121894,-2.3778101236887825,3.7905496196040382
1191,0.5,1637.9946435860127,2.2430301685518885,-0.12358242940613637,2.2464320496938774
1192,0.5,1638.5996583042138,0.4854317797923565,2.875236881921461,2.9159271492946837
1193,0.5,1639.8212357298303,3.879847655589218,8.592173953102833,9.427548518621366
1194,0.5,1641.8998190085047,0.4356277618146571,-5.776033965009891,5.792438166421074
1195,0.5,1642.489779822378,4.636967124803229,0.01965506794254526,4.637008781337572
1196,0.5,1644.1520659597377,0.22084198535046282,-2.4474726273378216,2.4574160095639956
1197,0.5,1644.7137457746678,1.7552610042046577,0.17127942964345397,1.763597980238277
1198,0.5,1645.573760362766,1.8803667644501902,2.1177876215960465,2.8321023249583193
1199,0.5,1646.624866593179,2.836619850799086,5.06023263380774,5.801065978438811
1200,0.5,1648.2705982225316,6.1301208460340835,-2.4567003636503384,6.604071339994847
1201,0.5,1649.1185354092402,5.684736269403705,2.39667404754537,6.169300847166675
1202,0.5,1650.4169889830484,7.923479333919528,-0.6029298758426185,7.946385920041478
1203,0.5,1651.732693341396,4.986426641993195,-3.407373222964217,6.039424056692251
1204,0.5,1652.6710658996012,5.4796717848260785,-0.3960854431478923,5.493968196822101
1205,0.5,1654.2058967593712,0.8895966972519539,-2.337651551285424,2.501199124217969
1206,0.5,1654.7266523933217,1.890605255378054,0.9920846954126081,2.135092568141963
1207,0.5,1655.8227756767717,3.3514201197866913,2.148290145693284,3.980850081250726
1208,0.5,1657.114236399763,3.1123990601068514,0.3499107480870949,3.1320066157307016
1209,0.5,1657.5671011793215,-1.6952368821421528,3.792342342585655,4.153996693540222
1210,0.5,1660.019980337999,-0.9523774550772468,-7.009958214482531,7.07435770835279
1211,0.5,1660.8600568333009,2.1178020305425154,-2.706215499864006,3.436377128935966
1212,0.5,1661.8368928840966,1.813799078467367,-0.9659149990046471,2.0549595816831085
1213,0.5,1662.3772025492801,1.070793781480067,2.3630988371523225,2.5943853677908066
1214,0.5,1664.05726541811,4.475044447869232,-1.888284930753954,4.8571228922189835
1215,0.5,1664.968004486365,3.769704683622301,0.7704661067639582,3.8476345231058424
1216,0.5,1665.8776404144862,3.6137712385638587,3.760816139414346,5.2156572547619335
1217,0.5,1667.2411250517114,7.5192376348231775,1.0778021627381293,7.596090580749037
1218,0.5,1668.3682293274019,8.045644751414216,1.1219937039835735,8.123501051747203
1219,0.5,1669.669728452399,7.806128299180574,-2.8707599822673253,8.31726528968839
1220,0.5,1671.047182433303,2.3786471332845793,-4.204186985579979,4.830439979381072
1221,0.5,1671.9842593337262,2.597325607694517,-1.523426774778321,3.011134246508642
1222,0.5,1672.963370830781,2.2201666043813977,-0.2736477167924746,2.2369673274583515
1223,0.5,1673.6874453339053,1.4085901322291507,2.1797688023669033,2.595287689714838
1224,0.5,1674.6484620970098,0.6930664964290487,5.955817401358667,5.996007178681421
1225,0.5,1676.3624863239504,10.855371508524792,-2.095828267819735,11.05583948491855
1226,0.5,1677.6912271415265,4.9654781978161635,-4.7279640631765885,6.856356023112928
1227,0.5,1678.6303680910637,5.421156871305987,-1.3442940119892242,5.58534405511229
1228,0.5,1680.0779467168095,0.9420285702762486,-2.0837925305347116,2.2868338674964934
1229,0.5,1680.5047701128472,1.5372225628654013,1.5911948739189927,2.2124543689234706
1230,0.5,1681.812320174266,5.470696189159082,1.6328623052645637,5.709181736644369
1231,0.5,1683.2732892606668,3.144585908260966,-2.3999400880886537,3.955772106788815
1232,0.5,1684.1716568370643,1.8313985367018584,-0.03963127136882309,1.83182729478082
1233,0.5,1684.5588632525373,-1.1056722417266343,2.1947218397752724,2.457501792494027
1234,0.5,1686.4211219478382,13.102965206316831,-0.3637363876739022,13.108012868381978
1235,0.5,1688.0801426931766,0.254181028377661,-5.619325104584536,5.625070899659944
1236,0.5,1688.9338685097846,2.049732728945412,-1.9945482178091822,2.8600046946247817
1237,0.5,1689.7031542561797,2.8916557958685196,0.6407676426507504,2.9617995228658205
1238,0.5,1691.051559916893,1.982757056039479,-0.8674062494657733,2.1641901822359837
1239,0.5,1691.5151928920352,0.3409724820707265,2.4427209093798425,2.4664037939175647
1240,0.5,1693.0530209301971,6.471413406064818,1.7972041026982546,6.7163333790805
1241,0.5,1694.017564652608,6.4484077182161865,5.580277101555911,8.527687531241945
1242,0.5,1695.8325544741872,2.0078096259277918,-5.569088983356375,5.919970574125317
1243,0.5,1696.6549974397856,3.0775859017864113,-1.2482528274486955,3.3210947147150356
1244,0.5,1697.342514286564,3.006719496467033,3.298615658272693,4.463320220579828
1245,0.5,1699.229547187643,1.0314971492588243,-3.8645892437921514,3.999879547206775
1246,0.5,1699.966817266864,2.4022725154641096,-0.5696520218957593,2.4688897635585487
1247,0.5,1700.8203032450062,2.4871538653376892,1.4197165489437162,2.8638312501278533
1248,0.5,1701.8255509970475,2.922470008617215,3.292990738803742,4.402796719939988
1249,0.5,1702.9232497644905,4.65377719121965,6.010411964578169,7.601492888206939
1250,0.5,1704.2914124266797,12.12082088150146,2.7215671254622555,12.422609486731794
1251,0.5,1706.2560324315605,-1.338765680265702,-2.0830907466029425,2.4761988218315776
1252,0.5,1706.615665035026,1.9654342294243787,-0.016036904607663615,1.9654996546686028
1253,0.5,1707.9123124933244,2.0947815495904565,-1.1451248347909475,2.3873459380156006
1254,0.5,1708.5121161784032,1.5209160890880242,2.1736747464716957,2.652931897636199
1255,0.5,1709.7808422985804,5.1104919070591075,3.103164542872646,5.978859231681127
1256,0.5,1711.137603258593,6.035268605172266,-0.7040750832461764,6.076198553324776
1257,0.5,1712.1553976543223,5.130864129482544,0.8907920875541271,5.2076172342502
1258,0.5,1713.0553417275132,5.047095293955701,5.09476200207409,7.171455275189811
1259,0.5,1714.7171452554946,6.1712358201770625,-5.506535993002727,8.27079743377088
1260,0.5,1715.8252830398205,3.8452048775674252,-3.2058356325927453,5.0062943035412575
1261,0.5,1716.769983717395,4.20046618269957,-0.8658448917109929,4.288776460542647
1262,0.5,1717.9744850661584,3.237500479386773,-1.5270114042375391,3.579549298822561
1263,0.5,1718.9541524985837,2.5379613676117985,-0.12125056209899726,2.5408560766598476
1264,0.5,1719.724469321831,1.6058255565536284,2.1640960170990273,2.6948074679473195
1265,0.5,1720.4980709475865,-1.912885247209604,5.541567498819503,5.8624312629629
1266,0.5,1722.8446617399156,0.20061917993637537,-6.762788448967622,6.765763494303376
1267,0.5,1723.53282263126,4.278036423164725,-1.4712331505520715,4.523949891544712
1268,0.5,1724.7339587376582,3.427172033015475,-2.1562722744358096,4.049076223706341
1269,0.5,1725.6386280199738,3.5724563097093593,0.14313613736382907,3.575322648181791
1270,0.5,1726.6057007398854,4.271604741939168,2.1495330295493114,4.781955595410796
1271,0.5,1728.1665067609654,2.027203083723259,-1.9867297064227714,2.8384233773416896
1272,0.5,1728.644486480372,1.4624421457226164,2.4017469960719624,2.8119611773149478
1273,0.5,1730.0238725447791,5.846131875508754,1.7510297058479212,6.102734054225317
1274,0.5,1731.014193761857,6.136466747265474,4.6712446926329205,7.712117161891807
1275,0.5,1732.430169859257,10.143244188833794,-1.9080810477632852,10.321151871721682
1276,0.5,1733.84082502143,3.6919057143197516,-5.854267064847739,6.921171192073477
1277,0.5,1735.175466021101,-0.0738881110789376,-1.5875340966482892,1.589252642275517
1278,0.5,1735.6247153428706,1.11779826656243,0.29932924211200257,1.1571823365024714
1279,0.5,1736.305662733238,0.2017481760557122,2.469624605019672,2.477851491970489
1280,0.5,1737.8938847869285,5.76022386026067,0.9669165306470938,5.840813855752891
1281,0.5,1738.783237588816,4.713858431911385,4.927693991657715,6.819283642107989
1282,0.5,1740.1691156801405,10.523530080862155,0.5524573847882078,10.538021376179575
1283,0.5,1741.7791678087272,1.1201703724841117,-4.635364106149673,4.7687925159281095
1284,0.5,1742.467680720782,3.343948408731268,-0.4321759887258176,3.371760229537017
1285,0.5,1743.4264368587217,4.420983147081429,1.447149758582312,4.651809799480506
1286,0.5,1744.7215119376997,5.647026257537031,-1.0578104682594112,5.745247474223532
1287,0.5,1746.0974985956327,1.4755112848827683,-1.9170915859314157,2.419167976942781
1288,0.5,1746.5954566271282,1.5268406241448322,1.6550069696245457,2.251730525850019
1289,0.5,1747.7816955277524,3.4476197223684055,2.509703621721996,4.264351535573505
1290,0.5,1748.5639873810803,0.010920736728156263,7.242278395623021,7.242286629387064
1291,0.5,1750.8228184898392,-0.5284848251053867,-6.925469868146269,6.945605020800461
1292,0.5,1751.617794946251,2.716646507031095,-2.497035789494929,3.689899182658357
1293,0.5,1752.511511140666,3.563999974710581,-0.42186525616650283,3.5888808999599653
1294,0.5,1753.6613552431395,3.4910788723922366,-0.7578342551794335,3.5723863805006895
1295,0.5,1754.763369874253,1.896758865794776,-0.3361170885947172,1.926309656367967
1296,0.5,1755.1696940681427,-0.6022324900268851,2.3474114808746034,2.4234324072657527
1297,0.5,1757.046518460723,7.23437389507148,-2.4177332810857366,7.627686403632578
1298,0.5,1757.9840770328183,6.555474092171639,1.1797800597977792,6.660789860266575
1299,0.5,1759.2400856466818,6.523795703972747,-1.4504525788230225,6.683092328450029
1300,0.5,1760.2151662427623,7.127173014113759,1.2639001733601034,7.238372663888694
1301,0.5,1761.854899938728,1.0464082485044415,-3.8208912767220657,3.9615881122434864
1302,0.5,1762.4976888706606,3.0932344728511034,0.08226943531377288,3.0943283219499014
1303,0.5,1763.719121496287,3.1010227135702206,-0.8729354304125303,3.221545923271609
1304,0.5,1764.591476849092,2.609654545585175,1.1287211771737709,2.8432918146215505
1305,0.5,1765.4004939917838,1.2923373821376702,4.1540298383844325,4.350413751295231
1306,0.5,1766.6762435994779,7.068774948618671,7.4858211624553315,10.295877706659253
1307,0.5,1768.2959711363414,9.584890523945978,-6.721031842787382,11.706510811842756
1308,0.5,1769.9409520516358,-0.812003918148457,-1.3598916521785487,1.5838736277725407
1309,0.5,1770.2436773121974,1.2634112454603215,0.2281825912871639,1.2838517321412646
1310,0.5,1771.2129449835465,2.6941105226826774,1.7895520869191015,3.234304899082033
1311,0.5,1772.3280003635914,4.729317245350696,3.114922067140708,5.66296575051727
1312,0.5,1773.8949155107034,3.2258969750565516,-2.699154292858653,4.206167518101996
1313,0.5,1774.6604309900235,2.8025477696218224,0.8206413366818737,2.9202270809790227
1314,0.5,1775.3419875737472,0.3235280017997322,4.779291188222239,4.790229079049067
1315,0.5,1777.255860224058,5.5587236415707535,-5.246837345841604,7.643867519592146
1316,0.5,1778.0417347622492,6.642913196378174,1.1187874374822877,6.7364665118208285
1317,0.5,1779.552270809179,3.479186491739162,-4.923886549791009,6.029046143422114
1318,0.5,1780.6652284929987,1.5811968035192001,-2.240598969950215,2.7423470013113405
1319,0.5,1781.3556377228197,2.2849054822928148,0.5493526011444138,2.3500173070417785
1320,0.5,1782.4390673200203,2.486216194730609,0.8188759604902376,2.617599817697419
1321,0.5,1783.0848295199464,-0.25082966487908037,3.8341769365331033,3.8423727436866044
1322,0.5,1784.6079463966128,10.42404264619571,5.373166495157644,11.727386037578515
1323,0.5,1786.3422011793425,1.7347355728432368,-5.825183082997126,6.0779984746726985
1324,0.5,1787.0492730868164,4.414302024820756,-0.6100660905084628,4.456258857059912
1325,0.5,1788.215123479633,4.637932162983736,-1.3825832434626761,4.839623040438457
1326,0.5,1789.2421799636847,4.6977879362101165,-0.23634819834543577,4.703729580286524
1327,0.5,1790.4495623697835,3.682991392062503,-1.223541297556792,3.880912122276598
1328,0.5,1791.2544098187955,3.5220248238575165,2.1406222323488944,4.121519428741655
1329,0.5,1792.6161027351982,4.454963845135564,-0.7245602932701763,4.513500911714632
1330,0.5,1793.5253906524094,3.271177462096394,1.4213423627880588,3.5666253098388885
1331,0.5,1794.1784820072555,-0.7828424004177174,5.793041397788981,5.845696781427231
1332,0.5,1796.465140537431,-0.36501718675432926,-7.58415863063448,7.592937486984436
1333,0.5,1797.3763356711368,1.6176496712182773,-2.847279220102326,3.2747197461796804
1334,0.5,1798.1470674580758,2.801876854904325,-0.2594424419967725,2.8138628770353757
1335,0.5,1799.2316472097375,2.907929962545468,-0.053626480925877885,2.908424395875915
1336,0.5,1800.024724019739,2.3144549148150904,2.798309872321362,3.631423921031931
1337,0.5,1801.309636945288,5.364414016475509,2.1819332751339773,5.791180411392464
1338,0.5,1802.3012834914505,5.704001376368531,5.0250282139632105,7.60174586872913
1339,0.5,1803.796843813366,8.177324066371916,-3.154420816831802,8.764644863092123
1340,0.5,1804.904160974812,6.4695307877807275,-2.437531173129261,6.91349309929645
1341,0.5,1806.2896670194978,0.8428319984342533,-1.835081134761798,2.019378257965388
1342,0.5,1806.5783917509639,0.7999740453068406,1.9644621971174427,2.121101175585003
1343,0.5,1808.7144318654748,-0.3093078089234467,-2.038849221503696,2.062177846037352
1344,0.5,1809.1192737882873,1.5127496716085136,0.42519904682542836,1.571370675039126
1345,0.5,1810.1088929879859,2.1781216090576065,1.533695806813158,2.6639137695653665
1346,0.5,1810.8737191588548,-0.08590877553543493,4.641721117215104,4.642516047114391
1347,0.5,1812.4200770021055,11.599981470193004,4.254327977468591,12.355520088150602
1348,0.5,1814.0241403476155,4.066861805232418,-7.096113587080422,8.178887025971544
1349,0.5,1814.973082363496,4.499001016588761,-3.0581221748060354,5.439956009317272
1350,0.5,1816.3386112196747,0.4375065697728287,-1.737829187859228,1.7920553241375812
1351,0.5,1816.758023365351,1.27529029433745,0.9279980094670348,1.5771954984738192
1352,0.5,1817.7106085633425,2.0016953645982634,3.6694296459049083,4.1798921348403235
1353,0.5,1819.2603340994883,5.854590869881652,-1.0582707743288058,5.949468151482121
1354,0.5,1820.1878821868113,5.142066594305033,1.7833313508530746,5.44252878423286
1355,0.5,1821.3057083652038,6.367651480438052,2.017826288858871,6.679716184714354
1356,0.5,1822.4276714403027,8.032244609517196,2.204407133748729,8.329247521741706
1357,0.5,1823.7662658957734,8.250608383879776,-3.3505382679640734,8.904978685501662
1358,0.5,1825.2136768930134,0.8359716426198401,-3.6971091929921465,3.790443901731241
1359,0.5,1825.9156836149284,2.5352851975533923,-0.5076956134355513,2.5856190494415534
1360,0.5,1826.7954552714928,3.0823126416886586,1.4844974773402402,3.421167049610886
1361,0.5,1828.2112704999731,1.965068063196381,-0.8903321194305334,2.1573557369808163
1362,0.5,1828.621091758031,0.039898062342129795,2.3274299785466157,2.3277719304983804
1363,0.5,1829.8325297099398,3.044865474004182,9.432071456775796,9.911366087503145
1364,0.5,1831.9363799018151,0.012114454989074649,-7.6165705019745555,7.61658013622706
1365,0.5,1832.9849402437314,0.25166861384689015,-1.4874149100304712,1.508555668769492
1366,0.5,1833.2732390327303,0.932934979999135,1.2257735236306107,1.540418257532606
1367,0.5,1834.7215597486086,5.3171087062765725,-0.25959732516020084,5.3234420975147705
1368,0.5,1835.8837544376925,4.409111425241732,-0.9219548738061145,4.504471594930089
1369,0.5,1836.8276725159576,4.293735781735304,1.1231073677287629,4.438190748807527
1370,0.5,1838.0869433056446,3.266275180044529,-0.5869566617601566,3.318594834347746
1371,0.5,1838.6402887076508,0.7082831707771013,3.933296418168799,3.9965592405449923
1372,0.5,1840.1955634733574,10.274430851509752,1.2156182655196734,10.346093808289217
1373,0.5,1841.4785825706433,8.888121776156972,-3.596256231041979,9.58810552648979
1374,0.5,1842.8759552786673,1.7795605987514875,-4.745133262881132,5.067852169028779
1375,0.5,1843.7710577430692,2.500361580455558,-1.7592887370594088,3.0572708243402817
1376,0.5,1844.759043650096,2.0108865016237454,-0.5747621364072404,2.091414840690388
1377,0.5,1845.4175341464245,1.2780475617787213,1.957067374874265,2.3374170102841685
1378,0.5,1846.3532534205165,0.5458696291441081,5.687237483410428,5.7133741208440485
1379,0.5,1848.3309806223838,2.2397482971970692,-3.5162128668238135,4.16895974550181
1380,0.5,1848.7227609108909,2.1446632459421995,3.527050324920788,4.127912842226586
1381,0.5,1850.6011840476515,2.295945540496704,-5.467680761773544,5.930168533658654
1382,0.5,1851.4003619945897,3.7392109874740016,-1.171255671948141,3.9183591792888244
1383,0.5,1852.3422047333863,4.455846514970126,0.7206513634707032,4.513746398795972
1384,0.5,1853.5193429209894,5.481565450402646,-0.24710437056838902,5.487132252552508
1385,0.5,1854.8556321159867,2.5442921426287604,-2.15790753530003,3.3361635808136114
1386,0.5,1855.5929349370554,2.403119386360726,0.853683110295579,2.550246583745714
1387,0.5,1856.3891791535239,1.3493510465341858,3.6680058193235507,3.9083263601411713
1388,0.5,1857.4980748148803,3.520991144720937,9.212616476813,9.862539276983876
1389,0.5,1859.4952715687944,2.1466233048598786,-8.908622280649753,9.163598777350348
1390,0.5,1860.5413881093368,1.5001301235782218,-3.5323656045583447,3.837707278041624
1391,0.5,1861.3796715472329,2.287090479029955,-1.0020078440472076,2.4969586658175986
1392,0.5,1862.1214649289443,2.5005677821485266,1.7766852651070881,3.0674826428796376
1393,0.5,1863.4254648450965,4.325303243454383,0.20860511460778688,4.330330731211824
1394,0.5,1864.3539813357463,3.8651629616122323,2.353688604282541,4.525409900301688
1395,0.5,1865.367433794058,4.846236676662118,5.027371698322282,6.982870192071235
1396,0.5,1866.8365470186081,8.490015403709261,-2.0509680193922173,8.734233301886903
1397,0.5,1868.0851909986093,3.802398922856355,-2.894294737456992,4.778616912435062
1398,0.5,1868.7067456844081,3.8966146944191413,3.425277204378513,5.188075751528524
1399,0.5,1870.4214717683108,3.2533200085341827,-5.302498903145206,6.220979480418253
1400,0.5,1871.416043098407,2.6447667333573537,-2.2805127295364,3.492209813778561
1401,0.5,1872.4415664281928,1.4550071502305106,-0.7781573261207515,1.6500226154260156
1402,0.5,1872.8656676379676,0.24967198240000424,1.9335650178484738,1.9496178541044695
1403,0.5,1874.5083614126602,3.2468407701041113,-0.3122800742401903,3.2618236971328964
1404,0.5,1874.9137740100396,-1.2434598853319614,3.7544792560366096,3.955035647176772
1405,0.5,1877.0950641673398,3.468053161028594,-8.499779593934129,9.180067857765511
1406,0.5,1878.0222514827535,4.209986826842203,-3.433938214889651,5.432855671363304
1407,0.5,1879.1533030904613,2.5743193248005762,-2.4780676859211335,3.5732253556203557
1408,0.5,1880.0823254189943,2.0394620270603236,-0.5708332957745788,2.117842300877445
1409,0.5,1880.6117664796568,0.5896759114889778,2.7480502102041418,2.81060449697096
1410,0.5,1882.3219747973847,5.669154860129724,-2.2297585648532534,6.091891338957788
1411,0.5,1883.4087242695184,3.0744385664664793,-1.0593452800150145,3.251827935372127
1412,0.5,1884.0057783496673,1.6263874893611743,3.25345207002613,3.637318605443831
1413,0.5,1885.198075130258,6.356375822298527,7.2157930684564615,9.616193800100204
1414,0.5,1887.0538948068902,1.7798155446747896,-6.485073990621703,6.724873830556534
1415,0.5,1887.8088414168321,4.444249516075965,-1.4475260531781873,4.674043799085656
1416,0.5,1888.9381826365795,4.4483441136906645,-1.8548828794539325,4.819580464137693
1417,0.5,1890.3481286142446,0.3181538497821946,-1.0486590155150477,1.0958592988847702
1418,0.5,1890.6121285879333,0.45986349145977895,0.931168813264005,1.0385325173402487
1419,0.5,1891.6785105397287,1.5347643574894119,4.076447739076096,4.355792442534252
1420,0.5,1892.867701335791,5.483319424321427,7.808204541244249,9.541218479159147
1421,0.5,1894.5585375724297,7.4259310015957976,-6.590247153003755,9.928535077146863
1422,0.5,1895.6971556535846,3.5668821186157147,-3.9358166489729847,5.311619408658104
1423,0.5,1896.5854943471688,3.9514500305285347,-0.9210921936224441,4.05738440043782
1424,0.5,1897.513692859712,4.709273802059742,1.265334747585585,4.876303083916513
1425,0.5,1898.8293728186795,4.972285353747068,-1.8301941402895778,5.298417898791857
1426,0.5,1900.006144829144,2.32801863517616,-1.4975113426323765,2.76806990284568
1427,0.5,1900.5718842724148,1.6884113588152487,2.382400401516158,2.9200281830353463
1428,0.5,1901.8913057506002,5.145628654190737,1.7471591602711292,5.434156731098955
1429,0.5,1902.80505920668,4.56464838125434,5.289235087550281,6.986560144725078
1430,0.5,1904.0893253233517,11.719548052369818,4.034358690541746,12.394509130891587
1431,0.5,1906.1027561981819,-1.8746903223314206,-2.1861022337515594,2.8798449230916314
1432,0.5,1906.5976780037663,1.4202694176351522,-0.8753151336047674,1.6683350388297988
1433,0.5,1907.33278012391,2.0563852307103314,1.0930884479680467,2.3288543475633627
1434,0.5,1908.4330630450518,3.439145328621292,1.815132890032197,3.8887566136046994
1435,0.5,1909.4659300259823,4.235442952268585,3.39060346165112,5.425418770572663
1436,0.5,1910.7336596158916,6.4884901597591975,1.2669236386427054,6.611021105657099
1437,0.5,1911.7046909431722,6.747803809983513,4.215786269816006,7.956488555311141
1438,0.5,1913.1824897758831,7.2739634721365825,-4.215135422888227,8.407015595754798
1439,0.5,1914.352300051674,3.457005048859799,-3.085329282650899,4.633588316869039
1440,0.5,1915.0546293333473,4.375473004589206,1.8730649060684346,4.759531085751415
1441,0.5,1916.6063718395194,2.735565026363414,-3.3907191244774455,4.356637716698482
1442,0.5,1917.3447040415663,3.6710688062995445,0.5090861270216719,3.706199517742061
1443,0.5,1918.7864989098568,1.1656772627410872,-1.3136393605059413,1.7562607580715377
1444,0.5,1919.2077783978052,0.7058064270821892,1.3576390055204521,1.5301458694585586
1445,0.5,1919.9374573712173,-2.504487874861502,3.8683651416940905,4.608330325052906
1446,0.5,1922.1016256219937,7.274695862009304,-9.27203303708156,11.785236379702665
1447,0.5,1923.2808379364174,2.1103290173030875,-4.574986678927584,5.038252839391475
1448,0.5,1924.0558311014408,3.8924830423370653,-0.8503751596573577,3.984289415572605
1449,0.5,1925.2319879754066,3.3548429298747218,-1.5794728965507892,3.7080595619635
1450,0.5,1926.2115830798941,2.539956957392185,-0.2615309675258388,2.55338594661676
1451,0.5,1926.8200927948715,0.9190808920113474,3.2718562934434634,3.3984927969624965
1452,0.5,1928.4175185495194,6.715823093155686,-0.9123170214249227,6.7775070760674865
1453,0.5,1929.4875601805766,4.898941134389125,-0.2815750157541418,4.907026464948681
1454,0.5,1930.2583871803872,3.883872556662276,4.667569608239035,6.072122535337299
1455,0.5,1931.7600694365246,8.772866681355325,-2.5452789711522135,9.134639284056272
1456,0.5,1932.8757545499468,7.566261876551366,-2.6462097298086,8.01565622508153
1457,0.5,1934.4164363691518,-0.09577008079421198,-2.548894556611237,2.550693115429162
1458,0.5,1934.9079434343657,1.9518567594718361,0.24549782615012553,1.967235113589714
1459,0.5,1935.9248488037456,2.860196431612188,1.0543604269324978,3.0483437367344868
1460,0.5,1936.873093814279,2.9396297188805507,2.894779771581318,4.125672407024355
1461,0.5,1937.96863349802,4.54330847039358,4.493672526485355,6.390206931895032
1462,0.5,1939.050029150544,7.331905351035833,7.89446700569995,10.774017142209912
1463,0.5,1940.97732670586,0.07040530552735387,-6.6860838358998995,6.686454513995314
1464,0.5,1941.8228622157803,2.1382703356918724,-2.397667565188421,3.212632842647352
1465,0.5,1942.6335686922462,2.6421613672098023,-0.06635856213514697,2.6429945420194527
1466,0.5,1943.3679474492528,2.1722278366948915,3.4661541305567507,4.0905743155806125
1467,0.5,1945.153796306368,2.413462701469515,-3.507695180551858,4.257784364085534
1468,0.5,1945.9227169494834,2.5897554543630803,-0.08182337082266036,2.591047737386578
1469,0.5,1946.6099453618774,1.4836152347989602,3.2205946198620183,3.545891125008177
1470,0.5,1947.9170477377036,6.528249121735382,3.8402313658677305,7.573995876605236
1471,0.5,1949.0300300736064,9.348788034585786,4.8763358243576835,10.544121053341929
1472,0.5,1950.7432015528632,1.851358503196509,-6.4778111268888,6.737177844097806
1473,0.5,1951.536695873055,4.254429448501897,-1.938188024754739,4.675119544095405
1474,0.5,1952.8501292118658,1.2290303337355728,-2.1659589585820487,2.490360169032585
1475,0.5,1953.4485563251358,1.9424181120042465,0.7525887066288516,2.083117347435672
1476,0.5,1954.4185881752142,2.4378832400403216,2.1702111763517675,3.263907358065118
1477,0.5,1955.3158092837184,1.5948983650708406,5.6109679719551755,5.8332377267871065
1478,0.5,1956.8481645782156,10.712676251824256,0.39609475823592155,10.719996433483612
1479,0.5,1958.3144035551204,2.431432027883753,-4.055538239051133,4.728557085901032
1480,0.5,1958.8518834631948,3.815074867882771,2.433203518666616,4.524961393294129
1481,0.5,1960.4188452693818,4.104987733289984,-4.142215258226833,5.831712573159657
1482,0.5,1961.3592778800144,3.726413872057493,-1.355610352191552,3.9653297180475953
1483,0.5,1962.2335718485797,4.242042507701972,1.2282408614751434,4.416276740756588
1484,0.5,1963.621184573202,3.063061615721327,-1.9290012401468046,3.61986080480911
1485,0.5,1964.3573909380957,2.7953556518277534,1.4019734458305702,3.127226049235873
1486,0.5,1965.3778295051038,3.1450363984119747,2.51790461351372,4.028783636544638
1487,0.5,1966.1176585740745,-0.8585523685443848,7.092536133332744,7.144311091502368
1488,0.5,1968.4716020194205,-1.9414886915331642,-5.16015512123417,5.513309279783821
1489,0.5,1969.0476175465278,3.3021594591698005,-1.5720884313995802,3.6572830256797166
1490,0.5,1970.3050095170338,1.4450231261076645,-1.8832822761369195,2.3737826283376124
1491,0.5,1970.855547579946,1.8455188143953596,1.382602927277813,2.305977135360286
1492,0.5,1971.9703128048113,3.92958922249662,2.5766503171537365,4.6990209953191355
1493,0.5,1973.1826634059387,5.787733943471812,1.3975576441079776,5.95407688638805
1494,0.5,1974.34720191012,5.062558181205859,0.1548717254450558,5.0649265137252195
1495,0.5,1975.080610302267,3.198910965612813,5.755560028657496,6.584793285244251
1496,0.5,1977.17394369804,-0.22092579608499416,-0.8893116494256904,0.9163424126275235
1497,0.5,1977.2714461997466,0.44769975446930543,0.7749165208719285,0.8949473082098914
1498,0.5,1978.8014481677315,7.74004522659752,-1.6640928326771671,7.9169125968108665
1499,0.5,1980.3717722870513,-0.04165153457764796,-2.5647035294542966,2.565041723701195
1500,0.5,1980.9100430910241,1.7592061296169152,0.0108036118573971,1.7592393027984827
1501,0.5,1981.7487688972635,1.8986491421059153,1.7158521089459735,2.5591047310717614
1502,0.5,1982.6632791952766,1.5142826500570006,4.487852511034638,4.736440868950393
1503,0.5,1983.9238046222606,7.321704174406631,6.959391170813789,10.101508673753857
1504,0.5,1985.4165401745267,10.670765103115682,-4.435839873605276,11.556033197864132
1505,0.5,1986.7571077164152,2.8215490887499333,-5.69152486276339,6.352526625184612
1506,0.5,1987.8734733607243,0.7162338777360098,-1.7495854446305257,1.8905132096020265
1507,0.5,1988.2518768073558,1.248220385789011,1.4798931610640857,1.9360108211638487
1508,0.5,1989.7020027080216,4.131652957919049,-0.6788125559453583,4.187044620109785
1509,0.5,1990.478352526427,3.509457254265583,3.2278099577657033,4.768128285078827
1510,0.5,1992.001706393528,4.160704359916174,-2.2784586405363485,4.743715268358779
1511,0.5,1992.7849878751576,3.454819475850686,1.400130805785381,3.727753195160113
1512,0.5,1993.57749313826,1.972522199258533,5.826653537351802,6.1514823636991744
1513,0.5,1995.1687396118884,12.121746854617621,-2.4192424672207236,12.360804218279505
1514,0.5,1996.796176966188,-0.6641897876661383,-3.8133129072894594,3.870723886166563
1515,0.5,1997.3909140596115,2.4200263083271074,-0.7884579409425478,2.5452295098145257
1516,0.5,1998.2790069259847,3.324804364446543,0.9132349508977358,3.4479446250460537
1517,0.5,1999.5457641762675,3.307328232548462,-0.809980534936575,3.4050680616968987
1518,0.5,2000.4345153024321,2.1678458269140033,0.7679929615216189,2.2998627607349107
1519,0.5,2000.9296206891845,-1.6269399123781445,3.0908012810178467,3.4928478405493943
1520,0.5,2002.8964083743617,10.566138162498397,-5.385136813306393,11.859299058841241
1521,0.5,2004.13966923327,3.869531210921408,-5.011871074502704,6.3318341307816794
1522,0.5,2005.0778481240989,3.6171337330527913,-1.8655860449076922,4.0698977547037645
1523,0.5,2005.9009348857858,4.255464056381153,1.281715614230708,4.444296260479801
1524,0.5,2007.125180170301,5.8650696941563325,-0.561970965666704,5.891931252447148
1525,0.5,2008.4182403302623,2.908205345220409,-2.363363296187011,3.74741836465219
1526,0.5,2009.1766341229495,2.9679908224896483,0.8284431405781646,3.0814424478730396
1527,0.5,2010.1533247675593,3.2202082900841353,2.189333129212544,3.8939595506623053
1528,0.5,2011.02070507365,2.1061865435419933,6.074190966303948,6.428982629571016
1529,0.5,2012.5389354774218,11.859260827610326,-0.007589852343015102,11.85926325633896
1530,0.5,2013.8720977139908,7.122748762059009,-6.060031177898857,9.351872957034828
1531,0.5,2015.1867286087063,0.8735974008586553,-4.009146738556745,4.1032219035859105
1532,0.5,2016.0296380323755,1.740942556568174,-1.3146667677156507,2.1815658815186048
1533,0.5,2016.8000756558458,1.703737552436158,0.47451684674498246,1.7685835816907132
1534,0.5,2017.3867672519616,-0.4410708858956686,2.930843146469284,2.9638463313051107
1535,0.5,2019.264600216064,4.460233169458533,-2.7827063781004577,5.257103262506747
1536,0.5,2019.8843671397553,3.5320161835989956,3.599824232603374,5.043200653042042
1537,0.5,2021.1960427688928,8.984192302723851,1.3595480894587857,9.08647799424362
1538,0.5,2022.5456176846883,6.069382598151012,-4.191399769517501,7.375990587754956
1539,0.5,2023.5729117771007,4.736453622156232,-2.1655507613201337,5.208032547391683
1540,0.5,2024.4882621579513,5.401859270726193,0.37711823910080183,5.415007086513647
1541,0.5,2025.8789062024816,2.8911845966807723,-3.004205597831287,4.169436370317336
1542,0.5,2026.738258912152,2.8085967404207,-0.4096234996278124,2.838310599943057
1543,0.5,2027.5733170559974,2.6089148158803965,1.7276303785230718,3.129080254853815
1544,0.5,2028.5824593540399,2.970243321414063,3.1301690196581813,4.315124966907993
1545,0.5,2029.3854795509667,-0.5060255038623573,8.058168939700858,8.074041644140735
1546,0.5,2031.7505506906186,-2.503308460877876,-4.727090342079698,5.34901265211496
1547,0.5,2032.4207808562865,1.5803372415696613,-1.8092649407455368,2.402270888743182
1548,0.5,2033.0178927456698,2.4857760430095373,1.5700061620483994,2.9400683469725832
1549,0.5,2034.5548287889562,2.158093548926543,-1.957327789747089,2.9135030191222704
1550,0.5,2035.0774400963041,1.8518867308002067,2.307580646748753,2.9587857146071377
1551,0.5,2036.5275264833704,4.344931756075363,-0.679779025405805,4.397787112666301
1552,0.5,2037.217111094341,2.762572178818717,4.237402264948379,5.058397275637101
1553,0.5,2038.8417382508678,4.417787749072137,-2.7823015174777437,5.220924279283393
1554,0.5,2039.4432187401044,3.5361596829511615,3.9494213306710657,5.301165357776426
1555,0.5,2040.8391196731382,10.235618967023246,-0.5536028235307456,10.250579092144367
1556,0.5,2042.3445862506042,1.6908981389865536,-5.373919404259791,5.633661889029914
1557,0.5,2043.217116563324,2.596533467064358,-1.9649093983543355,3.2562025412013993
1558,0.5,2044.1215932916675,2.72077932737973,-0.3342535773153085,2.7412343209300762
1559,0.5,2045.0373208598148,2.532643722899355,0.9840061139738777,2.717085250683069
1560,0.5,2045.8027604315619,1.1030403403048432,3.941945042543781,4.093363984643354
1561,0.5,2047.098336345607,7.18070540909225,5.944075716713481,9.321725500045021
1562,0.5,2048.454094066161,11.32996619549642,-1.0177617431328978,11.375586708248349
1563,0.5,2049.847525605716,4.063315560936399,-6.059567339909031,7.295813161988189
1564,0.5,2050.9060553846844,2.2858910082558666,-2.8915087817190726,3.6859355306873636
1565,0.5,2051.7183881962565,2.6314621174224997,-0.2940603837740508,2.647841457628279
1566,0.5,2052.407790192401,1.9763540199095182,3.328160009947664,3.870739498316484
1567,0.5,2054.059916898486,4.68402094730044,-3.244578140473336,5.698011894019415
1568,0.5,2055.180267326167,1.4555446085356425,-1.2450412002034874,1.9153949194986704
1569,0.5,2055.572602899049,0.5295682166914059,1.893643255719512,1.9662978604630859
1570,0.5,2056.620866689894,1.2411304048153982,7.399674651769557,7.503038693342728
1571,0.5,2058.450651118906,7.646105193370658,-7.155816251225005,10.472279162120614
1572,0.5,2059.4480217437713,6.558581675980101,-3.5754494784135953,7.469861616736283
1573,0.5,2060.868247208108,0.26910786317996804,-2.6866954528862945,2.700139162818313
1574,0.5,2061.3670592020317,2.2025448463654747,0.5059304676151316,2.25990474098188
1575,0.5,2062.5726509199785,2.79988187749679,-0.3516581285276378,2.8218791553315157
1576,0.5,2063.283559498381,1.8212764048241976,2.5856931117784914,3.162729297785078
1577,0.5,2064.304867699634,2.839260866810734,6.1744877602745225,6.796006281014074
1578,0.5,2065.8326722819115,9.914424716556503,-1.4524230230931214,10.020247007847535
1579,0.5,2066.9852293779854,7.62645838359186,-2.7304164669133653,8.100496377349367
1580,0.5,2068.3456385273703,1.0413628349976627,-2.2953098314124736,2.5204927645786106
1581,0.5,2068.669941082813,1.286118084437241,2.2777133947098385,2.6157366143320195
1582,0.5,2070.504717593446,2.14565366491348,-4.432179633860564,4.924230493850284
1583,0.5,2071.3770831697584,2.1728863508759693,-1.2076931344425503,2.48595209141342
1584,0.5,2071.9904548147606,1.908648262468646,2.1994529738511517,2.912135225913669
1585,0.5,2073.3976037157686,4.138312893596793,-0.34083510104794,4.152324911590592
1586,0.5,2074.1710649021525,2.78398035346994,2.963773553991333,4.066263676625635
1587,0.5,2075.0280655448323,0.8040949822477708,8.205273626082654,8.244579068658608
1588,0.5,2077.117570136877,1.1702663039678451,-9.27101433073468,9.344582919686161
1589,0.5,2078.155484639214,0.8849131409512495,-3.3721813431140313,3.4863560170864014
1590,0.5,2078.939288114877,1.870175357476297,-0.894673564767237,2.073161029733318
1591,0.5,2079.567628461893,1.717173332356571,2.046187118979373,2.671248019041601
1592,0.5,2080.9103434575613,4.714879197301319,0.5624720735785604,4.748311350227626
1593,0.5,2081.7996865635773,4.379438218201667,3.5410868607386985,5.631942405808288
1594,0.5,2083.300276858828,3.4140284286196474,-2.0130996568465527,3.963352159450236
1595,0.5,2083.779992550167,1.4851318864849354,4.017274016498256,4.28300212980175
1596,0.5,2085.3898136922858,9.043589096752685,-2.9346150506362085,9.507810959749072
1597,0.5,2086.5803185343816,5.09064192729859,-3.693723093224707,6.289533012982108
1598,0.5,2087.473340987858,5.639408953567771,-0.442905079706818,5.656774545198919
1599,0.5,2088.7122811987324,4.723645441912592,-2.7899661650056937,5.486049349283889
1600,0.5,2090.0362067570168,0.524516477036347,-1.5065424914966985,1.59523910852502
1601,0.5,2090.4475500274157,0.9955766760217485,0.8582616547020671,1.3144527324215365
1602,0.5,2091.221580661131,-0.11404287564199589,3.2861629178752776,3.2881411922700723
1603,0.5,2092.4732181100717,4.656888759845111,9.436643701420856,10.52315814141067
1604,0.5,2094.335917468632,3.4033547602374945,-7.727567891777351,8.443821951347593
1605,0.5,2095.1382566602947,5.522208198429595,-1.9836836329095906,5.8676898471439705
1606,0.5,2096.3465299792524,3.601703311959411,-3.1157139091903723,4.762346051191759
1607,0.5,2097.371606357193,2.2649926985992908,-1.3874136594017306,2.656145437848349
1608,0.5,2097.951922199887,1.874442561121587,2.391312620356993,3.0384059905191543
1609,0.5,2099.3116512650613,6.040962496071814,0.5863921860440171,6.069356116986356
1610,0.5,2100.593745236861,3.047371566205879,-1.614775124169688,3.4487638603066615
1611,0.5,2101.1354894591086,1.7332210477637695,3.2428341258892255,3.6769591197677296
1612,0.5,2102.535100215298,6.938489530255144,1.0755660399783584,7.021358790705328
1613,0.5,2103.390454808714,6.352059796083664,6.661854211654327,9.204833794825353
1614,0.5,2105.3722065918,-1.1778696675359102,-4.828554076240214,4.970141992023683
1615,0.5,2105.9947043392863,2.8407175588404328,-1.4725286793831267,3.199690135108424
1616,0.5,2107.172362432443,1.3360259368361123,-1.271475918051812,1.8443471240752132
1617,0.5,2107.6179114075144,0.9278224839868341,1.7591015539288954,1.988791803791074
1618,0.5,2108.938384889015,4.569905475555583,1.863853687054497,4.935381102028448
1619,0.5,2109.9631431812677,4.560096896660388,2.787653054896439,5.344669611997093
1620,0.5,2110.8223718481318,3.190489438423894,8.000342195688493,8.613053936021078
1621,0.5,2112.907087523191,-0.798760847791297,-4.945018332210772,5.009114212898812
1622,0.5,2113.4839664484307,3.1463365098038407,-0.8623541382923623,3.2623746095067894
1623,0.5,2114.39613732589,4.291938517708207,0.9614650333543648,4.398312318395595
1624,0.5,2115.506602794684,6.051478648772808,0.7980576544967519,6.103874986961482
1625,0.5,2116.900056068395,3.068251567435589,-3.046785377465276,4.324010732804346
1626,0.5,2117.722399441363,3.0804585585392448,-0.1026933861623029,3.082169830239593
1627,0.5,2118.6186462170294,2.9000142675622094,1.5842726398420401,3.304542714115895
1628,0.5,2119.456428468939,1.856599304919497,4.822387361439034,5.1674346481396825
1629,0.5,2120.691562591844,8.488738769936797,7.905266039264861,11.599651591999754
1630,0.5,2122.4651511749285,2.429241314466142,-7.873680913203263,8.239906825131614
1631,0.5,2123.3440423034626,3.783289442789493,-3.1141384694375285,4.900116061355399
1632,0.5,2124.3703687375687,3.381490432175335,-2.005424829346604,3.931438196010868
1633,0.5,2125.512400029152,1.3459077490397255,-1.178281040516957,1.7888023589449182
1634,0.5,2125.9587848403735,0.795494751531447,1.6545537684649683,1.8358540444315574
1635,0.5,2126.975711192558,1.5543453222817019,5.659548509419979,5.869112259224296
1636,0.5,2128.752290554263,4.390282187162929,-3.9283730568274224,5.891238626683504
1637,0.5,2129.4060802283284,4.499386870279718,2.5009425016086144,5.147736940131836
1638,0.5,2130.555102283236,8.297444536608332,2.583191854473508,8.690251204373192
1639,0.5,2132.080620992943,3.1412312596809295,-4.901900700088086,5.822024072461458
1640,0.5,2132.798516467884,4.917202762968294,0.24138179912648405,4.92312382386352
1641,0.5,2134.154933985038,3.059654150194817,-2.9180152347201442,4.2280369474335515
1642,0.5,2134.950772504316,3.5299555270624037,0.21473525460492252,3.536480913649705
1643,0.5,2136.086897524703,3.3242110968748633,-0.3626107638397682,3.34392972154596
1644,0.5,2136.9674705484717,2.312567788235642,1.164494859587016,2.5892118594641254
1645,0.5,2137.509940525911,-1.822153707196548,3.713704036281696,4.136646202147953
1646,0.5,2139.380759985201,14.23672985732178,-4.168923209778938,14.83456766337971
1647,0.5,2140.949362639097,-0.7239772093929544,-4.9389240447953995,4.991704490449986
1648,0.5,2141.71003596039,1.6574316230876438,-1.6815195083372305,2.361056425020297
1649,0.5,2142.3550431960352,2.2792652579428028,1.1527971664037022,2.5542105283107492
1650,0.5,2143.374444180538,4.0072244214571775,2.9665586336230576,4.9858116381033
1651,0.5,2144.8953374313605,3.0459417309856156,-2.3470965380303292,3.8453378508778138
1652,0.5,2145.505753734181,2.699468431494424,2.2957205371527403,3.5436510264612444
1653,0.5,2146.6258944755114,5.333427573613749,3.4878950916379488,6.372665208000145
1654,0.5,2147.7853673456307,8.150003266340123,2.8696131200759964,8.64044169590114
1655,0.5,2149.1518493828894,6.078198638227769,-3.370620674515395,6.950221753097129
1656,0.5,2149.910639858102,6.710979771737773,3.0086078431980194,7.354520422898165
1657,0.5,2151.776885116465,-1.0055225595045323,-3.121609196001638,3.2795608837517465
1658,0.5,2152.3902265969195,1.4644301610563137,-0.8593185940010554,1.697935258661935
1659,0.5,2153.0119641653864,1.5442521537825156,1.578999017548958,2.20860875029565
1660,0.5,2154.2636239523204,3.2955916305213475,0.9659702145983817,3.434242660420722
1661,0.5,2154.9353458482256,0.4920271180909758,4.683897041557181,4.70966900969113
1662,0.5,2156.3947272556816,10.974417861921776,3.978740931457934,11.673398254481276
1663,0.5,2157.856489565353,6.322399254896895,-6.229058781487029,8.875466502755868
1664,0.5,2158.8780722910833,4.6640040719591465,-3.322620138631928,5.7264944397854745
1665,0.5,2159.9022860171704,3.8573883116462344,-1.9495191827700422,4.322044612311789
1666,0.5,2160.853062328184,3.653375722103683,-0.37655629186273853,3.6727304295031
1667,0.5,2161.6921721892095,3.8836222621854573,2.591549021969399,4.668902248774655
1668,0.5,2163.107122285732,4.742876807774971,-2.0186605700959324,5.15459706582287
1669,0.5,2164.0497203563573,3.81143654277295,-0.05322123876983491,3.8118081037535476
1670,0.5,2165.0114371743143,2.744928636222674,0.9048169755469047,2.890212271995453
1671,0.5,2165.5039490233758,-1.8958817793547105,3.919945781373721,4.354347557349874
1672,0.5,2167.6934442547467,3.5264229479174,-10.064444664513328,10.664366142094392
1673,0.5,2168.890615851854,-0.046033133590085804,-2.3705042774037928,2.3709511970046537
1674,0.5,2169.263829283365,1.9975139817319836,0.9916977235635303,2.2301404624229058
1675,0.5,2170.787074973016,1.8030619438503996,-2.048287019193245,2.7288298016470596
1676,0.5,2171.3963619264946,1.9795443268243205,1.112306296165782,2.2706433093624354
1677,0.5,2172.250962827516,1.6910324721274501,3.8377931371715395,4.193834401297987
1678,0.5,2173.5282969693167,6.980402046542647,4.4129179030866625,8.258320480022531
1679,0.5,2174.7450208034766,10.046155954030768,1.5034251299555537,10.158028183367563
1680,0.5,2176.2041194662156,3.3528307726338764,-4.951951089146364,5.980241949889531
1681,0.5,2176.9394516989773,4.744123099119403,0.07588108959897695,4.744729910053577
1682,0.5,2178.004209154761,6.153471204196187,0.2722378720005226,6.159490345785359
1683,0.5,2179.232185029747,5.662064413958625,-2.428300637533586,6.160813048134365
1684,0.5,2180.495318259279,1.7540408859875207,-2.4930395523846465,3.0482627248106624
1685,0.5,2181.2523670106816,1.6664034041942157,-0.050507302365639176,1.6671686456691552
1686,0.5,2181.7257830298195,-0.3681857656584495,2.3443244062356574,2.373060825117145
1687,0.5,2183.3305840172798,6.848981346182141,1.202747112673661,6.953786457563661
1688,0.5,2184.1031907606807,4.385548021674753,7.738435711734479,8.894741070714923
1689,0.5,2185.965528320683,2.986602596119344,-9.047177321002772,9.527392746434552
1690,0.5,2187.0856909593726,0.6142974957772525,-3.324092900222207,3.38037794079684
1691,0.5,2187.798455877828,2.0709374194614623,-0.7145155283451499,2.1907337208278075
1692,0.5,2188.5587632030883,2.224430761953557,1.4712188001785451,2.666941501556433
1693,0.5,2189.4970729026054,2.836190638913677,4.226934911990211,5.090280551252874
1694,0.5,2191.0933630457494,4.222492108245267,-2.593872562696424,4.955563991686806
1695,0.5,2191.778017400508,3.67237317646276,2.4407798369643414,4.409504616137152
1696,0.5,2192.826770539861,6.020528460287137,4.653778305392425,7.609495085540734
1697,0.5,2194.2315300504497,8.238611203876589,-2.66692101230844,8.659513973343604
1698,0.5,2195.2316876812556,7.995323473795511,-0.8014214258293255,8.035388836416308
1699,0.5,2196.7159776667586,0.9795039569086351,-3.5935049974644935,3.724608189917694
1700,0.5,2197.258747040206,3.1528786494194225,0.7963932104325283,3.2519049684128025
1701,0.5,2198.6875126843674,1.9738745150304524,-2.0138645503901476,2.8198991167069813
1702,0.5,2199.3029653209696,2.087541074255803,1.2614094521651522,2.4390534112062126
1703,0.5,2200.3510209132633,2.495785050142962,1.7639129202376687,3.056195642739268
1704,0.5,2200.915953025552,-2.551358441630749,4.342710377996984,5.036721485732876
1705,0.5,2203.277453730646,-0.698555172528349,-6.693237721526411,6.729592151529703
1706,0.5,2203.9063645837737,4.076401615698786,-1.6087852157140885,4.382378350025463
1707,0.5,2204.99780175483,3.8414113653506714,-1.772951135033478,4.230815170278868
1708,0.5,2205.855761245544,4.374209616419443,0.8640511898779704,4.458732356523082
1709,0.5,2207.172161914952,3.0881224662261886,-1.7734318320611981,3.561117918488358
1710,0.5,2207.8027413367367,2.664410097784145,2.594779656975324,3.7191346624486585
1711,0.5,2209.1537444002633,5.619351126043591,-0.25957938413172627,5.625343414799986
1712,0.5,2210.2080149892504,4.036927240684208,0.020110835799765678,4.036977333636489
1713,0.5,2210.850941099296,1.5881176332775113,4.974992471344852,5.2223239756898385
1714,0.5,2212.3435684000365,11.678043312150297,0.3190536021323883,11.682400900563717
1715,0.5,2213.7002562484363,6.201568203445419,-6.50225795824531,8.985477546438458
1716,0.5,2214.9499256320923,0.91787189818113,-3.7706814812031695,3.880789565817652
1717,0.5,2215.8205656906457,1.2036446986653422,-1.107249261955915,1.6354698067305007
1718,0.5,2216.2963758876454,0.9830714281741756,1.5392425468208195,1.8263890743310573
1719,0.5,2217.4693751162254,3.5688675967951493,3.028187556574657,4.680463203706229
1720,0.5,2218.5210069133955,5.030236467157357,4.786037476546883,6.943301350397445
1721,0.5,2219.7998156983613,8.766734342202644,1.3314987847483566,8.867272412672433
1722,0.5,2220.8521588489143,9.982868152252113,2.075571650999146,10.196354947905691
1723,0.5,2222.6366045880973,-0.8435264367337422,-2.5596941524214354,2.695101297430064
1724,0.5,2223.0550579188102,1.89076878738834,0.0464852715368521,1.8913401301277961
1725,0.5,2223.7777725072146,1.9927883687151422,3.4372861877244723,3.9731777985395764
1726,0.5,2225.564645117169,2.2885688709512007,-4.055446339308249,4.656628875924678
1727,0.5,2226.3327344055756,2.961617703532262,-0.5077675303383367,3.0048306585798814
1728,0.5,2227.2462293765952,2.723777448980965,0.8142515262777015,2.842880430060825
1729,0.5,2227.9705738822563,1.0641512443599515,3.921825686634434,4.063635636621286
1730,0.5,2229.127958910123,5.271914630706097,9.186173657266297,10.591452701820758
1731,0.5,2230.8986908562174,5.680845966233253,-8.992750573767902,10.636802798495022
1732,0.5,2231.9771540740735,2.730665168184224,-4.5724829386943595,5.325798765010332
1733,0.5,2232.9248538689662,2.5500931435593026,-2.035971882298845,3.263151321397717
1734,0.5,2233.720222250313,3.0936098149762206,0.41102074628490315,3.1207947291024776
1735,0.5,2234.814934531327,3.219207534611076,0.18894043910960073,3.2247473762184304
1736,0.5,2235.5466621356,2.0194462516138065,3.52919167983948,4.066123101457365
1737,0.5,2236.7736438450997,6.817623970001352,4.551120488212245,8.197114998251656
1738,0.5,2238.1547995192977,7.513931406220101,-2.5492978501414694,7.934613078538656
1739,0.5,2239.1677439602367,5.871810037669044,-0.9560513287774325,5.949133320217999
1740,0.5,2240.021209470471,6.377817016330999,3.26086742994695,7.163086366189512
1741,0.5,2241.5361865237664,4.887112903618616,-5.422783682713043,7.300031191865855
1742,0.5,2242.6211801593795,2.352010194426111,-2.869145770004165,3.709979704016876
1743,0.5,2243.373668418962,3.1084365649893235,0.1431620620384237,3.111731552459132
1744,0.5,2244.3707017004303,3.7462456289509336,0.9857382727661388,3.873762544972258
1745,0.5,2245.5652865312713,2.566957258851854,-0.28958474825626507,2.583239999534474
1746,0.5,2246.016558178286,-0.4087902387562074,3.079825929427853,3.106837172250663
1747,0.5,2247.3644312512292,8.28559130031021,10.064718807502425,13.036471450122894
1748,0.5,2249.5501985735373,-1.421656649931988,-1.2953524177589195,1.9232902839898405
1749,0.5,2249.770766552724,1.6338697435594807,0.1481100015020804,1.6405690815884801
1750,0.5,2251.0466419415534,2.939603302021131,-1.6819722344101948,3.386782864398065
1751,0.5,2251.8453183386932,2.9532932362333675,0.8275149054888866,3.0670379616150885
1752,0.5,2252.678432673839,2.8457796284411767,4.1055188963840274,4.995372568909863
1753,0.5,2254.5622469943896,0.17963246502827324,-1.3090177075594762,1.3212854276031354
1754,0.5,2254.759079001304,0.5275700040698538,1.1131259903589006,1.2318196213759338
1755,0.5,2255.824565571537,2.7694832857256366,5.956555143017325,6.568910628233559
1756,0.5,2257.346384683133,10.079295253321469,-2.0412055409276073,10.283905525817625
1757,0.5,2258.5018472911456,6.9979797457130735,-3.447794661954374,7.8012184017890105
1758,0.5,2259.5178420573843,6.66336799197387,-2.102549658012896,6.987216045097792
1759,0.5,2260.8902594168003,1.3649836723994067,-3.538417477073161,3.792568874519455
1760,0.5,2261.660064449481,2.2870768518562645,-0.7744325265128641,2.4146358450950443
1761,0.5,2262.6744306482096,0.8747017858584749,-0.15040375032157058,0.8875384511641163
1762,0.5,2262.878305381161,-0.753078780633579,0.7307259134836078,1.049327408618021
1763,0.5,2264.67639970577,9.954559959429568,2.2285222611994757,10.200959535972094
1764,0.5,2265.7684461154695,10.684111351097382,1.5829721361681979,10.80074238867555
1765,0.5,2267.384501067544,0.4310083958158472,-4.22365488743897,4.245589340180095
1766,0.5,2267.879175337166,3.4979586051274603,0.7675977005398805,3.5811898348257607
1767,0.5,2269.2269982616094,3.3021778654188085,-2.313208117948043,4.031787500824249
1768,0.5,2269.9191032168383,3.6350840260345185,1.9504072519598836,4.125278696625117
1769,0.5,2271.3262824680664,3.6808053991560947,-2.059101651295718,4.21760927503075
1770,0.5,2272.0490157012377,3.52752701098305,1.9406517689932317,4.026111784552382
1771,0.5,2273.3475340531645,3.6966428163959804,-0.6732054391403508,3.7574424380554596
1772,0.5,2273.956289145943,1.6306819546224993,3.8300820751905587,4.162769791836617
1773,0.5,2275.0686647759712,5.70212560962115,9.560672916130184,11.13196761929905
1774,0.5,2277.0793177566234,-1.303532757032106,-7.2328689186181805,7.349393882666015
1775,0.5,2278.0126283933055,0.4772685539385205,-2.203569180511356,2.254662370706101
1776,0.5,2278.5259421557844,1.9506880319213307,0.5430961849427912,2.0248795677720017
1777,0.5,2279.5073058411194,3.379902419889497,1.94075125350768,3.897467869779879
1778,0.5,2280.8707198525863,2.739923268391765,-1.0164708001270637,2.9223949774432554
1779,0.5,2281.3564836145465,0.6930035842261338,3.1563789806076357,3.2315603409145814
1780,0.5,2282.690375137648,7.874004359093474,4.987824963853745,9.320855246009652
1781,0.5,2284.0560114593513,9.084729467896791,-3.0038058971732853,9.568446027060263
1782,0.5,2285.2222423648664,5.197014900760718,-3.6776073167861414,6.366612871473174
1783,0.5,2286.149814140564,4.880902282579144,-1.0351007411271853,4.989452939588502
1784,0.5,2287.0461586710107,5.845733227009621,1.742982145789451,6.100047845870154
1785,0.5,2288.5788494457647,1.9971889454975682,-3.81147801511768,4.30303710694471
1786,0.5,2289.3362847101344,2.829928590724423,-0.5155840989308403,2.8765122616929424
1787,0.5,2290.241458210856,2.8105828319006334,0.844440615886005,2.934698589077338
1788,0.5,2291.0976636121122,2.2537439470668295,2.8884238810178244,3.6636531352428063
1789,0.5,2291.9289012524905,-0.20154705403841355,7.400684458597096,7.4034283727684
1790,0.5,2293.896145106087,4.573940671000283,-8.228472744464455,9.414281542859493
1791,0.5,2294.6879184117142,6.824816316862206,-1.7988806341372892,7.057909697267513
1792,0.5,2296.1150911883306,0.9829280984131891,-3.948961959087461,4.069453059192359
1793,0.5,2296.998522472515,1.0013543165792131,-1.0145519075699712,1.4254915083877877
1794,0.5,2297.3726475798094,0.5141479304155798,1.5253440439720947,1.6096653524356443
1795,0.5,2298.6123633656603,4.527885374334938,4.04337579073034,6.070472283783235
1796,0.5,2299.96157762009,7.01524151340469,-0.7842463105148022,7.058941547211778
1797,0.5,2301.234125798831,1.3598222516389253,-1.2064215996426362,1.8178475271971117
1798,0.5,2301.4548403517283,-0.3784504342017865,1.9300825391356387,1.9668358698741986
1799,0.5,2303.295481982573,8.353662738967355,-4.865371485684479,9.667239567225131
1800,0.5,2304.3051386703746,6.91188259065686,-2.653314443876325,7.40366115412558
1801,0.5,2305.508356788682,3.8595937510068405,-3.7982701764333098,5.415101130726349
1802,0.5,2306.5177330700035,2.7681902468855446,-1.960324634604369,3.392012664479454
1803,0.5,2307.355553370478,2.8219945854692514,0.1452106284442638,2.8257281481117302
1804,0.5,2308.210284634765,2.785384693693668,2.201803795898125,3.5505362760425867
1805,0.5,2309.370358239529,3.5518320582301035,1.437040138836332,3.831526501343536
1806,0.5,2309.9311223841837,-1.660745954717367,5.38696408707488,5.637149918313739
1807,0.5,2312.0479964496108,3.4439536836358866,-10.072478755138945,10.644982162866906
1808,0.5,2313.190914170748,0.27442846382897423,-2.8885377296697063,2.9015446226940838
1809,0.5,2313.689359967224,2.3549107975319594,0.4601191811362543,2.3994404608537607
1810,0.5,2314.6211821135944,3.9369819485570874,2.5879263620537616,4.711389361820691
1811,0.5,2316.0494547199887,4.550711536982829,-2.468553422478861,5.1771354523965005
1812,0.5,2316.962494504841,3.8484410909343834,-0.20586934715711708,3.8539435671129287
1813,0.5,2317.851531864277,3.7290127343386836,1.8517099641632613,4.163455988027443
1814,0.5,2318.8260353364303,4.5254647993015205,3.989025496246036,6.032591156328936
1815,0.5,2320.0885232040273,7.313005135066795,0.9758339611458184,7.377824613342258
1816,0.5,2320.9495316286598,7.097874601726813,6.3424159646908596,9.518721769807334
1817,0.5,2322.812632606693,-0.3936417051843874,-5.9622100235003,5.9751905539813475
1818,0.5,2323.534274240766,2.8679234212537525,-2.08488679548473,3.545664634474391
1819,0.5,2324.512455232258,2.8733962051470967,-1.1446171909953973,3.0929846856516976
1820,0.5,2325.5570964917656,1.4139097115635713,-0.478449727151682,1.4926670137258677
1821,0.5,2325.903015927513,-0.39329581537771297,1.7453676402136813,1.7891310175330073
1822,0.5,2327.3768558196994,7.14220114497831,4.635127250919799,8.514425513653215
1823,0.5,2328.6348751011687,9.051431750455903,-0.029637310060710634,9.051480271387042
1824,0.5,2329.7057234064496,8.882004927467321,-0.25697921585511363,8.885721684192864
1825,0.5,2331.013110289573,4.842905217596964,-4.552669828846231,6.646843876390859
1826,0.5,2331.9427078064027,4.578945099710038,-1.7384482925605302,4.89785061961522
1827,0.5,2332.987765432775,3.720056310922186,-1.2037846850576226,3.9099765375781046
1828,0.5,2333.7208633737823,3.770453118472329,2.924428890280168,4.771645528840445
1829,0.5,2335.531712574451,0.023301689680893873,-1.6611762795407878,1.6613397004980524
1830,0.5,2335.8671538056497,1.0737346152215361,0.7223828845476693,1.294118640547439
1831,0.5,2336.6210367862386,0.22424063019609242,3.2982869236158603,3.305900859179857
1832,0.5,2337.7617301588207,3.092141470437658,9.923111764046872,10.393723392267363
1833,0.5,2339.615683895983,5.443547870718833,-10.110424555846533,11.482721720928017
1834,0.5,2340.8267267066444,0.16611354959014993,-3.2715232942548855,3.2757378369170174
1835,0.5,2341.3245961862153,2.807477336732241,0.417743707558095,2.838386654680708
1836,0.5,2342.6540416584694,2.254679665171677,-1.701376014351196,2.824581514976728
1837,0.5,2343.259158955009,2.103921305881418,1.7851586980910374,2.7592166349730243
1838,0.5,2344.3112162361517,3.9731841447995357,3.5574973816782736,5.33310227439285
1839,0.5,2345.570483634474,6.401077438858871,0.9221009480151291,6.4671525833707095
1840,0.5,2346.4641195297877,6.170605950779099,4.578381552581828,7.683616039392652
1841,0.5,2347.934254641724,6.365799597527131,-4.115816224954682,7.580458278592185
1842,0.5,2348.8434236334556,5.67608218209678,-0.7140049125729925,5.7208139240054745
1843,0.5,2349.7300542578378,6.828262592932093,2.8088872059136705,7.383428564940628
1844,0.5,2351.455046927851,-0.029634605320364403,-4.088977338703062,4.089084724759279
1845,0.5,2352.1957015025364,1.5114203058431024,-1.1035414611198069,1.8714152658684002
1846,0.5,2352.7508700754547,1.4170546550283551,1.6665878454173075,2.187592041910519
1847,0.5,2353.912135852353,3.857694356718557,2.4567667327549105,4.573566281254644
1848,0.5,2354.951081235008,4.4666406083004455,3.257921492980343,5.5285559396773625
1849,0.5,2355.8108139782908,3.0607784662792583,8.472738000487425,9.00864329655373
1850,0.5,2357.6083159202476,6.674522520025456,-9.560030415086727,11.659478221932158
1851,0.5,2358.9047051984157,-0.2819809833001912,-3.0806165648810944,3.0934950613768137
1852,0.5,2359.43485907644,2.2427482889044597,-0.2067115315013861,2.2522543250351483
1853,0.5,2360.3142850895265,3.1055175711707506,1.4728470632767603,3.437079844381456
1854,0.5,2361.3425416419327,4.720683963176166,2.8055999211443714,5.4914704768134674
1855,0.5,2362.7183179229214,4.600732999864542,-1.9502482139418313,4.997020335362454
1856,0.5,2363.4956176541186,4.188843644885484,1.9516821969093896,4.6211983812676305
1857,0.5,2364.751176089117,3.4807104219411453,-0.5093377835081158,3.5177791316566007
1858,0.5,2365.191515064132,-0.525853112583973,4.370279072315686,4.401801979409649
1859,0.5,2367.2492198429595,2.24678041731148,-7.24695577912753,7.587251828445149
1860,0.5,2367.9577018231557,5.406457742612811,-1.2649798434726263,5.5524732621643516
1861,0.5,2369.220577767399,3.053057679673142,-3.365566002878066,4.544028577720412
1862,0.5,2370.093390284232,3.2488206192152496,-0.9394515491451397,3.381923214537752
1863,0.5,2371.100747929722,2.7577288114395553,-0.35558224224552754,2.7805587439297486
1864,0.5,2371.93813779461,1.8979341083845944,1.1096662729982352,2.1985252141377454
1865,0.5,2372.4403472600557,-2.0654543623689947,2.955906168703859,3.6060342484799888
1866,0.5,2374.4442307178165,9.418517327501954,-6.773329856201946,11.601140719315977
1867,0.5,2375.543967037372,4.608324364914375,-4.252548365343402,6.270631631012008
1868,0.5,2376.35546351556,5.717215409930598,-0.06805679119804495,5.717620464002143
1869,0.5,2377.7554079140127,1.6066092144302735,-2.6463160068040366,3.0958329373142086
1870,0.5,2378.212961679662,2.249837000616134,2.1314297393973214,3.0991546046186103
1871,0.5,2379.726502949966,3.8716732212077853,-2.6070845923138637,4.667627191978577
1872,0.5,2380.5456572187363,3.68139482887556,0.4337692907652272,3.7068617027996447
1873,0.5,2381.5001237104375,3.955402461324754,1.7918197402870413,4.342329629673022
1874,0.5,2382.5308305663666,4.447882999568399,2.4696855582495933,5.087534760026331
1875,0.5,2383.356013915981,2.883638289691869,7.382148283178544,7.92536958511166
1876,0.5,2384.9650716411825,12.1565842517603,-5.691686665488572,13.423033851117525
1877,0.5,2386.4309371095037,-0.40054301952857263,-5.081998462739715,5.097758633535124
1878,0.5,2387.2990841223364,0.866504975396466,-1.6458568388536559,1.8600203241868565
1879,0.5,2387.813568556078,1.5491651721762763,0.9021618617203652,1.7927098915961577
1880,0.5,2388.748207635493,2.42518521976896,3.0116192196013873,3.8667006186228443
1881,0.5,2389.955988113666,5.866650641987411,2.810705775485171,6.50520228059643
1882,0.5,2391.2605498724033,4.104184649570234,-1.2117840891914564,4.279340173039007
1883,0.5,2391.7549823366226,0.9281002715115989,4.9535795152400075,5.039773817125659
1884,0.5,2393.6305932917,3.8861435192643934,-6.705344389234365,7.750080956387322
1885,0.5,2394.4853678560467,4.142442352254571,-1.9697305389229143,4.586901681714787
1886,0.5,2395.270169994647,4.959564678457518,1.8986524599946581,5.310570869845086
1887,0.5,2396.603878762616,5.8958013596479235,-2.894267210835706,6.56789588530033
1888,0.5,2397.7916437617737,2.3947596340242945,-2.698126608958137,3.6075976636426783
1889,0.5,2398.558311382533,2.6578245928743405,0.047678770183277826,2.6582522136949014
1890,0.5,2399.4338329057855,2.4102105464136265,1.501271723694461,2.839530184098773
1891,0.5,2400.1523565221314,0.037586261400455304,4.677431757013472,4.677582769825051
1892,0.5,2401.482998375772,9.941052879694528,9.23440456024216,13.568299817556511
1893,0.5,2403.418798445345,-1.5144442835369518,-4.992220258136882,5.216876900377278
1894,0.5,2403.9753151489676,3.1809088625148725,-1.2650094349076564,3.423219254156977
1895,0.5,2404.92159348977,4.447414147233094,-0.22599723608986674,4.453152517905639
1896,0.5,2406.2539887182893,1.5377698505480755,-1.8283302064268643,2.3890432095271006
1897,0.5,2406.7328511821097,1.4938583090557913,1.6866464693494496,2.253084321569877
1898,0.5,2407.71591042227,2.8174958330724444,5.0720065165544135,5.802028341308842
1899,0.5,2409.4415023524193,2.271258989700727,-3.0287942391928904,3.785790794756679
1900,0.5,2409.8816026828795,2.1831806065958017,2.779969794190244,3.5347573633314866
1901,0.5,2411.1261933807773,7.594326921747865,2.7221711317441297,8.067466582818025
1902,0.5,2412.2229358372842,10.273652636833502,2.3282099841037587,10.534158733966201
1903,0.5,2413.9761231949833,-0.8648208411458129,-2.9941884743844636,3.116581413571112
1904,0.5,2414.3798798012704,2.4997826372946395,0.22102900881790297,2.5095352271802773
1905,0.5,2415.576893465994,3.514023815392794,-1.2125673923669769,3.7173489284945234
1906,0.5,2416.534054627704,2.8639014046978457,-0.11231588996839206,2.8661029491226735
1907,0.5,2417.2780874217724,2.063520360032813,2.537317424195678,3.270488646578205
1908,0.5,2418.2294432673575,2.3252602937908593,5.946273622983361,6.384747875466032
1909,0.5,2419.5079171630714,10.962069462157237,6.48389760317663,12.7360863306449
1910,0.5,2421.142943993328,3.282643253961689,-8.237115446589277,8.867120029255263
1911,0.5,2422.1520849251096,1.9818051704129234,-3.490016864535515,4.013448573012703
1912,0.5,2422.996230123487,2.0416700924421103,-0.926681127897996,2.2421317265439327
1913,0.5,2423.504146888716,1.0616901271535208,2.7568721378031467,2.9542393116148444
1914,0.5,2425.124760212557,5.518901294205184,-2.8797617942226377,6.225054175398319
1915,0.5,2426.193437541668,2.9213418097899373,-1.6798463777260844,3.369884541402894
1916,0.5,2426.9070642937536,2.5007614704224386,1.3481540737321964,2.8410081552980646
1917,0.5,2427.640896948593,0.6037901091111202,4.992265343835162,5.028645519334011
1918,0.5,2429.185595990257,10.562980866873136,-0.09451394639461594,10.563403697672028
1919,0.5,2430.2658126359443,10.111204522382407,-0.8628997476999288,10.147958063966714
1920,0.5,2431.6111350962537,4.382674210478229,-6.146334337262094,7.548858126935361
1921,0.5,2432.727569299255,1.5243658091919972,-3.2821358905912756,3.6188543939402917
1922,0.5,2433.705896804704,0.5094128063873902,-0.6544496379880209,0.82934054282552
1923,0.5,2433.9168732376843,-0.02948820154730804,0.8992382862666827,0.8997216511334686
1924,0.5,2435.3488943646944,4.560661795453832,2.3626327816217487,5.1363089542302545
1925,0.5,2436.191600375091,3.2523192828441885,6.522574132496641,7.288453473232469
1926,0.5,2437.794076107826,7.613626099054678,-4.420658332684691,8.803949254200704
1927,0.5,2438.671790794044,7.398953525040328,-0.004095977215712339,7.398954658783635
1928,0.5,2439.9271272186725,5.217754213933903,-3.576255992902177,6.325706756070324
1929,0.5,2440.8261602906355,5.3446193569421165,-0.7493564627872057,5.396896439521637
1930,0.5,2441.9298365499985,5.104217535859003,-1.512103565610632,5.323485122220493
1931,0.5,2443.0335600581852,3.4609260303430847,-1.6171298741116797,3.8200939801594935
1932,0.5,2443.7754363962,3.513464240077351,1.8852430382358856,3.987301378065018
1933,0.5,2445.15438101522,2.7479664916876074,-1.4227276597602392,3.094426252681544
1934,0.5,2445.744952101155,1.6103343672767008,2.040737390092259,2.599574170850491
1935,0.5,2446.3985233061103,-2.9401989816722858,5.0823494025048825,5.871545409938382
1936,0.5,2448.988312286035,-1.9023420984763943,-1.4593423653706914,2.3976208205221474
1937,0.5,2449.2310320092924,1.9682645820608216,-0.13723399800827596,1.973042988686358
1938,0.5,2450.503650580108,2.3502835381468543,-2.0788174975132585,3.1377244776511817
1939,0.5,2451.1817083100846,2.8147315126363512,1.172365135142014,3.0491233983433133
1940,0.5,2452.283365741214,4.214115302033359,1.0744054935051977,4.3489211240612144
1941,0.5,2453.2574858120843,4.488721696923867,2.364872090212061,5.073582804636093
1942,0.5,2454.30056184179,5.84784879344216,3.3034047786986496,6.716384342999737
1943,0.5,2455.482288383526,7.744679008978559,1.0089643134875586,7.810125603215644
1944,0.5,2456.5145518412887,8.473865425211866,1.6354473407931438,8.63024236328902
1945,0.5,2457.9079990902187,3.8533324049192745,-4.183272893897525,5.687525184789843
1946,0.5,2458.546799837128,5.080096821556745,2.199277969092822,5.535721028170403
1947,0.5,2460.013579465506,4.383997772231181,-4.774386178189353,6.48183614768327
1948,0.5,2461.2022953745063,0.7130457975141117,-2.0423284013496055,2.163224354594726
1949,0.5,2461.7316286480414,1.5459362160164765,0.5234335333787492,1.632146270362036
1950,0.5,2462.464294913854,0.8413689162944832,2.8187796513776484,2.9416696579200137
1951,0.5,2463.569667295016,3.2253840114676193,6.699081615951775,7.4351056830830595
1952,0.5,2464.9278163612234,11.583727872106147,2.449663931307229,11.839915742578423
1953,0.5,2466.1830970131928,10.317006742699977,-4.34320378543614,11.193929035452369
1954,0.5,2467.640860783779,-0.148287804535071,-3.7458603711087397,3.748794365234873
1955,0.5,2468.1868163011154,2.8009112577288455,-0.2791470161714224,2.8147871909452746
1956,0.5,2469.3362638924973,2.102861490144916,-0.8666277090590242,2.274438399439165
1957,0.5,2469.781485031524,0.41819030161219495,2.76755166987223,2.7989686267936387
1958,0.5,2471.5392977419965,4.089813159075259,-3.3650836336114547,5.296259013430595
1959,0.5,2472.336417589482,3.5812270324521682,0.25742093597145793,3.5904669050476685
1960,0.5,2473.107124734645,2.875390901688812,3.7048216708430877,4.689730957129989
1961,0.5,2474.237849734394,7.013560545803695,5.60243150096146,8.976484292450998
1962,0.5,2475.539353861003,12.000119795178795,-0.8816798907904271,12.03246585403284
1963,0.5,2477.0217550961047,1.3262874282900319,-6.2482177586181376,6.38743011715598
1964,0.5,2478.014854024809,0.7181583438012716,-1.783464322698506,1.9226274722654482
1965,0.5,2478.397597583125,1.3848614961827521,1.4538592197753084,2.0078715084723924
1966,0.5,2479.977351980871,1.6511995664690537,-1.602536195535977,2.300995929225107
1967,0.5,2480.433606985092,1.1316303490372617,1.7912447618628395,2.118760261040228
1968,0.5,2481.356767280359,1.0156971256530982,5.537465300905292,5.629845700353616
1969,0.5,2482.683411518716,11.043674816740156,7.001182042792531,13.07590545446935
1970,0.5,2484.5032382747445,-0.7955988644361123,-4.822526662041108,4.8877132648294115
1971,0.5,2485.08759053742,2.740196083317625,-0.9691226673354933,2.90652254754246
1972,0.5,2485.7856207123928,3.285423068261041,2.849311846930243,4.348859935491005
1973,0.5,2487.333836442726,3.706003101922627,-3.6206293460981143,5.181063197190997
1974,0.5,2488.113831754193,4.219777633503434,0.148489487688877,4.2223894188208115
1975,0.5,2489.2611574516372,3.72204669086776,-0.9689476549215761,3.846100769217789
1976,0.5,2490.0510905157466,3.3155351818770367,1.9169720437362525,3.8298244553413596
1977,0.5,2491.1055164218205,4.265455275150118,2.396107634867275,4.892385972322218
1978,0.5,2491.9074739342927,2.357069233557261,7.200643703044914,7.576611716986861
1979,0.5,2493.4892954491233,12.653641962842048,-4.421623757434838,13.403932690673633
1980,0.5,2494.8661778282553,1.7123820012356208,-6.523644170540377,6.744641234489879
1981,0.5,2495.846840419502,1.2720415861887244,-2.5418694776971686,2.842391640615699
1982,0.5,2496.485336702823,2.4700700752864613,0.308392232004254,2.4892472648546247
1983,0.5,2497.648465246602,1.6108375697973911,-0.35152688340263577,1.6487476538347325
1984,0.5,2497.969973966752,-0.7746382919130708,1.8644564889208812,2.018975602224351
1985,0.5,2499.8620428212553,5.3185267947472825,-3.3089109521547333,6.263834205639094
1986,0.5,2500.5643864123176,4.743663103119902,2.486770496729743,5.355965565545266
1987,0.5,2501.5777446724337,7.439049618707701,4.993278289689364,8.959480303448316
1988,0.5,2503.185227212087,3.226094047916941,-6.027319678727648,6.836392712211804
1989,0.5,2504.008933658584,3.8609387080255457,-1.649582841528142,4.19856776272505
1990,0.5,2504.772152511212,4.670253042966293,2.2719683295870006,5.193563668232273
1991,0.5,2506.3053519373075,2.503675140795948,-3.8679367069870154,4.6075290102067905
1992,0.5,2507.1518856476755,2.404799803267878,-0.9874388847513215,2.599634136742353
1993,0.5,2507.8710395797434,2.167489312599275,1.4777884258458491,2.6233315748864134
1994,0.5,2508.7660461038267,2.033364831168825,3.625671057873476,4.156929534708953
1995,0.5,2509.6529974413793,0.23083632851207872,8.919567292719421,8.922553788008846
1996,0.5,2511.6601897871865,2.3902529417214717,-9.546097844626557,9.840797385608138
1997,0.5,2512.5382209852028,3.7093696599652244,-3.927856894025653,5.402544127928561
1998,0.5,2513.5795170214647,2.273231057642831,-2.302549757027456,3.2356320595857526
1999,0.5,2514.2598590597736,2.94887876244806,0.9497379382515354,3.098045852948513
2000,0.5,2515.286482924713,4.495672763686496,1.781952073009501,4.83595148741749
2001,0.5,2516.5710491428877,3.534670229846896,-1.2104291941327006,3.7361788591788065
2002,0.5,2517.146931880415,1.9346495149429073,3.6735614422313665,4.151857706559538
2003,0.5,2518.5528520406906,7.686649855839813,0.11236417434127113,7.687471087032303
2004,0.5,2519.634252640272,6.006644401821631,-0.5095442655171737,6.028218006049265
2005,0.5,2520.402323518036,5.382645419236073,5.064972741668133,7.390995912802569
2006,0.5,2521.885175646151,8.94588053071757,-5.459588946203817,10.480261920934161
2007,0.5,2523.263480155872,0.12698076169748856,-3.8628717566393393,3.8649582561889555
2008,0.5,2523.9670558191906,1.874878052958695,-1.0377102985039224,2.1428976590325743
2009,0.5,2524.6420457956947,2.067757354574549,1.452943481179771,2.527185239926019
2010,0.5,2525.6879933248006,3.6064201309398056,2.5651866667953507,4.425658007161481
2011,0.5,2526.8688100585928,4.0181620824557385,0.8959803373125286,4.116844335864025
2012,0.5,2527.418791160629,-0.7951659953272386,5.59882309302356,5.655007425910125
2013,0.5,2529.378043463275,5.290250000981167,-8.64815328108196,10.13791399874599
2014,0.5,2530.2736722742684,5.526625671301063,-3.5129488211788535,6.548618230657962
2015,0.5,2531.543961220065,0.8153591696299944,-2.332492191243343,2.4708966788821596
2016,0.5,2531.969384081562,1.8664174503803077,1.3639010344664917,2.3116531164737704
2017,0.5,2533.0673170990476,5.020882041592857,2.609871080227968,5.658682137300164
2018,0.5,2534.408614098394,5.383158772456056,-2.2927852451199113,5.851090714534356
2019,0.5,2535.505886073966,2.454116339853245,-1.5144463846524667,2.8837882830612953
2020,0.5,2536.0918849208388,1.775485390976176,1.9436412854841465,2.6325063761002157
2021,0.5,2536.8674852225613,-0.4415328796289305,5.929829641082925,5.946245105615734
2022,0.5,2538.5598269362613,13.153434271173657,-3.943492599533363,13.731859561205106
2023,0.5,2539.9984071185913,0.4993785519114889,-4.779586032408607,4.805603144175001
2024,0.5,2540.5316619367422,4.066252557812151,0.3037565773882357,4.077582362407959
2025,0.5,2541.998729153671,1.1613269737976302,-2.875089651424589,3.100777457960943
2026,0.5,2542.687650514869,1.8953233268120806,-0.21528274495359453,1.9075107269509042
2027,0.5,2543.3439550886064,1.2227472984513927,2.17433750291841,2.4945649986455845
2028,0.5,2544.290953656616,1.3005180253159259,6.002650654706751,6.141918431290261
2029,0.5,2545.8780177303333,8.647899405504273,-2.3503285808542387,8.961596317939202
2030,0.5,2546.761141283359,8.223615051798857,1.880906779102917,8.435973852013058
2031,0.5,2548.1816153941086,3.7133743062055173,-4.665182448328368,5.962640020509235
2032,0.5,2548.8959875750465,5.007074004746315,0.4924428670644304,5.031231466184888
2033,0.5,2549.9964844915226,6.697895904444284,-0.4361810284637076,6.712083390152656
2034,0.5,2551.411141992885,1.1476190511240798,-2.722209742630986,2.9542266956647034
2035,0.5,2551.880445959599,2.292749535944833,1.4383932448675105,2.7065985223996067
2036,0.5,2553.275677995525,2.271725778686558,-1.2078488003193528,2.5728654721889264
2037,0.5,2553.723069201209,0.7144054183371777,2.667309219637637,2.7613246051330975
2038,0.5,2555.0508752913593,5.893885383329822,2.9360633436534243,6.584705982029437
2039,0.5,2555.8323507473033,3.0670469841462618,9.424415780027728,9.910922762174888
2040,0.5,2558.009105942872,-3.043313622824939,-4.73593374264022,5.6294605622164235
2041,0.5,2558.7522113684713,0.6251768094884084,-1.780462731877308,1.887033010502496
2042,0.5,2559.234296597334,1.7163764864600384,0.8502381948209397,1.9154250784630749
2043,0.5,2560.263289514389,3.6036926971651915,2.0134562902866207,4.128027045514176
2044,0.5,2561.4056357475733,5.187098555524217,1.1503272604126162,5.313120009069041
2045,0.5,2562.4261133381433,5.4207239843006185,1.6351581694305486,5.661977636217529
2046,0.5,2563.501718903993,5.604815388913798,1.14669767768736,5.7209152334061475
2047,0.5,2564.3321078543336,5.03540108219802,5.703064740140392,7.607904539939601
2048,0.5,2565.9752704782836,3.5038389598379753,-4.901530827852487,6.025105137079913
2049,0.5,2566.557557897085,5.018767133139642,2.368653791801574,5.549643621179532
2050,0.5,2567.958599725329,5.915819276083383,-4.308570614446921,7.318517503357851
2051,0.5,2569.043090173353,3.3598779026008674,-3.1207328427909444,4.585602795321424
2052,0.5,2569.9481115969047,3.217676890700198,-1.09542830852104,3.399030413523151
2053,0.5,2570.9585256619193,2.1860528989955186,-0.49995637729357395,2.2424949624030877
2054,0.5,2571.540774147769,0.94636249832993,2.2078879795027904,2.4021597174788734
2055,0.5,2572.3682081862075,-1.5692705341666968,6.188760870162072,6.384619888251221
2056,0.5,2574.2071639500227,10.989922500974137,-7.044104698190443,13.053651120528935
2057,0.5,2575.4045119969037,3.1873834204337794,-5.305562845044798,6.189378819524298
2058,0.5,2576.141011184026,5.216996576462478,-0.5425465444571137,5.245132031867604
2059,0.5,2577.5198355326024,1.335353332692608,-2.6887502636210643,3.0020903556115024
2060,0.5,2578.0701299250054,2.336083729314447,0.9229105159942466,2.5117824370156865
2061,0.5,2578.971298335896,3.3039893001222587,3.447368182829304,4.775007087251933
2062,0.5,2580.3461115652008,6.183810352441583,-1.1781723468484702,6.295045714992237
2063,0.5,2581.3981405818927,4.106947870429005,-0.8849633294264115,4.2012118376547996
2064,0.5,2582.138733931302,3.1986350204514373,2.698452560085001,4.184843152746308
2065,0.5,2583.0032945351,2.633429764495167,7.683994676469196,8.122729006469195
2066,0.5,2584.7584024416788,6.6472193888202975,-8.37533192609689,10.692600734872988
2067,0.5,2585.7727394040116,4.448477677346296,-4.685501445884141,6.460872808315504
2068,0.5,2586.925178957182,1.2705225661538464,-2.7547978551392425,3.0336675516255776
2069,0.5,2587.591000924191,2.246569009001984,-0.00304387935166959,2.2465710710791376
2070,0.5,2588.3682104238806,2.277122823864628,2.3471645255075573,3.2702400010956896
2071,0.5,2589.579264554434,4.4325913960924215,1.352596625194253,4.6343698725068805
2072,0.5,2590.3716929259517,2.913303231543858,5.101847771313721,5.875047778578712
2073,0.5,2591.549378447985,9.415966147938807,7.122285575749955,11.806242853747566
2074,0.5,2593.2758768066046,1.0950988610806967,-6.739278866910841,6.827673187955859
2075,0.5,2594.0236183346865,3.4859621078856717,-1.995556006515253,4.016736933476453
2076,0.5,2594.90501155248,3.7839466341022026,-0.12399239309271376,3.785977580926523
2077,0.5,2595.6875301388595,4.041390917240502,3.780489172814865,5.533980387724955
2078,0.5,2597.5461414884594,-0.3044993578987731,-2.262617231185028,2.283014803678716
2079,0.5,2597.979353418423,1.4789420802499587,0.1964717538841604,1.4919352622712534
2080,0.5,2598.5987683196336,0.46234455199329866,2.8106891583450935,2.8484620463675716
2081,0.5,2600.121355061882,4.698313592728906,-0.1764945460301827,4.701627477842071
2082,0.5,2600.64195231922,0.20295891315850784,5.765070695315012,5.7686421662649865
2083,0.5,2602.412300558055,10.068675202526437,-7.763493435025572,12.714167320342138
2084,0.5,2603.6287811184534,2.4073313375354566,-5.857171818868011,6.3325907719054335
2085,0.5,2604.5735648237187,2.134514254937295,-2.6156132891176,3.3760308029902664
2086,0.5,2605.368075915559,2.653728321899461,-0.3715892954968499,2.6796179972113885
2087,0.5,2606.243664547519,2.6558266679312696,1.0106336377379326,2.8416184894919154
2088,0.5,2607.003639114239,1.543990922980512,4.1506401170817675,4.428512318123859
2089,0.5,2608.3648996490356,8.199045831998127,2.121441744467163,8.46905352624328
2090,0.5,2609.552086740677,7.013232907755072,-1.3044117395906958,7.133507258340787
2091,0.5,2610.4445209389155,6.74615629292807,1.8478679179422992,6.994658002416802
2092,0.5,2611.543670381423,9.016726277634204,0.8612525162638086,9.057765103078678
2093,0.5,2612.956807036694,3.0720456425334413,-5.045140682719317,5.906852710051117
2094,0.5,2613.731929438305,4.275130731247169,-0.9535266614936877,4.380177606380049
2095,0.5,2614.737136165401,4.725359354622064,-0.5170231030825159,4.753560131042346
2096,0.5,2615.8477072682495,3.9396829800135813,-1.290094637437523,4.145533277704298
2097,0.5,2616.9021182439537,1.876001968821344,-0.6950007080951442,2.0006022521416673
2098,0.5,2617.335046934901,0.1951626804458664,2.1699200193351764,2.178678811149176
2099,0.5,2618.292915478022,-1.3413445534137944,8.163331419357045,8.272797898730197
2100,0.5,2620.2793936944245,5.397546258858735,-11.059176544307174,12.306051009754261
2101,0.5,2621.4290552132293,0.5134421190178462,-4.006057156882368,4.0388261603824915
2102,0.5,2622.048696798421,2.9877829334385666,-0.5162661092363947,3.0320583030167563
2103,0.5,2622.994507976302,3.9126268715154033,0.4597611898153899,3.939546850510205
2104,0.5,2624.0506038545595,4.256508749404493,0.3074822014036716,4.267600266887358
2105,0.5,2624.9095017771697,4.327135709361152,3.1028130849392475,5.324617590710027
2106,0.5,2626.4605022299443,1.2057580780996615,-1.5724822226364223,1.9815531492771452
2107,0.5,2626.7104713958065,0.20135789731686873,2.0029477998061647,2.0130436884380396
2108,0.5,2628.0980265238713,8.853507492009564,4.003113897984156,9.716455927513046
2109,0.5,2629.6041395108487,2.461393749668825,-3.666156894970582,4.4157859514982265
2110,0.5,2629.99480076422,2.5378112424513803,3.8074905458611172,4.575748043668314
2111,0.5,2632.0431166371127,-1.328266557846741,-2.5033686698834146,2.8339277947837496
2112,0.5,2632.443658949145,2.0974869649192804,-0.26612597980511077,2.114302392074872
2113,0.5,2633.6763999397813,0.9524235981989526,-0.812481080190819,1.2518930529698933
2114,0.5,2633.9665434341214,0.01552900420774087,1.3544908848056012,1.354579900557049
2115,0.5,2635.2173316171798,3.9423978051665567,5.225118393861012,6.545560532456084
2116,0.5,2636.432585995082,8.54584779415216,3.5779482115343963,9.264622384384454
2117,0.5,2637.5106833584628,11.008348390252694,3.1953851116720315,11.462731798880856
2118,0.5,2639.0625730453894,2.2104954334520417,-6.944171012407567,7.2875099389897136
2119,0.5,2640.0542458840273,1.0259094732765455,-2.0986623333912275,2.335995256192459
2120,0.5,2640.4629428289513,1.7071773688402985,1.7266082331619197,2.4280919586175087
2121,0.5,2641.8017447841085,5.364659670717819,-0.5993435957417493,5.398035395251022
2122,0.5,2642.755759063044,5.3850566912719025,0.8055298790355577,5.444971437411893
2123,0.5,2643.9709009583453,4.198943848580988,-1.681122290153973,4.522974861525173
2124,0.5,2644.887867143492,2.69920965735274,-0.025747419031825872,2.6993324552439066
2125,0.5,2645.395567278573,-0.09641199668213887,3.5251937771626967,3.52651193669479
2126,0.5,2646.689940172724,8.809497278707557,9.609809686413877,13.036705278276788
2127,0.5,2648.577429283764,-1.11370854879483,-6.799431162639841,6.890037072987087
2128,0.5,2649.325653551799,2.2373013843394065,-2.560734838367984,3.400423561381513
2129,0.5,2650.058544458382,3.4934641362332792,0.2588929523983127,3.5030439951490258
2130,0.5,2651.227331332121,3.5752935488629443,-1.1725514880419419,3.762658761122294
2131,0.5,2652.16077524154,2.6477093773324043,0.008780397135871209,2.6477239361738247
2132,0.5,2652.77064282696,0.8946853603179316,3.2412502877488025,3.362464174054338
2133,0.5,2653.8970697456402,4.68577716024643,7.9471785009586515,9.225733234902606
2134,0.5,2655.6157723259616,3.5927596012973657,-5.7998946348792,6.822514150107344
2135,0.5,2656.2389984980173,5.554927109109111,1.3662996652829507,5.720488612248748
2136,0.5,2657.5377607583005,5.191664443888796,-3.140778190381797,6.067772848345356
2137,0.5,2658.341557629757,5.850590940688593,0.9867008266375706,5.933211008935609
2138,0.5,2659.6583160208597,4.406435918432694,-3.5132634239695775,5.635574273262328
2139,0.5,2660.610245802953,3.571605466522584,-1.5534285126054235,3.894804969734621
2140,0.5,2661.582573758214,2.5747160352847573,-0.5468574286194853,2.6321503964608057
2141,0.5,2662.1835734356277,1.3773730132172328,2.806913222388799,3.126646487142445
2142,0.5,2663.3939456223397,5.073126837059581,3.4356715173494057,6.127026577388098
2143,0.5,2664.235489083244,3.5294453497748393,8.850965730493263,9.52872388305031
2144,0.5,2666.030101479454,4.869567217861391,-9.470622915413786,10.649196368516783
2145,0.5,2666.9828490705463,4.249171310019823,-4.708675577834027,6.342482362544352
2146,0.5,2668.2918590372087,-0.12397624518328716,-1.4599150003140267,1.4651695866047898
2147,0.5,2668.663651401293,1.0149725718034002,0.38337147545401973,1.0849622157960157
2148,0.5,2669.25374488818,-0.3818641207809076,2.588783485457081,2.616795777533105
2149,0.5,2670.9989985821653,5.932473911665488,-2.665670465726457,6.50384853332532
2150,0.5,2671.918382668911,4.1497905541826965,-0.2617659297923846,4.158038365092848
2151,0.5,2672.6037795881466,2.775720997940673,4.36419191387739,5.172117372949067
2152,0.5,2673.8746187111046,9.819663486448967,3.03328623862651,10.277481033431297
2153,0.5,2675.2717591296364,5.238841177467688,-5.263208455688439,7.426090501115733
2154,0.5,2676.0664902301005,6.219966087947096,-0.3225304958740597,6.228322732163185
2155,0.5,2677.2461938931997,5.813607614169397,-3.0372861902762045,6.559202763535438
2156,0.5,2678.5381565216317,0.7676398465360795,-2.31961283886369,2.4433326945406355
2157,0.5,2679.0252815962845,1.8793886514553952,0.8292870103549506,2.0542197177426713
2158,0.5,2680.0390215482385,2.8616101447296693,1.5182271144722117,3.239417569801457
2159,0.5,2680.8431171329235,1.6852106695380566,4.266703274077668,4.58744938170984
2160,0.5,2681.841051456083,2.7071328827004946,10.325391198412838,10.674374541155073
2161,0.5,2683.88227555147,-1.030325919952753,-6.601299263692272,6.6812217049092615
2162,0.5,2684.5291569044975,3.33737011947506,-2.0150588647061674,3.8985255600798467
2163,0.5,2685.377113426632,4.438902073256424,0.133774591890951,4.4409173891658655
2164,0.5,2686.4961601511604,4.767527490067942,-1.0552065556714187,4.882906843641958
2165,0.5,2687.4899398080265,4.266130560680195,-0.3700979540662576,4.282153950568983
2166,0.5,2688.3850815955543,4.313651790279632,1.542323147908534,4.581086384293267
2167,0.5,2689.423275981138,5.5025286680588845,1.9449418078061818,5.836147734470252
2168,0.5,2690.633186856025,4.694536203810694,-0.8753068720764544,4.7754405335208165
2169,0.5,2691.318382839997,3.2378127222372552,3.926153672108226,5.089018950769424
2170,0.5,2692.36871895851,7.20049939666929,8.036460024432374,10.790360572554302
2171,0.5,2694.102820613442,2.783044416257944,-9.069723305009042,9.48710793931895
2172,0.5,2695.2089579689714,0.2510221006928039,-2.8750249173714604,2.8859626419174247
2173,0.5,2695.750049240105,2.295288644512733,0.04128920875620439,2.2956599836188314
2174,0.5,2696.6953725816115,3.30710501602028,1.0028658386217366,3.4558187853620126
2175,0.5,2697.857558216759,2.505408156909449,-0.21758862339888888,2.5148389295819773
2176,0.5,2698.2909613213956,-0.5310103017432617,3.085464361498193,3.130824534628685
2177,0.5,2699.942027500086,8.319211522998645,-1.0219026739810653,8.381740000708868
2178,0.5,2700.73120701107,7.438652983714902,5.388055415669927,9.185025823287631
2179,0.5,2702.4335448477373,1.0767849408712238,-5.9848892770061735,6.080983922599247
2180,0.5,2703.143657511189,3.4475274298970833,-1.4751385364078164,3.7498638750610915
2181,0.5,2703.9817142447723,4.147879555277406,0.8240169323428244,4.228937066199492
2182,0.5,2704.955737551334,5.857464129142166,2.367294556016462,6.317750354290075
2183,0.5,2706.5282473267566,1.0692722738004325,-3.146018006981862,3.322765790086998
2184,0.5,2707.090764646389,2.4042651378537685,0.4684043776218487,2.4494680063381744
2185,0.5,2708.117069229273,1.931849018541966,0.4345403480705569,1.980117659267458
2186,0.5,2708.4765249606835,-1.7506660350498893,2.0709543988141306,2.711767631683234
2187,0.5,2710.368359823606,12.487844427548737,-4.198612299588123,13.174771485263518
2188,0.5,2711.458227864115,8.871109396556168,-4.719831533667727,10.048551718126916
2189,0.5,2712.7866873347566,0.8954480341645137,-4.57827112084626,4.665018074762837
2190,0.5,2713.525289303348,2.613313836292074,-1.350472143840048,2.9416295175027622
2191,0.5,2714.367906688519,3.006602856939536,0.3259884167571143,3.0242237329960875
2192,0.5,2715.339871631409,3.028339048744729,0.9379489822844908,3.170265870163044
2193,0.5,2716.0250490495346,0.9773496686500763,4.630977242767968,4.732986646700498
2194,0.5,2717.6657748710527,5.6040887891987685,-2.8797185485416614,6.300681715182748
2195,0.5,2718.3086524743526,4.721946825978518,4.106996842061431,6.258131101860296
2196,0.5,2719.7709989781297,5.701944515864475,-3.7429498525944607,6.820692403343949
2197,0.5,2720.4934749001527,6.1495466695510705,2.3695715545050735,6.590280236295438
2198,0.5,2721.798775616648,7.523700804707762,-3.660484886567596,8.366912417585713
2199,0.5,2723.086082744476,1.3102996947517127,-3.570786203515515,3.8036034758217343
2200,0.5,2723.7689288498227,2.546909010319785,-0.3863638648798559,2.576047853385687
2201,0.5,2724.5239244370696,2.7168338443616746,2.283078345457267,3.548750888603612
2202,0.5,2725.882989203482,3.26785194778533,-0.9607800688032696,3.4061642199480033
2203,0.5,2726.479701033963,1.6304027240885226,2.801852726650183,3.241695813081841
2204,0.5,2727.2744594319015,-1.5817927484149767,7.751888911821016,7.911627519047634
2205,0.5,2729.395041668595,0.45879376656523313,-10.251821693492566,10.262082622713768
2206,0.5,2730.4928918071723,-0.26963381373326056,-1.8092347855146405,1.8292164723248447
2207,0.5,2730.797702080187,1.494977503362846,0.8110527716756433,1.7008128450843
2208,0.5,2732.0040499135953,4.003529240284533,-0.10180198534541277,4.004823344672461
2209,0.5,2732.8301235574822,4.050123793355214,2.8123275252719986,4.930789881033722
2210,0.5,2734.2007829678223,4.4152971016144535,-1.946176536724286,4.8251892820511335
2211,0.5,2734.938856084209,3.909609203067988,2.0564039341602225,4.4174473693688245
2212,0.5,2736.00047910704,5.41520826730139,2.2927448089640343,5.880574745488816
2213,0.5,2736.9220484400007,5.985951275014912,5.489031631823318,8.121642747745655
2214,0.5,2738.266444163765,10.605926370480914,-2.163233370621104,10.824289944002386
2215,0.5,2739.5135472962015,4.502255871550824,-5.116841365224326,6.815597808687409
2216,0.5,2740.3111094212313,5.954246420536906,-0.786462922707401,6.005961568747341
2217,0.5,2741.878852420558,-0.3049369345162713,-1.6431708966718823,1.671226235343874
2218,0.5,2742.254107878248,1.192436629331922,0.30040937227751735,1.2296954525103552
2219,0.5,2742.9930681599276,1.0292649740626973,2.2537480956835503,2.4776534999126723
2220,0.5,2743.953469810088,1.24307760748878,5.948719571891421,6.077212065021598
2221,0.5,2745.321831898193,11.239442168678782,4.0631545275840715,11.951329841406844
2222,0.5,2746.7147989523983,6.140489147743905,-5.676546107693052,8.362343133735054
2223,0.5,2747.5140979981843,7.192979354345696,-0.24901816920130018,7.19728852003557
2224,0.5,2748.9161910664366,1.8156571806644275,-4.12278426792003,4.504881920484398
2225,0.5,2749.6436497886534,2.794832916033581,-0.6434414959822585,2.8679449066006577
2226,0.5,2750.3140834103597,2.581257541276436,3.101547467032386,4.035156401510539
2227,0.5,2751.8236714585273,4.541134158101156,-2.92526316882141,5.401764901283299
2228,0.5,2752.7155024938834,3.5339728857995114,-0.5083518941046606,3.5703481631076155
2229,0.5,2753.487796417396,3.0623245673426016,2.327729625782336,3.846577305409944
2230,0.5,2754.4586630827184,3.9937513964264695,4.443784494756025,5.974719311590499
2231,0.5,2755.416876191486,5.357168444430037,9.689492369038721,11.071834360739711
2232,0.5,2757.3018682143006,0.3983678957188079,-9.010337751779092,9.019139836008472
2233,0.5,2758.278103328339,0.6554135296312793,-2.98814483869816,3.0591790519455024
2234,0.5,2758.858670968685,2.5776554390131077,0.052738463062688576,2.5781948932848486
2235,0.5,2759.8986139196586,3.1663496695857205,-0.006067721958386541,3.1663554834123357
2236,0.5,2760.6571515401115,2.726658593985036,2.9918918468036693,4.04797281501775
2237,0.5,2762.0828801425755,2.739052718925725,-1.0462502114905479,2.9320725267459578
2238,0.5,2762.4445804676943,-0.347416722287059,3.2876267472655596,3.3059322449591444
2239,0.5,2764.0418462520893,11.958863966461823,-0.5149526279341108,11.969945846884825
2240,0.5,2765.407691146483,2.997722524160715,-5.327535695830166,6.113017006536551
2241,0.5,2766.157035589919,3.981056253885585,-0.796144198807299,4.059883555213874
2242,0.5,2766.887269747368,4.344075167401192,3.822165444862816,5.786185077227919
2243,0.5,2768.6645238881392,0.08222997053513384,-3.415514790016136,3.416504507369071
2244,0.5,2769.1446987961,2.646007344715728,0.3543736282979576,2.6696320976349224
2245,0.5,2770.279093643343,3.108506650083965,-0.5615512686349253,3.1588215240690203
2246,0.5,2771.017392142685,2.424340954681978,2.105534960360926,3.2110288902235697
2247,0.5,2771.8962936617277,2.1266464432146717,5.173714834194037,5.593742064128184
2248,0.5,2773.0297134242946,7.6648926936834485,9.110315270232302,11.905814727632452
2249,0.5,2774.6700107318325,6.169761732532802,-9.235873625826711,11.107084291949333
2250,0.5,2775.7257073424103,2.7459481219924435,-4.844993592022702,5.569038875372919
2251,0.5,2776.6191603079264,2.9194240753013263,-2.1491130775924043,3.625151576379628
2252,0.5,2777.512125202576,2.8024023076590994,-0.6050121918666775,2.866966767557721
2253,0.5,2778.2896952997726,2.630109989036949,1.6513384080454343,3.105542962561936
2254,0.5,2779.127539134051,2.2901604940047164,5.120511312959525,5.609320029597742
2255,0.5,2780.7711183790716,4.538866573503219,-3.939130299462902,6.009830054852761
2256,0.5,2781.6560702275715,2.2581325964466243,-0.6227324608326669,2.3424257813022558
2257,0.5,2781.989239654648,-0.8343061869004567,2.8297207495610635,2.950150222276284
2258,0.5,2783.943665286859,4.9773329301641125,-7.040883928073988,8.622522228809078
2259,0.5,2784.705283876122,6.694519564974393,-0.9055875063587151,6.7554926495036565
2260,0.5,2786.0433357386228,2.1021254823499174,-3.8413942873155573,4.378954397360799
2261,0.5,2786.7025663513687,3.7152915444202868,0.2329954428502246,3.722590245572275
2262,0.5,2787.932021258524,2.8934344184386798,-1.7443157521202746,3.3785500110107147
2263,0.5,2788.7962780145112,1.7341394214701376,-0.060526129395353914,1.7351953623256275
2264,0.5,2789.197561121051,-0.6924920195665153,2.1405475244282828,2.2497753002243046
2265,0.5,2790.493080791035,5.357325234103808,9.943673564707407,11.295024463250458
2266,0.5,2792.1133785570228,9.517858328387875,-8.360787672142568,12.668559415257663
2267,0.5,2793.301469240872,2.1097014276398163,-5.442686700406597,5.837266366422585
2268,0.5,2794.2380933352756,1.3647551842903267,-1.7732210521933016,2.2376035424062155
2269,0.5,2794.653824665328,1.428331181473691,2.0370889511582817,2.487943198487694
2270,0.5,2796.034761603658,6.18273056787143,-0.6795950232344109,6.219968381792367
2271,0.5,2797.1745393518977,3.9079561801948426,-1.8552357564788733,4.3259705521929765
2272,0.5,2797.9729012296284,3.499249838861923,0.9455229048610824,3.6247431630933704
2273,0.5,2798.7981401770453,3.262282580917229,4.019093573114701,5.176446733736171
2274,0.5,2800.0674448184013,7.154070909978659,1.151768416274969,7.24619217725637
2275,0.5,2800.937603116235,6.886506042494131,5.2066897819681355,8.633283498122806
2276,0.5,2802.2248015363316,12.448131767070455,-1.716487929810642,12.565918800610412
2277,0.5,2803.8649551383446,-1.4778613611513154,-3.2430405585723547,3.5639004289302627
2278,0.5,2804.4189356762513,1.7819129261869728,-1.084426951911867,2.085951938694917
2279,0.5,2805.2053003630645,2.2748262053019204,0.4516697780724164,2.319232599967567
2280,0.5,2806.002732416641,2.1470191127236027,2.732587360259528,3.4751582340737497
2281,0.5,2807.1323183711893,4.883308205706033,3.3418994697547952,5.917346626475692
2282,0.5,2808.1535011979977,6.356902372430715,4.596040139923412,7.844347821227872
2283,0.5,2809.291652245193,10.295922787548742,3.12570199057407,10.759927461699924
2284,0.5,2810.7246340825186,4.229044628802263,-5.747658079753309,7.1358525681347125
2285,0.5,2811.460992226053,5.900675577735493,-0.24812237725474107,5.905890025032521
2286,0.5,2812.861997588022,0.9592649651507551,-2.3033881226601203,2.495152523790358
2287,0.5,2813.201488028301,1.4995601246516423,2.0076237129390315,2.505839887183607
2288,0.5,2814.656757980595,5.785939159443115,-2.250577459041077,6.208235728121242
2289,0.5,2815.838653992748,1.7678833186790137,-1.9607088031853344,2.6400360678127086
2290,0.5,2816.3379548153252,1.746430264530442,1.728895583743932,2.457457753117465
2291,0.5,2817.4589073174193,3.0040182086636342,1.6409053782801297,3.422965944681794
2292,0.5,2817.949462160967,-2.8462313612364047,4.4100652303460075,5.248781601247323
2293,0.5,2820.4888420219168,-1.4530817850355466,-1.1605968111660776,1.8596858960832494
2294,0.5,2820.660841053781,1.616674585454516,0.24230762739452277,1.6347323027175102
2295,0.5,2821.891930074871,4.310572927420426,-2.1831554449168182,4.831894727669453
2296,0.5,2822.923026217023,3.1985383402578798,-1.6485905390639624,3.598402184246619
2297,0.5,2823.866992056608,1.9217232823500365,-0.42388794646535133,1.967918028039992
2298,0.5,2824.2818841220396,-0.21668654117163874,2.495804734326448,2.505193471373267
2299,0.5,2825.872656689751,7.180136669547144,-0.4281302090266044,7.192889410331339
2300,0.5,2826.7121703749226,6.427395654295035,3.6613895391858713,7.397106748892463
2301,0.5,2828.029973946251,6.895173917914389,-2.642543840180304,7.38420349838503
2302,0.5,2828.8515265905226,6.941412847232135,1.8907275524608977,7.194307679919876
2303,0.5,2830.087545290016,7.502227050910041,-2.8968310343734025,8.042079380677317
2304,0.5,2831.128425437187,6.377626227580381,-2.749052264304627,6.944883343195878
2305,0.5,2832.416550857944,1.207358099146593,-3.1157837889957407,3.3415299189657914
2306,0.5,2833.138035851671,1.7401909222939709,-0.47051666889354854,1.8026786684656313
2307,0.5,2833.6587172333084,0.6732469668874091,2.303886327939223,2.4002403401510386
2308,0.5,2834.980248462514,5.0035067845038625,2.0549314168778903,5.409050126468413
2309,0.5,2835.7758477445304,3.2069813359097084,6.299619955984461,7.068941991465971
2310,0.5,2837.014472081293,12.73633593600071,6.247133033765477,14.185941076158006
2311,0.5,2838.8128815292716,-1.8113296493459494,-5.316144963077741,5.616254300426268
2312,0.5,2839.4857533950126,1.9667699821614026,-2.084087309520455,2.8655896559757768
2313,0.5,2840.2857549106916,2.3628753943967977,-0.28064772381858455,2.379483825187802
2314,0.5,2840.920672973104,1.6262644788815794,3.0611980963447345,3.4663626383193957
2315,0.5,2842.3326410811005,6.723784624853803,-0.623812488202862,6.752660342550796
2316,0.5,2843.4698378845646,3.897284625865523,-1.7766802877962802,4.283155413950285
2317,0.5,2844.198986963261,3.324666853195354,1.7498242716729921,3.7570326943575854
2318,0.5,2845.0254336104804,2.852296837083707,5.591400050379624,6.2768902945824205
2319,0.5,2846.390776212727,10.793667362601768,0.709844828754147,10.816983628322806
2320,0.5,2847.535935529731,9.651203243022325,-2.9296097979253877,10.086046678764928
2321,0.5,2848.770308555407,4.091794509510252,-5.465659107672625,6.827606593041442
2322,0.5,2849.7970866472097,2.082509644964902,-2.7746745110589646,3.4692456044062583
2323,0.5,2850.4718881974354,3.1297198424653296,0.4751917849231034,3.1655889696515582
2324,0.5,2851.6789380362543,2.4079191432497407,-1.0175829611111082,2.6141059051178885
2325,0.5,2852.3037265683697,1.5072338258460498,1.6499211896940622,2.234724532906906
2326,0.5,2852.926214764695,-2.2169728349895514,4.085953381535551,4.648653954335965
2327,0.5,2854.832394231931,9.699005050599096,-6.953732832317834,11.934198727807484
2328,0.5,2855.8537211929,6.007107603066709,-4.155763441959769,7.3044994038161954
2329,0.5,2856.816133543913,5.143319804952674,-2.2251539285751574,5.604020754946565
2330,0.5,2857.736139807822,5.494625328393366,-0.450606974090327,5.513071208003824
2331,0.5,2858.8578603562514,4.797403618298365,-1.875964425848531,5.15114783363004
2332,0.5,2859.838748954184,3.7842192487128417,-0.8976901484651236,3.889236804950313
2333,0.5,2860.5774364976123,3.67552544081973,2.7826225129707343,4.610040706523603
2334,0.5,2862.1202082343966,1.4601570870183216,-1.9668316718349341,2.4495888520531017
2335,0.5,2862.506966277763,1.1319158992643175,1.8664221820089786,2.1828342503503344
2336,0.5,2863.363589552191,0.16827533755978855,6.579071837646706,6.581223505864761
2337,0.5,2864.9114267588516,15.418915090808888,-0.7905266096158015,15.439166910752817
2338,0.5,2866.49320975593,-1.006790409318695,-5.49464794153678,5.586124141990624
2339,0.5,2867.149356094088,2.8031846651932195,-1.9980189900413285,3.442371878769084
2340,0.5,2868.2241636630906,1.3552258965676005,-1.3098678573754399,1.8847787760139867
2341,0.5,2868.6576291942183,1.0185760995365944,1.7594263937793029,2.032997419003385
2342,0.5,2869.8434565748635,4.55274049333695,2.833126974957223,5.362280714015282
2343,0.5,2870.9095063753807,6.086444902870419,2.8196012409571374,6.707828464837509
2344,0.5,2872.023511113548,6.815266089386025,1.1274481215050487,6.9078933934898235
2345,0.5,2872.858555183438,6.570133560913781,6.098639670341062,8.964377325665367
2346,0.5,2874.569154072846,1.3271836090668199,-5.89445692510556,6.0420227386282255
2347,0.5,2875.2821191663666,3.0849770279734616,-1.2735696012222602,3.33752345194478
2348,0.5,2875.8899143403864,2.9015398074013055,3.570237137037484,4.600600663893359
2349,0.5,2877.5466491537964,3.012329794453374,-5.191916566385711,6.0025101768228515
2350,0.5,2878.52700262418,1.4972371329779366,-1.9132517361672678,2.429454926174811
2351,0.5,2879.119907546979,1.8283591919373123,0.8129272968760232,2.000936811782876
2352,0.5,2879.8689739369074,1.0529245467096366,3.3353950049286056,3.4976434838282744
2353,0.5,2880.978994738386,4.315575072690023,6.804719069431205,8.057815449729794
2354,0.5,2882.153646390637,11.88660202201816,7.25411614417024,13.925283072992
2355,0.5,2884.01365755284,-1.4870253109688822,-3.1633115883338374,3.4953947531500997
2356,0.5,2884.346757790143,2.906406382365697,0.32264900433428817,2.924260665442458
2357,0.5,2885.773055402722,1.2383440677152175,-2.5521020189194368,2.836674240200686
2358,0.5,2886.3088746397725,2.2301911594566035,0.8916244542796262,2.4018215535688388
2359,0.5,2887.2248855070607,3.3048993633627677,2.865712103587442,4.374318879848975
2360,0.5,2888.394382456172,6.005282053553421,1.6698252632648445,6.233115509323431
2361,0.5,2889.404168047578,6.615965901749388,2.173588776775747,6.963870546157222
2362,0.5,2890.642626361553,4.954513568422657,-1.739016300596698,5.250845874087834
2363,0.5,2891.280078215455,3.6986858908905047,4.208407001899586,5.602764211807413
2364,0.5,2892.4626240166394,10.75973050484117,4.121508924371267,11.522093401395496
2365,0.5,2894.1744487368214,-0.8010770542489748,-4.652831026220469,4.721288066344188
2366,0.5,2894.746550356225,2.911355592231018,-1.075809056931297,3.1037648930597546
2367,0.5,2895.6411038619713,3.9092101647327087,0.17413890854616274,3.913086821362284
2368,0.5,2896.8254051682475,2.6566433797785503,-1.2693173917029779,2.944303090410505
2369,0.5,2897.42830056697,1.9746948054643512,2.233907183345434,2.981570203522
2370,0.5,2898.541353179908,3.724679171875886,2.4128674853858927,4.437923437311473
2371,0.5,2899.1777798365483,-1.364698141458673,6.959132485443594,7.091680052516264
2372,0.5,2901.2638503619974,0.6932436494453544,-8.851728860963288,8.87883385279321
2373,0.5,2902.06510248125,3.0924158002543174,-3.241634349604998,4.480092492148077
2374,0.5,2902.8557855285085,4.180388648351368,-0.38969984985567624,4.19851345409807
2375,0.5,2903.957879043037,3.4885228959435235,-1.2044712722470265,3.6906019889972637
2376,0.5,2904.598196021988,2.95689052883524,3.3296789985008948,4.453084754703583
2377,0.5,2906.1764175966287,3.004980271000929,-3.4631445430469845,4.585114671972875
2378,0.5,2906.9233393429854,2.8989869763297285,-0.01853362413085418,2.899046219733795
2379,0.5,2907.605736911211,1.903729324292565,3.2523903696239618,3.768584410172355
2380,0.5,2908.6580455197427,4.826679997299708,6.801312957893936,8.339945907951027
2381,0.5,2910.0282334350463,11.379078516472493,-1.2541249465071083,11.44798048851837
2382,0.5,2911.14290366458,9.148943310609924,-3.7524862892790445,9.888595302265195
2383,0.5,2912.345904726056,4.069766282649558,-5.572779477586477,6.900642629581697
2384,0.5,2913.5227858666863,0.3608357013446908,-2.237334648123758,2.266245514294507
2385,0.5,2914.0446110721027,1.6543885149857898,0.21438906963885074,1.6682218172945404
2386,0.5,2914.8027022238634,1.553587528678888,2.1420006167109733,2.646091618076888
2387,0.5,2915.6859753274553,1.1404047220521825,5.6993839242647555,5.812357529113848
2388,0.5,2917.2741734414876,7.039613237863319,-2.658308210342195,7.524809438110258
2389,0.5,2917.9824167019124,6.125309394671943,4.244626902209702,7.452266280764443
2390,0.5,2919.3217723265275,9.250609224291253,-3.5339054473509623,9.902638978139072
2391,0.5,2920.6155559921413,1.3946951127672873,-3.547099375097828,3.8114417789592903
2392,0.5,2921.08319893726,3.132080594954361,1.7492737219286012,3.5874625304690784
2393,0.5,2922.396084557395,5.4587549028615845,-2.186434722589531,5.880348789456331
2394,0.5,2923.3909323573766,4.411069042132094,-1.3393117656159566,4.609911723663857
2395,0.5,2924.333434993953,4.01666870916474,-0.19287410451171666,4.021296798219989
2396,0.5,2925.2615091193134,3.834563731635202,0.950515856827309,3.9506150668031728
2397,0.5,2926.295436226226,2.3772424054911867,0.5033175557519687,2.4299403318587185
2398,0.5,2926.6240146864657,-2.253692173143019,2.3237266694781376,3.2371027240002843
2399,0.5,2928.7610738469984,6.509131774250527,-12.258227071325937,13.879226469322628
2400,0.5,2930.0043663719794,-0.7208787544168235,-3.746744008647527,3.815462861161892
2401,0.5,2930.7111686973894,1.0204261389631786,-1.0317857819478788,1.45115519669989
2402,0.5,2931.0691011098147,0.5720175427220853,1.726596402659733,1.818884055364537
2403,0.5,2932.806414415833,1.4077503913858311,-1.9515885051481836,2.4063372286264206
2404,0.5,2933.1748571620083,1.1124331888536143,2.0014101908418267,2.2897926438148364
2405,0.5,2934.2907178357877,4.80344966414711,4.7136155962318265,6.729881177631214
2406,0.5,2935.552463705748,8.320900471652761,0.3317981777546004,8.32751311556532
2407,0.5,2936.5503748486017,8.105202443883748,0.9312599358150726,8.158526320628829
2408,0.5,2937.7089589815682,6.993985758492808,-2.2026448043765936,7.33263124152902
2409,0.5,2938.5812203505784,7.44951469571368,1.1663777410142484,7.5402722919260405
2410,0.5,2939.847529162594,6.520834327370415,-4.4205147431821405,7.877958550265611
2411,0.5,2941.261601534687,-0.21161667787552238,-0.9015573314160406,0.9260600629468291
2412,0.5,2941.425217756342,0.5889312457029442,0.6533792662011831,0.879627465275396
2413,0.5,2942.7248858651474,2.965849419044506,-0.05043429136812948,2.96627820579804
2414,0.5,2943.3536849601783,1.2570514948323661,3.1513584631097182,3.3928216315735686
2415,0.5,2944.3216487944833,1.7997884187524977,8.271499116493862,8.465041995550544
2416,0.5,2945.944499285887,10.613503797385315,-5.69048919333908,12.04276256166422
2417,0.5,2946.9223948961885,8.971663607215275,-3.3546480923743958,9.578330319252004
2418,0.5,2948.3742618646907,-0.3483993115967135,-3.1382317297838824,3.157511752969956
2419,0.5,2948.8675772093948,2.3074558060143278,-0.13169817031777314,2.311211090483576
2420,0.5,2949.7901430257857,3.00860159631274,0.7586727913561727,3.1027839063782277
2421,0.5,2950.521108352418,2.058676706124871,4.482468098759796,4.932612901570567
2422,0.5,2952.2838296389477,1.590345497106372,-3.464227955170146,3.8118334336049946
2423,0.5,2952.827176583512,2.5741928359630593,0.8808281398509056,2.720721773477903
2424,0.5,2953.589030993759,1.989773208426627,4.190890644956246,4.639263068522216
2425,0.5,2954.7112752909334,7.273108027925041,7.739908608457892,10.620936194759304
2426,0.5,2956.258730424157,7.248149532582004,-7.509268749057091,10.436703923760325
2427,0.5,2957.2362592468426,5.325430143732779,-4.2133619198835515,6.790627723833971
2428,0.5,2958.290776254197,3.3344989583138323,-3.2506044832035763,4.656749167522256
2429,0.5,2959.221014234687,2.7727955050541655,-1.4922141233036759,3.148824844705647
2430,0.5,2960.0336178120083,2.6879911365636517,0.3983339201909539,2.717345444035308
2431,0.5,2960.81483926622,2.254679876358252,2.75209024670028,3.5577495795569525
2432,0.5,2961.8259705753485,3.7603730471865835,4.877339136935594,6.158639663975394
2433,0.5,2962.8196363352813,6.036052227035948,9.342136998380008,11.122475002624473
2434,0.5,2964.6339214948084,0.9318382656829717,-7.422795303208982,7.481056921767965
2435,0.5,2965.398341584291,2.9972957957894897,-2.314210390650254,3.7867336610396767
2436,0.5,2966.065269745648,3.907646572213007,1.7966629974409196,4.300895216080189
2437,0.5,2967.2701904264964,6.494617749026333,-0.8952967058252932,6.556036599762809
2438,0.5,2968.4053489954076,4.609806395041574,-2.461100736372677,5.225641762916813
2439,0.5,2969.401136655699,2.9525003359617035,-1.3003397273244366,3.22616516011071
2440,0.5,2970.0499301109135,2.5405305469005603,2.2689313635806423,3.406221512523044
2441,0.5,2971.1222381249345,4.947772110704909,3.1616074517565416,5.8716446195654415
2442,0.5,2972.308884109069,4.843005968069096,0.2710385556949409,4.850584367416578
2443,0.5,2972.811686391358,-0.5034777148214683,6.42129314119729,6.4410011189650636
2444,0.5,2975.018020412781,-2.546423001114609,-5.49700138770924,6.058159320873201
2445,0.5,2975.6199571661537,2.6210159435792098,-2.285147538592882,3.477301230787106
2446,0.5,2976.526232137094,3.1152310070004803,-1.1975420835169772,3.3374797780318324
2447,0.5,2977.55357491347,1.8194794707036086,-0.7479855271108786,1.9672284801413442
2448,0.5,2977.9819785126,0.3246850782411375,2.3216545984141566,2.3442483815436566
2449,0.5,2979.3190422120115,6.605214799527208,3.2264539339284743,7.351113353476179
2450,0.5,2980.487381006559,6.944460534497532,-0.024601107673380862,6.944504109703766
2451,0.5,2981.34394748181,6.589658995369285,3.5907308861882488,7.504462270694522
2452,0.5,2982.523719895925,9.95986558020489,0.05348999752000033,9.960009214633528
2453,0.5,2983.8253332665195,4.307567649799798,-5.042833543237655,6.632142127729516
2454,0.5,2984.6391778044467,4.798769932792102,-1.124766843595681,4.928822711390795
2455,0.5,2985.5476662354213,5.771177353656003,0.6468894176067719,5.807318999845241
2456,0.5,2986.805393383298,4.345277458342688,-3.121974547517013,5.350529064057604
2457,0.5,2987.856151502432,2.0004636068785002,-1.7545347944379537,2.6608733504882887
2458,0.5,2988.634699666939,0.941966202008989,0.020622535646124745,0.9421919203133272
2459,0.5,2988.855046367445,-0.9376659244585024,0.7236783241445799,1.1844524907007987
2460,0.5,2990.4232705736986,10.212101070603802,10.343912818183382,14.53559564195447
2461,0.5,2992.163668675063,1.1397342025616584,-8.151762355863598,8.231052396805874
2462,0.5,2992.868866378301,4.871915358677954,-2.440612667809074,5.449050326101996
2463,0.5,2993.974353092848,3.264586608245621,-2.9285853576263348,4.385674169342726
2464,0.5,2994.865507046754,2.8101362685785145,-0.985561012218469,2.977951704911527
2465,0.5,2995.540266915502,2.639677643973641,2.3324879134164895,3.5225555964850632
2466,0.5,2996.736506016222,5.355097793225065,0.9554615344146095,5.439667188234027
2467,0.5,2997.6472031144426,5.488547028858869,3.068401502980107,6.288023240374204
2468,0.5,2998.959301098029,4.332473599772508,-1.8067643498090935,4.694115987964809
2469,0.5,2999.4944929945946,2.36863297439577,4.606963309254632,5.180205893612081
2470,0.5,3001.0233311628795,6.7889417266772885,-3.516173926159076,7.645469825146191
2471,0.5,3001.707332456021,6.920482506380248,4.280432617019446,8.13727113410626
2472,0.5,3003.4770428527104,-0.9606308277364444,-4.923968096262703,5.016799118981201
2473,0.5,3004.290975917311,0.6301772336917979,-1.3454714337070306,1.4857377712049658
2474,0.5,3004.662308408249,1.0130636565920919,1.1845257747869735,1.5586530349768097
2475,0.5,3005.772929284508,3.7503481359567528,2.448883587795011,4.479078249756981
2476,0.5,3006.990738364633,3.495356370957474,-0.1302950940550837,3.4977840087014846
2477,0.5,3007.4686992164707,-0.25022005403713204,4.249578690284473,4.256938937824013
2478,0.5,3008.882120872393,13.153528844640114,5.7159947939767495,14.341824066399253
2479,0.5,3010.5149621292444,0.6274701653885244,-7.487146738308622,7.5133937131910065
2480,0.5,3011.3443801805124,2.176817145966406,-2.772790953312507,3.5251812092068415
2481,0.5,3012.074694785867,2.9017056532923053,-0.050868491582686325,2.9021514953193646
2482,0.5,3012.788450548678,2.7485732717781466,3.618529434090821,4.544052188929487
2483,0.5,3014.459082206682,1.5825873591999613,-3.0610839231902407,3.445985713016417
2484,0.5,3014.9116665027295,2.4890606274227913,1.8959957994165313,3.1289331853511144
2485,0.5,3016.348394169978,1.8791839941612412,-1.4061391549447975,2.347032127385704
2486,0.5,3016.700060812629,0.3758000921703775,2.3710237416138717,2.400620605712595
2487,0.5,3017.783440191593,3.4100783485575863,9.056662596964369,9.677384550515423
2488,0.5,3019.4617757803658,7.901732236869643,-8.628076725972793,11.69961881141682
2489,0.5,3020.4876338969393,4.381233398391324,-5.039109565522187,6.67741202147335
2490,0.5,3021.420400692511,4.058258613878357,-2.7387699186563883,4.895949718334024
2491,0.5,3022.447483793126,2.8347604984828676,-2.0391223822815703,3.491974681133943
2492,0.5,3023.338509067941,2.147413541687064,-0.5107709757419933,2.207322339098077
2493,0.5,3023.9309960739024,1.1749229779009949,2.1899825096301844,2.485249966600113
2494,0.5,3024.793963871218,0.10052691527907462,6.313941780364155,6.314741995246014
2495,0.5,3026.5108269078455,7.266778166728407,-5.036461412177882,8.841493566179725
2496,0.5,3027.2995228073414,7.104833274761446,0.7090819383699021,7.140129764750769
2497,0.5,3028.4015225286307,7.879928171286665,-1.2948171330178218,7.985600753393179
2498,0.5,3029.499388369681,6.457177069280725,-2.826702222944509,7.048785793400466
2499,0.5,3030.594529650982,3.6390414909374216,-2.790484502810338,4.585785290785942
2500,0.5,3031.2892174680615,4.432534585315508,1.5742502799491815,4.703788557528728
2501,0.5,3032.7560293602246,1.4072522452501295,-2.447267218303344,2.8230259863387226
2502,0.5,3033.2181239729534,1.9922056920232487,1.5619053989545821,2.531488098848838
2503,0.5,3034.360907192327,3.8205265699599833,1.0799473989853268,3.9702279098743647
2504,0.5,3035.074103947538,1.7815014260053816,4.769126804573894,5.091003615100308
2505,0.5,3036.133113238208,5.783827003537277,10.885558787578514,12.326720769315529
2506,0.5,3037.9803835904686,0.8750019665894639,-10.147582192992424,10.185237002891604
2507,0.5,3039.0336510442103,-0.07541908919951222,-2.727502303325215,2.728544823465438
2508,0.5,3039.5216015715723,2.212866249269759,0.07752496564247811,2.2142238273162627
2509,0.5,3040.5004275646597,3.1076969407651696,0.47346096396351095,3.1435561964180714
2510,0.5,3041.2568035495,2.607232983520902,3.683252843676526,4.512650589266857
2511,0.5,3042.6530498541315,6.024466892780735,-1.3450077054610037,6.172782765492451
2512,0.5,3043.67054162177,2.875588375330034,-0.6536865635418081,2.9489514454613057
2513,0.5,3044.055127981914,-0.5768044796139363,3.6127362389435462,3.658492386199357
2514,0.5,3046.050030224876,1.2658764625582979,-4.506000583489537,4.680436355391146
2515,0.5,3046.4545042192885,3.4549807888956403,2.333759660230927,4.169331649480419
2516,0.5,3047.7088176408897,8.540910910480278,-1.2271848681241049,8.628623405927149
2517,0.5,3048.922632490405,4.946573666076288,-4.650084785906028,6.7891000545016364
2518,0.5,3050.019676757212,1.8131977873749605,-2.858000384639218,3.384649526131084
2519,0.5,3050.8012333157208,1.8374994959037494,-0.5301256709390103,1.9124428421354374
2520,0.5,3051.3423833414804,0.8907516560466612,2.2064986939361413,2.3795115042991
2521,0.5,3052.476848524261,3.7623452638608352,4.032171659678356,5.514857221869789
2522,0.5,3053.348265936952,2.81135368747306,8.946034708733457,9.377379514871523
2523,0.5,3054.9865208665365,10.37178900622434,-8.041850876635491,13.124228461577431
2524,0.5,3056.2429233097305,0.7310019881730322,-4.356077362369483,4.416986970057847
2525,0.5,3056.765138112965,3.7543468634741735,0.4585959007739529,3.7822520502321146
2526,0.5,3058.0137030097017,3.585490384648856,-2.4506969375206826,4.343000895461875
2527,0.5,3058.9014946931643,2.647261672552635,-0.5496197657074052,2.703715267890174
2528,0.5,3059.437861758113,1.0344914129636675,3.423631342257259,3.576510037897532
2529,0.5,3061.062700117591,4.635790554648502,-3.230422205259263,5.650325803951519
2530,0.5,3061.8375844452676,4.102217470001707,0.558018983700153,4.139996782288238
2531,0.5,3062.72687316464,3.848335015144579,2.2283664762265873,4.446942718448072
2532,0.5,3063.4350864850185,0.7248696349754259,7.527079709711688,7.5619022040795265
2533,0.5,3065.2865555852973,4.90258765390515,-9.966683056755556,11.107211029688843
2534,0.5,3066.3202504040964,1.8766769650118902,-4.446755031269927,4.826546046515111
2535,0.5,3067.071320241176,3.3567545580404325,-1.2428003979705637,3.5794348704957617
2536,0.5,3068.0135013417953,3.5968185605947647,-0.46805582209585916,3.6271448841253675
2537,0.5,3068.9842661855264,3.249216655958564,0.02324650538788801,3.2492998134015427
2538,0.5,3069.7829047797677,2.612854114830136,2.09748579426363,3.3505899902140373
2539,0.5,3070.5426215498082,0.6175810321272464,5.875952334752026,5.908318049286204
2540,0.5,3072.0009933779156,12.27285559374133,1.139392269368887,12.325631795909102
2541,0.5,3073.185237779943,9.641233948648118,-4.4507836759534465,10.61898617489912
2542,0.5,3074.5234942852103,0.4952016350428827,-3.6156787809518054,3.649432518402591
2543,0.5,3075.033872877411,2.761555807280367,0.35119348921697885,2.783797288523774
2544,0.5,3075.833479242464,3.714754011266453,3.763943030046583,5.288351775142843
2545,0.5,3077.4274733068123,2.889663449814777,-4.5282526072931475,5.371706109668755
2546,0.5,3078.286226917969,2.324244013982283,-1.333300174997293,2.679514805553477
2547,0.5,3078.897379147135,2.0771889584949013,1.8511790756612478,2.7823691235095254
2548,0.5,3079.871394642814,3.335932549982292,3.8181383213780147,5.070170235722532
2549,0.5,3080.8563823419727,5.066943566463338,6.986549109764272,8.630514791648999
2550,0.5,3082.1631637590717,12.625505976921318,0.4669989622590282,12.634139828418354
2551,0.5,3083.3613579904318,9.82551149784208,-5.8000999619238724,11.409725490235784
2552,0.5,3084.8384515042935,-1.1318834334974295,-2.6996104767097933,2.927295139371363
2553,0.5,3085.377268993634,1.4085780042960376,-0.7614785082034966,1.6012312489588851
2554,0.5,3085.9655222593105,1.486518827223577,1.6040062615941308,2.186909762867078
2555,0.5,3087.0188153586455,3.6477943447940184,3.081265161602142,4.774997233299125
2556,0.5,3088.0834370420393,5.869313005129222,3.551277483366758,6.860058812870831
2557,0.5,3089.222308944518,7.756245202678171,1.2244925832634896,7.8523067776632
2558,0.5,3090.282194902935,7.230893821243288,0.09836038440135429,7.231562778494974
2559,0.5,3091.1544696984934,7.76033149942285,3.7667940136859497,8.626209023810796
2560,0.5,3092.687667040027,2.035918309260997,-4.653807814025302,5.079654568163775
2561,0.5,3093.185445717524,4.2846760089471365,2.0188164542031504,4.736461588296536
2562,0.5,3094.8330684301163,0.10091131478717308,-2.2105965010817634,2.2128985480692536
2563,0.5,3095.1320312394537,1.5901526628024356,1.3115541208853332,2.0612519746573867
2564,0.5,3096.5154855129363,3.571211664663355,-1.7577545715889795,3.980358512467133
2565,0.5,3097.3426065309914,2.761010676484837,0.33294546593501695,2.7810128800402816
2566,0.5,3098.0383549729645,1.4320201441117502,2.8458493588347533,3.1858343124403086
2567,0.5,3098.758089848813,-3.1952929118423925,6.718431401298199,7.439571041828952
2568,0.5,3101.0793730865794,-2.874533369268688,-5.654572988931454,6.343275004143553
2569,0.5,3101.657370790145,2.694714530948718,-2.2322289634704915,3.499190270428677
2570,0.5,3102.4360891227184,4.087830345499829,0.1431594225795719,4.090336361946603
2571,0.5,3103.5899160595886,3.7431646210194853,-1.589487140843104,4.066663343695606
2572,0.5,3104.362546341634,3.7540311089043596,1.3443739099673813,3.987491790138593
2573,0.5,3105.3914023698576,4.975738118341823,1.5095528493378376,5.199684569977665
2574,0.5,3106.3963526460557,5.693645979937286,1.8818001764410766,5.996563720074163
2575,0.5,3107.484255857023,5.871725458171359,0.5085013799831655,5.893702869129258
2576,0.5,3108.303596266206,5.377425381402936,4.406247922707437,6.952102163297092
2577,0.5,3109.5330997903566,9.45539843765739,0.1327227435197771,9.456329887514565
2578,0.5,3110.557200380326,10.005415452208982,-0.21410370965392597,10.00770596939128
2579,0.5,3111.9207277140904,3.035408231133669,-6.115532027286153,6.827403247677458
2580,0.5,3112.8407378593733,2.626075258951552,-2.831035878619214,3.8614809868373983
2581,0.5,3113.7552136694867,2.0736386983517314,-1.1838853547437242,2.3877943765070175
2582,0.5,3114.473416203572,1.7207024430444184,0.7159875900277345,1.8637207748406823
2583,0.5,3115.002672413545,-0.9892315058362514,2.9571690013152505,3.1182410866510777
2584,0.5,3116.7204508159016,6.199267637949323,-1.8863835609754758,6.479919921267877
2585,0.5,3117.2697233868994,2.9780808739777362,6.507444364663795,7.156521351267428
2586,0.5,3118.955013666124,6.039036514851492,-8.394920323101593,10.341404607640772
2587,0.5,3119.9575566043386,3.393859021211041,-4.431768705077008,5.5820115470281415
2588,0.5,3120.9862149756773,1.1271931377381106,-1.6396989411287415,1.9897680737469388
2589,0.5,3121.337219762926,1.000420296225735,1.887909622302123,2.1365962442823236
2590,0.5,3122.6101288753475,6.998252487875045,1.965279139583341,7.26896553716763
2591,0.5,3124.15022516433,0.4710295806515689,-2.264387412245175,2.3128595328258035
2592,0.5,3124.525922645769,1.54121964826586,1.0760778657542454,1.879707843620107
2593,0.5,3125.37444147211,1.9099068944585385,3.913362102834302,4.354554775565462
2594,0.5,3126.45011643482,5.54480062831446,7.26053751436502,9.135656462743015
2595,0.5,3127.693012373443,14.28268633320057,2.910223107348287,14.576162987121757
2596,0.5,3129.468612609748,-1.6389711420646107,-2.3943983433921154,2.901615038450049
2597,0.5,3129.796205505421,2.29481538406328,-0.10738049502706538,2.2973263193646996
2598,0.5,3130.8776637297738,3.84369235664798,-1.0375196663168422,3.981258342603292
2599,0.5,3131.861090216302,3.312510225596968,-0.5899661302092692,3.364637280522014
2600,0.5,3132.6983313662377,2.8223960427252806,1.078559065669647,3.021458104976719
2601,0.5,3133.3988838229807,1.0782952214704946,4.405138106581405,4.535191542008089
2602,0.5,3134.6354459012578,8.582588719452865,6.276725457375446,10.632878800896048
2603,0.5,3136.015560752042,8.83706078455251,-4.989825548159375,10.148497539583868
2604,0.5,3137.1751726669313,2.1842104747995044,-3.2200376388030865,3.8909404767398375
2605,0.5,3137.613495212023,2.779685051475557,2.8915107065463714,4.010920486804615
2606,0.5,3139.0495084984655,6.769905918592608,-3.828491335829301,7.777465657597933
2607,0.5,3140.1384941410524,3.4850031081289847,-3.2895036233291997,4.792293892444892
2608,0.5,3141.0011748282404,3.1728197624890666,-0.9655898350168541,3.316496490986995
2609,0.5,3141.7480325428837,3.2712971601775482,1.8968917924816049,3.7814790205116524
2610,0.5,3142.9794567280387,3.478636748478665,-0.5595580941731617,3.523353358467033
2611,0.5,3143.567499183578,1.507590896127361,3.4118008843122496,3.730042303282893
2612,0.5,3144.490488145513,1.3650812601646858,9.490995001218137,9.588661687639233
2613,0.5,3146.2835283759446,6.866569492870964,-10.766458531009594,12.769745725752546
2614,0.5,3147.3446066255306,2.4957834882958516,-5.721139391469736,6.241824345259718
2615,0.5,3148.379041870468,0.7514412544474758,-2.1405653170081504,2.2686303875386575
2616,0.5,3148.8612287838064,1.8531558976065263,0.8044799561318969,2.020241267931093
2617,0.5,3149.7717386989907,2.9991641618182396,2.63476144481371,3.9921114138525406
2618,0.5,3150.8246527223637,5.553832693483899,3.712328345221472,6.680302338213848
2619,0.5,3152.1510594657366,5.453817194226533,-2.259831336394499,5.903470136876406
2620,0.5,3152.9945599956436,3.9996405140153466,0.5078026976417112,4.0317474897474845
2621,0.5,3153.596976529534,1.0260208652702425,5.771737856127649,5.862224551808544
2622,0.5,3155.31210821767,6.8510578112675375,-7.004595948560476,9.798028247352615
2623,0.5,3156.3003579495708,3.6649142485731905,-3.2660226551324407,4.909022350044166
2624,0.5,3156.9057614544467,4.681226722359293,2.7495291744146653,5.428977280030569
2625,0.5,3158.578287707936,0.16184972174672294,-3.8401869763790084,3.8435961476175464
2626,0.5,3159.2652046599114,1.5992530693877778,-0.9229723902079234,1.8464800061285136
2627,0.5,3159.804097579087,1.3111552839645497,1.8033031460112074,2.2295807711500557
2628,0.5,3161.0619125777553,2.422133949301457,0.41962006401721114,2.4582135518470483
2629,0.5,3161.4024352078923,-1.9960506152943893,2.452402142729878,3.16203958363636
2630,0.5,3163.3119595578273,11.46234006045967,-6.936539523207622,13.397791617227073
2631,0.5,3164.35053132093,7.182060837110056,-5.2744031849663235,8.910742215187963
2632,0.5,3165.5405978938293,1.4833108690258174,-3.7501456251373115,4.032840604822691
2633,0.5,3166.1395867135993,3.324029863982726,0.27955537521578455,3.3357646416468083
2634,0.5,3167.1210947572813,4.728136195357392,0.8201713232815623,4.798744927726634
2635,0.5,3168.1975157138954,5.159010131206651,-0.18510643803871504,5.162329893303628
2636,0.5,3169.1797646078567,4.6544641419912125,0.22995027948696228,4.660140939941423
2637,0.5,3170.014131565626,4.585771590082866,3.1012263829133806,5.535964789852728
2638,0.5,3171.343958069062,3.810347013703497,-1.6203742797223046,4.1405744977267025
2639,0.5,3171.837774346068,1.5937474375856788,4.132621471883057,4.429287880086347
2640,0.5,3173.0116339172782,9.845077494868308,8.142776351344686,12.776163649076382
2641,0.5,3174.815385976386,-1.391794890187767,-6.510553263435004,6.657657006212994
2642,0.5,3175.528722743695,2.298907182142066,-2.6711472250023305,3.5242022827502435
2643,0.5,3176.4803435164627,1.4744483839196532,-1.1940889959836962,1.897326162570007
2644,0.5,3176.915636009213,0.9878667512250149,1.9694181301711615,2.203290377962637
2645,0.5,3178.371705005001,3.3076581590341916,-0.9701280736741095,3.4469915834472378
2646,0.5,3178.9025955360466,1.3140691126254056,3.4158014025807755,3.659846561623713
2647,0.5,3180.011213372894,5.795398031588542,7.20915274762432,9.249784953344571
2648,0.5,3181.328501713206,12.914686762414014,-0.8546420893766516,12.942934260522453
2649,0.5,3182.8394469202713,-0.2016780400449124,-3.453511460112658,3.4593952415076568
2650,0.5,3183.2056733459267,2.8076523259736486,1.0957370381585407,3.0138930373086716
2651,0.5,3184.4514999603325,4.656048164293623,-1.7834456475565776,4.985926482210756
2652,0.5,3185.2143445801116,5.019941379203907,2.1235158559023506,5.450608318427615
2653,0.5,3186.545869429537,4.737888999915646,-3.2761956429901247,5.760299477168627
2654,0.5,3187.6461627083722,1.2343251705010794,-1.5246920227263172,1.9616942653476324
2655,0.5,3188.055482329446,1.0105405830741474,1.4952227972769137,1.8046837627508139
2656,0.5,3188.8774607149558,0.06515402399331958,5.026384984869518,5.026807243466201
2657,0.5,3190.168661962153,10.460584421220684,8.415854665347426,13.425737826344402
2658,0.5,3191.7062563627746,6.141797185558512,-8.974913763142872,10.875235616959563
2659,0.5,3192.681791617887,3.934866298150916,-4.646635243737204,6.088874433970912
2660,0.5,3193.5572084724545,4.436476547909081,-2.164252997372632,4.936224791962345
2661,0.5,3194.7867073785583,0.8863847998376502,-1.9435141639621771,2.1361004936343306
2662,0.5,3195.3266999292105,1.3068400749543676,0.4275859516442628,1.375012991775084
2663,0.5,3195.793895633893,-1.0321666702040777,2.2428257824743447,2.468934086931409
2664,0.5,3197.547165656594,7.563473067898126,-2.5020854892887474,7.966590026136001
2665,0.5,3198.4301257678176,5.91821641752725,0.4187170703752391,5.933010159245701
2666,0.5,3199.2489771142464,6.012284626598916,4.670133102547183,7.612996100533918
2667,0.5,3200.6632702307456,6.3636279146356465,-4.406587339277838,7.740398711604833
2668,0.5,3201.4248663611975,7.135298683945291,1.1682790026467929,7.230308647432472
2669,0.5,3202.7782865007357,3.7504181628395923,-4.869617398739024,6.146446941628873
2670,0.5,3203.6308911526253,3.8388749385216645,-1.7629201140839938,4.224316290508043
2671,0.5,3204.5574101878424,3.6864090912714604,-0.6594380231945777,3.7449259665103725
2672,0.5,3205.497580563342,3.21382836221882,0.10863253871036214,3.215663814870697
2673,0.5,3206.22889330383,2.3802020617530495,2.972264992353916,3.8078499234536665
2674,0.5,3207.2700623574306,4.302908728052958,4.353501011014772,6.121110567116148
2675,0.5,3208.086133891918,1.9729827449530362,10.706305797306458,10.886580947998333
2676,0.5,3210.3524205397666,-2.3944801557646893,-1.657802464197167,2.9123605935132915
2677,0.5,3210.670388299202,1.9249909379195926,-0.7820748010803009,2.0777947698358816
2678,0.5,3211.618832522935,2.9112825721903515,-0.5956037054610406,2.971583750981653
2679,0.5,3212.3192273429318,2.877696827947953,2.7116255795336235,3.9539919470280624
2680,0.5,3213.606498798172,6.009644071496772,-0.7070542948895548,6.051094747398859
2681,0.5,3214.6675624880945,3.898579594222846,-1.1408394372903907,4.062073051308633
2682,0.5,3215.3252989037355,3.036929077204356,3.161728440807055,4.38400102114239
2683,0.5,3216.491524692371,6.603574936101303,2.112904918882527,6.933366363675247
2684,0.5,3217.43080477829,7.326494457190103,4.209476643638807,8.449687251287939
2685,0.5,3218.659983744026,9.510213978148885,-1.6434352233604985,9.651168283869078
2686,0.5,3219.6391713055855,9.759862226819253,-0.8227265675601204,9.794477509875785
2687,0.5,3221.1983416829694,-0.7012396734599226,-2.9179757059756253,3.0010530319036564
2688,0.5,3221.6094763010974,2.397659714912661,0.12544969946921689,2.4009393444258396
2689,0.5,3222.8138408229024,2.0118904172529577,-1.271799090112411,2.380163014720848
2690,0.5,3223.3725663752557,1.5233652904068575,1.6811253010034548,2.268661298142657
2691,0.5,3224.213706519639,1.0489236565269178,4.70933967360997,4.824740511018044
2692,0.5,3225.366715964934,7.077713821265235,8.835520652079214,11.320797592442293
2693,0.5,3227.044102374515,2.267109291740817,-5.787309903249125,6.215524149815761
2694,0.5,3227.5251495154953,5.064787423852912,2.4025421094938855,5.605736368819885
2695,0.5,3229.0163116299536,2.9924990311379847,-5.457866070544414,6.224415835671786
2696,0.5,3229.9810669604994,1.2318022766302406,-1.6822912552712026,2.0850517298794777
2697,0.5,3230.3366367321696,1.0496750425113088,2.0271945422954905,2.282834949615005
2698,0.5,3231.7413479182565,6.204807588546997,-0.9376199570197935,6.2752504646979785
2699,0.5,3232.7387131248083,5.343844585685372,-0.6535037663191913,5.383655090043589
2700,0.5,3233.913360603034,1.8056969437883872,-1.3641278543240853,2.263048001203146
2701,0.5,3234.30659124492,0.6617683835965782,2.1110022822756287,2.212299263052117
2702,0.5,3235.1546171823666,-1.4512358097923574,7.531814998251216,7.670353482304818
2703,0.5,3237.087579531709,4.995581562736751,-10.650499941502561,11.763884739060538
2704,0.5,3237.9982363267127,4.542168404322722,-5.0067227304398845,6.760071472457302
2705,0.5,3239.09043456269,1.572534354347079,-3.111228204287043,3.4860586964009888
2706,0.5,3239.7673140752395,2.6739011862231568,-0.2005543187374457,2.681411864755179
2707,0.5,3240.6057472779567,3.1118537256866,1.4974720399863537,3.4534122430735756
2708,0.5,3241.5953129380387,4.120276366667403,2.249792683114719,4.6944908621398405
2709,0.5,3242.5683075823654,4.853395352430607,3.339477125843242,5.891311731781409
2710,0.5,3243.50165271128,5.9665344872698265,6.51417934848522,8.833689284325748
2711,0.5,3244.8841570911345,10.221687704209291,-3.699199568286723,10.870463512122933
2712,0.5,3246.0401578162396,4.261190653811373,-4.534745155947295,6.222673012260636
2713,0.5,3246.8416761619596,4.396139390541301,-0.7936678106664574,4.467208315576623
2714,0.5,3247.5705035338365,4.813806230805496,3.9426855041377546,6.222338741364038
2715,0.5,3249.3080857474347,-0.11328184607433082,-3.8231013287871205,3.824779280798286
2716,0.5,3249.9064463184445,2.1067658753901743,-0.7174502860395296,2.225577984849493
2717,0.5,3250.613324267405,2.2225996665753227,1.536477916987139,2.7019832840433846
2718,0.5,3251.5106377440175,2.7963206739471747,3.851909195813479,4.75989640268954
2719,0.5,3252.7239909072705,5.629535783429435,1.6996851009504674,5.880527406560185
2720,0.5,3253.3690172441084,1.229299414880455,8.050921965308245,8.144232409681603
2721,0.5,3255.1420765925486,7.222282187522175,-10.763499634130614,12.962032416644004
2722,0.5,3256.3466128179575,-0.1282839294711721,-4.036756451368587,4.03879430204442
2723,0.5,3256.941943204737,2.6579430941311246,-0.8853908810759877,2.801531456887795
2724,0.5,3257.8313400128254,3.213900483096938,0.12965354423323494,3.216514628722054
2725,0.5,3258.706714275455,3.369430187222883,1.610605394390805,3.7345829115189813
2726,0.5,3259.5397306860395,3.3024187590444187,4.963984553287207,5.962139909911748
2727,0.5,3261.192124420504,1.5700083731595833,-2.673461948034585,3.1003749901229822
2728,0.5,3261.5353126021832,1.5043102434490576,2.499279491664876,2.91707855327936
2729,0.5,3262.7189686945285,7.2667165033539485,3.694114494450914,8.151788186540973
2730,0.5,3263.7849404891263,10.482309157099944,3.0069447826991658,10.905068646790953
2731,0.5,3265.1987716006506,4.423967754118148,-6.880537196861493,8.180053961122248
2732,0.5,3266.153786419936,2.7565408591179397,-3.0989367134855197,4.147520495690781
2733,0.5,3266.8039544796475,4.0751091497468135,1.1052312128482453,4.222327630135326
2734,0.5,3268.188517855567,2.0699251434089803,-2.7354878032665444,3.430376600482331
2735,0.5,3268.909408588717,2.050907743242518,-0.07332824620362947,2.0522182152450106
2736,0.5,3269.516785360248,0.8891049593231909,2.3313735449116915,2.49515735668258
2737,0.5,3270.310803457827,-1.9014386350431034,6.277706035692993,6.559349201972008
2738,0.5,3272.019397610781,14.630455665088467,-5.1285685807084835,15.503304443090494
2739,0.5,3273.36303296527,1.0586755538141814,-6.069674506876162,6.161310132404158
2740,0.5,3274.0599530117247,3.5497698803751128,-1.6556528924118117,3.916893246409703
2741,0.5,3274.8635676379727,4.612400359317704,0.8940215849480891,4.698245594792504
2742,0.5,3276.124154984922,3.090785926906075,-2.161530578694146,3.771627246771676
2743,0.5,3276.6945546812153,2.904814863192823,2.689432490360971,3.958660949062846
2744,0.5,3278.0594782890385,4.966368474944952,-1.9928555506096666,5.351288543381193
2745,0.5,3278.986193732024,3.0357972449987973,-0.42583869070493796,3.065518472174582
2746,0.5,3279.489509639635,0.5538396369124029,3.838031639115042,3.8777861217791987
2747,0.5,3280.976418713721,7.932696732977429,-0.6623989819141707,7.960304634160159
2748,0.5,3281.7066908206216,6.574304100349377,6.416025932935251,9.186232262248126
2749,0.5,3283.2391243001143,7.2101435808693335,-8.731474036458309,11.323639401981008
2750,0.5,3284.499863132439,-0.4117044177389485,-3.6094533970788003,3.63285760156787
2751,0.5,3285.202828751691,1.1772961918780094,-1.0809865801770089,1.598298567206155
2752,0.5,3285.682259710461,1.1510999745624297,1.4456503030637096,1.847954531417324
2753,0.5,3286.7185403422945,3.207874737421362,3.2804420987632597,4.58821977397819
2754,0.5,3287.7730919926667,5.58503108569328,4.13634232696073,6.9499568397197375
2755,0.5,3288.936972845327,7.33386840480057,1.0032785553195416,7.40217492622919
2756,0.5,3289.7243065361763,6.45364143272713,6.819754548735898,9.389277919372514
2757,0.5,3291.3857259284337,2.472355524232503,-7.353450146429482,7.7579488844814355
2758,0.5,3292.222642049285,2.8557907838062717,-2.529879335485102,3.815210407433302
2759,0.5,3292.8567160975545,3.7066415285292558,1.7066604985946467,4.0806716945229775
2760,0.5,3293.9758692455853,6.805301132603443,0.4712026405679581,6.821594786697017
2761,0.5,3295.2666632327273,3.092761805957846,-3.3875896687562888,4.58704036959083
2762,0.5,3296.021754764672,3.2900243438625894,-0.1766548573717749,3.29476359119156
2763,0.5,3296.8731421626953,3.3032536790478932,1.4828676016189686,3.6208260372565033
2764,0.5,3297.8368423105994,3.067888629584366,1.8628955173110247,3.5891949448240545
2765,0.5,3298.3578786215635,-2.6613670259056263,5.052316309065082,5.710409314000422
2766,0.5,3300.4505761922505,2.42338532198094,-11.14647557890548,11.406871361154597
2767,0.5,3301.4137763043677,1.430252223401329,-4.057573020022851,4.302269196059424
2768,0.5,3302.0170976656045,3.884416284965743,0.07765270472451864,3.885192378436118
2769,0.5,3303.3172618416975,1.6928803593364476,-2.1818495642566225,2.7615777070497063
2770,0.5,3303.8137192057598,2.0721559970450647,1.6604440673637166,2.655354021017384
2771,0.5,3305.076177240834,2.7021782716468263,-0.3742094803133363,2.72796630237923
2772,0.5,3305.47208869853,-0.6419931987766608,3.286454668778621,3.3485727642104903
2773,0.5,3307.2217116024763,6.773945531390333,-4.399648858457543,8.077329270245817
2774,0.5,3308.045402223319,5.65938737442914,-0.085443543869626,5.660032336748347
2775,0.5,3308.8328775129694,5.876843242657611,4.553484208740356,7.434480811597957
2776,0.5,3310.235706773843,7.240128684111304,-4.897699590963331,8.741105459025972
2777,0.5,3311.155306118273,6.654339806758587,-2.3146113248194897,7.045400190819152
2778,0.5,3312.3494594505105,2.756887613160791,-3.7373741782805405,4.644178620604245
2779,0.5,3313.1998766727256,2.449514440954743,-1.2096942436155989,2.7319372539431694
2780,0.5,3313.842662273157,2.3859027712400662,1.8841210807595787,3.0401388587980107
2781,0.5,3315.01501382798,3.6231341925344482,0.494954456811274,3.656785650189192
2782,0.5,3315.6197425409246,0.8493900289358773,4.445669753747417,4.526084729723949
2783,0.5,3316.752453417716,6.949857902961078,10.213255220824978,12.35358681019643
2784,0.5,3318.3874701701707,6.346631760278433,-10.108792567874175,11.935971761062568
2785,0.5,3319.412648993159,2.868635892438695,-5.3970853753787935,6.112086585816271
2786,0.5,3320.4766996820495,0.5636922548665605,-1.8588932870505568,1.9424811996099656
2787,0.5,3320.8879414612015,1.4372079666363733,0.9333584027695355,1.7136874415667394
2788,0.5,3321.66357269861,1.271258681597304,4.340334637996985,4.522676575362529
2789,0.5,3323.490923179792,0.7975415627245337,-2.893531335017496,3.0014323465640906
2790,0.5,3323.8751249140864,2.035220398201242,1.4998413189968156,2.528170494928008
2791,0.5,3324.925684145983,4.232396603331709,2.217266173917559,4.7780174020081585
2792,0.5,3325.6916270383817,2.5529689620936815,7.028386104082761,7.477690937012397
2793,0.5,3327.338441751472,5.742253487773621,-5.915737780822894,8.244357380008687
2794,0.5,3327.98826920817,7.246354044238825,2.268641455140157,7.593179899517516
2795,0.5,3329.4655839484094,2.414537718606217,-6.000033777017126,6.467642361782114
2796,0.5,3330.29040036013,3.258748716335295,-2.393877393617943,4.043524721315793
2797,0.5,3331.2994041614884,1.8822873799931377,-1.4511196825954709,2.37671077628251
2798,0.5,3331.8922882437764,1.7832250958564673,1.2869734670498938,2.199134476875557
2799,0.5,3332.7008985760012,1.3727657094650327,3.874846884200143,4.110830094893073
2800,0.5,3333.7813829613715,4.952405703401596,7.424296524424688,8.924488844391547
2801,0.5,3335.045996424476,13.297436614042523,2.103866233340975,13.462840474144786
2802,0.5,3336.575968429255,0.3325625325862003,-4.789282627846412,4.8008151315658445
2803,0.5,3337.044211896701,3.8654423037924572,0.6676489005778706,3.9226775623789396
2804,0.5,3338.1504073563246,6.121256578123866,-0.9761173205389668,6.198595576312498
2805,0.5,3339.2566736946173,4.438485449597565,-2.3543672174199357,5.024260948711859
2806,0.5,3340.117152697459,4.171636667202592,-0.19282579561542107,4.176090788117982
2807,0.5,3340.9722636378474,4.633797386800939,2.025347413470061,5.057085165109747
2808,0.5,3342.211554859257,4.463253642728348,-1.5559836652514583,4.726702682193712
2809,0.5,3343.051722278339,3.1089239025051243,0.5318570951690914,3.154089377498582
2810,0.5,3343.604908509593,-0.017994982519295856,4.390774881861531,4.390811756678031
2811,0.5,3344.8522558681934,10.40585433974406,10.748978036645784,14.960692944254411
2812,0.5,3346.848430816562,-3.0585505954064987,-3.2726949273397157,4.479426730296697
2813,0.5,3347.3978309909553,1.2757698510839246,-1.625465367285675,2.066331622266826
2814,0.5,3347.936001610755,2.2480859961769033,1.3686936748072631,2.631959920223731
2815,0.5,3349.301027926846,2.469415447908923,-1.6772350975280077,2.9851516254205603
2816,0.5,3349.856252114765,1.987322697958947,2.0540774684119922,2.858091277769247
2817,0.5,3350.803704024568,3.398316416959416,4.948331395168276,6.002877482190013
2818,0.5,3352.1538040966057,6.736720579320109,-0.8685736423745939,6.792482928654509
2819,0.5,3352.8453645426393,5.071098485007614,5.680443243938669,7.614688128364483
2820,0.5,3354.2782312803897,8.919689284914613,-5.054212639202098,10.252117944195279
2821,0.5,3355.483680305992,1.3810898846382504,-3.1639628637776,3.4522558237786853
2822,0.5,3355.880578183322,2.5302269766291996,2.291865740065017,3.413897644005442
2823,0.5,3357.1981541183363,7.425401088046297,-1.9761759794036229,7.6838696514146445
2824,0.5,3358.4026996234206,3.0043584635544356,-3.7975704798323053,4.842283689213689
2825,0.5,3359.3592830672364,1.4267326940839429,-1.367709579363532,1.9764097940080128
2826,0.5,3359.852404381293,1.216700392725939,1.326359559304393,1.7998859758933614
2827,0.5,3360.5841532983177,-0.4237809026674104,4.185420909081239,4.206820466770603
2828,0.5,3361.8875886211213,9.116374290152596,7.980926389496099,12.116248026213004
2829,0.5,3363.233878348851,12.060488388699039,-4.655770221364115,12.92793782968054
2830,0.5,3364.3557635538623,6.768322913035996,-6.320412006620141,9.260550900921398
2831,0.5,3365.6009574685613,0.15549862964538871,-3.15572474025821,3.159553522271674
2832,0.5,3366.120883810753,2.4108628263009404,-0.03245965333137481,2.4110813334133194
2833,0.5,3367.0555425396187,3.0356323223565287,0.5886475374892147,3.0921787658425908
2834,0.5,3367.7694438682192,2.106349180725262,4.038479189836922,4.554780020800989
2835,0.5,3369.183728554805,6.568047270576059,-1.4156431209984894,6.718875679349334
2836,0.5,3370.061651746535,5.542284340150598,0.9546383166897511,5.623899894447872
2837,0.5,3370.997536142718,5.8177970978860225,2.2643625892383112,6.242924075120012
2838,0.5,3371.9224456005404,7.050115461022505,4.886996835808206,8.578278736841558
2839,0.5,3373.1601409252257,11.262691918425176,-1.6109221656346464,11.377315125858685
2840,0.5,3374.4274719900463,4.186656199713111,-6.291566225034455,7.557241275663396
2841,0.5,3375.379955756309,2.928812472333755,-3.2401537781449044,4.367669745313221
2842,0.5,3376.2983860441955,2.033350225641314,-1.3353797494561588,2.4326430513688555
2843,0.5,3376.820970848443,1.7091996961445046,2.2344999963954435,2.8132461383945246
2844,0.5,3378.2589569626452,2.7166227127868727,-1.3490504146420217,3.0331462188419662
2845,0.5,3378.780608494869,1.3431726793865146,2.2923527472858822,2.6568767311712977
2846,0.5,3379.460192668086,-3.002448825247721,5.836273022315903,6.563290465859623
2847,0.5,3381.6346474470984,-0.6517319538294519,-8.330938335559214,8.356392049834215
2848,0.5,3382.296714921602,4.165488969389553,-2.782552724715789,5.00938100167369
2849,0.5,3383.3484895758347,2.3044861063811517,-2.1659667791056747,3.1626046706303925
2850,0.5,3383.8712124151016,2.551945661625858,2.346655836725481,3.4668747130418205
2851,0.5,3385.177310827911,5.959527593687805,-1.3450538274708155,6.109430328493832
2852,0.5,3386.1662957504195,4.903673671555631,-0.9454237864176669,4.9939805379108355
2853,0.5,3387.1495644593465,3.6752268616120425,-0.5220914652501768,3.71212499552504
2854,0.5,3387.808777785405,2.616789637758065,3.488838766022865,4.361144797364785
2855,0.5,3389.091880156599,5.313182615097997,0.17720984281571556,5.316137021350217
2856,0.5,3389.64887904088,1.0054477469259504,6.754535858007609,6.828958912521663
2857,0.5,3391.4812337318845,3.1574193287353824,-8.095896198686836,8.689811970197269
2858,0.5,3392.1475726307744,6.811833520655923,-1.0531781638135884,6.892768685939303
2859,0.5,3393.6517858931343,-0.4689229395848054,-2.684504587352978,2.7251520329677086
2860,0.5,3394.137666351394,1.864021573718287,-0.24498947545225092,1.8800521988417154
2861,0.5,3394.9911063107093,2.1242642932199947,0.7180520295786821,2.2423419687084993
2862,0.5,3395.614850938401,0.23003970795241738,3.5004523453087537,3.508002977338016
2863,0.5,3396.8900663110076,7.678617719904757,5.65272594424648,9.534908530719768
2864,0.5,3398.271677189199,5.490387497837501,-3.527059297787507,6.5256802071906375
2865,0.5,3398.841197219906,4.780422052731208,4.715055420389196,6.71447560272434
2866,0.5,3400.322476548554,6.734773926052323,-6.163439402079176,9.12935732119936
2867,0.5,3401.3874506971624,2.4801150161608208,-3.4752098573675383,4.269432520386157
2868,0.5,3402.0004414149394,3.7528234827732514,1.0043717594639792,3.8848998344954953
2869,0.5,3403.0088648201845,6.157693457543109,1.4378214425700948,6.323331338604957
2870,0.5,3404.362761572869,2.7903895881674208,-3.4466298807440543,4.434583586831002
2871,0.5,3405.1329186951207,2.6545868251389857,-0.4631289210315156,2.6946835824818645
2872,0.5,3405.809942804822,2.0260576457448054,2.2505608009669302,3.0281898062588306
2873,0.5,3406.6794828119596,1.85357724090003,5.439036642600468,5.746204676787378
2874,0.5,3407.728314289522,6.148844947923514,11.57088469376545,13.103192999800472
2875,0.5,3409.5787368524707,-0.28569861198785046,-9.339153775348295,9.343522726279105
2876,0.5,3410.424565211906,1.7952215294546596,-3.734556935995208,4.143637996737582
2877,0.5,3411.2236334972777,2.3836178756150628,-1.29262895071811,2.7115537577533417
2878,0.5,3411.8558302759766,2.6539556701625857,2.0351844339843623,3.344466531379913
2879,0.5,3413.219036005347,2.8346466389150997,-1.535682488671575,3.223901715860022
2880,0.5,3413.71081947665,1.5588570901947765,3.036986413062412,3.413696222685349
2881,0.5,3415.006415297805,6.35738843005761,1.015646531163924,6.438006331691176
2882,0.5,3415.8066235728897,5.532376487133092,5.473915522644702,7.782733500797371
2883,0.5,3417.201725527572,7.83447051106965,-3.9978236024218314,8.795539877966618
2884,0.5,3418.1948427088537,4.408873129623953,-2.1733775063962217,4.915458478965026
2885,0.5,3418.7442466751504,3.455860262651493,4.865747753010424,5.968121258059327
2886,0.5,3420.5405829873275,0.04410341613373831,-5.738735274855653,5.738904744477577
2887,0.5,3421.3075373182355,1.7118723769211703,-1.8996438249577348,2.557176899740374
2888,0.5,3421.8824204076705,2.4106878459618493,1.2962909009644599,2.737112710611573
2889,0.5,3423.1285941923284,2.553269574572598,-0.763707671069771,2.665039385691879
2890,0.5,3423.6113946712735,0.701266516656837,2.8558949698605915,2.940733038930777
2891,0.5,3424.728989863384,4.672624266325213,6.544699528015533,8.04154894571052
2892,0.5,3425.8309177359392,11.021175949920416,7.879779094731324,13.548329708892863
2893,0.5,3427.4318110056997,2.7053162927048495,-9.095204760052999,9.489019225971937
2894,0.5,3428.3450146487553,2.3388163322200164,-3.786781704210557,4.45081762277482
2895,0.5,3429.077161459129,3.665088934799542,-0.6780795975099013,3.727287061731258
2896,0.5,3430.158809529326,2.307512244401665,-1.11408389776378,2.5623808634393415
2897,0.5,3430.6116186801737,0.91481280757122,2.8964001263061148,3.037435787726617
2898,0.5,3432.0263665318685,7.694122361241705,-0.4003995789347678,7.704533647961489
2899,0.5,3433.306331160306,1.6973805915177855,-2.3454488401827494,2.895208305869523
2900,0.5,3433.769710163679,1.7173304672387246,1.5580235590405773,2.318762890903648
2901,0.5,3434.432930181269,-1.1730514385773771,5.314411038910349,5.442335378129561
2902,0.5,3436.1836075697092,10.510243264477097,-7.014171904148562,12.635815010494309
2903,0.5,3437.2191616069053,6.061030170893233,-5.221886540444957,8.000261606582516
2904,0.5,3438.212616154325,4.23315689967536,-3.574800358057012,5.540651129355975
2905,0.5,3439.112430154171,4.218161259468923,-1.7651992993718515,4.572615551015341
2906,0.5,3440.2292995885573,1.8414168278755514,-1.8064463632348948,2.5795473240915423
2907,0.5,3440.844025770544,1.791485452116032,0.8166333193915615,1.9688347069990064
2908,0.5,3441.4679776700714,-0.10627805291379629,3.3970608045230546,3.3987228681017774
2909,0.5,3442.683392445439,6.357292965384323,8.203020658834557,10.378088541585658
2910,0.5,3444.0365707017377,12.479509228607354,-2.7083408333990318,12.770014121243277
2911,0.5,3445.2774324687293,3.821334011989455,-5.7593596447603534,6.911788274309444
2912,0.5,3446.015386158298,5.3576633957526,-0.9226023522176793,5.436520225521549
2913,0.5,3447.1589254206233,3.1463871006031474,-2.319418756340043,3.9088943646642424
2914,0.5,3447.7005176050056,3.0800182049621636,3.160574317855628,4.413132919093522
2915,0.5,3449.4970027154664,-0.1953877897079188,-1.248155237487185,1.263355803102846
2916,0.5,3449.6850010644803,0.7849415791337512,0.845555049128327,1.1537316081998423
2917,0.5,3450.723487592525,3.759817759781967,3.094275725824318,4.869370786271826
2918,0.5,3451.9406694275326,4.862146303828094,-0.044670707015442214,4.862351504354088
2919,0.5,3452.5698167716655,2.2983113944568148,5.105276181249056,5.598757018546078
2920,0.5,3453.6778939184233,9.51542914438304,9.67795567863676,13.572259131015429
2921,0.5,3455.4887994347882,-1.587158706874216,-7.566186093308048,7.7308631315898175
2922,0.5,3456.2586145592895,1.7870877749788585,-3.224550867242841,3.686653090665766
2923,0.5,3457.1841728945847,1.0743703069417265,-1.2067362929096344,1.615699240905728
2924,0.5,3457.5735988578404,0.848809797867377,1.5490252504719897,1.7663400860410399
2925,0.5,3458.6654106247843,4.055509923374535,3.902044158682869,5.627886757469487
2926,0.5,3460.0460640189494,3.516398523877297,-1.6939192692963507,3.903129650629084
2927,0.5,3460.4842304690533,1.0873762907744386,4.074365459967965,4.216970606859662
2928,0.5,3461.915971198494,9.708558569752126,-0.647801149720072,9.73014675284428
2929,0.5,3462.8967324018363,9.119482415198481,-0.1845873802065662,9.121350339837072
2930,0.5,3464.0838321603146,5.879301857109271,-4.243831530462942,7.250951412467192
2931,0.5,3464.977695252427,5.239540451325283,-1.6487645010029073,5.492832467938679
2932,0.5,3465.8271557271273,6.198688894096077,0.9719181952181032,6.274421804755085
2933,0.5,3467.2044039862635,2.12995116967592,-3.7147514197948706,4.282063765997866
2934,0.5,3467.909471078217,2.9125311731722117,-0.3933747106858444,2.9389762669519928
2935,0.5,3468.775551366813,2.809547479963558,0.7876148504047183,2.9178578092065464
2936,0.5,3469.551913132633,1.9072573368534718,2.7476829590305285,3.3447559241786475
2937,0.5,3470.214108961449,-2.9350709630382923,6.166126662147006,6.829037968243456
2938,0.5,3472.249018221316,3.4552345977367365,-11.058276341509153,11.585513444408841
2939,0.5,3473.1687633951356,2.570680049262261,-4.284376610339993,4.996426608577717
2940,0.5,3473.814882020019,4.790177428135596,0.3411233930274413,4.8023082952149485
2941,0.5,3475.219106732751,0.9627818379916303,-2.642405844395155,2.8123402201832217
2942,0.5,3475.717792819431,2.1033976108408545,0.7569765498201623,2.235463040685006
2943,0.5,3476.5199317708075,2.439692504114475,3.4404236390549525,4.217655074896533
2944,0.5,3477.7001902846723,7.163807238313393,2.7642565621289035,7.678622825024294
2945,0.5,3479.049830179214,2.683776180531765,-2.513302699161929,3.6768661989259694
2946,0.5,3479.4659653126982,1.7432257005088476,3.2206550908152676,3.6621653508421574
2947,0.5,3480.6829159506115,8.596709378516014,3.3598906910168194,9.22996628348374
2948,0.5,3481.7763966943216,11.053205803860996,0.6669812804794442,11.073311274005459
2949,0.5,3483.0578568013834,5.902311801622312,-6.665065073882498,8.902829721086343
2950,0.5,3484.1593880462337,1.555496133844624,-3.820349618449112,4.124880535190061
2951,0.5,3484.884585352892,2.6488932964741676,-0.9177237496317597,2.803364510145614
2952,0.5,3485.691497728214,2.8516107619757483,0.7551397540077323,2.949901690887133
2953,0.5,3486.5343396694575,2.9483446225818946,2.679393456062794,3.98395347687441
2954,0.5,3487.5394778427662,4.4383881372700404,3.7653244303566367,5.820391509417553
2955,0.5,3488.4557766222542,5.126468397778815,7.168612331030857,8.813040393986206
2956,0.5,3489.6651233162734,14.455783851383488,4.006093659301104,15.000615759528412
2957,0.5,3491.550561368236,-1.412168567040286,-0.9569958938000485,1.7058901495954444
2958,0.5,3491.8110999653354,1.1632636138998131,-0.26960950651162074,1.1940986229891957
2959,0.5,3492.4144355804183,1.5166408779940637,2.3997910974422796,2.8388724635259375
2960,0.5,3493.720613082723,6.838617780866245,0.14246140510706098,6.8401014908205156
2961,0.5,3494.816408481537,5.772227679131544,-1.7908799643136966,6.043663080145397
2962,0.5,3495.988931967582,1.39995601982524,-1.643334462565872,2.1588017540528335
2963,0.5,3496.3503613637686,0.8973555211017935,1.9220354756740587,2.1211947814855376
2964,0.5,3497.3729605422805,3.3589110937979845,5.765568983444134,6.672635868897103
2965,0.5,3498.576136539014,10.148238992973337,4.072166072657008,10.934774400132966
2966,0.5,3499.6865538211296,12.834673598191868,0.1661498661041518,12.835748990617175
2967,0.5,3501.145919590462,0.732406029239297,-6.528205790007627,6.56916200350967
2968,0.5,3501.8970952328914,2.980537315217891,-2.4717439289811503,3.8720951354352655
2969,0.5,3502.775867948573,3.1140992440904487,-1.063640475462566,3.290736264589877
2970,0.5,3503.636215791511,3.1251235867553286,0.28905174079719803,3.138462735377366
2971,0.5,3504.588927774941,2.240183293302106,0.5043267222302018,2.2962505591388167
2972,0.5,3504.99262719505,-1.5838003618967627,2.793745437153877,3.211454056025467
2973,0.5,3506.860778987003,6.592687203097693,-5.323464463872265,8.473653194224962
2974,0.5,3507.5452737973324,6.936791387957543,2.128302223026682,7.255945500937989
2975,0.5,3508.772500866958,6.963748540751394,-3.293707943650935,7.70339572895528
2976,0.5,3509.6364080382723,7.184472095931066,-0.23305670224915964,7.1882511589172635
2977,0.5,3510.8450836445713,4.495106426743177,-3.891989782642626,5.945886498743682
2978,0.5,3511.7310911128266,3.797234430025076,-1.492057813095302,4.079856104593224
2979,0.5,3512.4735868428934,4.281302712066386,1.9049583920157158,4.685981155282007
2980,0.5,3513.877573873797,1.9079850250592028,-2.312034698366561,2.9976509640552087
2981,0.5,3514.3667522439405,1.9932580172360266,1.7247496841728216,2.635875375720549
2982,0.5,3515.4168088496413,3.0357207828862722,1.7913568998072968,3.5248489633081945
2983,0.5,3515.901814498895,-2.951530242150383,4.609276784491725,5.473295464926289
2984,0.5,3518.0264452394003,1.4619670949750703,-11.098860499062535,11.194733233286113
2985,0.5,3518.868409208556,3.3149979277651473,-4.756904173378698,5.79804696219295
2986,0.5,3519.87018674023,1.6790755127824994,-2.559919795803031,3.061451279796895
2987,0.5,3520.491665965546,2.625316932455855,0.49084747433816384,2.670808910967532
2988,0.5,3521.3650409026827,3.447282039789076,2.1747613350287063,4.0759465558552375
2989,0.5,3522.3822128938414,5.421971537757955,2.8615908964563492,6.13078117493515
2990,0.5,3523.6358357235085,4.392847576990423,-1.553896559434016,4.659581993279173
2991,0.5,3524.215220737581,2.7845565324945416,4.045855640401984,4.911486836552713
2992,0.5,3525.3865666370366,9.16206366543299,3.9002298762008394,9.957670595910322
2993,0.5,3526.670256711327,7.626141541408272,-4.354910756729262,8.781986250767485
2994,0.5,3527.6152070509993,5.613452261392045,-2.165694461219976,6.016733232434885
2995,0.5,3528.351824582807,6.4862273630232705,3.0675967262408097,7.175046695295798
2996,0.5,3529.9557443459507,0.3895082955151211,-5.048659698371636,5.0636628503719585
2997,0.5,3530.835046797712,0.5910561974144593,-1.2718379314428925,1.40246894880385
2998,0.5,3531.201023963526,0.8848877574166044,1.0017132963837037,1.3365836567075378
2999,0.5,3532.038508847499,0.9055823059170754,3.811196553141415,3.9173075548732563
3000,0.5,3533.3282433958198,6.313710340729247,2.6385311916706717,6.8428638095500975
3001,0.5,3534.06258828017,3.3124962186506193,8.843954059659469,9.443948041361825
3002,0.5,3535.7725769434164,5.203426117187218,-9.291578133244695,10.649369350492874
3003,0.5,3536.6332507055054,5.367828761385343,-4.030038805454981,6.71228712027642
3004,0.5,3537.708013056178,2.5790824775834045,-3.2887149710635755,4.17939141348061
3005,0.5,3538.5005689073528,2.6020797851360844,-0.7312858158306611,2.702887003307568
3006,0.5,3539.089936526598,1.9337309283011848,3.0195205271068613,3.5856407400474826
3007,0.5,3540.4567588071545,6.0819364115754055,-1.143843691443381,6.188564365416388
3008,0.5,3541.3575223753705,5.334714982503517,0.5506510348517534,5.3630588759336595
3009,0.5,3542.340883917587,5.26424208243465,0.6876092388918553,5.308959518388263
3010,0.5,3543.3223065353363,3.9849997758827205,0.6550255122240816,4.038475162168235
3011,0.5,3543.8167962869084,-0.9515825214348403,5.630845352907044,5.710685482799341
3012,0.5,3545.6992121713156,5.804987581134421,-10.943293472845475,12.387637097120146
3013,0.5,3546.8641345952606,-0.19763260909856195,-3.2340535822486784,3.240086607026827
3014,0.5,3547.3147813964856,2.680339709081254,0.22058409270166526,2.6894011039692085
3015,0.5,3548.3512529635777,4.303879001689837,-0.25832180552006695,4.311624359379404
3016,0.5,3549.4583567763575,2.665103558135244,-1.2092241468055294,2.9266021275196765
3017,0.5,3550.0650592255197,1.915543955720589,1.9463768548947455,2.730877424486065
3018,0.5,3550.8532983720297,0.7257158495510041,5.410306346271952,5.458761604503359
3019,0.5,3552.080209750381,10.339984465864832,8.558916586599382,13.422754258746306
3020,0.5,3553.8406805970208,-0.6727555636791579,-3.8092255407641127,3.868177771105008
3021,0.5,3554.165034789487,3.1290084301299785,1.2068503709943887,3.3536817937594745
3022,0.5,3555.5341450718975,2.8180072520024315,-3.0759395231700504,4.171638625592813
3023,0.5,3556.065234535612,3.4440996457562765,2.5075373682411612,4.260230747626743
3024,0.5,3557.427102352921,5.207284017397074,-3.1593467626203484,6.0907535497932175
3025,0.5,3558.349345038406,4.1177318564156815,-1.395811522212361,4.347873669609241
3026,0.5,3559.265664699892,3.3825587227443794,-0.30403357078551574,3.3961949185785376
3027,0.5,3560.019248823558,2.7209302396684074,2.1259901676772155,3.4530125343245097
3028,0.5,3560.776183334352,1.0069860564433846,6.035222788679196,6.118654674588531
3029,0.5,3562.1624350828274,12.095936330527499,1.8603866269055338,12.238166288858148
3030,0.5,3563.2151214856763,12.992973799043293,-0.5593508580953581,13.00500832468313
3031,0.5,3564.7607707140073,-1.1629655215588695,-4.946193940287998,5.0810750141359255
3032,0.5,3565.396422887,2.304984844729189,-1.8468141275403513,2.9535872352300467
3033,0.5,3566.2849107762636,2.1569250242137565,-0.7897106014297125,2.2969476254564434
3034,0.5,3566.916683895458,1.7735922374874824,1.780817615592021,2.513352503107892
3035,0.5,3567.7332517490695,1.246349022986319,5.299506006580347,5.444093110967164
3036,0.5,3569.3431320864324,5.0098263854569485,-3.6035056349006247,6.171192208413313
3037,0.5,3570.0086713649503,4.4822835819875335,1.9348134047631727,4.882045577481457
3038,0.5,3570.822916554615,4.723385809285587,6.84660229279299,8.31783243754277
3039,0.5,3572.5139656279416,1.931050024251062,-5.902318263249421,6.2101783450113315
3040,0.5,3573.0798043012696,4.85716360321512,0.44991872218232515,4.877957064690901
3041,0.5,3574.100016308943,7.292575109561198,-0.013654252262196262,7.29258789231891
3042,0.5,3575.4931557474533,0.9528557284104129,-3.1742219146630193,3.3141543118405794
3043,0.5,3575.9553796437945,2.698972730101155,1.1291596128907608,2.925654666773455
3044,0.5,3577.205283985632,3.1369270149580424,-1.4274514491514392,3.446437107631317
3045,0.5,3577.9811841105525,2.0023724364317212,0.5180634263531516,2.0683048827255317
3046,0.5,3578.4103826189294,-1.3239726822959714,2.6562665490116313,2.967937944577708
3047,0.5,3579.750102614598,9.259268270343084,12.27487445272673,15.375519234561983
3048,0.5,3581.5853382417995,-1.5289149200866796,-8.135856726098202,8.278269474984553
3049,0.5,3582.3949166198295,1.137345137862896,-2.789665778791623,3.0126050388295913
3050,0.5,3582.9230421855077,2.8078555264235634,0.8140558732593081,2.9234807374182097
3051,0.5,3583.945574774916,5.122377772089986,0.9277725127471858,5.205719534839617
3052,0.5,3585.206278712881,2.4460453369147754,-1.977086888915788,3.145156650560545
3053,0.5,3585.6844486615687,1.8601601361709268,2.570715036197071,3.1731327626699057
3054,0.5,3586.840745006096,6.297908245542725,2.7860863561647853,6.886648346858043
3055,0.5,3587.9688136679656,6.755279588617546,-0.14867458439055914,6.756915453995006
3056,0.5,3588.859444520462,6.122297381179903,1.8463807713380513,6.394657705958092
3057,0.5,3589.7450065450457,7.064304592445836,5.083905426864728,8.703475958727982
3058,0.5,3590.983471293057,12.009034514626041,-2.006783712933063,12.175552999513942
3059,0.5,3592.4058890800097,0.1633054188431595,-5.149640245430359,5.152228965911704
3060,0.5,3593.028558839786,3.351841471344277,-1.3158954351203458,3.600891840252069
3061,0.5,3594.227274785491,0.6215438919107292,-1.053691204174819,1.2233486679303314
3062,0.5,3594.4692726981048,0.2940002922140417,1.2262617655452124,1.2610131202568844
3063,0.5,3595.779063753883,4.081825152485426,1.3474500003203225,4.298478577220772
3064,0.5,3596.4217725400654,0.869843126693034,5.72169271740619,5.787434199839696
3065,0.5,3597.802641294575,12.23487003319426,2.191678928869057,12.42962192733164
3066,0.5,3598.9485602061936,10.936098823256229,-3.6198933291756843,11.519630427519665
3067,0.5,3600.1663237967823,3.5055865433893265,-6.039473798673748,6.983149774855114
3068,0.5,3601.104013685447,2.2135451403614423,-2.6826423209681645,3.4779810106823783
3069,0.5,3601.7912827519617,2.686708724595085,0.2104782651489448,2.6949406061944035
3070,0.5,3602.4188942626884,1.5016510901075528,4.190017442020752,4.450977663486903
3071,0.5,3604.248053633486,0.4484142986950801,-3.4328909123878932,3.4620536390457013
3072,0.5,3604.7549840178135,2.2783063778194834,0.20711288677310166,2.287700963648969
3073,0.5,3605.4944749717947,2.113756736378013,2.5754469625708842,3.3318005038715963
3074,0.5,3606.3593176240997,1.9233023996893086,6.384443048783996,6.667848615844314
3075,0.5,3607.5748096453744,12.170663966718477,7.612291059993541,14.355209387983065
3076,0.5,3609.2833330342733,-0.7966664238817678,-5.067565585910279,5.129804904520517
3077,0.5,3609.7002661689176,4.258741396186096,0.38596837937862166,4.2761957239431005
3078,0.5,3611.101631551565,1.401271156999383,-3.8287378878685843,4.0771061636212975
3079,0.5,3611.9109946767567,1.3532130102619857,-1.0280895685181362,1.6994568579514198
3080,0.5,3612.3241926873397,0.7512503326389834,1.818946367937962,1.9679794083589612
3081,0.5,3613.5490212410405,4.4767753254747324,2.048753192901259,4.923302444518567
3082,0.5,3614.3278146421862,3.0701910410083277,5.977258532241208,6.719649737117115
3083,0.5,3615.6062681246335,11.270551760106283,1.9999818784859684,11.4466267734869
3084,0.5,3616.840689133504,7.1331283182551015,-4.9362307212867735,8.674554359646852
3085,0.5,3617.802842397041,4.523499519179778,-2.5977401328421195,5.216349460858454
3086,0.5,3618.45255851597,5.0268734322956545,3.1205756858181473,5.916709314749145
3087,0.5,3619.885723507011,4.260786246439024,-4.924544454646221,6.511945755581107
3088,0.5,3620.7055704498775,4.565022958344426,-1.520882422445589,4.811706345270424
3089,0.5,3621.886132366144,1.0364181001612223,-1.3962407267334522,1.738864757630954
3090,0.5,3622.1792745022176,0.5245433654269597,1.7375303582486747,1.8149814015711592
3091,0.5,3623.5584684730397,5.151253653545419,0.1820764820538776,5.154470491571578
3092,0.5,3624.437503556841,3.2578032706981044,1.3114583412200367,3.511866331642888
3093,0.5,3624.8817265977414,-2.7171211878591173,4.518465744071261,5.272502274049618
3094,0.5,3627.0603155190665,-1.0452972279698771,-10.29915724452143,10.352066761868365
3095,0.5,3627.9491147907356,0.8024330564888532,-3.678715907233323,3.765215735688665
3096,0.5,3628.610375056136,2.621649965040342,-0.8594747787149409,2.7589391864343664
3097,0.5,3629.4072176115073,3.2322018218088275,0.9691093937672737,3.374359440544572
3098,0.5,3630.36342504544,4.220493558518648,1.747663975777955,4.568029690110322
3099,0.5,3631.308684288782,5.262398699392443,3.073251491324418,6.094072103306215
3100,0.5,3632.4781783360136,6.536081769783873,-0.3179707076801764,6.5438116012186445
3101,0.5,3633.440157775449,4.852185562342237,0.16466661574951735,4.854978869752664
3102,0.5,3634.056193093005,2.2473210859769486,6.075025977432752,6.477375447660832
3103,0.5,3635.6736334279485,6.2383658886739966,-6.24277910267046,8.825502812061776
3104,0.5,3636.439638357045,7.0055610223226745,-0.5641306293683176,7.028237944497769
3105,0.5,3637.540657717949,6.4526865532513495,-3.042303384967294,7.133917131611092
3106,0.5,3638.5537076794308,5.07126941582235,-2.911355745262764,5.8475435666038145
3107,0.5,3639.6798065177672,1.7359227596074447,-2.487250685603404,3.033124428762811
3108,0.5,3640.36297649427,1.977190817422088,0.013864368735361208,1.9772394263767488
3109,0.5,3641.0105381463495,1.099787385963951,2.101698670766672,2.372060200970417
3110,0.5,3641.7071232411745,-2.4028529435516957,5.057024558407233,5.5988569951972265
3111,0.5,3643.479573648181,11.397864264285564,-5.973204682366731,12.868196608869704
3112,0.5,3644.403358341781,9.546850161142986,-2.7464279232291884,9.934043201879527
3113,0.5,3645.6321166435064,3.1305377728102077,-5.431862076614056,6.2694012765454294
3114,0.5,3646.4508943698315,3.571679312730292,-2.0050107207297954,4.095968884553073
3115,0.5,3647.2842616804037,3.8652607731910766,-0.08351190808558921,3.866162837176129
3116,0.5,3648.158454685519,4.3986916217931755,1.54765238872201,4.6630157516301
3117,0.5,3649.1661641315277,5.845850619685687,1.638405656074665,6.0711071940410495
3118,0.5,3650.3020435711596,5.515703023539985,-1.1170595684476605,5.627681753915072
3119,0.5,3651.2531061634168,3.56142097311607,-0.3030879098054166,3.5742945638015384
3120,0.5,3651.783523374766,0.8996894661646383,4.389576744120721,4.480828620696521
3121,0.5,3653.0883261963895,10.831025897923512,4.046136653161102,11.56210810438752
3122,0.5,3654.2114375027045,13.582222987164918,-1.0278633438691487,13.621060323144487
3123,0.5,3655.9057264414632,-1.8298440432147305,-1.9404996329394788,2.667183542227022
3124,0.5,3656.33452976624,1.2777417877821216,-0.7837461791077446,1.4989603562171485
3125,0.5,3656.8928296333056,1.597759341045771,1.6925717196821495,2.3275811346045074
3126,0.5,3658.129372193821,4.201003334661204,0.08182317325195577,4.201800096329616
3127,0.5,3658.9216895510144,3.5472622957505453,2.6342028993341473,4.418381458148883
3128,0.5,3659.907500747567,4.770272541549432,3.5659530871885585,5.955797305205248
3129,0.5,3660.735665814957,3.9555383663241988,8.765050549060012,9.61625680267743
3130,0.5,3662.36894929741,6.918488344036709,-8.931324180994192,11.297523294624506
3131,0.5,3663.448288854977,1.4671432699996687,-3.8512125900552654,4.121207079061365
3132,0.5,3664.002007104591,3.3801569599090815,0.5859368409378274,3.430565996332093
3133,0.5,3664.8781377294717,5.24704613621284,3.0279270762047594,6.058038918194566
3134,0.5,3666.2370259729655,5.222294794825109,-4.072332217254988,6.62240534939914
3135,0.5,3667.3073392330343,1.4873396227393423,-1.9911002599986356,2.4852885946579812
3136,0.5,3667.7356389455226,1.631048009366399,1.8505674478839835,2.466762552015482
3137,0.5,3669.0301911574415,2.8172352123090745,-0.3767746936878485,2.842318316318165
3138,0.5,3669.423746308954,-0.6151002856641407,3.2977794304589607,3.354653116699599
3139,0.5,3670.7319972691776,10.574425667155245,9.462300237096088,14.18991204930955
3140,0.5,3672.349351294876,2.7800681795411855,-9.293413939286445,9.700325856888574
3141,0.5,3673.1591761441186,4.345492296051481,-3.797142660512631,5.770753475875375
3142,0.5,3674.087608956144,4.212368297100174,-2.4914281717346114,4.894002554691557
3143,0.5,3675.262610129656,0.7515762235208726,-1.6169249606483567,1.7830628559110266
3144,0.5,3675.6624842456295,1.1318820217368044,1.0170131658184163,1.521667733304151
3145,0.5,3676.3689381372537,-0.20701637983339916,3.96743428651742,3.9728315593985752
3146,0.5,3677.8932956627946,8.691303985542918,-0.8026603352844061,8.728288983698528
3147,0.5,3678.8477830569645,7.105309014317171,0.05925112997828568,7.105556057434249
3148,0.5,3679.818311649508,6.43123461914057,0.37040726982046634,6.441892600157814
3149,0.5,3680.583983908415,6.268685501679681,5.9505521539731925,8.643233703662307
3150,0.5,3682.4187314356673,-0.5954060908764678,-1.5132921815231333,1.6262108226524137
3151,0.5,3682.571730549068,1.168318801498297,1.0009190379233126,1.5384432854063055
3152,0.5,3683.9710242035103,4.600840330072037,-3.2111718939028764,5.610646725201041
3153,0.5,3684.859893088268,4.123155504641712,-1.2780582524143367,4.316693666687693
3154,0.5,3685.974442142427,1.2160103561836697,-1.0477362309998313,1.605126909654083
3155,0.5,3686.2713371809355,0.14758534046873928,1.6984632362678342,1.7048632782937987
3156,0.5,3687.5384137597657,4.55109648028559,3.028256100278888,5.466517555239733
3157,0.5,3688.1770279719963,-1.0409855562645653,8.465318020425944,8.529083193128066
3158,0.5,3690.1842581110304,0.07384728500764619,-10.239335899347036,10.239602193501463
3159,0.5,3691.039162252975,1.778447336066939,-3.9451747773954957,4.327502622917887
3160,0.5,3691.7569397214315,3.2331516035339454,-0.9786513066109784,3.3780212656769195
3161,0.5,3692.647653927346,3.435438813417151,0.02757115554592038,3.4355494479560584
3162,0.5,3693.3709847350387,3.186906988862321,3.5807226617768264,4.793532198308636
3163,0.5,3694.7911267178947,4.762345975145186,-2.87238948258013,5.561525018069998
3164,0.5,3695.6727901331806,2.761367822473678,-0.5951672167186883,2.8247789766368787
3165,0.5,3696.121982633589,0.2615494429391699,3.539384838622129,3.5490355234866255
3166,0.5,3697.585963644992,9.145697118587625,-0.2702522503094441,9.149689178531657
3167,0.5,3698.547362766514,7.9360219541302115,0.3676973575073918,7.944535593925841
3168,0.5,3699.43029263065,9.166215968882154,3.579052625187347,9.840179514726886
3169,0.5,3700.8383167596303,5.202618142050481,-7.698735899839807,9.291811986231483
3170,0.5,3702.0507569879146,-0.2928143045021049,-2.2230843105650284,2.242285456582511
3171,0.5,3702.4601559332127,1.7498303615765876,0.236057760844814,1.7656810472875102
3172,0.5,3703.3474760756035,2.6841558290810714,1.2819962091935795,2.974593551256474
3173,0.5,3704.2098943829997,2.8001264665604246,3.1013143141106037,4.178379913751201
3174,0.5,3705.1292281879023,3.544052008250891,6.11519756787592,7.067952032331766
3175,0.5,3706.294721355963,10.618603172113257,5.385390595019734,11.906181805589092
3176,0.5,3707.579055361439,9.984619266335601,-5.276058436738649,11.292892212429956
3177,0.5,3708.658452868782,5.051152325538935,-5.077769456560865,7.1622540076277526
3178,0.5,3709.582271723353,3.9143495902914722,-2.64205300314606,4.722560405801934
3179,0.5,3710.3714917767734,4.491509238287217,0.1343257515588527,4.493517402342097
3180,0.5,3711.4048181764165,4.559667799563372,-0.5748667846378843,4.595763512459598
3181,0.5,3712.1701394666125,4.645644782911354,3.00577858557634,5.533237782212218
3182,0.5,3713.583581050869,3.2541055508729513,-3.3119434620434505,4.643077905010265
3183,0.5,3714.424676839816,1.5842384802215712,-0.5542541473700845,1.6783948349812368
3184,0.5,3714.739333589797,-0.44893881420073906,1.9160028290307245,1.9678955510264526
3185,0.5,3715.8464590349486,1.8308114902918524,11.253700448386997,11.40165095479643
3186,0.5,3717.751095917051,0.4181908633116816,-9.605092382972565,9.614191764448792
3187,0.5,3718.498355474487,3.923471199200143,-3.8090973655620965,5.468349750270653
3188,0.5,3719.483495399308,2.657071335162416,-2.593297984802216,3.7128456092491935
3189,0.5,3720.1820489326965,3.5228531727496013,0.49182123452505816,3.557018780310512
3190,0.5,3721.2960400003385,3.332844169325229,-0.9419533696305489,3.4633981012242185
3191,0.5,3722.0588367681958,2.4972372578052378,1.1491619146864192,2.748957443820544
3192,0.5,3722.6273205525385,-0.8370846287454781,4.414130567165114,4.492800834631263
3193,0.5,3724.388127501142,4.885289784787029,-4.294888672325348,6.504777089878875
3194,0.5,3724.8823199903013,4.290993833101229,4.813710192090958,6.448599374217098
3195,0.5,3726.517718264919,1.8865815483831208,-5.43651074821375,5.7545494223391005
3196,0.5,3727.105295973328,4.241264039913625,0.12237724683469103,4.243029206452306
3197,0.5,3727.9384659555403,5.976673629272313,3.345336328293712,6.849226439550727
3198,0.5,3729.472791701951,1.6440349256552085,-4.901577903790469,5.169943595794938
3199,0.5,3730.1873206763544,2.9897303941719255,-1.2190397650159186,3.228706517868337
3200,0.5,3731.0751592483725,2.5229635518207347,-0.20389685210569608,2.5311892481824643
3201,0.5,3731.652937302643,1.123244921856757,3.0311522876665866,3.232578436094532
3202,0.5,3732.847475613412,5.606975976597216,3.3825043042912393,6.548245182542194
3203,0.5,3733.6716968071255,4.598985003939068,8.05840625873275,9.278392883319803
3204,0.5,3735.0076446370126,15.488632246731369,-1.1305357126452609,15.529837084530318
3205,0.5,3736.462855616984,-0.06172196526887915,-7.446882697034468,7.447138477589093
3206,0.5,3737.42670278495,0.10626776154629741,-1.9405847092740804,1.9434921793031295
3207,0.5,3737.847779331929,1.5397926938375406,0.44363110288118346,1.6024263151355962
3208,0.5,3738.588055467694,1.7138715302900678,3.0403154910229553,3.490110873209184
3209,0.5,3739.831690660131,6.581136465321491,1.516224620358285,6.75353938868834
3210,0.5,3740.875153687164,6.464575747469881,0.22413811658893407,6.4684602101337685
3211,0.5,3741.92507934868,4.356424384924979,-0.7833539059627975,4.426293795440623
3212,0.5,3742.4850135468455,2.045140444084726,4.89190802804685,5.302203654227202
3213,0.5,3743.8596162116296,10.34282609494709,-0.7804977046184048,10.37223352500478
3214,0.5,3744.8466719650537,9.97428118189054,-0.8743119003440278,10.01252747284615
3215,0.5,3746.1359725128027,2.9861460462931504,-5.397108899024787,6.16813202499142
3216,0.5,3746.840953103114,4.862752553257686,-0.867299138545076,4.939490883677707
3217,0.5,3747.9971270445785,2.9537102400194284,-2.640293380902163,3.9617613910016596
3218,0.5,3748.752860722957,3.1216276125179387,-0.008926353374488433,3.121640375030252
3219,0.5,3749.6727079110183,2.7601468831093348,0.5571144700327204,2.815810247345871
3220,0.5,3750.3031584312052,0.8518250866495598,3.4092983517987796,3.5141031899794015
3221,0.5,3751.164644510358,-1.3611046298122689,9.418807870768369,9.516645812456433
3222,0.5,3753.186449129888,-0.31313271274091414,-8.891411844503118,8.896924001269136
3223,0.5,3753.946989066386,2.3883657292729277,-2.9809272943421496,3.819714438399736
3224,0.5,3754.507321882975,3.8257612368715423,1.8728473450717864,4.25957817389132
3225,0.5,3755.9228188424127,2.498293066756749,-3.3346940296220486,4.1667316350590395
3226,0.5,3756.524972712017,3.401961961444133,1.0111182175936704,3.5490428621055865
3227,0.5,3757.48143984981,5.1278407558825325,2.0060709416568634,5.50627564154302
3228,0.5,3758.69642629633,4.337975297577744,-1.6809609054018442,4.652274631605931
3229,0.5,3759.359216675578,3.697880751812079,2.8284300742323394,4.655570721130141
3230,0.5,3760.5827291326164,4.410079277227629,-0.5192323541708025,4.440540673054388
3231,0.5,3761.085334951763,0.8176276112178275,5.2894593087338695,5.352279391939209
3232,0.5,3762.4750790963394,14.7801789199496,1.714421304546486,14.879278521326409
3233,0.5,3763.9998426976776,-0.30774882656324554,-6.4489766170005245,6.456315415689555
3234,0.5,3764.6442801699854,3.6689492962143118,-2.187427037539586,4.271536723797503
3235,0.5,3765.7460260640964,1.6820518869162535,-2.205470021088582,2.773697273351762
3236,0.5,3766.4559675318205,1.5628831349714223,-0.07508402250405963,1.5646856885692701
3237,0.5,3766.8724214842778,-0.4230648799223627,2.1884993372778276,2.229016204940918
3238,0.5,3768.3386401559546,7.478026505137776,1.6263259680882534,7.652830624417431
3239,0.5,3769.2933943130065,6.716622155969533,2.093378583000302,7.0352858561557525
3240,0.5,3770.105497899101,6.516588450222623,7.362336130779312,9.832086163788098
3241,0.5,3771.728992761721,2.964774729260322,-7.74148772414184,8.289784157521801
3242,0.5,3772.51233121744,4.215834588490864,-2.6972953110778493,5.004863961455745
3243,0.5,3773.4673277409884,2.77776996246162,-1.4549467761750454,3.1357417122359084
3244,0.5,3773.941580304985,1.6376035800744138,3.5819148274620676,3.938509783746278
3245,0.5,3775.7527118401154,0.21537194086151956,-3.564636804154115,3.5711371604071047
3246,0.5,3776.2588073422444,2.476549766499795,0.029731398735972782,2.476728225304704
3247,0.5,3777.1432443336557,2.788289771753203,0.9362828328459964,2.9412897501513946
3248,0.5,3777.833370602116,1.2718254211675393,3.926015695679491,4.126880073935964
3249,0.5,3778.8393737852584,3.766208448820334,9.149905483419257,9.894700421714214
3250,0.5,3780.2264864506456,15.887606231043813,-1.859103207530656,15.996008767469245
3251,0.5,3781.6686461231607,-0.12562640759851817,-6.645380212512271,6.64656754747409
3252,0.5,3782.3905756618515,2.628647713275574,-2.4900620685643133,3.620800727161285
3253,0.5,3783.1266494637202,3.7462419849806805,0.10381225862496984,3.7476800817402767
3254,0.5,3784.2655503452297,2.7410678583614643,-1.411444524353007,3.0831199537916767
3255,0.5,3784.8651050998246,2.244992233710024,2.079960427150887,3.0604289744955726
3256,0.5,3785.7910186009253,3.536233549324102,4.69699607490878,5.879346889159868
3257,0.5,3786.935697906059,8.68770676613574,3.7073966998482963,9.445688918464697
3258,0.5,3788.263664870252,4.283107931770627,-3.6490091500579362,5.626746958270205
3259,0.5,3788.8000503319395,4.133215419196499,3.6180530333633993,5.493066307055995
3260,0.5,3790.0417766725736,9.138889943811998,-1.0481854480141304,9.198804386361124
3261,0.5,3791.020914404689,9.473444238486014,-1.0176547158839648,9.527946623510479
3262,0.5,3792.5602476715885,-0.6894732351681038,-2.0627165360421955,2.174896055004718
3263,0.5,3792.8724795019393,1.725065207925646,0.4379327240529334,1.779785111296298
3264,0.5,3793.7909902764854,3.756926480274642,1.8126548313537216,4.1713563880132325
3265,0.5,3795.0216534164583,3.561911562340138,-1.2965227346993435,3.7905389035761954
3266,0.5,3795.8085881478737,1.8838542692046965,0.5271929723095278,1.9562309009044192
3267,0.5,3796.139177933295,-1.9351746465774573,1.9361526888268923,2.737441898416803
3268,0.5,3797.8540558429436,17.471471655731744,0.11215926682127096,17.471831658935237
3269,0.5,3799.298497077312,0.758045033232534,-8.097449287675701,8.132854187730667
3270,0.5,3800.1324264034065,2.0587829384872136,-3.252224978125789,3.84909788082238
3271,0.5,3800.87763557888,2.8147432487014306,-0.7228664270886958,2.9060824880794867
3272,0.5,3801.590617175652,3.0518362486466595,2.118547788471051,3.7150974712097793
3273,0.5,3802.640239732521,5.849626176478563,2.382407235016713,6.316168984281784
3274,0.5,3803.8292004657146,5.832155537749078,-1.6753308769960737,6.068012175656348
3275,0.5,3804.790840393654,3.793132846991437,-0.8413389535233842,3.885319553092279
3276,0.5,3805.434646754818,2.6560666997373064,3.0922719655459683,4.0763753779988114
3277,0.5,3806.2978967553317,2.8583113361436014,8.257491314553825,8.738198126859958
3278,0.5,3808.0930498963316,1.0043856291819737,-4.970642020942993,5.071101713875547
3279,0.5,3808.459507836561,3.860206953591269,2.619528094044314,4.665096479178305
3280,0.5,3809.8742483129063,5.947320688480227,-6.05676853124351,8.488525691348679
3281,0.5,3811.184712334397,-0.36761109220578947,-1.2754207176906718,1.3273416750133786
3282,0.5,3811.428221764781,1.026792270399527,0.5743301919173376,1.176502246449203
3283,0.5,3812.544754398986,2.100979880637848,0.1561687947270292,2.1067760088086063
3284,0.5,3812.9783089017856,-0.7030176630707022,2.687747200203442,2.778168253866355
3285,0.5,3814.3270174617774,8.499098785561628,6.41617503164479,10.649036679598638
3286,0.5,3815.531819858071,11.530448587885198,-0.8366282216174771,11.560760849488695
3287,0.5,3816.6025981278226,9.314122021060328,-3.5292791772799785,9.960355442170874
3288,0.5,3817.7687079143084,3.354439378193686,-4.767299180692997,5.829185622384362
3289,0.5,3818.5055339655855,4.424144167554288,-0.7933518587388954,4.494714538996785
3290,0.5,3819.414498547847,5.180637383525831,0.2643852923434752,5.187379230632064
3291,0.5,3820.4383133692536,5.55591470984221,-0.49467013754838374,5.577892685237248
3292,0.5,3821.438059666773,4.946952644387054,-0.7556655138759952,5.004335204067523
3293,0.5,3822.371913385552,4.208679981767881,-0.0138186840386051,4.2087026676830295
3294,0.5,3823.148110407561,3.8054241790236247,2.8945073949974103,4.781153233477497
3295,0.5,3824.418553124508,1.347862884161971,-0.38848752572140033,1.4027319459335639
3296,0.5,3824.5410371593507,-1.2006309777770947,0.9575925102368197,1.5357402646475204
3297,0.5,3826.9476272377624,-3.569190893508303,-6.0311544495069995,7.008134389986445
3298,0.5,3827.5763356856687,1.9101162628992192,-2.8430723586646094,3.4251430005760084
3299,0.5,3828.339520519641,2.9068872258667855,-0.8499814821061243,3.028607248196903
3300,0.5,3829.1448104868887,3.48036322448708,0.9827081317092329,3.616440715190774
3301,0.5,3830.1618239230415,4.258808091397674,0.6694221352525178,4.311098740984755
3302,0.5,3831.0346791198476,4.107403463746259,2.237148715153906,4.677135617844487
3303,0.5,3831.932487129555,4.620160048041435,4.403996665032515,6.382872824609288
3304,0.5,3832.9415488494687,8.056136435885366,6.347098767095126,10.256071227953726
3305,0.5,3834.3530945611933,6.819757340383915,-5.95399771851785,9.053130895653506
3306,0.5,3835.22039872404,5.648371048361415,-2.1104300251365977,6.02976039250031
3307,0.5,3836.0228819811864,6.489865254518737,1.385783980109075,6.636169698051467
3308,0.5,3837.2388472241514,5.706156608235919,-3.4821978033473457,6.684753157697862
3309,0.5,3838.08405866746,6.039560832058988,-0.7113278271619896,6.081305971733049
3310,0.5,3839.426268466038,0.7612510961120537,-2.5510430281614327,2.6622028027298854
3311,0.5,3839.9740027663092,1.6217157139374971,0.1690385554357534,1.630501729546955
3312,0.5,3840.504678748195,0.07116032019275557,2.5778884950275343,2.5788704666898763
3313,0.5,3841.6823448121854,4.83521900696343,6.182203274329651,7.848501778711188
3314,0.5,3842.6785326364325,8.615157987106295,9.864797638409957,13.097143947807096
3315,0.5,3844.4035532130347,0.21044278316201126,-6.741723715743017,6.745007399877098
3316,0.5,3844.897010964168,5.5445535008127615,0.10452905365049259,5.545538733651774
3317,0.5,3846.4874754760576,-0.5598419017182736,-1.4364413747707199,1.5416830991071833
3318,0.5,3846.747301182659,1.2134982546519284,0.46440522635648995,1.299326836600591
3319,0.5,3847.681749670897,2.7407864515946154,1.528811347662593,3.138339451045173
3320,0.5,3848.4153010058626,1.4845552798429,5.278692025764513,5.483474617592324
3321,0.5,3850.17020181483,1.3764808003836648,-3.468813716430761,3.731938905330986
3322,0.5,3850.6039204383796,2.487022335475828,1.5479678608985576,2.929417108492831
3323,0.5,3851.410102460569,2.7862854538686106,5.629603934263446,6.281387353691402
3324,0.5,3852.7031024752487,11.482757482547717,1.1898384146164365,11.544238166977607
3325,0.5,3853.860293845638,8.927214193900964,-4.52403613507902,10.008099530644545
3326,0.5,3854.9025863329916,5.764145098419107,-4.592426569882011,7.369922015556695
3327,0.5,3855.955254473829,2.6587337331367378,-3.4192315559114723,4.331282661828942
3328,0.5,3856.7038673958855,3.3291168281786727,-0.5755032800579629,3.3784941735956715
3329,0.5,3857.6105830149213,3.393109556719128,0.2036418463736656,3.399214977828433
3330,0.5,3858.448586235992,3.15197189993787,1.7694285790758637,3.6146651787473174
3331,0.5,3859.2857381770064,2.730622993721435,3.948534225167438,4.8007524890540685
3332,0.5,3860.0930085051727,0.523681164193381,9.517514860306967,9.531911197545584
3333,0.5,3861.852719325409,7.381080942418089,-11.294376360741419,13.49234202266612
3334,0.5,3862.983783666957,0.4008871390143112,-4.489508495668865,4.507371410357703
3335,0.5,3863.658286019182,2.0653645748549754,-1.143842575976233,2.3609546089837936
3336,0.5,3864.150190996823,1.5705294269749468,2.7791330449214406,3.192200363756726
3337,0.5,3865.565077205412,6.648639257008482,-2.389675627122793,7.06505156192784
3338,0.5,3866.8224041132867,0.3470108374774449,-1.013183108329774,1.0709605652551264
3339,0.5,3866.972328124997,0.16305596482101797,1.0683385760285184,1.0807102112473794
3340,0.5,3868.412859073881,5.353954202180488,-0.3484930759308853,5.365284057998968
3341,0.5,3869.1446669210113,4.096805058490371,3.640264423634502,5.480450415910295
3342,0.5,3870.114034539458,6.681545832539103,6.286067562852048,9.173750602510477
3343,0.5,3871.2917501894394,13.521919292482877,1.54936197760395,13.61039396527762
3344,0.5,3872.6665465727942,3.7982910038855318,-8.718315986790408,9.509786968997936
3345,0.5,3873.8102083806734,-0.28507801077527944,-2.3452953830982786,2.36255791594824
3346,0.5,3874.229614843761,1.8734430496274175,0.19301979525841256,1.8833601624646512
3347,0.5,3875.105197584666,3.015939767507454,1.3895303133632941,3.3206455958124184
3348,0.5,3876.173740689807,3.024190680428459,0.4288202745537185,3.0544420275164286
3349,0.5,3876.657964937793,-0.636256836373986,4.041884463234469,4.091656483133551
3350,0.5,3878.2561749410547,9.216726771595368,-2.5089013731647607,9.552101260063715
3351,0.5,3879.1103387099947,8.016732067891436,1.061621669446747,8.086719583205406
3352,0.5,3880.0822135974418,9.928666522983576,1.5087796209860964,10.042650788975873
3353,0.5,3881.5403505113977,0.868417402866214,-4.819927812121198,4.897535390342814
3354,0.5,3882.1168452597794,3.4212074649670403,-0.35458564150983146,3.4395336159879495
3355,0.5,3882.8999925504704,4.538249766661795,2.6100408476332047,5.235267344741785
3356,0.5,3884.209799207989,5.163645718911986,-3.13258507973971,6.039563427288924
3357,0.5,3885.109963086112,4.215942385284693,-1.2872945812001757,4.408094546947392
3358,0.5,3886.225209766246,0.8825512744460677,-0.8037427584063481,1.1936914064015975
3359,0.5,3886.4512897905006,-0.12795269377248084,1.2077224705544896,1.2144815592366456
3360,0.5,3887.3520137600367,-2.62244932297556,7.130018994432092,7.597000152200695
3361,0.5,3889.155346344496,11.671838083347433,-10.464880684190963,15.676272898180633
3362,0.5,3890.309181969027,1.826346529099682,-6.5252476886409765,6.776016458249557
3363,0.5,3891.0868830024087,3.3690905286284987,-2.593296132897027,4.25158274328431
3364,0.5,3891.9299369859905,3.875211161475138,-0.8839953113853899,3.974759018679351
3365,0.5,3893.001131076967,1.9735744451578938,-1.1457610445750892,2.2820526860364305
3366,0.5,3893.407062083334,0.6690081558274413,2.513978945621191,2.6014730541733986
3367,0.5,3894.783730288917,6.071068327627538,0.16254765260198273,6.073243974853031
3368,0.5,3895.5679312739153,5.128399873496697,3.8768634657837553,6.428884475148839
3369,0.5,3896.6426322751345,8.838402141847203,3.065056053930612,9.354780651343244
3370,0.5,3897.870750291093,6.8180636741155585,-3.489877753970136,7.659323664785931
3371,0.5,3898.6519617945555,6.73330001116522,1.0641702912878181,6.816875196834482
3372,0.5,3899.6237434556147,9.185773456833726,1.6123426603053193,9.32620409676474
3373,0.5,3901.007764610422,2.9781897344126387,-6.394473484408561,7.053999237096995
3374,0.5,3902.0774270422585,0.23037635290695013,-1.6608701786068112,1.6767716046510714
3375,0.5,3902.411160510889,1.2233153753134531,0.9021580280797471,1.5199965839129481
3376,0.5,3903.351543073146,2.855863500433083,2.676275724846558,3.9138737956797827
3377,0.5,3904.379191304121,4.734979012815326,3.1682909216124604,5.69720050689578
3378,0.5,3905.344851666204,5.4185528429815735,3.9150287535159434,6.684920721522454
3379,0.5,3906.1193191118837,3.202381082786934,10.564088621017893,11.038804871547978
3380,0.5,3908.1881654381937,-2.727199800853467,-3.4759884846333287,4.418157387314161
3381,0.5,3908.60636266607,2.6416640034989616,-1.2423704896725039,2.919224749996351
3382,0.5,3909.465847404125,4.073947404990079,-0.2554362074339017,4.081947465939955
3383,0.5,3910.63271685654,1.4775912754379381,-1.181515224618603,1.8918916996635564
3384,0.5,3910.9114382361586,0.0006534559161968806,2.1275688621474305,2.1275689624977954
3385,0.5,3912.6429485985122,3.2586074643744394,-3.7703470144093774,4.9833762868102305
3386,0.5,3913.259137861761,3.7110528463191432,1.1527831859007382,3.8859776507165953
3387,0.5,3914.219923269219,4.376535656503513,1.606257565171497,4.6619875287603785
3388,0.5,3914.9490012449064,2.7311114458493364,6.064999387682695,6.651555254392819
3389,0.5,3916.1765385599515,12.910823059153037,4.563815168975926,13.693712460882642
3390,0.5,3917.658165953608,2.297184000951109,-7.843908150844014,8.173368302793097
3391,0.5,3918.44305298765,3.727960825380348,-2.952689090356789,4.755635055371946
3392,0.5,3919.2227409606926,4.967377697206604,-0.18478710774243318,4.970813561369346
3393,0.5,3920.5404310954505,1.1722955990591255,-2.5233012773337524,2.7823239041792998
3394,0.5,3921.152570240052,1.608070602783632,0.05758483569439178,1.6091013258458473
3395,0.5,3921.6525603482887,0.0056777534878208495,2.308831023206223,2.3088380044091794
3396,0.5,3922.6652032242027,0.9990262804457981,8.29815160442842,8.358072359049023
3397,0.5,3924.1933105253574,12.203599716089926,-4.119045416719935,12.879999269237231
3398,0.5,3925.247119257293,7.168930169896185,-4.652944452786977,8.546546194900536
3399,0.5,3926.1760835835753,5.8879701757910325,-2.6589743910882957,6.460521465289629
3400,0.5,3927.0805173700933,5.938358587815926,-1.165510713387512,6.051654149115613
3401,0.5,3928.1422182952942,4.4010073396127884,-2.2343401544250727,4.935700713070221
3402,0.5,3928.8865592068205,4.863424928381994,1.3760316704843358,5.054341222373428
3403,0.5,3930.0992812803574,4.266537769534714,-2.25748888041452,4.826965981241369
3404,0.5,3930.891086382285,3.8498913968172763,0.4090392470195741,3.8715600050741847
3405,0.5,3931.7452173605648,3.832093029871247,2.081707652788779,4.361014072583022
3406,0.5,3932.624568087019,4.040586571749859,4.228519055941002,5.848650549508106
3407,0.5,3933.516881842038,4.877465595487092,9.056449733394231,10.28634786543099
3408,0.5,3934.9383478085992,14.993070483522084,-5.617119233937161,16.010752356217615
3409,0.5,3936.443286119626,-1.9436091935897397,-3.62686495596584,4.114822730837825
3410,0.5,3936.974234313655,1.9972167234097364,-1.4588436555957425,2.473277067321709
3411,0.5,3937.9053808535573,1.2270578803522716,-0.6509611054605627,1.389036141558976
3412,0.5,3938.2146165368645,-0.14787518642961023,1.6911921664629905,1.6976448435015423
3413,0.5,3939.7751868118753,5.191803291526464,-1.1940573338030775,5.327344022523225
3414,0.5,3940.434637596689,3.8006257219403095,3.849180792758579,5.4093390218783535
3415,0.5,3941.630029648001,6.978138942496276,0.5832318752997364,7.002469744393666
3416,0.5,3942.352722187778,5.516855314296525,6.914308538171401,8.845527407673991
3417,0.5,3944.030362806929,1.28040657053404,-6.122433717999976,6.254888937236996
3418,0.5,3944.6509156523957,3.8326926655185676,-0.8646809995769524,3.9290210357478643
3419,0.5,3945.333063668887,4.368980080626814,3.850414595055881,5.823545268883314
3420,0.5,3946.87898357057,2.6802043005744114,-5.47968963683721,6.100040459609976
3421,0.5,3947.7038640745786,2.6784093516901066,-1.9595030987969453,3.3186637445538
3422,0.5,3948.4341922004874,2.9502508325822157,0.4675977458869338,2.987076769537502
3423,0.5,3949.3137058221496,3.106673853453764,1.5597221612489436,3.476227215247061
3424,0.5,3950.1323755110852,2.4591670224615942,3.583225515559631,4.345918492070486
3425,0.5,3950.859466439663,-1.715536997367926,8.571433837415457,8.741426955510686
3426,0.5,3952.9428701569173,-1.3976279461982377,-5.913571702488624,6.076486991384784
3427,0.5,3953.356526591265,4.846657223458052,0.02825969454216789,4.846739610504542
3428,0.5,3954.778621164597,0.3926347958554137,-2.8737351534671776,2.90043372880496
3429,0.5,3955.1765463727324,2.3861003855080254,1.077895714044697,2.6182693177130334
3430,0.5,3956.420217191614,3.07947050306016,-1.456813774126277,3.406676525838877
3431,0.5,3957.0199017765426,2.4678951088283387,2.3794128182154157,3.4281352989149463
3432,0.5,3957.9547179470924,4.367620073048497,5.459643488668788,6.991695940604086
3433,0.5,3959.4707555055297,3.399238103861442,-3.8568186243820826,5.140998890111145
3434,0.5,3960.0710287569773,3.5175519823978068,1.3180603121467938,3.756388549568221
3435,0.5,3960.7705346144794,2.0784065841992843,6.162734319582204,6.503773383428982
3436,0.5,3962.168461926688,13.351181894772402,-1.592953962136425,13.445875215573903
3437,0.5,3963.4703488612563,2.9526123974656566,-7.040161513149011,7.634251377895049
3438,0.5,3964.312649523208,3.2775745160035985,-3.0368263620138025,4.468199756163349
3439,0.5,3965.1327070989123,3.755938948207699,-0.9561746842818587,3.875738305087828
3440,0.5,3966.1387149930442,2.7494801685199013,-1.0062228526399726,2.927819261200928
3441,0.5,3966.753894106404,2.1658695940721895,2.2638042242831133,3.1330178206337256
3442,0.5,3967.8187614211706,3.9797480778493153,2.257482298181237,4.575436710276622
3443,0.5,3968.4846536078962,0.41109180812484336,6.830208883708708,6.84256895250612
3444,0.5,3969.9146002196603,15.648046016845463,0.6546235735016377,15.661732859690119
3445,0.5,3971.3180702122163,1.8009856144868073,-7.731836466953509,7.938818824944964
3446,0.5,3972.1157602645603,3.1507387510057177,-3.0707089687672084,4.399591827426317
3447,0.5,3973.010681503586,2.199506541741452,-1.2498672425343569,2.5298215650760585
3448,0.5,3973.4570147838244,1.178916558927009,2.907192306406302,3.1371342590555944
3449,0.5,3974.8934133682833,7.268417901660012,-2.288516485837642,7.6201841512605455
3450,0.5,3976.0661831956736,1.9936360068654708,-2.7623035325226257,3.406597324847402
3451,0.5,3976.7314189011922,1.7527795515804945,0.08856887941088823,1.7550158411931271
3452,0.5,3977.1139086949715,-0.9584548271823126,2.3471636780330485,2.5353131931236237
3453,0.5,3978.6861199792565,9.526948988727584,0.27818002072380116,9.531009451141438
3454,0.5,3979.497341176278,8.915890019655441,5.518248571982751,10.485426178500385
3455,0.5,3980.8440997822363,9.533410080586455,-7.22174847228212,11.959914663639392
3456,0.5,3982.048502086846,0.9363861443761183,-5.175877216520098,5.25989771496285
3457,0.5,3982.764068116537,2.903097062328052,-1.8142679109284856,3.4233814578458204
3458,0.5,3983.7497953691227,1.6574656350279073,-1.1264313474471623,2.004005966011602
3459,0.5,3984.227435181157,1.115274457775074,1.7514545105689918,2.0763983285386143
3460,0.5,3985.0987252423997,1.2866595048237377,5.342080174419079,5.494844244496349
3461,0.5,3986.5161790381803,7.822988431226013,-0.7620639948920346,7.860018417752393
3462,0.5,3987.2307091547755,6.3502151851142,5.7877865576368555,8.592072284031184
3463,0.5,3988.719449264676,4.358481019050847,-5.757838733471128,7.221430860576518
3464,0.5,3989.3521758089555,6.050535047490785,1.0829728757666943,6.146690541304377
3465,0.5,3990.481409607346,7.254966272173803,-2.4456265425394053,7.656084168552008
3466,0.5,3991.5708909851755,3.9890285013905684,-3.3548536055561726,5.212234751008394
3467,0.5,3992.3311050998223,4.482216211527224,-0.04902010808182507,4.482484259634808
3468,0.5,3993.293163731767,5.2068161027078395,0.13495655933843273,5.208564792754921
3469,0.5,3994.3958739984523,3.702205788203119,-1.5273900551585116,4.004903004918072
3470,0.5,3995.1684597230674,2.8416653697161443,0.7463213084250376,2.938036345733873
3471,0.5,3995.7978134131113,0.7969452571722755,3.8596171525769174,3.9410361971688785
3472,0.5,3996.689040233028,-0.6862860490795905,11.157250993754312,11.178337903230195
3473,0.5,3998.8092922997066,-3.6358262156492485,-6.668933948586774,7.595650879352967
3474,0.5,3999.519248285303,0.9443813905514723,-2.5813249073595204,2.7486532135164974
3475,0.5,4000.0172851787706,2.7014706597081384,0.8767797090393998,2.8401912582513065
3476,0.5,4001.1442586346275,4.466185154541896,-0.8248321947213519,4.541713111161829
3477,0.5,4002.1123494277144,3.2559582434940486,-0.5465500799172603,3.3015119374665924
3478,0.5,4002.6957194147735,1.8630201640765407,3.5885215295990878,4.043306926285952
3479,0.5,4004.0224513946823,6.495991520461779,-0.32397485669989723,6.504065308842236
3480,0.5,4004.8067310286747,5.620031103878851,3.5203921882604265,6.631584333153788
3481,0.5,4005.876737437339,8.669346444940551,2.180541147225055,8.939369523470038
3482,0.5,4006.9319208177235,9.696703842327537,-0.1848677881221547,9.698465935646462
3483,0.5,4008.1420308913844,4.106973390814037,-4.1032838325558645,5.8055291441322465
3484,0.5,4008.6895962524763,5.079198286400344,3.3896374042981274,6.106381658985061
3485,0.5,4010.3610190238096,-0.4060267163797124,-4.189418491653301,4.209047991247036
3486,0.5,4010.983311280305,1.9724285848465228,-1.170196029791172,2.2934326391805535
3487,0.5,4011.663881541787,2.292571957272518,0.9916023537815998,2.497831340843003
3488,0.5,4012.5689160008924,2.6415064557327335,1.9135466907589207,3.2617813068003385
3489,0.5,4013.2336888054665,-0.27266320814433104,5.372662190926127,5.379576585836723
3490,0.5,4014.6572948182775,11.894294696234814,1.9817293494970833,12.058254332014139
3491,0.5,4015.657651051641,12.440713979435237,0.9418120561482255,12.47631252683346
3492,0.5,4016.9689380100167,4.885355405820892,-7.9266578111927375,9.311208380061434
3493,0.5,4018.0292684585756,1.002578599521321,-3.639946469082754,3.7754965429736713
3494,0.5,4018.77695160002,1.2880762647804116,-0.8360719816502685,1.5356291291816733
3495,0.5,4019.106065040812,0.1310989570854182,1.9215541202078343,1.9260210729471752
3496,0.5,4020.5707731036637,7.24016292338474,-0.6355602989434991,7.268004956709111
3497,0.5,4021.6280142173746,4.681887832300293,-1.770898214099572,5.005612266141135
3498,0.5,4022.380106437605,4.318306292510208,1.57678934804781,4.597176729695117
3499,0.5,4023.428504974205,3.920333048419463,0.4106877724671684,3.9417858461595654
3500,0.5,4023.905151400087,-0.716623032790395,5.271593361860462,5.320079430228179
3501,0.5,4025.583199026725,11.252272591237615,-7.284884723405779,13.404595626158521
3502,0.5,4026.6027591015995,6.8181178210203885,-6.071090856006356,9.129341422205645
3503,0.5,4027.8662975719244,-0.24208871326319922,-2.4569670396725276,2.4688649171484887
3504,0.5,4028.2471729197273,2.0050371536594267,0.49439136627797653,2.0650900248185065
3505,0.5,4029.1955570805403,3.930818207431164,1.2960312445529965,4.138964697449103
3506,0.5,4030.383280199062,2.757613642695252,-1.0963134217242803,2.967547155654275
3507,0.5,4030.916107786028,1.4122959067368301,2.41233368595017,2.795341399642544
3508,0.5,4031.654311715945,-1.5336906915487285,6.667857588052525,6.841968426695117
3509,0.5,4033.3744768773768,11.192418606375506,-8.012952480942626,13.765087784761317
3510,0.5,4034.520820162191,2.0199575542562855,-4.974599250152769,5.36906567482812
3511,0.5,4035.105599029921,4.38505663368439,0.29098265596833883,4.39470051160416
3512,0.5,4036.079389601863,6.217111750294948,0.3738494615046845,6.228341828731212
3513,0.5,4037.126014571026,6.744331442076209,-1.2391806910848673,6.857227966586449
3514,0.5,4038.290698859279,2.889662811457037,-3.006929399277604,4.170344779050979
3515,0.5,4038.9483104343035,3.396822506163311,0.7251565415584518,3.4733636648273114
3516,0.5,4039.8578192222562,4.263239144843858,1.8604721537034117,4.65151208112317
3517,0.5,4040.9405632217963,3.899277488206729,0.20469313528720873,3.904646489718305
3518,0.5,4041.4646776447744,0.3477258488456652,4.866700548461382,4.8791072435794804
3519,0.5,4042.7024803963154,11.918588353284532,8.852601254693655,14.846592110974605
3520,0.5,4044.3222870034347,1.0191006663966278,-8.932367381033258,8.990314410408402
3521,0.5,4045.055147387291,4.387633230915167,-3.587555020718787,5.667616465121441
3522,0.5,4046.2147848291243,0.6937441004036646,-2.4401989904249843,2.5368981039284972
3523,0.5,4046.738210817314,1.897744160033199,0.29672065635275735,1.920800886309282
3524,0.5,4047.4680443259767,1.839227359307732,2.4996732536086257,3.103405170781351
3525,0.5,4048.3807098275634,2.8952716407944012,6.081188516094329,6.735239538595925
3526,0.5,4049.973704686576,2.9358271840405292,-3.580552409773915,4.630273945857754
3527,0.5,4050.431390624204,2.9106693114285505,2.8637462793078186,4.083263228441356
3528,0.5,4051.384379551234,6.422404784288415,7.114903213147316,9.58483859779103
3529,0.5,4052.997625981506,2.1366421443995858,-6.222848855003218,6.579444317375088
3530,0.5,4053.566272077934,5.230849829260351,0.3254510398702154,5.240964445178544
3531,0.5,4054.690712870254,5.330000098108749,-2.4678337646487414,5.8735938347641685
3532,0.5,4055.477852503357,6.154572617528255,1.0035577539178684,6.235855375959041
3533,0.5,4056.9963619032246,-0.08406734638416635,-2.18508763828905,2.186704210846015
3534,0.5,4057.4289042335245,1.386769575505256,0.18551680394945394,1.3991234184640924
3535,0.5,4057.9934935391757,0.3005312569580025,2.434932894851011,2.453409309274806
3536,0.5,4059.0854282881833,3.4427332047705708,6.097369488388283,7.002165850446435
3537,0.5,4060.048996006783,6.158044955517656,11.544819815115835,13.084509247108493
3538,0.5,4061.7439330496354,3.6361323861903516,-11.391837558530298,11.9580693128048
3539,0.5,4062.8502886929004,-0.30433113046422555,-2.3386852741999187,2.358403326135965
3540,0.5,4063.1577254554327,1.968781374398905,0.942689668170062,2.182833917331922
3541,0.5,4064.35838019639,4.3100368070160044,-1.3198427340672003,4.507593828252796
3542,0.5,4065.1784751928994,4.2250942018804825,0.8148065737064129,4.3029444299594735
3543,0.5,4066.1095926505195,4.877482904342547,1.6098391419072156,5.136284799830552
3544,0.5,4067.0741068688126,5.715763964369096,2.0147568079649747,6.0604622506556
3545,0.5,4068.0832238260246,6.367084399291792,1.3871809778494502,6.516443417464183
3546,0.5,4068.969297626076,6.815364068000516,3.620013452284162,7.7171033927316826
3547,0.5,4070.281912569778,3.3119410983588016,-2.357968586840303,4.065583561498123
3548,0.5,4070.6036776496076,0.40809314900993243,4.55236127407585,4.570616280981629
3549,0.5,4072.705128706193,-2.292807091247396,-3.2907200434367456,4.010711004541549
3550,0.5,4073.126450172392,2.5121310105775323,-1.0668894081216163,2.7292957376340485
3551,0.5,4074.0876811330336,2.831425010046928,-1.103811463080071,3.038974717490459
3552,0.5,4074.8170645106657,2.9108110843383743,1.2604071535331187,3.1719784616835915
3553,0.5,4075.7413466700905,3.73892905309911,2.33344651569881,4.4073306099878105
3554,0.5,4076.719781863792,4.325877444083831,2.5452623141451842,5.019121029527079
3555,0.5,4077.413345484528,1.0933212356321642,7.6002782197578895,7.678514201459185
3556,0.5,4078.9227713602118,13.721561587206587,-4.511375296883506,14.444160046912874
3557,0.5,4080.1083044812017,4.402731261321996,-7.084161741695453,8.340826706143915
3558,0.5,4081.0660834209457,2.2388794213986434,-3.2985556212395903,3.986608865937769
3559,0.5,4081.698568431798,3.4565686220773575,0.41338540898219733,3.4812000998921535
3560,0.5,4082.5883481411197,4.77725037412948,1.904174635900178,5.1427621159378765
3561,0.5,4083.630042860071,6.968738762340908,1.0353621532096502,7.045232056224381
3562,0.5,4084.9428832029125,2.13194644268885,-3.0618609213671597,3.730976807256914
3563,0.5,4085.5153705858256,2.7062944163891203,0.9117444251151523,2.8557498778617654
3564,0.5,4086.3792210746124,2.7513594794960246,2.1743240644274033,3.5068025496969084
3565,0.5,4086.9674789752758,-2.0168157262435904,5.806045631484923,6.1463575838466005
3566,0.5,4088.781881483158,8.86680663930204,-9.696189901744987,13.139115593885007
3567,0.5,4089.7302856376564,5.523191460922047,-5.254265129611093,7.623184765322778
3568,0.5,4090.591265910279,6.037568950896796,-2.6081400602824614,6.576825481254862
3569,0.5,4091.910846159219,0.06484875216701123,-2.159871074484967,2.160844376408089
3570,0.5,4092.297206464625,1.677676995109705,0.6108975040717591,1.7854399626986717
3571,0.5,4093.2483622291243,2.6872796454300802,1.1663309380103706,2.9294708992756644
3572,0.5,4093.905911945289,0.6649733307657254,4.401386659821529,4.4513362106096395
3573,0.5,4095.1379307512534,9.023382632027733,5.7963164864935495,10.724678034121895
3574,0.5,4096.51084729656,5.009937184152395,-4.53390800077698,6.756907010508754
3575,0.5,4097.063684460353,5.3748657123251125,3.7952590605078522,6.579754764571023
3576,0.5,4098.475186448156,5.014512590309425,-5.3428014050813015,7.327404954860245
3577,0.5,4099.244845293627,5.440637760609038,-0.9306285590125959,5.519656579626561
3578,0.5,4100.1075341305195,6.825632031341574,1.219010924402509,6.933631102177904
3579,0.5,4101.57844792156,0.3682785026374044,-2.9895598668752927,3.012158238395896
3580,0.5,4102.037362535126,2.21772498657829,0.46385110521294914,2.2657144488882426
3581,0.5,4102.825941825781,2.8811003939725666,2.9205910880992727,4.102510424610006
3582,0.5,4104.141331202192,3.2891224454012846,-1.1236366151144255,3.475756853358464
3583,0.5,4104.613098579829,1.0012216551747934,3.387553092957744,3.532415711718899
3584,0.5,4105.512852569225,0.6594799980990896,10.634805407408841,10.655233452221735
3585,0.5,4107.327219355882,4.72339001961734,-13.33160949151,14.143628421007822
3586,0.5,4108.624233430278,-0.9388057354416436,-1.0659667362770524,1.4204370073140435
3587,0.5,4108.852443160772,1.174720305411982,0.12855553902535188,1.1817336089666397
3588,0.5,4109.7109312857965,2.884467375284069,1.4570570829046867,3.231588987158002
3589,0.5,4110.634319886721,4.393383471464147,3.110155922755276,5.382832729259203
3590,0.5,4111.859845445078,5.518537565019238,-1.2068378357495066,5.648956931887958
3591,0.5,4112.667206018722,4.639060691669407,1.4803480248543912,4.869529173922519
3592,0.5,4113.485989227037,4.695916097492446,4.796252380272281,6.71235166614177
3593,0.5,4114.687567837159,9.006423457789314,0.37728076037640196,9.014322174915195
3594,0.5,4115.615773798477,9.24561336963928,1.624766747102475,9.387291066295035
3595,0.5,4116.813980891257,6.730164477150467,-4.3093033571836665,7.99157114175507
3596,0.5,4117.600710739797,7.634301468107821,0.16092717755889058,7.635997411106835
3597,0.5,4118.974352669458,1.2498153658862559,-4.359250553879651,4.53487638644158
3598,0.5,4119.59633288365,3.3060780350149,-0.5570791876665719,3.3526838793628055
3599,0.5,4120.634210584369,2.573049697781609,-1.0608340959607128,2.783155354342767
3600,0.5,4121.348656802788,1.754864165947518,0.8124772491741201,1.9338219983628853
3601,0.5,4121.794658785042,-1.614127275154791,2.5861252415468443,3.0485161350014787
3602,0.5,4123.240086669544,12.23196584787882,8.059637404987777,14.648506531505248
3603,0.5,4124.648829380198,7.524300206273029,-8.476518665852163,11.334304667100689
3604,0.5,4125.592128452605,4.687954347518923,-4.480939315272959,6.485039175793811
3605,0.5,4126.378063880529,5.819502045246294,-1.0018621973745394,5.905110660872829
3606,0.5,4127.593370808397,2.1775441003118967,-3.184290490333428,3.857642315667829
3607,0.5,4128.298166699678,2.264232376669045,-0.26301729345328556,2.2794574688315294
3608,0.5,4128.777675202576,0.33263340128270297,3.304421220879334,3.321120983139062
3609,0.5,4130.4667637802595,3.4535354972073966,-4.071980932353786,5.339282362258467
3610,0.5,4131.136979899322,3.642025212291946,0.36505592807575,3.6602750549095955
3611,0.5,4131.9280024327845,3.4307404117028684,2.7472207444115053,4.395133853594913
3612,0.5,4132.7244513073765,2.5683907363604495,7.308074169674512,7.7462622628004265
3613,0.5,4134.050648828269,15.103569090564108,1.0831953635927003,15.142361489184976
3614,0.5,4135.441760021329,2.374842205423945,-8.57051330029379,8.893456793124686
3615,0.5,4136.396688873409,1.0665915834481383,-3.2916060155932216,3.460099386978919
3616,0.5,4136.974853483483,2.937806591092064,0.02372476993316086,2.93790238629066
3617,0.5,4137.962941379643,3.5800713553809183,-0.20305884011994774,3.585825400402231
3618,0.5,4138.838339555502,3.0641620898078896,0.7634569633733032,3.1578403771468624
3619,0.5,4139.464099155239,0.962154070494968,4.3907125109121825,4.4948967517453395
3620,0.5,4140.892830115633,5.8065236301495275,-0.8183130040340291,5.863902526479788
3621,0.5,4141.3737753201285,0.9124009343295304,6.974405148824882,7.033832713742944
3622,0.5,4143.347062500451,-1.4311960870094913,-5.573782697979625,5.754596059131197
3623,0.5,4143.897624856071,2.9648460746634813,-1.4968028803283109,3.3212544480973722
3624,0.5,4144.603298798391,3.921010776680419,1.5824742709927324,4.228303481208268
3625,0.5,4145.564792568009,6.826837819607787,2.920807805577172,7.425418025427777
3626,0.5,4147.071922279525,0.8674093492430017,-3.799541617355492,3.8972959191175818
3627,0.5,4147.595069547505,2.9368078507747035,0.28581776527394753,2.9506833356560183
3628,0.5,4148.652520778808,2.3405154948778573,-0.46023116174738193,2.3853355118319697
3629,0.5,4149.069451050763,-0.06713696990458867,2.9017330861211086,2.902509651287641
3630,0.5,4150.445097952485,7.3048481270344965,2.01800811823352,7.578467056357492
3631,0.5,4151.146851509498,4.241416673200403,9.056859857748508,10.000816260615865
3632,0.5,4152.768725265643,7.0209477161396885,-10.729702932515451,12.822645275168373
3633,0.5,4153.839146745052,1.3437048868020443,-5.3634914953471755,5.529248035988002
3634,0.5,4154.630899005979,2.284187151184867,-2.1474375448238185,3.1351234346604264
3635,0.5,4155.334787261632,2.9852864118615625,0.3039053311518184,3.0007154832052603
3636,0.5,4156.296304962838,3.0823057335745365,0.37419633941149094,3.1049366395556968
3637,0.5,4156.913907991741,1.2903855721843154,3.974517521749342,4.178741970449237
3638,0.5,4158.129334413811,8.419635156069992,4.082591905044084,9.357233182114317
3639,0.5,4159.4804616989795,3.2955980004675616,-3.3580133387021482,4.705020697466414
3640,0.5,4159.9216658407595,2.8031814495847143,3.63534214081314,4.590592414935976
3641,0.5,4161.096281182125,10.380624592382823,2.547566547162344,10.688660451160553
3642,0.5,4162.377914593378,6.108764114147484,-6.0476653477041085,8.596002277810141
3643,0.5,4163.278853050829,4.8249993492196745,-3.059153867354511,5.713058822042737
3644,0.5,4164.135351440632,5.064111559981661,-1.0555560605170815,5.172951235884041
3645,0.5,4165.139162955596,4.562366762478096,-1.5349326509395806,4.813648171427287
3646,0.5,4166.078428062398,3.7310541900005014,-0.889462429537699,3.835610614006511
3647,0.5,4166.984173408357,2.507115941391043,-0.08710767151945803,2.5086287270169407
3648,0.5,4167.509875345773,0.48924724493453375,2.821176470114432,2.8632847469651637
3649,0.5,4168.303453625534,-3.31302660852194,8.018149250856323,8.675647682898505
3650,0.5,4170.482806110564,-2.27196448678017,-5.29495482836455,5.761802605401486
3651,0.5,4170.875114381648,4.409436229045508,-0.4831079092325515,4.435822484047589
3652,0.5,4172.130758051547,2.169070704242538,-3.7571155877615436,4.338292896958894
3653,0.5,4172.876966851704,2.448943136554092,-0.8393839206806906,2.5888004659248423
3654,0.5,4173.4168640228045,1.7045841463297238,3.0212239618720975,3.468919333122171
3655,0.5,4174.873181874607,4.260342362630486,-2.5159547385782957,4.94778185588234
3656,0.5,4175.5120522522075,3.9398861690584384,2.3197192411919616,4.572067407977948
3657,0.5,4176.643071920198,5.174135550402973,-0.008641588955986487,5.174142766778237
3658,0.5,4177.32218862404,3.627775665852771,4.894698302946032,6.092522282160015
3659,0.5,4178.530304183176,9.832589234728866,1.469726550707821,9.941826149795697
3660,0.5,4179.574699430187,9.380117854325883,-0.981871144649287,9.431366916080517
3661,0.5,4180.503181765203,10.3767097268206,0.203791836223509,10.378710703512484
3662,0.5,4181.922493184465,0.7416184772640252,-6.206677465857011,6.250827395713037
3663,0.5,4182.8507928791,0.4733710936012522,-1.9079890495107117,1.965833768483499
3664,0.5,4183.3775043717815,1.2696606054866546,0.12986284659102584,1.2762846124785265
3665,0.5,4183.846344459319,-0.32244859379900015,2.1517650073835775,2.1757908315468653
3666,0.5,4185.312727675293,5.7555612776941825,0.5452236576394628,5.78132808774441
3667,0.5,4185.957936687377,2.815869720564291,6.104694401088781,6.72282797741215
3668,0.5,4187.200718846234,12.532502753159743,3.06785938010044,12.902534109004588
3669,0.5,4188.419977240157,9.54103938791515,-6.280749745945068,11.422751418679185
3670,0.5,4189.615279793395,1.1345519801666,-4.555698029653315,4.694847466434565
3671,0.5,4190.2332692909085,3.210480545369771,-0.6320525405663495,3.272105705235416
3672,0.5,4190.985912225672,3.9914005132792623,2.180989626816835,4.548405633811544
3673,0.5,4192.109712345712,6.577781763502134,-0.08105702589022075,6.578281171378085
3674,0.5,4193.175851165785,5.173009190945212,-1.8147164738871524,5.482081718672301
3675,0.5,4194.0922458821315,3.9707668362228246,-0.7047715345019102,4.032826822898697
3676,0.5,4194.899013888261,3.2115163332574332,1.144939536816978,3.4095049056638627
3677,0.5,4195.541351655143,0.8588998815676138,4.841794283718272,4.917385574917203
3678,0.5,4196.604548355805,6.486774717263623,12.11752789477082,13.74455268508508
3679,0.5,4198.425989112479,-1.216866016562865,-9.166349806610228,9.246768715578915
3680,0.5,4199.335192631164,0.1075088391553779,-2.043392958408757,2.0462191800906933
3681,0.5,4199.633002829636,1.638760859340104,1.2581385232543072,2.066022676013418
3682,0.5,4200.997463466576,3.4021047730666347,-2.541404424002431,4.246534273176411
3683,0.5,4201.827002236684,2.5388822608392445,-0.509876013444658,2.5895746143894773
3684,0.5,4202.416698746015,1.5245598572097978,2.5118038725606944,2.938271847945057
3685,0.5,4203.280813660139,1.4743889273596054,6.760126564823184,6.919041399034169
3686,0.5,4204.736011073342,10.189912533897104,-2.450974935644143,10.480534126829086
3687,0.5,4205.627365267386,9.158769133740751,0.05389650688516972,9.158927714455265
3688,0.5,4206.870191888257,3.1293218602973774,-3.9089400473647165,5.007241515967321
3689,0.5,4207.354542104388,3.9629524762116315,3.140477422242678,5.056440523562787
3690,0.5,4208.734782098327,5.866701716965693,-4.732609982492975,7.5376247108913805
3691,0.5,4209.642902759412,4.664860509223324,-2.4992904222114998,5.292199560208347
3692,0.5,4210.549793194043,4.238362770310282,-1.3156895833709619,4.4378776518222205
3693,0.5,4211.527980700039,2.9114847711296465,-1.0371783429033452,3.0907090590198845
3694,0.5,4212.170228129721,2.2784269263299954,1.9566700535003207,3.0032960155286887
3695,0.5,4212.967293233469,1.6883124871882034,5.211963807167851,5.478591587408503
3696,0.5,4214.117686583578,8.567252437253345,6.589440630466179,10.808262679360725
3697,0.5,4215.179293281831,14.389184944882693,5.130964769249517,15.27663061153599
3698,0.5,4216.832135763851,-2.0171006103884035,-6.004941585432268,6.334667972110541
3699,0.5,4217.495524251771,1.9398390461762296,-2.5071255370773615,3.169961195935268
3700,0.5,4218.230788626875,2.7916808537298934,-0.46107088579887195,2.8294996643953545
3701,0.5,4219.08641035629,2.7348561640772933,0.5348244371297705,2.7866602621673753
3702,0.5,4219.67206153122,0.6057766679532759,4.229774476651675,4.27293312547371
3703,0.5,4221.306739710483,4.5095662501043625,-4.206143586749897,6.166671033583485
3704,0.5,4222.126671441045,2.5355496260464037,-0.7234379964131833,2.636735565201482
3705,0.5,4222.507243705138,-0.17718861115829188,3.2750150255146058,3.27980475352888
3706,0.5,4223.90117999222,12.02693892343844,2.801412290383131,12.348893500586529
3707,0.5,4225.282365846363,2.3530650868732184,-4.935022802422443,5.4672996409096815
3708,0.5,4225.7223073328705,4.388854145148916,2.8973607508135735,5.258967581925735
3709,0.5,4227.210630501786,2.7650101375168923,-5.717322499377136,6.350831254446555
3710,0.5,4227.984705072136,3.69570181412583,-2.0139060886002307,4.208803824441575
3711,0.5,4228.98083410691,2.1561444005524786,-1.4770250787257029,2.6135343424601247
3712,0.5,4229.5334114976295,1.9555909143084718,1.792161283540311,2.652579478610716
3713,0.5,4230.657847975155,2.5247109075990717,0.5703777606966118,2.588338454848401
3714,0.5,4231.008079754503,-2.0620021819931122,2.6979481179274165,3.3956997873151926
3715,0.5,4232.660327378782,17.301076355674333,-0.26252022480503306,17.303067934135413
3716,0.5,4234.137260750955,-0.6264458043333435,-5.553313920289484,5.58853557231658
3717,0.5,4234.672186485428,3.6314041644942567,-1.0582078860935082,3.782446316353574
3718,0.5,4235.50281478465,5.186153869195678,0.7996350969789771,5.247438255310288
3719,0.5,4236.708778081334,3.55759509263672,-2.6100591617237225,4.412356702585458
3720,0.5,4237.343105088598,3.898610297787057,1.84832269644796,4.3145635983510475
3721,0.5,4238.58156242922,3.39418253858281,-1.6367591127441594,3.768216487726189
3722,0.5,4239.083355091352,2.0407257179563745,3.6235356560600365,4.158674320822322
3723,0.5,4240.60922327622,2.8274301854267487,-2.744872480603471,3.9406454278755647
3724,0.5,4241.10402429008,2.3119689654664066,2.194261393727838,3.187472911458894
3725,0.5,4241.783753083255,-0.8355547179488584,7.174657752529552,7.223147897739531
3726,0.5,4243.573652494019,7.180525880706197,-11.24069493988195,13.338409749853211
3727,0.5,4244.575822632996,2.9310827673891886,-6.1416251513428906,6.805204309122059
3728,0.5,4245.621059995547,0.38354302778709115,-2.087844381143681,2.1227810565475966
3729,0.5,4246.010961501898,1.7325213036348084,0.9068440632322694,1.955504084007003
3730,0.5,4247.050666369494,3.636434834428595,0.8762464867436032,3.740516837360344
3731,0.5,4247.882863620121,3.4981063845778593,2.7524551614218735,4.451152400610688
3732,0.5,4248.798229920726,4.511058636421091,4.891218693483122,6.653846280814433
3733,0.5,4249.842360550784,8.565097951411131,5.433229245827961,10.143021391823416
3734,0.5,4251.024571916936,11.170382931926955,-1.6344869093677932,11.289331348790313
3735,0.5,4252.063770376692,9.14205484208123,-3.7580051619269015,9.884319376299517
3736,0.5,4253.452157043095,-0.2969366628178525,-1.4500117433167095,1.4801031847414443
3737,0.5,4253.641943495415,1.0027336562970655,0.9347569654213855,1.3708557071678544
3738,0.5,4254.606741244741,4.830432908885465,4.479816343948972,6.588007025099171
3739,0.5,4256.253977915078,0.3758175872813674,-4.0850346750589175,4.102285601386586
3740,0.5,4256.903916379892,1.7090788608285745,-0.8376794029719193,1.903327962988641
3741,0.5,4257.39842607086,1.0868889645262036,2.0054587938252095,2.281050765533224
3742,0.5,4258.412309498924,3.1836049567731504,4.105085022901582,5.194907464627398
3743,0.5,4259.219971503959,1.4231117342640835,9.380071886497973,9.487412482024263
3744,0.5,4260.828780400028,10.65855719677382,-8.658281188735383,13.732103795854005
3745,0.5,4261.801316153906,6.761729515526106,-5.8215998860988725,8.922556319517591
3746,0.5,4262.834917758818,3.4648943477861187,-4.730468040625652,5.863686615492074
3747,0.5,4263.851070090162,1.0501845150334783,-2.113530837139945,2.3600635828633045
3748,0.5,4264.3264840974725,1.8743954162713627,0.9807790859196627,2.115487128752265
3749,0.5,4265.197753530234,2.898261516756503,2.8856277904610965,4.089837107342186
3750,0.5,4266.175526297829,5.10564312403574,4.634196453821272,6.895169938632629
3751,0.5,4267.375018115875,7.698526194207747,-0.24767342579993049,7.702509181348003
3752,0.5,4268.223032063958,7.221834396795892,2.5911930676865844,7.672624946442468
3753,0.5,4269.311963383198,8.274251523751603,-0.5343135251206332,8.29148534470348
3754,0.5,4270.228945852237,8.247193514900339,0.7200233957836187,8.278564764661201
3755,0.5,4271.219357724019,9.939032351056504,-0.008830199916636083,9.93903627359204
3756,0.5,4272.626546682788,0.5999648849327756,-4.86520757014814,4.902061052636857
3757,0.5,4273.266070375792,2.829253563979921,-1.1697662746735455,3.0615402768307183
3758,0.5,4274.006198485267,3.5004106065420517,1.2219323071300066,3.7075588973878966
3759,0.5,4275.1067326339,3.990983409492186,-0.44765330847561946,4.016010714556304
3760,0.5,4275.86364807041,3.258295664167191,2.048685761069784,3.8488444996830924
3761,0.5,4276.733176340385,3.188369772638854,3.7558708128682525,4.926689290997836
3762,0.5,4277.420042959429,-1.8295817736706552,9.144390740226594,9.325623382728349
3763,0.5,4279.548867188124,-3.2968202130783486,-6.604112292513654,7.381281913698454
3764,0.5,4280.161625524678,2.373321942885558,-2.9359346986442985,3.7752310656813663
3765,0.5,4280.9737876927875,2.7329809312252085,-1.1511009420031244,2.9655047039451965
3766,0.5,4281.58715976113,2.8220147756054317,2.5876136365581077,3.8287741805748805
3767,0.5,4282.943479138628,3.637432232417066,-2.184691703054292,4.243087446991973
3768,0.5,4283.493728632652,3.046867618562097,3.172831345813328,4.398893160104923
3769,0.5,4284.844965401471,4.777469864157563,-2.3731692871903975,5.334430688330055
3770,0.5,4285.629053648215,3.395533499952137,0.4178593800960624,3.421148083733219
3771,0.5,4286.158107286908,0.16079958416274878,4.893180622787598,4.8958220059037005
3772,0.5,4287.680518179438,10.0400314033176,-2.9705783022882124,10.47027058053559
3773,0.5,4288.504766274433,9.92046440044413,1.6469990783276645,10.056252775487074
3774,0.5,4289.812145760646,4.7264186809373205,-6.748809072813948,8.239263161764477
3775,0.5,4290.683826357643,4.348445474132116,-3.3933147716581256,5.515755902961381
3776,0.5,4291.674919393786,2.760719173082663,-2.59885551813051,3.791519531367816
3777,0.5,4292.726444975231,0.20184265875794793,-0.3479129044267956,0.4022236292924199
3778,0.5,4292.817263390514,-0.09275753466718292,0.3973726309412442,0.40805510419390656
3779,0.5,4293.813814959747,-0.7287959496041303,6.111024168812222,6.154328552162819
3780,0.5,4295.348211448382,11.070585435598238,-1.9755726459086218,11.245476831426146
3781,0.5,4296.247687553782,9.592912837411081,0.28141219591070665,9.597039623247035
3782,0.5,4297.2696684927,10.234856393529448,-1.7010145582995237,10.37524630665304
3783,0.5,4298.663179089636,-0.00248023362797743,-3.3675944909424427,3.3675954042884575
3784,0.5,4299.05494728291,2.7272179857379086,0.8176511946611298,2.8471514567832723
3785,0.5,4300.0891483781215,5.173812775350351,0.29543737424665856,5.182241009107957
3786,0.5,4301.012050609302,5.962438711761242,1.1219426685148732,6.06707761141584
3787,0.5,4302.145194882383,5.250555783388055,-2.0454668097119724,5.634915305850038
3788,0.5,4303.1833841787375,1.7758258002394154,-1.2654172453868975,2.180559120436436
3789,0.5,4303.534636903585,0.4464086074683735,2.25976627171811,2.3034374850680495
3790,0.5,4304.617528001025,4.343688409726388,6.504583054125264,7.821587416171023
3791,0.5,4305.6138237120485,9.341355245583424,11.091940674047239,14.501450470238225
3792,0.5,4307.449077599056,-2.574708130478446,-5.942373796795719,6.47618161403741
3793,0.5,4307.998991754306,3.288436416186017,-2.4159027698782176,4.080490198101642
3794,0.5,4309.172964976841,0.255397386679578,-1.019482082965889,1.050985985925229
3795,0.5,4309.358615069696,0.37788826622166377,1.0016898269063397,1.0705989216675251
3796,0.5,4310.632176097219,5.172333490558856,1.0105780246031435,5.270132985169117
3797,0.5,4311.662007243922,3.9419980644138986,-0.11203242405190526,3.943589735746084
3798,0.5,4312.226430123791,1.4090181934102486,4.541865601042412,4.755404862605647
3799,0.5,4313.401370258529,9.732076236309217,6.300363374501968,11.593441530455934
3800,0.5,4314.799283160255,5.695607801255529,-6.474298393571214,8.623020811451266
3801,0.5,4315.573741805211,5.904778057394821,-1.426814620890638,6.074718418945742
3802,0.5,4316.464656306924,6.306979030582859,-0.03355940893541757,6.3070683146878945
3803,0.5,4317.356190740263,7.975914768663254,1.8198997327698787,8.180907739017504
3804,0.5,4318.867542854213,0.0004497670272760631,-3.7315765209291665,3.7315765480343828
3805,0.5,4319.406828392036,2.384285417330563,-0.4601317209253979,2.4282788455811546
3806,0.5,4320.162243602363,2.7934115780444944,1.4662158333845243,3.1548275886996597
3807,0.5,4321.074891627432,3.6645013500508297,2.7492704168018434,4.581163385999907
3808,0.5,4322.076165190022,4.3343871269495935,2.449236795204544,4.978521130340835
3809,0.5,4322.664566486274,-1.2469039366333226,7.58548588068961,7.687285962765605
3810,0.5,4324.546748008151,3.2048546916429665,-10.469659931435608,10.949195069705087
3811,0.5,4325.293085728018,5.928861447691366,-3.804721688744009,7.044665016501496
3812,0.5,4326.350118583585,3.365387348455279,-4.091995143284596,5.2981370554004705
3813,0.5,4327.394690703759,0.6231824900277327,-1.40730099868684,1.5391077014888017
3814,0.5,4327.700362559462,0.8250729593018061,1.2541346003354983,1.5011991819641124
3815,0.5,4328.615769054413,2.28174019849599,4.956843939114031,5.456797611251862
3816,0.5,4330.027835915254,6.969103349271104,-2.411625679292121,7.374573879882343
3817,0.5,4330.890065791732,5.590018576110873,-0.05103115953526234,5.590251502437806
3818,0.5,4331.851915622106,3.8507129254423225,-0.04138525816755243,3.850935311552528
3819,0.5,4332.30390228672,-0.4272892200080238,5.137869801715993,5.1556068679564975
3820,0.5,4334.020581083662,8.212211274292773,-8.711544737893739,11.97211032917528
3821,0.5,4335.0631473708845,2.3563935758626986,-4.416398202080987,5.005713112405781
3822,0.5,4335.606667165305,4.680971385092448,1.3689706198467464,4.877045587859303
3823,0.5,4337.133662605669,0.01287911209593144,-2.1505928631316746,2.150631426925886
3824,0.5,4337.451842980884,1.6370855637929813,0.9741921725725678,1.9050195621780484
3825,0.5,4338.7191221625735,1.5740349237570574,-0.787543127986412,1.7600596920688536
3826,0.5,4339.0270615069785,-0.18992181027278934,1.8870707937101059,1.8966039318980077
3827,0.5,4340.087832540901,1.993756277305106,8.688063820466782,8.913894605715134
3828,0.5,4341.413050962384,16.265617057245734,2.5369378780807823,16.462270561809035
3829,0.5,4342.901618174998,0.005541450555599634,-6.928257591001664,6.928259807119422
3830,0.5,4343.563201207075,3.3428867349423426,-2.244466670130859,4.026477661180027
3831,0.5,4344.33464149114,4.226234968313131,0.11927827796195027,4.22791784629104
3832,0.5,4345.249657154565,5.298432047229206,0.954470642295626,5.383715851167268
3833,0.5,4346.242896210364,6.555685294935404,0.4754002640348631,6.572900052281087
3834,0.5,4347.628030072289,0.29831162202861644,-1.1404454915789106,1.1788153982282414
3835,0.5,4347.788735321778,0.30795160147113076,1.114332374260329,1.1561015652499118
3836,0.5,4348.975430851982,5.5022206538466,3.4684805197119593,6.50421319140428
3837,0.5,4350.013922105545,7.057445062289668,2.246819481228642,7.406465323517377
3838,0.5,4350.871384355096,7.300698412370821,5.502254955537568,9.141936715167718
3839,0.5,4351.952516632845,14.042700129132644,3.614510528653703,14.500417693242166
3840,0.5,4353.700189732446,-2.5657788080910313,-2.7476050552075066,3.759328986860671
3841,0.5,4354.2207576250075,1.0999371893666503,-1.3384470644135944,1.7324267271054135
3842,0.5,4354.724596590271,1.7856932923354079,1.25035266357352,2.179927135845844
3843,0.5,4355.893110782248,3.2042251248904488,-0.22250207383553494,3.21194113019531
3844,0.5,4356.482766408339,1.5710831980840023,3.4516720250869417,3.792405856981772
3845,0.5,4357.587591693043,6.347557619930365,5.044873785178521,8.108158807443123
3846,0.5,4358.75564313242,8.218044929005975,-0.06177602246559815,8.218277114585057
3847,0.5,4359.500185597816,7.46440511503428,6.26961043665468,9.748095134371598
3848,0.5,4361.191076817522,-0.41357791645212316,-3.422493957593293,3.447391997255241
3849,0.5,4361.486734502676,2.723348954651498,1.4294034223120518,3.075682635207803
3850,0.5,4362.761583185765,4.863427031304268,-2.9526033056071292,5.6895332646099535
3851,0.5,4363.525581318882,5.241546058374144,0.5074876591314994,5.266056285896334
3852,0.5,4364.546908846037,6.188569920899629,-0.6415735689531031,6.221737242140884
3853,0.5,4365.671997008556,3.4611021588708852,-2.5916498426100194,4.323872923761895
3854,0.5,4366.527307542687,2.0337335441471627,-0.6282254021349928,2.1285533313678218
3855,0.5,4367.000511849069,0.6102967939207429,2.145709730119015,2.2308142958564154
3856,0.5,4367.7110484295345,-3.3994032983022797,5.6762687733172745,6.616341131731738
3857,0.5,4369.537964927337,12.464880721330179,-11.065222904565726,16.667705580694506
3858,0.5,4370.734627509905,0.4140368422875948,-5.861275996865764,5.875881450319283
3859,0.5,4371.362633022015,3.699771709568157,-1.624744362807661,4.040804987548416
3860,0.5,4372.227906507433,4.7107117277518835,-0.49087594552111163,4.736218341237066
3861,0.5,4373.433178290922,1.4672246367691815,-1.8744493201984544,2.380400888240236
3862,0.5,4373.863804411419,1.4756606357992221,1.5993595454301197,2.1761262067274045
3863,0.5,4374.695096160703,1.7511332266662938,5.2097821137871305,5.4962075334425835
3864,0.5,4376.083223911225,8.257219199384648,-1.2912804168492993,8.357575845998944
3865,0.5,4376.98295329676,6.529645267524369,0.27173781140910824,6.535297143807067
3866,0.5,4377.768463362285,6.5906361195556,4.626769918776653,8.052545208919192
3867,0.5,4379.103315875457,6.173779419201987,-4.367361017874625,7.562366995684149
3868,0.5,4379.759864529333,6.952704724085495,2.7509833530826495,7.477166066716629
3869,0.5,4381.091028309865,5.485506852853495,-6.110202211171043,8.211294446925049
3870,0.5,4382.125949498676,1.8482953516891076,-3.5055901354164845,3.9629986001265416
3871,0.5,4382.875748523264,2.1483401373474114,-0.9048975488762043,2.331138116821922
3872,0.5,4383.466427318297,1.8592743723791316,1.9497990964575245,2.694182196573274
3873,0.5,4384.419601139081,3.5754967906356216,3.9106915564195,5.29883815088708
3874,0.5,4385.579886328904,5.0415471036594175,0.880594237658015,5.117874891965723
3875,0.5,4386.083678707494,-0.6361434948883511,6.730382946298522,6.760379660190302
3876,0.5,4387.756260025842,12.442706484998661,-9.85428019916835,15.872233079045593
3877,0.5,4389.02947839151,-0.6643339534062382,-5.2240107266590154,5.266082763677078
3878,0.5,4389.719630868888,1.772330046566373,-1.8828321630520866,2.5857708228273752
3879,0.5,4390.3511082752275,2.3492907859928933,0.620262970004294,2.429792861358691
3880,0.5,4391.02121306696,1.590578019652931,4.156843522488275,4.45076246356237
3881,0.5,4392.574337674839,4.454481298862088,-4.061211420496103,6.027921851175582
3882,0.5,4393.358662552606,3.6412823549433466,-0.6110948225680813,3.692204500104413
3883,0.5,4394.028511126826,3.0433625284243786,3.0200159594499207,4.287487827941889
3884,0.5,4395.060893844163,5.906471452426912,3.5562851456875193,6.894459301190469
3885,0.5,4395.951097930616,7.113924129370463,6.869648226333666,9.889387406306247
3886,0.5,4397.2232226873175,12.680189303075528,-3.3343243238585893,13.111251635847209
3887,0.5,4398.45171963307,2.9770708438973528,-6.468832751793742,7.121007511599962
3888,0.5,4399.177467304124,4.986261248398548,-1.9635843752215234,5.358961171336769
3889,0.5,4400.270180039161,2.822094915888005,-2.982149389156092,4.105780643620038
3890,0.5,4401.175471547633,1.343596157226948,-0.9940092002008702,1.6713183191118905
3891,0.5,4401.533574080142,0.4422204706991774,1.8128864589303442,1.866042941006022
3892,0.5,4402.808234516906,3.5784480442071906,1.096591097785952,3.7426998865569847
3893,0.5,4403.239569924189,-2.240286650735378,4.578422678368992,5.097140227545896
3894,0.5,4405.2186046399875,2.1085756285616055,-8.105808513576966,8.375572985780781
3895,0.5,4405.832303993916,5.546803690186607,-1.0404277035811795,5.64353798461984
3896,0.5,4406.706876416489,7.253014334000665,0.6595044997588325,7.282936434874415
3897,0.5,4407.973180939619,3.2024335761397174,-4.178439051852991,5.26449748025746
3898,0.5,4408.623707863404,4.453814929947069,0.41608592187489185,4.473208571551509
3899,0.5,4409.666097134111,4.955599977293006,-0.9065566333073469,5.037838431742328
3900,0.5,4410.491141982206,5.189475032594576,1.364299785311402,5.365814478541279
3901,0.5,4411.715201530782,2.8674091635326695,-2.015084584035527,3.5046542185968583
3902,0.5,4412.237247490713,2.2406314666439737,2.392778870836227,3.2780817704925265
3903,0.5,4413.216561165381,4.087757364194941,3.8113747446685275,5.58894781804474
3904,0.5,4413.934044512484,0.298753804611459,9.897624047055618,9.902131872108322
3905,0.5,4415.85096182655,-0.2979920954332374,-10.080082776749297,10.084486505274253
3906,0.5,4416.593999029481,3.457270204464761,-4.304504940444747,5.521003536404685
3907,0.5,4417.580116975685,1.7714480193712696,-2.668226019457616,3.2027266783547153
3908,0.5,4418.241556472838,2.5010424457820286,-0.027922343477887857,2.5011983073856117
3909,0.5,4418.971524790858,2.536794364971656,2.305649373537593,3.4280234368869538
3910,0.5,4419.922457573363,4.441685328234056,4.240135776264865,6.140628628748926
3911,0.5,4421.141217996644,6.489118667292247,-0.5947693466796523,6.516318872948933
3912,0.5,4421.904701207757,5.362550293273646,3.268325689503783,6.280039686224892
3913,0.5,4422.790749620977,7.2524796308874775,7.2356720993643915,10.244677228978864
3914,0.5,4424.339666554157,3.3405925494476674,-7.507941951887769,8.217587902440812
3915,0.5,4425.2449095746415,1.1895366584576963,-1.7676201131882214,2.130605154964721
3916,0.5,4425.495648732298,0.5409816766538146,2.313275849199169,2.3756907056608423
3917,0.5,4427.164720656212,4.041201317590243,-6.154384764369969,7.362591929287017
3918,0.5,4428.0731758426855,2.5970274889907756,-2.821961758170818,3.8351036417745306
3919,0.5,4428.881802431638,2.225921729721198,-0.7792608193984982,2.3583839745670403
3920,0.5,4429.488009566999,1.6827676859390843,1.792852058447006,2.4588667284581422
3921,0.5,4430.24744879544,0.5089621612273751,4.951090686166641,4.977182080676505
3922,0.5,4431.424340483088,8.463749412738194,7.895057215713688,11.574410678778374
3923,0.5,4432.575627454585,15.360921604377028,1.8016027765372358,15.466211077708838
3924,0.5,4434.029253195875,0.473435745531106,-7.631446262758156,7.646117542028244
3925,0.5,4434.7791048360705,2.7513149421687464,-2.98723115829111,4.061192423915205
3926,0.5,4435.529083292577,3.649059794682887,-0.5314101014761666,3.6875512309826997
3927,0.5,4436.423737983623,4.146810255073515,0.2602623961493472,4.154969531348247
3928,0.5,4437.394173677606,3.630416694726085,0.07742285865136948,3.631242167136147
3929,0.5,4437.976869628506,1.520420120640759,4.601470334716202,4.846153792908609
3930,0.5,4439.557560714415,3.672175649123513,-3.718053184458721,5.225781614311808
3931,0.5,4440.107585509011,3.76294447235948,2.2852331784823425,4.40250403544361
3932,0.5,4441.064996264989,6.032246188965208,3.671369305265515,7.061653252598223
3933,0.5,4441.984948578358,8.505665712162173,6.745333434827445,10.855683873163047
3934,0.5,4443.365941871084,9.152471324765749,-8.000924019753619,12.156583258487137
3935,0.5,4444.564424110314,0.2824640296417596,-4.539260239365703,4.548040176683561
3936,0.5,4445.238338540594,2.021533768065801,-1.3188109770705747,2.413682076967089
3937,0.5,4445.772758248951,2.146736097945969,2.2558407488491103,3.1140477450405926
3938,0.5,4447.2630960167935,1.5200178711844194,-2.0726760750376187,2.5702996791723263
3939,0.5,4447.732962461683,1.4828526033564737,1.1553204684341016,1.879791804446403
3940,0.5,4448.301901068325,-1.376190761380973,3.5918301235575774,3.8464457162692396
3941,0.5,4449.635268124368,11.439673642600544,9.697007202932156,14.996602339961132
3942,0.5,4451.0981208003095,7.14717617806706,-10.112053901147434,12.382881789795148
3943,0.5,4452.188083705133,0.7273963071141634,-3.9957542914711115,4.061423118244777
3944,0.5,4452.680702066042,3.4273424769982572,0.46293482093794164,3.458465715179694
3945,0.5,4453.734551271115,4.492330591178593,-0.8296325437955617,4.568295557225222
3946,0.5,4454.462905440249,4.649445862168849,2.9711206342438423,5.517690155170782
3947,0.5,4455.762657972555,5.16215026230819,-3.2043350696721413,6.075817522719003
3948,0.5,4456.703250193514,2.7284534704362464,-1.4942622110256858,3.1108323477222246
3949,0.5,4457.245826339943,2.0648368584928285,2.3970610915847748,3.163771978031938
3950,0.5,4458.188749330669,3.8976163090336136,4.976651447112547,6.321271432116503
3951,0.5,4459.171279016141,7.479044167782725,8.063220463170806,10.997800957525156
3952,0.5,4460.5485292875355,9.789759750051992,-6.086819766913424,11.527739190258687
3953,0.5,4461.404140478538,9.689922388747252,-2.2006367197982284,9.93666935509427
3954,0.5,4462.734622194916,0.688715732463266,-5.643409939939418,5.685279686202732
3955,0.5,4463.647648067207,0.426413710108839,-1.5670179378770759,1.623999344149285
3956,0.5,4464.03852325699,1.2208855672963503,0.7540180408469913,1.4349581089200012
3957,0.5,4464.812716127627,1.3521249572084373,3.047189144755852,3.333707183275673
3958,0.5,4465.805997569222,3.866910628452206,6.493844636270291,7.557976975914459
3959,0.5,4467.228532883001,5.4902000146413235,-2.9653607584581017,6.2398445997132646
3960,0.5,4467.739817015276,3.676155202204635,5.337213208594434,6.480737759290303
3961,0.5,4469.170662737411,7.821773912380013,-5.224559982669206,9.406177446173178
3962,0.5,4469.978032831734,8.020610764706191,-0.7915205561121047,8.05957206244034
3963,0.5,4471.361757252288,0.12413531976932507,-1.7635287175032206,1.7678922803928938
3964,0.5,4471.550195590352,0.9127284343922194,1.4936586930462348,1.7504540800205695
3965,0.5,4472.959272015182,6.123010836738377,-3.0594214245986113,6.844802492410471
3966,0.5,4474.186277577406,0.19437993300060305,-0.8713422585763825,0.8927602645359561
3967,0.5,4474.317091778978,0.18670676573626505,0.8754528061856554,0.8951407890550152
3968,0.5,4475.8011109317595,2.8845960874790832,-1.1239618513322178,3.095833463083856
3969,0.5,4476.246519157507,0.7837299683169817,2.9039156250004887,3.0078162544211566
3970,0.5,4477.015857063332,-3.190678736953404,8.708660265590597,9.27476115185308
3971,0.5,4479.269423276334,-3.816771538537235,-3.95544059304556,5.496658554294646
3972,0.5,4479.7306647720925,2.4509825905868805,-2.114371282005788,3.2369556032684126
3973,0.5,4480.533629739236,3.6225608124489845,-0.7636366760338187,3.7021733904390577
3974,0.5,4481.410040221138,4.237415049321126,0.23307727313484505,4.243820367954461
3975,0.5,4482.366885688958,4.490819799139327,0.23977448295028023,4.497216280213334
3976,0.5,4483.238277466884,4.444402314552342,1.5340321661893084,4.701698269827794
3977,0.5,4484.123623369349,4.879361717166097,3.096255658652872,5.778838107326247
3978,0.5,4485.052226103624,6.638933340305487,5.1136268443591515,8.38001285204088
3979,0.5,4486.327219162941,7.334600214916591,-3.0227815711016817,7.933068053360342
3980,0.5,4487.084191427812,6.904501743526076,1.8637223387609192,7.151615571488102
3981,0.5,4488.070667249015,9.393986511893408,1.5553221104299109,9.52187006069855
3982,0.5,4489.240895547541,7.989810544960594,-4.782463396921453,9.311768290032617
3983,0.5,4490.295506994855,3.942458533302688,-4.607818770494978,6.064237223966179
3984,0.5,4491.218481252423,2.634324247179948,-2.475437420591987,3.6148934510642645
3985,0.5,4492.008277878969,2.4130117548386383,-0.5093428926970542,2.4661824570234963
3986,0.5,4492.638034669213,1.8430413355292055,2.1586567579460976,2.8384151146538863
3987,0.5,4493.533634735209,2.6014238472081126,4.670140373752372,5.345803694803524
3988,0.5,4494.493755901568,5.004278899852465,8.701925276344411,10.038242417006593
3989,0.5,4495.810018029897,13.789334554048665,-1.877422426159755,13.916553539211067
3990,0.5,4496.893451767265,9.570123069062047,-5.927028645827196,11.256861202193521
3991,0.5,4498.107112046467,0.8350719007276481,-4.895809379990145,4.96651734765765
3992,0.5,4498.778394072473,2.7990355037452836,-1.409981400561903,3.134110288607776
3993,0.5,4499.585223107458,2.7796729097499897,0.06395237850269198,2.780408493713491
3994,0.5,4500.164602396069,1.261051931430835,3.928651255977515,4.126081999289295
3995,0.5,4501.627186643985,7.053574305473454,-3.030863119168934,7.677176677006577
3996,0.5,4502.673855553594,2.741647991666074,-2.3321898956913363,3.599408759750882
3997,0.5,4503.329854345719,2.0094486606930384,0.5783645180454399,2.091025928986769
3998,0.5,4503.715555681811,-1.7797632030852257,2.6982049603875686,3.2323160531291277
3999,0.5,4505.4588670930725,11.36725452535864,-5.290834175493781,12.53823758416068
4000,0.5,4506.311496728825,10.87839999943781,-1.0603154681755387,10.929952215806841
4001,0.5,4507.745182883217,-0.41590571293497186,-4.213585435400028,4.234061853996371
4002,0.5,4508.211436902683,3.3461812867982337,-0.20292789674441888,3.352328882343705
4003,0.5,4509.3714446481235,2.2519842475485476,-2.0276599655462086,3.03031978297434
4004,0.5,4509.943668937143,2.485371200098454,1.4464267278671175,2.875625198346823
4005,0.5,4511.04001402852,2.7592536753465664,0.17604500276273488,2.764863954684076
4006,0.5,4511.462718596945,-0.8518022734646551,3.4132335269320997,3.5179156076365583
4007,0.5,4512.8099911071995,11.40059721299218,6.629106409701549,13.187822739331583
4008,0.5,4514.077139589542,10.836518326996803,-5.901781613187358,12.339414721172716
4009,0.5,4515.191306764589,3.4125747263072204,-5.57062036385771,6.532800127116779
4010,0.5,4516.089845213539,1.4295265381302693,-1.577615098685175,2.1289470455645785
4011,0.5,4516.365671040829,0.41888820686694517,2.4266194560676686,2.462508744028811
4012,0.5,4518.275389222433,-0.42510230820612244,-2.497102499811831,2.5330283983818003
4013,0.5,4518.584679215419,1.9520764371507795,0.7908271861845121,2.106183765697522
4014,0.5,4519.574800020459,4.353402889817909,1.2044000037557534,4.516934368586927
4015,0.5,4520.538555008727,4.894203106572243,1.2055529235083493,5.040494211856703
4016,0.5,4521.4754851532725,4.465449199986221,1.3874772343194248,4.676037813513943
4017,0.5,4522.144077728261,2.0128653238841037,5.930434482094231,6.2627214498576675
4018,0.5,4523.237464378725,10.692872065057601,10.759189169784909,15.168970452568825
4019,0.5,4524.973397160756,-1.8108364680309048,-8.507119362494118,8.697712835089058
4020,0.5,4525.7908822969,0.7539378741175853,-3.0477460551402054,3.1396143608175238
4021,0.5,4526.3485863587875,2.7408924137837345,-0.05885126984546751,2.7415241556294285
4022,0.5,4527.353633124018,2.829411186008618,-0.5336892178618073,2.8793040549363043
4023,0.5,4527.943893544785,1.840214577835555,2.9507954203166986,3.4775829688219506
4024,0.5,4529.069234592008,6.0161781551948605,2.922849560777734,6.688605919770011
4025,0.5,4530.025233174411,7.3560632565491435,3.5385799749238482,8.162917056621637
4026,0.5,4531.318968337887,3.039355665740911,-2.3927088367707476,3.8681699084233876
4027,0.5,4531.643575987181,0.6863604813173183,4.141711986928768,4.198198291289202
4028,0.5,4533.297976471442,5.85764210750658,-7.317659690642262,9.373372627164928
4029,0.5,4534.135598244321,5.088155549622562,-2.8497153842813128,5.831826872307207
4030,0.5,4534.935556004702,5.748801809999599,-0.008330731345953815,5.7488078461311805
4031,0.5,4535.90756251673,7.116415963537999,-0.4177204576192907,7.128665130780947
4032,0.5,4537.252568547486,0.7089590611319252,-3.065025164467575,3.145950128209369
4033,0.5,4537.806098343883,2.035154414893774,-0.04810760984127165,2.0357229267722703
4034,0.5,4538.508935088108,1.726355679011113,1.7946166344661694,2.4901712381192986
4035,0.5,4539.1888629237055,-0.651094136849668,4.696737537511102,4.741652356648035
4036,0.5,4540.347726623454,7.546509954110763,12.735875945679478,14.803795073940668
4037,0.5,4542.1296662509785,-0.8205295024279403,-6.977775121252809,7.025853279647198
4038,0.5,4542.620486098008,5.173932640449344,-0.844907544883866,5.242465806021896
4039,0.5,4543.746922273791,4.263340682490887,-3.801763882753014,5.712222194136634
4040,0.5,4544.720271320875,2.0725057005918632,-2.0949081591048073,2.9468491773536125
4041,0.5,4545.263343636485,2.396364225440315,1.51260373023756,2.8338192507107336
4042,0.5,4546.141207421272,3.9060501609813816,4.141850802126524,5.693167477527673
4043,0.5,4547.59341536872,2.20827161076453,-2.3886473240626156,3.253013917225081
4044,0.5,4547.938636006364,1.2408170749175984,3.015398130922675,3.2607135570882377
4045,0.5,4549.281071828128,7.161190336610069,-0.7022787003998858,7.1955432324594355
4046,0.5,4550.068688879314,6.26835845108407,3.032871250184101,6.9635210699379915
4047,0.5,4550.9796935852955,8.810310930921068,5.933373200816989,10.621981747286167
4048,0.5,4552.32192616097,9.32216314242006,-7.620009347670439,12.040235384429987
4049,0.5,4553.53685028088,0.12180079905431078,-4.579392790786284,4.581012308099123
4050,0.5,4554.19795105097,2.2616314432062126,-1.480357689944565,2.7030419299517026
4051,0.5,4554.9593914868765,2.4352592963055786,0.13308703661527688,2.438893191502608
4052,0.5,4555.595473599203,1.6014453942198663,3.1583030898559343,3.5411164564387834
4053,0.5,4556.8913105364845,4.939942900637235,-0.12018684178601435,4.941404733321763
4054,0.5,4557.533974070578,2.7507055889208516,4.291399023248623,5.097301915097795
4055,0.5,4558.39662382829,2.984143811127767,10.805724974390909,11.210209922551297
4056,0.5,4560.215941097671,0.20293235917841146,-9.319207989604815,9.321417225718196
4057,0.5,4560.999833506232,2.240065935118199,-3.408022713723931,4.078297955144425
4058,0.5,4561.6293466015695,3.7938845082382864,0.2996750814541,3.805701619451397
4059,0.5,4562.5968170892675,4.89576492670964,0.1652098540136921,4.898551675083511
4060,0.5,4563.4160462676045,5.657755737864658,2.9228147835402125,6.3681273737435315
4061,0.5,4564.815955844672,2.3762204476209194,-3.643900010773114,4.35022193735033
4062,0.5,4565.416958272249,3.180624936582936,0.5422242381980664,3.226512375879361
4063,0.5,4566.253326081946,3.5427212684407343,2.1977368561271122,4.169043208536199
4064,0.5,4567.121450990624,3.823127244974763,4.239123521353409,5.708456022477536
4065,0.5,4567.941686478497,3.0460593005546923,10.04391096771083,10.495647897571528
4066,0.5,4569.615770295188,5.237740634002183,-10.226108719319683,11.489439781313258
4067,0.5,4570.433329174899,5.8013084090771745,-4.405232588554798,7.2843155763938965
4068,0.5,4571.457898785561,3.152600498500544,-3.841805710402731,4.969744562814965
4069,0.5,4572.249860418587,3.6443730768076814,-1.3363258270316023,3.8816519471679043
4070,0.5,4573.246173187394,2.3208087725229007,-1.245989743723156,2.6341305586630575
4071,0.5,4573.924130511975,1.5354300450020868,0.6764038156482233,1.6778163024951767
4072,0.5,4574.297621384389,-1.8143751423120504,1.9280188464285646,2.647491988509806
4073,0.5,4576.189954391835,5.723866596982379,-5.531586944326807,7.959968777746393
4074,0.5,4576.793917799958,6.165751418407064,2.483951002125005,6.64729291776333
4075,0.5,4577.859111429865,9.257486959359007,0.13167217524706695,9.258423319574254
4076,0.5,4578.927025832072,8.070371926836684,-3.071089535228049,8.634957670473023
4077,0.5,4579.956917853999,4.973392550695103,-3.522608963124657,6.094539143396793
4078,0.5,4580.717084505585,5.776578548757311,0.11524290801224832,5.77772798406175
4079,0.5,4581.894187213451,3.45181332493477,-3.0159477102943173,4.583770917206353
4080,0.5,4582.5682490861545,4.017686605310851,0.8217631657506266,4.100865806031541
4081,0.5,4583.673687920994,3.547560991928819,-1.098644525106074,3.7137863137235745
4082,0.5,4584.380768499227,2.5934247272398707,1.452599148488898,2.972523524221443
4083,0.5,4584.977258165432,-0.5560378156386672,4.807079360476166,4.83913112349068
4084,0.5,4586.207762605341,11.016106980925944,10.710102102168687,15.3642734958111
4085,0.5,4587.674877076508,8.972281119216552,-11.869001024715422,14.87867648035085
4086,0.5,4588.977914220217,-1.6024440796192576,-2.8862090147777852,3.3012163675365724
4087,0.5,4589.643449489509,0.19224106885315104,-0.40768823651361635,0.4507397550087904
4088,0.5,4589.748811533984,-0.045692808872545294,0.4885369838697038,0.49066915267945077
4089,0.5,4591.204146513097,5.6627997133131895,0.042520098426027504,5.6629593457723235
4090,0.5,4592.049309087908,5.44296212505462,2.0646239136566673,5.821383735815917
4091,0.5,4593.159791572762,5.093252535508156,-0.8078228782507704,5.156917605807331
4092,0.5,4593.8368919861305,3.9096114769523154,3.6547629408979554,5.351855197487908
4093,0.5,4594.787190560325,7.078566193774499,6.725775682736219,9.76433089843503
4094,0.5,4596.263664401223,3.881728750175676,-5.6303983588736255,6.83880134011416
4095,0.5,4596.829908459072,5.528593858517236,1.7535842144946383,5.800035142114164
4096,0.5,4597.82081234233,9.686538802634251,1.7732559815872664,9.847510891142695
4097,0.5,4599.373672439866,-0.8805564841607983,-3.8018953520277217,3.902536097151136
4098,0.5,4599.9075794376895,2.1620040629544084,-0.9592422336999938,2.365249929953518
4099,0.5,4600.630054113463,2.742717136605152,0.9741713267026073,2.9105853475198216
4100,0.5,4601.602961817195,3.187081850756021,0.8962830823971336,3.3107120211836203
4101,0.5,4602.25612351384,1.2939079934542583,4.049034906864813,4.250750706938078
4102,0.5,4603.209690545088,3.131865933439424,9.682774316308816,10.176674441368755
4103,0.5,4604.641681401318,14.434719698352355,-4.842980792776356,15.225491641625311
4104,0.5,4605.883451695221,1.8528920930027424,-6.149552712909919,6.422632456957959
4105,0.5,4606.462472402408,5.324884179010092,-0.24794302959917455,5.330653549593971
4106,0.5,4607.7530325870375,1.2776261624358884,-2.950550222513405,3.2152877361932255
4107,0.5,4608.216380944204,2.5806035867510615,1.2495183866668715,2.867195680551124
4108,0.5,4609.22416077706,4.771879519303799,1.3100704672078083,4.948446097089585
4109,0.5,4610.0842316459275,5.614419331332851,3.6156703387744997,6.677932047178806
4110,0.5,4611.48467445768,2.548525806674671,-3.25489136053742,4.13392084541878
4111,0.5,4612.028597458638,2.8519584210460818,1.3445296439034025,3.1530028225028075
4112,0.5,4612.788854013541,2.4519044918640662,4.520483636867593,5.14262656124386
4113,0.5,4613.684307641332,3.5749966689686623,11.165855854521196,11.724203092197026
4114,0.5,4615.536616091182,-1.1674627173162402,-8.377607612303613,8.458562437084145
4115,0.5,4616.222300661648,2.9744756986975696,-3.2537864607214564,4.408472753019651
4116,0.5,4616.958582780834,4.448708408219298,-0.528213597967029,4.479957154531543
4117,0.5,4618.107678910147,2.422657119640643,-2.3419240643135852,3.369551282048777
4118,0.5,4618.767170618818,2.5418253405844964,0.5068865694633169,2.591873850390829
4119,0.5,4619.465593896856,1.9374145281245154,3.2527686134869587,3.786037335615407
4120,0.5,4620.544365612923,5.271538440873662,3.7245525998067457,6.454565020381769
4121,0.5,4621.348279218697,4.374611706470858,8.671878413576655,9.712811271833127
4122,0.5,4622.819323121314,10.044983411598002,-7.017596130047918,12.253503465692683
4123,0.5,4623.805611944196,5.614197138664652,-4.958361479593645,7.490297595830786
4124,0.5,4624.7262787550935,3.831797584441568,-2.7390501878019013,4.710102828965613
4125,0.5,4625.409262501686,4.504456487612224,1.2305339136243392,4.6695119617976655
4126,0.5,4626.342985703834,7.047846900707504,2.3846487547054522,7.440342439641514
4127,0.5,4627.790229823108,1.086922836899159,-4.062292085495761,4.2051894417795745
4128,0.5,4628.463443401889,1.9134467337002876,-0.7866480861831823,2.068838711500721
4129,0.5,4628.974234757263,1.1884482470542277,2.147698544881056,2.4545912644696
4130,0.5,4629.888782939314,2.360378559778233,5.860361961603892,6.317850050964694
4131,0.5,4631.226406988971,7.076164036626402,-0.6127042604728721,7.102640634584187
4132,0.5,4631.7624010439495,2.426095003991202,8.277969451479464,8.6261645711184
4133,0.5,4633.564438992181,0.46514095714091297,-9.552812960821539,9.564130466197643
4134,0.5,4634.307105418772,3.7291889934180524,-4.098716143564546,5.541328773331084
4135,0.5,4635.35716088701,1.1285697348398394,-2.5767819416855815,2.813089906382905
4136,0.5,4636.028343960684,1.3721938345189282,-0.32495006407225513,1.4101448378206838
4137,0.5,4636.392280747453,-0.2640088611766237,1.9208099460160628,1.9388686204830918
4138,0.5,4637.792071980072,7.305322769618657,1.6865691672482452,7.497483332707132
4139,0.5,4638.748153747897,7.070577677877939,1.5173826960220829,7.231564073220469
4140,0.5,4639.715380822985,7.0729174369595835,1.1341757674164974,7.163275489707326
4141,0.5,4640.561739730959,7.566472331431534,4.1892966420660285,8.64879817648352
4142,0.5,4641.758272380069,9.22473500669468,-2.896142493289974,9.668680224579678
4143,0.5,4642.685758176653,8.279432582362299,-1.9008076926409854,8.494826294297345
4144,0.5,4643.751735863572,5.854077150962718,-4.0448405845582105,7.115543172795242
4145,0.5,4644.753105527211,2.970048736084388,-2.8817357063208946,4.138307646345455
4146,0.5,4645.362987352405,3.9158288377490837,1.460274838949218,4.179248508023363
4147,0.5,4646.739486074074,1.127575765447896,-1.956501246728173,2.2581683363456997
4148,0.5,4647.1172637324635,1.3296744593928453,1.5008769590904822,2.005159797694525
4149,0.5,4648.112608174797,2.485733936975791,2.092271860250579,3.2490729050960954
4150,0.5,4648.564886816582,-3.6832234217225825,3.7493998834756166,5.255866651707668
4151,0.5,4650.614330328304,4.021101646999174,-13.489985156496052,14.076539275616835
4152,0.5,4651.664121145864,-0.1309297468975511,-3.5668023061701044,3.569204573840372
4153,0.5,4652.088399128893,3.033171469424874,0.40417434512616807,3.0599813829811473
4154,0.5,4653.1191560552315,4.96535743451166,-0.6552143389410754,5.0084009706107
4155,0.5,4654.068949599623,4.673226488701569,-0.5990646669014316,4.7114673181326125
4156,0.5,4654.947323957917,4.349825241134619,0.48955247641766875,4.377286974323082
4157,0.5,4655.721560896441,4.295954166266092,3.586452966774556,5.596236867891227
4158,0.5,4656.922418573236,6.5485000864389376,-0.8592922440280009,6.604637502750431
4159,0.5,4657.820890194845,4.655800091964754,0.19761830441794126,4.659992220012822
4160,0.5,4658.394949957775,1.7442783188545354,5.984327435035108,6.23335236476648
4161,0.5,4659.918687610412,7.429721217023972,-5.150860398997048,9.040581851443644
4162,0.5,4660.5639639342535,8.250190925505212,3.5182583336744857,8.96904632665918
4163,0.5,4662.08000460323,0.7338635551691974,-6.924095776484289,6.962877138046681
4164,0.5,4662.9458909194345,1.000577554968044,-2.4644159180758147,2.659793462051385
4165,0.5,4663.505025593543,2.191294570223282,0.2390226868509663,2.204292117283799
4166,0.5,4664.3228972462875,2.642717313663091,1.6104070049191241,3.0947318981500236
4167,0.5,4665.141375953133,2.588927492534499,3.8922305726416875,4.674612753181552
4168,0.5,4666.090798752813,4.732633297634069,7.172575807010559,8.593233479732056
4169,0.5,4667.424428268023,8.39041647269038,-2.4012139913093438,8.727251412515502
4170,0.5,4668.055177752045,6.950863582676825,6.849537834540634,9.758620450237139
4171,0.5,4669.82951352215,-1.7592401627838272,-4.476482774485468,4.809763401729525
4172,0.5,4670.350631746017,2.3807101880844175,-1.382864401581037,2.7531972237398867
4173,0.5,4671.032106498724,3.180651169078924,1.206969855865637,3.401957979213065
4174,0.5,4671.877847964575,4.6778273884478185,4.008807825281016,6.160568906858103
4175,0.5,4673.282690521289,4.256990645146262,-4.330827467923222,6.072728868456178
4176,0.5,4674.12671604852,2.963238699637133,-1.4047486376259983,3.2793448013192004
4177,0.5,4674.741639863472,2.6413638364345524,2.075398180365037,3.3591785489144166
4178,0.5,4675.727566686425,3.86301044781594,2.357919169374739,4.525774246384807
4179,0.5,4676.334095816126,-0.8089461270815071,7.094672820531983,7.140642566808355
4180,0.5,4677.93021914714,14.463177300789484,-7.0099476049805745,16.07242554994874
4181,0.5,4679.087491041082,3.7351873092223453,-8.045680213157503,8.870433716981928
4182,0.5,4680.088468859477,0.8902077943470629,-3.2614986738348324,3.380805158027098
4183,0.5,4680.606397111239,2.928502855640053,0.36695759337422185,2.9514042167800305
4184,0.5,4681.604890746662,4.197696115236194,-0.14898291939490746,4.20033910370823
4185,0.5,4682.64866242513,2.129866977055482,-0.7664842298953299,2.2635881724884706
4186,0.5,4683.0212910666005,0.017770236332094697,2.5790232914197966,2.579084511795823
4187,0.5,4684.186914789594,6.3203744535788315,7.206490095433351,9.585438577813271
4188,0.5,4685.407789642227,12.17955138173509,-0.5502876023922417,12.191976390465646
4189,0.5,4686.708155145731,1.4698786811668272,-3.827963233891652,4.1004689801747025
4190,0.5,4687.072177975257,2.886865233128618,2.6016505394317204,3.8862033404818273
4191,0.5,4688.252603006428,9.40124565478469,-0.2734011334159491,9.405220254803242
4192,0.5,4689.505062437306,2.983424414676705,-4.968523566107855,5.79543334575234
4193,0.5,4690.178840007101,4.593147748889393,-0.5401200789457988,4.6247957730918365
4194,0.5,4691.296768788713,2.593305037246966,-2.0684100471579785,3.3171601015619605
4195,0.5,4691.862100090804,2.631233562630535,1.7935758324727484,3.1843844503991177
4196,0.5,4692.866432862005,4.564500821339916,2.0255599532073054,4.993752183684123
4197,0.5,4693.939417293336,2.3439888576107206,0.022963740004278727,2.3441013412304073
4198,0.5,4694.173942793325,-2.0421898916674017,1.96459366123288,2.833755071876348
4199,0.5,4696.0958498728105,11.14556941112682,-12.457069684054014,16.715331364098752
4200,0.5,4697.354147471542,-1.1139074201683912,-3.7133286913329338,3.8768027691104634
4201,0.5,4697.774403761155,3.057969310371406,-0.3409580180260628,3.0769186978582375
4202,0.5,4698.9245042091725,2.029784848466483,-1.986438171827924,2.840063932653483
4203,0.5,4699.497252230963,2.1428231164872864,1.0938024252472145,2.4058459331447173
4204,0.5,4700.15860328091,0.6825303353337222,4.659559312333818,4.709282391597213
4205,0.5,4701.84258703535,2.6594989881697777,-4.1884513912103545,4.961457439564309
4206,0.5,4702.437645696001,3.064925859006199,0.5182549164869962,3.1084334767962836
4207,0.5,4703.01517384054,0.8391465954902741,4.809371344032326,4.88203028805867
4208,0.5,4704.338118407429,11.82616249204147,1.9312646286394977,11.982816962384204
4209,0.5,4705.482138782043,8.840633279905038,-4.629222812908946,9.979303615048552
4210,0.5,4706.468570903251,5.413491468066888,-3.7453195506587154,6.582803993085271
4211,0.5,4707.1871719521405,6.789840997843676,1.0831105697333399,6.8756868225848455
4212,0.5,4708.595427452169,0.941311235785479,-4.419152637020981,4.518293579649897
4213,0.5,4709.332678157478,1.7188825340883707,-1.3323590440151467,2.174796033692129
4214,0.5,4709.944940346285,1.6985883431444,0.8326318266072381,1.8916865803153926
4215,0.5,4710.552242005027,-0.05442080281305694,3.295374887391264,3.29582421743451
4216,0.5,4711.6919801848335,5.3998355168351875,7.655396431682,9.36820784008789
4217,0.5,4712.777797477037,12.800241674238722,7.059353712705771,14.61782000710128
4218,0.5,4714.247723107137,3.1871129974618433,-8.712158100905345,9.276819931084187
4219,0.5,4714.997962824892,4.995483233775434,-3.145858051915309,5.9034968977489815
4220,0.5,4715.952621727107,3.742101859973465,-2.455328023065746,4.475707992180546
4221,0.5,4716.660239219092,4.427570675834002,0.9825720942559204,4.535287202583276
4222,0.5,4717.733401081526,4.969795401523134,-0.9701117070620808,5.0635938874656405
4223,0.5,4718.529894766793,4.9607864853867545,1.5995134352129974,5.212278367760375
4224,0.5,4719.595704166863,5.373708170148351,-0.404448553621156,5.388906951362714
4225,0.5,4720.38669437355,5.03612234880384,2.4179951644808635,5.586522077963564
4226,0.5,4721.537540939961,3.8279722046510574,-0.860719281608228,3.9235454478460245
4227,0.5,4721.954561819576,0.14298527042814296,4.589726036902869,4.591952730743592
4228,0.5,4723.234934939146,14.905772765223473,7.049766673153496,16.48882263457229
4229,0.5,4724.996421877651,-2.9216373169360126,-3.623238810290281,4.654441329322649
4230,0.5,4725.48719657465,1.988218304972082,-1.7899239096748394,2.67522702413304
4231,0.5,4726.271143852758,2.630704593212231,-0.49880291496997636,2.6775755833833106
4232,0.5,4726.94929582461,2.7453425702459824,2.3524513571275145,3.6153745609073344
4233,0.5,4728.2116043529395,3.3974134517234846,-1.1646354737023796,3.5914890990448023
4234,0.5,4728.750507230119,1.8627159945359029,3.0783869289145773,3.598079621188503
4235,0.5,4729.661501548358,3.3381515662134977,7.482849597962198,8.193674022362414
4236,0.5,4730.962714323504,12.655340848103089,-0.21205434481434415,12.657117326896406
4237,0.5,4732.021907044925,9.988576568234294,-4.027500727764019,10.769977900238183
4238,0.5,4733.193764940088,2.3116351102817077,-4.813478612234966,5.339778388054188
4239,0.5,4733.8440986995365,3.7159343978719206,-0.5068793453228908,3.7503460000382254
4240,0.5,4734.527817832891,4.131209092971315,3.7820952877479006,5.600993959598042
4241,0.5,4736.044923936178,1.9559026280233318,-4.2834435319823925,4.70886860954841
4242,0.5,4736.596840064478,3.8066481316005447,0.6568887397967804,3.8629098894861267
4243,0.5,4737.784035547896,2.488801960217943,-1.7779173320489428,3.0586149212976625
4244,0.5,4738.43258251683,1.6211944675993126,0.6340487964442296,1.7407726382405586
4245,0.5,4738.7937333173095,-1.8100708079385024,1.9539881827744725,2.6635363988827763
4246,0.5,4740.332565971351,15.371478780782505,5.813166674203313,16.433966858008286
4247,0.5,4741.721885804415,4.3936349380148725,-8.627336809909098,9.681682105923404
4248,0.5,4742.414037310373,7.402326884296844,-1.9010726342852684,7.642546726243299
4249,0.5,4743.717920629169,0.6081439370240496,-4.28848921003984,4.331394550576897
4250,0.5,4744.421811483696,1.8084100448830738,-1.2926712449242554,2.2229138170176608
4251,0.5,4744.996853269859,1.9471549915793025,1.3772588260065635,2.3850061708610255
4252,0.5,4745.842419030444,2.6279031081473745,3.7171274316680094,4.552242424242084
4253,0.5,4746.839593742938,5.994066338123722,6.082676788837293,8.539776822803269
4254,0.5,4748.335806689634,2.0635644247939635,-3.388244018164946,3.9671772914637655
4255,0.5,4748.700881129173,2.2451577999388497,2.876389782615001,3.648883627653563
4256,0.5,4749.728100218337,8.049953761790892,6.06254132710527,10.077507772749703
4257,0.5,4751.215949059367,2.4928558058695116,-5.478009929327528,6.018548234804497
4258,0.5,4751.682732579111,5.0268494162965895,2.433566681075651,5.584931677770367
4259,0.5,4753.084026101485,3.157115508812572,-5.526919357797917,6.365077841125449
4260,0.5,4753.918835840182,2.7352311351949634,-2.1987307472982707,3.5094025505853184
4261,0.5,4754.589564975895,3.316096345413055,0.8164297288234422,3.4151211507307524
4262,0.5,4755.588948859221,3.872048377115242,0.2733894004775377,3.8816878286403
4263,0.5,4756.356140489576,3.222482095173145,2.5484004450595377,4.108373848871492
4264,0.5,4757.222671632898,3.364401595482458,4.59118852604255,5.691942566237793
4265,0.5,4757.970669573234,-0.32991343105232207,11.096561998293723,11.101465266079298
4266,0.5,4760.158590209303,-2.7099614134894616,-1.9792966096226456,3.355816730911493
4267,0.5,4760.441048058614,2.4165778412561902,-0.7622560442068818,2.533946080677399
4268,0.5,4761.5164307635,2.0427434418554893,-1.8245190076752962,2.7389177385624524
4269,0.5,4761.983993808134,1.9812388161866392,2.3128793517335193,3.0454421916102596
4270,0.5,4763.158188506213,6.657440218798519,0.7435276184167902,6.698831509018914
4271,0.5,4764.275424407307,4.438806822375228,-2.1514624510367666,4.932727104207773
4272,0.5,4764.998476803594,3.9734533065506756,1.1984997611447905,4.150269010173029
4273,0.5,4765.803255384904,4.170154924102314,4.012979171475681,5.787416860889875
4274,0.5,4766.884818058116,7.857381676181052,2.6179639201190357,8.282039718102707
4275,0.5,4767.8688588310615,8.468606406304199,1.719236730051948,8.64135807606977
4276,0.5,4768.726470928571,9.935773977299062,5.40343420817386,11.310026780252851
4277,0.5,4770.256497157692,0.9796165367807073,-7.114608421231774,7.181733881633063
4278,0.5,4770.891284039309,4.732617947098582,-1.9866303988898153,5.132676979412663
4279,0.5,4772.057494829203,1.3132449580874626,-2.7361587176467044,3.0349920672212964
4280,0.5,4772.644938936118,2.2576409057936435,0.15853832524794884,2.263200578845182
4281,0.5,4773.439797772912,2.2182832510372177,1.4394581434904912,2.644394132631015
4282,0.5,4774.056619725543,-0.448927927109464,4.442581804983469,4.465206532480774
4283,0.5,4775.395711249464,10.578677539989771,4.125700054383575,11.354726744128397
4284,0.5,4776.429201254369,11.958771891203048,1.0266728848163311,12.00276144719394
4285,0.5,4777.635676983271,5.987063340929362,-5.857546817900376,8.375904856921137
4286,0.5,4778.374124696471,7.235595487494642,-0.5965894000999177,7.260148825675986
4287,0.5,4779.596151378347,2.8953411224246213,-4.452224063478872,5.310866155969607
4288,0.5,4780.479123089007,1.0798748501376392,-1.071637415440358,1.5213600632761068
4289,0.5,4780.708587502443,-0.04870347533461897,1.7363163711692788,1.7369993003165323
4290,0.5,4782.3568744316135,5.002152140425412,-4.453712758835112,6.697543084906076
4291,0.5,4783.343224125136,1.411761029042976,-1.6333655429163298,2.1589238522724323
4292,0.5,4783.714516795386,1.0394411447404677,1.8195494279062265,2.0955185549102757
4293,0.5,4784.640967678605,2.451304398471218,5.061417332856349,5.623774415043959
4294,0.5,4785.525415338093,2.884285796969252,11.59769926755529,11.950972046626628
4295,0.5,4787.252675346162,3.7996464296750023,-11.915656164277674,12.506805140235876
4296,0.5,4788.152570124255,2.697378909907921,-5.383831664450546,6.021751935670912
4297,0.5,4788.9990157404845,2.634100539225172,-2.571114838291262,3.6809125447948157
4298,0.5,4789.698347933762,3.514298417155175,0.16816382233229596,3.5183195471646367
4299,0.5,4790.733815868861,2.9770965078187586,-0.7491199136206014,3.069899715275661
4300,0.5,4791.291170821013,1.7678342074766322,3.050756124565763,3.5259538733086178
4301,0.5,4792.408824018617,6.0601943836679135,3.1425453014107516,6.826532570731565
4302,0.5,4793.347319652198,7.035082990321989,3.89433655025252,8.04103537160175
4303,0.5,4794.286764715212,9.719820872535228,5.688739166588969,11.26217879007676
4304,0.5,4795.780117831538,1.7323373355091336,-5.8938159808959725,6.143131079560621
4305,0.5,4796.352903431831,4.276506000405132,-0.1896249964040093,4.280708026806118
4306,0.5,4797.0979335979455,5.422476029400165,3.9088987658752705,6.684514630942219
4307,0.5,4798.4208418625985,7.341503354184318,-5.291895702209494,9.049963072994435
4308,0.5,4799.673211404293,-0.15793446048333623,-2.286172652746343,2.2916214111352278
4309,0.5,4800.097767615229,1.5401932734625734,0.14306441763276373,1.546823437633384
4310,0.5,4800.671002186036,0.686845159461349,2.815078948407386,2.8976586684497403
4311,0.5,4802.188369508504,1.5546281553649874,-0.9826316900334173,1.8391394019245724
4312,0.5,4802.377850869758,-0.7153500561847131,1.8006705999914803,1.9375604022990225
4313,0.5,4803.704592676757,11.321914606735078,9.27482623094387,14.635851597239073
4314,0.5,4805.072216480052,11.302840835946665,-9.758020136378477,14.932286092380876
4315,0.5,4806.371973581088,-1.2569692242689825,-3.8604087582833397,4.059892536975589
4316,0.5,4806.921270594436,1.9489160825290448,-1.2426472374789046,2.3113731965120454
4317,0.5,4807.541012033673,2.606084182724831,1.4798358013327906,2.996929890130033
4318,0.5,4808.604499169223,4.375352858892568,0.5593809316021922,4.410965842812604
4319,0.5,4809.346880319835,3.860815274023486,4.006478776321032,5.56397041376425
4320,0.5,4810.531881343335,7.840461361689764,0.08598963153321977,7.840932889706513
4321,0.5,4811.632288844523,3.808676854755213,-2.0867941747251395,4.342894117016306
4322,0.5,4812.160772203607,2.68423008640843,3.283882634361828,4.241341334182311
4323,0.5,4813.045552124358,4.599772326579399,8.800313903948673,9.929925994910436
4324,0.5,4814.6815598175235,3.1116006497412805,-8.049058450811444,8.62956549010722
4325,0.5,4815.324276549575,6.370640024756482,-1.2560035528389322,6.493273384801635
4326,0.5,4816.451758256975,3.8925195035299667,-3.986448556642983,5.571667630083663
4327,0.5,4817.232875407549,4.379140400713523,-1.1173163447545509,4.519432095232438
4328,0.5,4818.240133484467,3.275788086494886,-1.5962203939347217,3.643996039190348
4329,0.5,4819.028426196165,2.709049472289745,0.1902396685585966,2.7157209309512327
4330,0.5,4819.754628168566,1.6954155107954534,1.7449445178868253,2.4329539914986253
4331,0.5,4820.210030017203,-3.281855742791236,2.836542181841273,4.3378045905569165
4332,0.5,4822.221164872703,5.045566494484626,-10.14936747556439,11.33434609513536
4333,0.5,4822.905726969313,7.9523600186507855,-1.9603232064844642,8.190414943097636
4334,0.5,4824.13753747979,1.6978880093922677,-4.263270334702205,4.5889320804725235
4335,0.5,4824.678397755426,3.894454668537481,0.6012660649937344,3.940596153655742
4336,0.5,4825.736295502363,4.787731003636353,-1.0677192935859494,4.905343275763323
4337,0.5,4826.494341214861,5.086647744950257,2.174468688158831,5.531934504040221
4338,0.5,4827.767321263363,3.3025970935576843,-2.689064150847605,4.25889816381531
4339,0.5,4828.33794662089,3.291953003116918,2.075497681199371,3.8916121594262787
4340,0.5,4829.386309918934,5.095309056417658,1.1458368043682734,5.222558411607927
4341,0.5,4830.136823559167,4.107642658347403,4.862315242184097,6.365126685546103
4342,0.5,4831.185693208819,9.027620366649844,5.242607721831281,10.439485869014625
4343,0.5,4832.224866730874,13.86932766893103,3.0291234563637315,14.196261441029774
4344,0.5,4833.663263959365,1.342705524943078,-8.999709445118418,9.099320206656447
4345,0.5,4834.665341189936,-0.10254797169304265,-2.5622747016304177,2.564325980275051
4346,0.5,4835.1440266096615,1.9283195524992323,-0.11547805187246812,1.9317741785765488
4347,0.5,4835.951966776302,2.372819314386512,0.9949572165500828,2.5729771397139864
4348,0.5,4836.608965378977,0.9096484670333699,4.158089489387862,4.256426733227529
4349,0.5,4838.0267099074,5.997678978195384,-1.305460637026558,6.138108878173521
4350,0.5,4838.660483732968,4.133215434161363,4.439415015957737,6.065630676945369
4351,0.5,4839.647158112444,8.871399860941143,7.227968176898499,11.443131540752468
4352,0.5,4841.064723645309,6.5879900305387595,-8.066048004286035,10.414544783615115
4353,0.5,4842.043504687772,2.4164524099905527,-3.741668097776395,4.454135427180765
4354,0.5,4842.585412400116,3.9631257104345234,1.4158549922988979,4.20844517083505
4355,0.5,4843.621336000792,6.902459239392976,0.2873157598044093,6.908436429273518
4356,0.5,4844.699612969359,6.033984993366337,-2.5569006673247197,6.5533743920773935
4357,0.5,4845.696734419167,3.7704389321359573,-2.435840523207523,4.488822651371564
4358,0.5,4846.657760143518,1.1650890355531092,-0.843206763035069,1.4382037776317211
4359,0.5,4846.9160493348145,-0.13435700540500395,1.5631042091034308,1.5688679273343127
4360,0.5,4848.107405391168,4.682284391682719,5.20128240578376,6.998365937082121
4361,0.5,4848.885041904171,2.1329262166795804,11.964434782340305,12.15306849757186
4362,0.5,4850.871518792203,-3.256266755853259,-6.001732188036069,6.828181488667632
4363,0.5,4851.468722998432,1.8959098460167967,-2.4476545733777653,3.096043774690617
4364,0.5,4852.001065083395,3.39900230718892,1.684103452380457,3.7933390466178176
4365,0.5,4853.425815431974,1.4308579416835834,-3.0749480407077816,3.3915571500907373
4366,0.5,4854.027006706022,2.102457490536915,0.0157161804964571,2.1025162301024403
4367,0.5,4854.574296102761,0.7468766266818936,3.03366134405838,3.1242480448770102
4368,0.5,4855.71846236385,6.606008932452903,5.198116454795179,8.405936514943468
4369,0.5,4856.921830081505,8.279879408047465,-1.6182706393079962,8.436539745289815
4370,0.5,4857.815380260171,6.61686609733925,-0.14984678585151034,6.618562609007154
4371,0.5,4858.604172218367,6.725871018626176,3.639510811026423,7.647442703464586
4372,0.5,4859.680531624429,10.618667714496668,0.6197722515955736,10.636739240704445
4373,0.5,4860.809330725515,8.411767328731871,-5.202660757834536,9.890677861189918
4374,0.5,4862.076654387724,-0.1299283962154076,-2.3118842138650195,2.315532337597855
4375,0.5,4862.359349645751,1.8211848397445674,1.1789164224909405,2.169460336520187
4376,0.5,4863.760153919761,1.4686466622370333,-2.022214802630078,2.4992550343004583
4377,0.5,4864.1919486675615,1.6013234167087234,1.5306462660390643,2.2152008208374765
4378,0.5,4865.055351272651,2.441492324121954,4.091672556521584,4.764731795026694
4379,0.5,4866.071578271192,5.54221719630433,5.642897441111662,7.909390809785289
4380,0.5,4866.954021268905,7.047524837729877,10.99698723342867,13.061444581309246
4381,0.5,4868.588327038713,3.148589668953566,-11.068589176489715,11.507705386450697
4382,0.5,4869.466636285996,2.7493942540294958,-5.067146084732308,5.764992472510989
4383,0.5,4870.51725383192,0.14610258603362825,-1.0085231807030082,1.019051015239682
4384,0.5,4870.696564723359,0.4438334429936287,0.9126934178574914,1.014887875639456
4385,0.5,4871.705539530007,3.834787111663883,4.865371722554231,6.194952315426952
4386,0.5,4873.193181375947,3.23326417187626,-4.108882094755076,5.228471026384056
4387,0.5,4873.818446227468,3.86868001706359,0.6137561991645718,3.9170628979428046
4388,0.5,4874.789996783109,3.24954073059359,0.21690414562273586,3.2567717709681547
4389,0.5,4875.237660837145,-0.6427199300759172,4.308937456947341,4.3566077303792925
4390,0.5,4876.743142327452,12.113649726716382,-1.8113696069492322,12.248329255639534
4391,0.5,4877.725299567702,9.403330580632748,-2.65009323690146,9.769627432657494
4392,0.5,4878.629005583154,9.94002766238603,-1.4010824791971537,10.038285811955781
4393,0.5,4880.058127358884,-0.7106164084643416,-3.8404474473021373,3.9056385234002726
4394,0.5,4880.609661001629,2.127272274514023,-1.0208358564496691,2.3595324061621605
4395,0.5,4881.31101233988,2.699895018868526,1.0173156031843316,2.885197419483349
4396,0.5,4882.3044622351035,3.085666723384212,0.612780444515673,3.1459241886894675
4397,0.5,4882.8907859359615,0.7435084179203202,3.9880086008980253,4.056724955965711
4398,0.5,4883.927414234291,5.083582864728096,9.474035234034417,10.751751408876727
4399,0.5,4885.36207472399,10.156695009555726,-6.291939909197333,11.947675980628379
4400,0.5,4886.270478879996,7.50829281765483,-3.500868846875624,8.28435535927035
4401,0.5,4887.1984806467,6.507908527037433,-2.6241469568384757,7.017052133721907
4402,0.5,4888.175610835218,4.75764454633218,-2.561378901843422,5.4033178240829915
4403,0.5,4888.90807934601,5.533939156910191,1.1782634952000335,5.657984398750572
4404,0.5,4890.214451316184,1.7380339011209418,-2.6882865157833495,3.201194500868115
4405,0.5,4890.627756888265,2.213772651563084,2.1423429140052233,3.080652936310262
4406,0.5,4891.783056074756,6.189556281346773,0.4028779105010119,6.202654074727121
4407,0.5,4892.934979042487,2.318755965727485,-1.6832034372910962,2.8652753863992486
4408,0.5,4893.3883376357635,1.2834434905024157,2.018871182724317,2.392293469820897
4409,0.5,4893.963169529567,-3.6476529560360307,4.682955831695948,5.935945367782076
4410,0.5,4895.963739545986,4.050015105710052,-13.825889761608078,14.406868155731095
4411,0.5,4896.957746690964,0.6203691465644184,-5.2641697087946175,5.300598136154058
4412,0.5,4897.650781297577,2.77033263254049,-1.9744406378593655,3.4019345565941186
4413,0.5,4898.457291766484,3.0244357974541547,-0.4966942545632583,3.0649497671965684
4414,0.5,4899.161200688897,3.155281328830949,2.3257849887889663,3.9198311287790566
4415,0.5,4900.429563379258,2.3084350999771606,-1.104491978922185,2.5590574714746066
4416,0.5,4900.742881746494,-0.23187168928713,2.845785648059946,2.85521635519917
4417,0.5,4902.307209902898,5.745776634724102,-2.532034475136015,6.2789447934679865
4418,0.5,4902.821632068549,3.5106584595509007,5.634451243076937,6.638656764001852
4419,0.5,4904.228632937447,8.87353709380941,-5.199352896067707,10.284596788064139
4420,0.5,4905.142489080673,6.6598135140753065,-3.06720793794355,7.3321811609400385
4421,0.5,4906.098238142346,4.531730530240056,-2.317791736296631,5.090062880903807
4422,0.5,4906.6995419736595,4.8009657640032,3.7751667050168676,6.107467226092887
4423,0.5,4908.330089351212,-0.20776542774338158,-4.030122284826416,4.0354742105011505
4424,0.5,4908.913521444296,2.0758950136363588,-0.9365011330353084,2.2773612976022743
4425,0.5,4909.624111714984,2.082494898776078,0.7629472794573344,2.2178533663566977
4426,0.5,4910.245081667459,0.5039383022702286,3.422058476054529,3.458964877825683
4427,0.5,4911.291910102138,4.247157161086522,7.938842950293869,9.00353104844978
4428,0.5,4912.451308936105,13.30558072436274,5.0000595306746805,14.214044945856335
4429,0.5,4913.660637618066,11.51067037696496,-6.699295545605643,13.318261648372518
4430,0.5,4914.792645831574,2.995775112096041,-6.807268293863501,7.437309335162372
4431,0.5,4915.700240689562,1.803520935126589,-3.0579463709516035,3.550172357936438
4432,0.5,4916.332164477559,2.9730544361148863,-0.004128503473787936,2.9730573026168425
4433,0.5,4917.230780504245,3.0967566806284066,0.45750182405178147,3.13036896515848
4434,0.5,4917.80753504285,0.9323976391652067,4.509383980503512,4.604770270180973
4435,0.5,4919.487036337098,1.7927227424583345,-3.409250310195044,3.8518622131239764
4436,0.5,4919.889325052079,2.4946157976284407,2.164455795379284,3.302722644717287
4437,0.5,4920.840430543641,5.527138776425588,4.53868646909184,7.151848566530523
4438,0.5,4921.970590627643,8.381370767579906,0.5347055297602432,8.398409727275704
4439,0.5,4922.718991373757,8.019883130931989,6.917871119744874,10.591292001602433
4440,0.5,4924.317098249989,0.7919796705560516,-7.946694851728882,7.986062287827988
4441,0.5,4925.077606689329,2.6539144904290475,-3.1073341936030694,4.0864150441730835
4442,0.5,4925.795026681425,3.7010811631730274,-0.4196105974132241,3.7247919176587154
4443,0.5,4926.727642209651,4.0026856674714955,-0.3168281315953538,4.01520517751608
4444,0.5,4927.597951290635,3.839630480176405,0.6293108924738121,3.890860370623171
4445,0.5,4928.526064803158,2.781290760873788,0.5962734546144651,2.8444894672330503
4446,0.5,4928.957136245708,-1.294217422943439,3.596246248227873,3.8220394838022553
4447,0.5,4930.24031844293,11.891577214138847,11.800326006094604,16.7528296860542
4448,0.5,4932.036812774138,-2.6831560224225983,-4.9908573782952415,5.666390704067864
4449,0.5,4932.600670527041,1.7480317905620484,-1.8061100920884179,2.51349334702903
4450,0.5,4933.068125843812,2.2934999342709315,2.277395756936284,3.232131399280072
4451,0.5,4934.352289122012,5.81070414645203,-2.1648306867217513,6.200868856843127
4452,0.5,4935.200994249788,5.413994465987419,-0.23755208958915633,5.419203546002916
4453,0.5,4936.133949523506,5.64962373118363,-0.0676142754769326,5.650028317999965
4454,0.5,4937.207162985994,3.3580959961587467,-1.6126327823565783,3.725237336083236
4455,0.5,4937.7703657002185,2.5499273223518926,2.713853182734594,3.72385934840662
4456,0.5,4938.753815526293,5.096430425161076,4.119990661162613,6.553466725831043
4457,0.5,4939.641724784707,6.501927465739586,7.576183070791709,9.98366719657109
4458,0.5,4940.852294862652,14.691066613265418,-0.4770836962686669,14.698811077384702
4459,0.5,4942.135528578192,3.535279313815784,-8.317253425704866,9.037416908281545
4460,0.5,4942.97689646219,3.729329658889311,-4.096713407389543,5.539942278305498
4461,0.5,4943.977866731887,1.5129197924743176,-2.5075668623502207,2.928620471760973
4462,0.5,4944.64160302005,1.872070975802714,-0.1864453483402846,1.8813324018792257
4463,0.5,4945.186898517928,0.8577204738522035,2.3751470647255832,2.5252738446235496
4464,0.5,4946.119253478643,2.1481401831575453,6.623700283063957,6.963326194165951
4465,0.5,4947.500490321848,9.199477313794976,-1.929010635678682,9.399545993269564
4466,0.5,4948.389808797442,6.831288978299839,-0.20818468933052162,6.834460473944707
4467,0.5,4949.085915385102,6.218790264761825,6.275735490797796,8.835055648243282
4468,0.5,4950.615812591259,3.249306822066385,-7.669884660361031,8.329773437925464
4469,0.5,4951.502384929287,1.596834348751183,-2.406580481283731,2.8881671610638207
4470,0.5,4951.878797918171,1.9527800998328837,2.4676952863986443,3.1468826074096587
4471,0.5,4953.2005556686745,6.874269864226138,-2.626522708896705,7.358954253598654
4472,0.5,4954.2550676796645,3.234037346988128,-2.9540227357494286,4.380096789460086
4473,0.5,4954.976576379403,3.3270219800112044,-0.016264119246928475,3.3270617332794643
4474,0.5,4955.8222598161165,3.0129360267682346,0.9857625548163444,3.170096420596068
4475,0.5,4956.4660552788555,1.078068318497371,4.048891639532582,4.18995880743768
4476,0.5,4957.331889630291,0.07014694242531286,10.833192743049194,10.833419847932847
4477,0.5,4959.028989320632,9.136095957699476,-12.903278834595787,15.810213598545097
4478,0.5,4960.163928407694,-0.1447666061145877,-5.167585280960295,5.16961265533922
4479,0.5,4960.75809026462,3.2262555619131406,-1.5155077590113688,3.564475938816131
4480,0.5,4961.688462943187,2.786971582758641,-1.1818023355088554,3.0271880290656528
4481,0.5,4962.261952448162,2.4648926541604332,2.681492216381234,3.642265270823531
4482,0.5,4963.526118617487,4.948280030264863,-1.2536026157712692,5.104605251749307
4483,0.5,4964.307031405169,3.786549764995693,1.1230232531736573,3.9495747049470635
4484,0.5,4964.925235089608,1.2042022408102007,5.84206358454738,5.9648813871414825
4485,0.5,4966.6332162698645,1.1742231453875052,-2.9254434444126725,3.152303814929774
4486,0.5,4966.868645587163,1.213793699289644,2.8409831294298376,3.089414230261166
4487,0.5,4968.394640927226,4.101763653390952,-4.079918899574227,5.785343835536663
4488,0.5,4968.836094655103,3.8629215321355197,4.729863866696934,6.106862939424913
4489,0.5,4970.479982679448,0.8043530630605339,-7.067787180147698,7.113409834524861
4490,0.5,4971.33924555621,0.9477519271207216,-2.320337105399699,2.506431327217184
4491,0.5,4971.824996149397,2.138001008582861,0.7507931065383472,2.2659961609691295
4492,0.5,4972.713491617353,3.4267405337877404,1.937098151475749,3.9363561747324964
4493,0.5,4973.711578032458,4.204780200424775,1.4191869425614485,4.437822451588293
4494,0.5,4974.430478147271,2.599053169529019,4.72711199858413,5.39450324174496
4495,0.5,4975.310997142413,3.375654663950332,10.930953488096918,11.440314181402004
4496,0.5,4976.9640340775495,5.295015890776093,-10.500928472099362,11.760386560811613
4497,0.5,4977.755154086708,6.3031692482848936,-4.3348723353962235,7.649905929925404
4498,0.5,4978.847855753176,1.9718464755290797,-3.9493708643917453,4.41426197088062
4499,0.5,4979.580892326638,2.347835689438191,-1.0279768823832776,2.5630194878919954
4500,0.5,4980.118762529119,1.9052497617302349,2.574414935835159,3.202747089050939
4501,0.5,4981.192703747711,6.620078895895514,3.537518487183965,7.5059630717882895
4502,0.5,4982.512361526238,3.878597264967909,-3.779479995036107,5.4155319015489765
4503,0.5,4983.22502731462,3.6034348639080505,-0.03495604176001652,3.6036044099323052
4504,0.5,4983.979975829911,2.945886126449717,2.067111919353708,3.598777119681502
4505,0.5,4984.568543574519,-1.3789374722111991,6.225746156630537,6.376627930110719
4506,0.5,4986.252566835805,10.495987310456353,-8.684651806039556,13.623102679397483
4507,0.5,4987.187900982755,6.873764619947781,-5.469321047635752,8.784196763082969
4508,0.5,4988.191597307575,3.496266204249234,-4.240299971462621,5.495818521290642
4509,0.5,4988.905166592147,4.975937274055718,-0.6097964298042725,5.013163017610647
4510,0.5,4990.345480286356,-0.10649399223228695,-0.48026038401184373,0.4919258143590088
4511,0.5,4990.449701819017,0.24600940889166048,0.38705916439169197,0.4586234032436842
4512,0.5,4991.214774408587,-0.07158292214590434,3.4020052906454534,3.402758309419375
4513,0.5,4992.3794623414215,6.3041942251195415,7.100365029371278,9.495159207635707
4514,0.5,4993.495748983814,12.156732943552944,3.222108656807467,12.576491563911576
4515,0.5,4994.632742172268,10.837721025973588,-4.52869015981338,11.745860189889056
4516,0.5,4995.879247704658,0.5275771570480698,-3.3927080137674372,3.433482972627171
4517,0.5,4996.220820876864,2.6699211857479552,1.7663227955227008,3.2013083819102617
4518,0.5,4997.3961507071,6.812029002385565,-1.3721488516477496,6.948851099312772
4519,0.5,4998.3700301956715,5.8437136955729505,-1.868011641104048,6.13501892801702
4520,0.5,4999.329681372973,4.576425858234131,-1.7887286114404268,4.913575447807798
4521,0.5,5000.234316931328,3.2551124782409855,-0.8386633263014985,3.361415389517229
4522,0.5,5000.834381432413,2.403029638105295,2.9389705427254436,3.796327079246512
4523,0.5,5001.889773627192,5.717896458749872,3.1399750260542203,6.523326074728177
4524,0.5,5002.854002891858,6.010825674961393,2.7085107929219547,6.592879189712929
4525,0.5,5003.484944378312,1.147949505866078,10.099784015255445,10.164813093354326
4526,0.5,5005.495907487708,-3.9902138401168985,-6.554868515788568,7.673858726164867
4527,0.5,5006.208381106211,0.5952364494794052,-2.726586440453194,2.790802760506745
4528,0.5,5006.788558806101,2.2060677176033514,-0.3384694849616928,2.231881799491607
4529,0.5,5007.485982919851,2.661723570452546,2.0644878148097923,3.3685133669024916
4530,0.5,5008.626199656302,4.17108740427501,-0.031540165161821426,4.171206649894018
4531,0.5,5009.229044117222,2.2398395214360893,4.6297585656799685,5.143106596044271
4532,0.5,5010.811172544729,0.7502093461928424,-1.2312457066480373,1.4417975077153924
4533,0.5,5010.9331981060395,-0.20343343149898105,1.4479885417227631,1.4622092798268873
4534,0.5,5012.396833739677,11.780001888391045,-0.4452447171644298,11.788413266791226
4535,0.5,5013.533605873148,5.845419984709186,-4.864747807702616,7.604913282226494
4536,0.5,5014.2384420561975,6.833007701791629,0.6346563530871144,6.862418155377706
4537,0.5,5015.357927937939,6.120067515725087,-3.392415639651983,6.99740739625676
4538,0.5,5016.192546914328,6.337880650585281,-0.978697963204542,6.413000923455729
4539,0.5,5017.347756568169,2.853778000002228,-3.393359100267987,4.433839741879298
4540,0.5,5018.08491354767,3.012948977819987,-0.589204251489697,3.070020063927928
4541,0.5,5018.939831850465,2.1725825423207623,0.1999131697067187,2.1817607977546793
4542,0.5,5019.395831473357,-0.386440263271836,2.766267333328053,2.793129255246793
4543,0.5,5020.352759395484,-0.9033775368450431,10.90106327529027,10.938430943510978
4544,0.5,5022.20302298378,1.8447709754825337,-9.985193947689789,10.154175403496021
4545,0.5,5022.834526019187,6.525883402269216,-2.4335598911759297,6.964866683860721
4546,0.5,5023.904889141232,4.142490351726003,-4.201631930652139,5.900333651143692
4547,0.5,5024.725752594868,4.2416337868862914,-1.7648412643373073,4.594139948930925
4548,0.5,5025.730993593628,2.1497789832102296,-1.51016823493834,2.627195800557924
4549,0.5,5026.185476882352,1.502239693305108,2.3929979243242276,2.8254491964927433
4550,0.5,5027.221563711044,5.6149539816930085,4.623557203841726,7.273581609752301
4551,0.5,5028.537886820898,5.017596458783282,-3.2109362991539787,5.95704508463879
4552,0.5,5029.216956939054,4.484679608729275,1.3996081153240671,4.6980053287999946
4553,0.5,5030.026936938536,4.792449815712805,4.346605687928506,6.4699734344476365
4554,0.5,5030.967858186769,8.388753902950862,7.553125318604798,11.28808638002129
4555,0.5,5032.399063540915,6.292740602355834,-8.088697372312751,10.248200303926385
4556,0.5,5033.1665660802,7.662275746459191,-2.656635681573715,8.10975848958447
4557,0.5,5034.550361163015,-0.6282740247405789,-2.4871746094653324,2.565300330981297
4558,0.5,5035.013416408851,1.4729984994517666,-0.33664369754008794,1.5109776829856285
4559,0.5,5035.523058437431,0.8554091332438098,2.288476947231672,2.4431233131480936
4560,0.5,5036.841667107008,4.5516577455994,-0.24500671814803557,4.558247089069731
4561,0.5,5037.5006927568875,2.865705134753791,3.498163611475312,4.522102892682147
4562,0.5,5038.324319636723,2.5665625301692474,8.341562851180658,8.727480393645463
4563,0.5,5039.6218874528495,16.42104272014726,1.2409561382210599,16.467866168811604
4564,0.5,5041.0413989938115,0.3147361468934616,-7.59221607780005,7.598736988089988
4565,0.5,5041.798034522458,2.1801197318430368,-2.850025488418956,3.588254078212559
4566,0.5,5042.492149716432,2.622147759160422,-0.2557449861840568,2.6345899811599347
4567,0.5,5043.015445393967,1.108207030774326,3.9085144107837193,4.062586334142531
4568,0.5,5044.656791091315,3.0067664065696635,-5.273379771721416,6.070352414850102
4569,0.5,5045.467130480167,2.121974463057069,-1.517756920465423,2.6089004755810485
4570,0.5,5045.941675502013,1.6772474207776404,2.266537459939231,2.8196366730153426
4571,0.5,5046.99761743001,4.911046150060721,2.970235671272444,5.739396678303869
4572,0.5,5047.863086184185,5.240135435346611,5.300065968415713,7.4531683632086025
4573,0.5,5048.790228819728,8.532629985752562,9.365117975026685,12.669301841851102
4574,0.5,5050.308459699166,4.953743131786731,-9.839453236418883,11.01609781217461
4575,0.5,5051.106699533686,5.961579278507027,-4.371098074113493,7.3923559077903604
4576,0.5,5052.279310472945,0.48639442462813165,-3.0612692834950703,3.099669202089112
4577,0.5,5052.772155289673,2.482132586897115,0.19863896084660987,2.4900681949904073
4578,0.5,5053.712365319994,3.1176017086281838,0.23893329716701514,3.1267442386828623
4579,0.5,5054.43454734337,2.4475797219336224,2.5320418093291304,3.5216306193880422
4580,0.5,5055.192672473443,1.078898735321609,6.566140398651017,6.654188321341342
4581,0.5,5056.60581307988,10.929810774441746,-1.9632729743059067,11.104737922920236
4582,0.5,5057.589996235894,7.233979225644038,-2.4661875134009126,7.642809449953865
4583,0.5,5058.345409417078,7.4623151691529515,2.1932204145522314,7.777940824574259
4584,0.5,5059.439905818898,9.25431892138932,-2.207900512845744,9.514055043639852
4585,0.5,5060.55908091502,4.227858071064791,-4.687859659719699,6.312749960064551
4586,0.5,5061.3262493290285,4.5977799910031685,-1.2333617535021786,4.760332137642401
4587,0.5,5062.16847272669,5.223093589443964,0.32217288334701666,5.23302035261232
4588,0.5,5063.1827159374425,5.425772890236852,-1.0454297482598958,5.525570994474318
4589,0.5,5064.333813619172,1.0801778939856506,-1.3620861601515737,1.7384081771355466
4590,0.5,5064.6289729684995,0.516679590943787,1.5741700314627138,1.6567948236438816
4591,0.5,5065.480124960543,0.14152887966498537,5.993320010198564,5.99499083972826
4592,0.5,5066.576539184779,8.492499412964838,13.824982950709103,16.225063940293285
4593,0.5,5068.384815238836,-2.6892220228168124,-8.14725095975066,8.57960449491473
4594,0.5,5069.095935944008,1.5314122527236704,-3.227588261585318,3.5724710599409373
4595,0.5,5069.675544138525,3.540899826698142,0.2629674333994766,3.5506511309532565
4596,0.5,5070.868551265876,1.7286652246174699,-1.6993228762469297,2.4240424287825295
4597,0.5,5071.249797277138,1.1811095494742698,2.2578633620515176,2.5481300456518885
4598,0.5,5072.410372660585,6.384633019224656,2.3032838600749637,6.787389434109079
4599,0.5,5073.482256176993,6.185348890991451,-0.6185501466171748,6.216200220968537
4600,0.5,5074.356062041534,4.528665049981728,0.5336482115987022,4.55999863472222
4601,0.5,5074.911470242946,1.0833814274853857,6.277628785306231,6.370426868234628
4602,0.5,5076.598637947781,3.1412222201098614,-6.260604960510871,7.004459401530232
4603,0.5,5077.152989530738,5.303573101724418,0.9665374391854494,5.390925919235205
4604,0.5,5078.001109183258,8.15453113099803,4.275424611297099,9.207368439098165
4605,0.5,5079.612726167141,-0.8940514943264154,-4.4203963970026,4.509903810630651
4606,0.5,5080.123622144014,2.9020662596011095,-1.0234132180548827,3.0772330412246363
4607,0.5,5081.13009777062,1.9881661009028435,-1.26532583866722,2.35666160548733
4608,0.5,5081.694344429823,1.6053684377605324,1.3138587779533852,2.0744716699349874
4609,0.5,5082.317781511685,-0.6998423017954021,4.088553398204181,4.14801737428247
4610,0.5,5083.76984891896,8.19055232112729,0.16833178237561056,8.192281911291957
4611,0.5,5084.387439340744,4.457078632413938,8.6381866297931,9.720278709309584
4612,0.5,5085.9442307864965,7.034070267892559,-10.403050645032486,12.5579300546213
4613,0.5,5086.999761578076,0.8960311754462069,-4.375883626328256,4.466679905538255
4614,0.5,5087.532668937759,3.703386804244961,-0.04284489316962943,3.7036346346158964
4615,0.5,5088.598901322012,3.302896287943864,-1.5554866014908038,3.650844074502603
4616,0.5,5089.178093913298,2.9579707977311576,2.822964386688603,4.088853038291113
4617,0.5,5090.345876811558,6.5912222201020825,-0.04444865636187594,6.591372090681864
4618,0.5,5091.262957883618,6.313515924890058,0.40372476920436917,6.326411069722665
4619,0.5,5092.401941911388,2.6277548637781174,-1.8316245933962976,3.203114777094899
4620,0.5,5092.837760452182,1.4679656434259254,2.7036602160599634,3.0764755312181986
4621,0.5,5093.668880110626,1.1796190633357246,8.421913173513184,8.504123860620798
4622,0.5,5095.086913061577,17.250999543885605,-3.0639091182675045,17.52097384131784
4623,0.5,5096.63793318621,-1.8467096772257252,-2.3893574188681406,3.0198287214773236
4624,0.5,5096.959423856329,2.2471413083710714,-0.3717443945771328,2.277682584270067
4625,0.5,5097.814429758906,4.320521599151733,0.49456874388284383,4.348736038340623
4626,0.5,5098.956789006186,3.0495450273794753,-1.9574732750372101,3.6237310187843392
4627,0.5,5099.610743037994,2.8860412021675224,1.1544878071662872,3.1083879933985363
4628,0.5,5100.4914624162,2.885811753126703,1.8582519062578404,3.4323475379971526
4629,0.5,5101.034063048501,-1.7685292513051203,5.24214655115641,5.53243130789013
4630,0.5,5102.645948615172,13.28110724461371,-5.023797716213157,14.199519468501718
4631,0.5,5103.728341253025,5.006937734496136,-5.652823720952893,7.551413211928547
4632,0.5,5104.418093046759,6.560994526856936,-0.0981760682215187,6.561729019230991
4633,0.5,5105.638635526429,2.166886230219305,-3.1099633521647934,3.7904179171328996
4634,0.5,5106.0522259497975,2.7334271253521742,2.779523036781188,3.8983807101934476
4635,0.5,5107.385740123911,6.252895106064298,-3.682270793256886,7.2565704986801824
4636,0.5,5108.447770149331,1.83035351574531,-2.552915676987875,3.1412692413118104
4637,0.5,5108.959096698433,2.426496468948612,1.2622234180713012,2.735158692095887
4638,0.5,5109.838982090977,3.581660661521029,2.8563935502755187,4.5811873142606645
4639,0.5,5110.806041672267,4.792204705381844,3.102909712824715,5.709051989973979
4640,0.5,5111.503124654462,1.676045607347906,8.701909983365397,8.861848917494846
4641,0.5,5113.010157221725,12.379422268874222,-7.213316591036729,14.327666661170783
4642,0.5,5113.946042880454,9.695512359280917,-5.577552264950856,11.185349756589082
4643,0.5,5115.372842952989,-1.257111491277382,-1.8740891825825001,2.2566655857203095
4644,0.5,5115.7267620977955,1.5695855353707935,-0.32809236228699534,1.6035096978304437
4645,0.5,5116.560557463715,1.920381860164892,0.27329549877252274,1.939731145932264
4646,0.5,5117.025993413477,-0.4486631675866579,2.921355230471492,2.9556073860633174
4647,0.5,5118.533838768627,7.573000228882081,-1.44436809282747,7.709509170772554
4648,0.5,5119.3656691615715,6.171162214234797,1.0296281062630024,6.256466823344151
4649,0.5,5120.24002346649,6.323216928351697,2.5000862999693654,6.799522323684803
4650,0.5,5121.083490155638,7.507597986387123,6.211007556705343,9.743748888115643
4651,0.5,5122.454781409749,6.883452786809646,-6.586872822637395,9.527266966440932
4652,0.5,5123.30289347793,5.550588510683363,-2.781152493458754,6.2083687073821565
4653,0.5,5124.061784988073,6.63802915515637,0.8907424851892198,6.697525904364018
4654,0.5,5125.253686756769,4.941902061737807,-4.336451969644564,6.574740426271033
4655,0.5,5126.279118015172,1.3779003628664248,-2.223263668744055,2.6156281751702974
4656,0.5,5126.729993291784,1.9956022336928583,1.4073364369548438,2.441930408897985
4657,0.5,5127.741716959095,3.8878337020112803,1.482463873749562,4.160883323462374
4658,0.5,5128.681624974388,2.3357972052550484,0.865924792839612,2.4911391633009226
4659,0.5,5128.964483858674,-2.7671848987695076,1.865786869835063,3.337435079162879
4660,0.5,5131.043898973589,4.064580255097088,-13.64450986932941,14.23704541765435
4661,0.5,5132.007167837769,1.0458635143068646,-5.116835809675564,5.222627613925436
4662,0.5,5132.683137054002,2.883622925689105,-1.5526408845088784,3.2750534184663778
4663,0.5,5133.30657598966,3.6130288207153543,2.252205173100508,4.257511644265987
4664,0.5,5134.6630438788225,2.4527828480014504,-2.7868234341376135,3.712482801644833
4665,0.5,5135.171964073656,2.7898463574909025,1.8523728879113668,3.3488099400047107
4666,0.5,5136.129936082095,5.240093768753314,2.969773368122481,6.023133450566811
4667,0.5,5137.206291398495,6.602465336638162,0.3173336644226424,6.61008692651499
4668,0.5,5138.042957957295,6.314997324578914,2.552210394279376,6.811238441436808
4669,0.5,5139.12153096212,5.818445570407257,-0.5317468460344009,5.842693177299263
4670,0.5,5139.679125649693,2.7631482955792057,6.718604063423738,7.264614860019506
4671,0.5,5141.096623935638,13.161315279299938,-6.058032819895318,14.488615583556037
4672,0.5,5142.447907864871,-1.0161463376768645,-3.9678479788357564,4.095896844736828
4673,0.5,5142.90203222272,3.0038306293883066,-0.6180410625572442,3.0667528764245477
4674,0.5,5143.933700533922,2.6986043056945466,-1.549900313682848,3.1120180238982127
4675,0.5,5144.587752601528,2.693767342816256,1.2245027628291216,2.95901833610397
4676,0.5,5145.480449174141,3.1660296599325006,2.048025779383877,3.7706966731087297
4677,0.5,5146.1496459195705,0.5950916715254616,5.958962112382751,5.988602804856243
4678,0.5,5147.56279184001,9.550865237999615,-1.2197579575068207,9.628438932107876
4679,0.5,5148.253527357286,8.170431787942197,6.849515630686155,10.661698737838652
4680,0.5,5149.768260280787,3.066874577637081,-8.978988750323754,9.48830641650011
4681,0.5,5150.709614962307,0.9519454562968729,-2.941457994153312,3.091662220090139
4682,0.5,5151.141849586538,2.6401091576259335,1.2231214749557493,2.9096739519537658
4683,0.5,5152.186214623064,5.079298911726978,0.3664088257877184,5.092497703709448
4684,0.5,5152.953127294702,5.500782572579576,4.102877640023287,6.862376690316427
4685,0.5,5154.656845439167,-0.4941741949044042,-1.3033802505710157,1.3939182947676594
4686,0.5,5154.899143797594,0.96456624853915,0.40271308762916064,1.0452587616321143
4687,0.5,5155.493362582533,0.07539044964129496,2.7642942309911063,2.765322099753992
4688,0.5,5156.509447328252,2.693469114818497,8.874907696814518,9.274630046500976
4689,0.5,5157.8190655557455,15.227783612399522,0.36231137445337785,15.23209320080867
4690,0.5,5158.954824000827,9.718172513418478,-7.317105314319728,12.164822529795018
4691,0.5,5160.057736251625,2.293236033812632,-5.977140694963044,6.401963948208393
4692,0.5,5160.8527799279145,2.8676854248062678,-2.5693705382639584,3.8503616269832537
4693,0.5,5161.605392922149,3.47015655069121,-0.39874903869925615,3.4929911654867807
4694,0.5,5162.587186685207,2.4143729353357597,-0.6612651746612862,2.503291493634258
4695,0.5,5163.060164468373,0.8112650754869647,2.782482355032393,2.8983372955492057
4696,0.5,5164.1023120220325,4.776792402821888,6.425171550690045,8.006283477085583
4697,0.5,5165.306771505408,9.966819786959075,0.30998953457364387,9.97163929237636
4698,0.5,5166.191972908493,9.977932452351675,2.043209354398926,10.184981123674016
4699,0.5,5167.48359440217,3.1237241137459186,-4.772001965433559,5.703477456508396
4700,0.5,5167.990828057264,4.701626565343868,2.2597826882295804,5.216503633466508
4701,0.5,5169.070194564032,9.114681369843629,-0.3006601107277884,9.119638862145658
4702,0.5,5170.291516087273,3.5085419465070977,-5.352387787348791,6.399837624233938
4703,0.5,5171.235927501473,1.1188452726939755,-1.816872303017732,2.133738435165523
4704,0.5,5171.5854811712425,1.2922162355557363,1.8050190791672063,2.2198911404822237
4705,0.5,5172.801688876792,5.057646310700363,0.04431938103222266,5.057840488951394
4706,0.5,5173.675024556315,3.983109136770381,0.8858479005752651,4.080427048530251
4707,0.5,5174.359901137178,2.277447978401986,4.077913706890726,4.670776112722012
4708,0.5,5175.093122777011,-1.77754617328481,10.296108448750667,10.448421870626891
4709,0.5,5177.237132249381,-3.459784156250877,-3.7645610138532195,5.112927344962783
4710,0.5,5177.609630022531,3.3242696550783593,-1.4963013413759332,3.6455022210771193
4711,0.5,5178.75219462045,1.137098680660841,-2.33213552453474,2.5945807974232666
4712,0.5,5179.202606391488,2.0940228102396534,1.1776841259235873,2.40247194161688
4713,0.5,5180.106626202653,4.052545326317143,2.8860270915097375,4.9751659263569366
4714,0.5,5181.189792408521,6.419636268225177,0.7988420613670589,6.469148201681675
4715,0.5,5182.130914016586,6.017284085114816,0.6376515941106153,6.050975732594525
4716,0.5,5182.998826329179,5.941682626756429,2.0556143905110438,6.287220606879901
4717,0.5,5183.950307013239,6.423064506498867,1.8463097083312134,6.68315922253268
4718,0.5,5184.685795032389,5.499912093038645,7.722034363810179,9.480445545807328
4719,0.5,5186.355746810169,0.2706183252448039,-4.758760286386863,4.766448755756332
4720,0.5,5186.709472600945,3.80747302525139,1.791560093762373,4.20791378328725
4721,0.5,5187.887847767473,7.8265690744143575,-3.0865649124609593,8.413207856425178
4722,0.5,5189.076719613568,1.4932686132000967,-4.16405532198742,4.423709741352872
4723,0.5,5189.859588661658,1.4732321485498154,-1.276447363366696,1.9492898283648061
4724,0.5,5190.35529112836,1.3774860522249246,1.316893490031049,1.9056957491059177
4725,0.5,5191.1268015980295,1.0033220048064708,3.8127818371873756,3.9425829583300867
4726,0.5,5192.04648695598,1.8885164034366084,9.108168235858615,9.30189350717116
4727,0.5,5193.404415343728,15.682688856879494,-0.8280721567427021,15.704535436569422
4728,0.5,5194.707488901575,1.6917335587383515,-5.817245845303128,6.058243281551017
4729,0.5,5195.159163853736,5.255770352439905,1.8398258174162425,5.568490013999992
4730,0.5,5196.707324197993,-0.4262130634105117,-2.8017802996184833,2.8340131303069174
4731,0.5,5197.117498331678,1.9453123725863013,0.08188428659122791,1.9470349928360042
4732,0.5,5197.718324176152,1.499763343714387,3.4952991733982848,3.8034729391318263
4733,0.5,5199.22385819909,3.5786847998516427,-3.3352540193166242,4.891922349144239
4734,0.5,5199.776329229934,3.8097877984114183,2.26054415937034,4.429959702456432
4735,0.5,5200.961311213042,4.275995457349937,-1.339630262413126,4.480931420056589
4736,0.5,5201.555843874249,2.959913561430756,3.306967605470321,4.438144098017978
4737,0.5,5202.457989722175,4.916115796935707,6.897753350311716,8.470371645365823
4738,0.5,5203.521216949647,13.333884947465654,7.655924434456283,15.37548915444175
4739,0.5,5205.099606994962,-0.6121841023346294,-8.82095176985472,8.842169388857826
4740,0.5,5205.9005957048275,1.4314197841571363,-3.5719515872021685,3.8480905316523617
4741,0.5,5206.633161678679,2.1400609871605396,-1.1953412281194642,2.4512653223200243
4742,0.5,5207.215066682224,2.2982099803900566,1.8472604874976073,2.948582782055536
4743,0.5,5208.288522939908,4.649609354143105,0.9998228246133734,4.755892432210061
4744,0.5,5209.138239301666,4.417780834754639,2.4034982143877217,5.029273423715434
4745,0.5,5210.010911048567,4.726901847548673,4.042532730343931,6.219780699691992
4746,0.5,5210.80821869984,4.105144758563511,9.686465946094321,10.520448470174948
4747,0.5,5212.419404469542,4.885200609862382,-9.661957867325926,10.82675458429631
4748,0.5,5213.316674242103,2.581079973587316,-3.818128632681857,4.608696137277715
4749,0.5,5213.896943192009,4.068450447039613,0.8893004256318064,4.164510089679906
4750,0.5,5214.775252559325,6.472109653832031,2.775406173219393,7.042093637375896
4751,0.5,5216.054491352254,4.938775153798069,-4.624067609007858,6.765611670237126
4752,0.5,5216.932009341216,3.449959476309463,-2.1635074512673635,4.072221123645776
4753,0.5,5217.6507953203545,3.693586499406464,0.6176477281127234,3.7448724871002623
4754,0.5,5218.691413008385,2.357050874704789,-0.4539135023100461,2.400359617541918
4755,0.5,5219.057877220099,-0.417837754148029,2.7866680888887623,2.817819622761971
4756,0.5,5220.220855174182,6.646160756537291,9.338700428134837,11.462232700838966
4757,0.5,5221.422951323059,16.672998591425806,0.8895447047252095,16.69671140708228
4758,0.5,5222.858787673093,-0.41229762338011283,-6.781893486570055,6.794414514395351
4759,0.5,5223.434428937764,4.313426433292489,-1.9518446194984933,4.734484661934346
4760,0.5,5224.457463495684,3.126832258154493,-2.7554150627304024,4.167660271490122
4761,0.5,5225.256065096585,2.974112417737342,-0.8082989300866869,3.0819947815852546
4762,0.5,5226.148424105465,1.2267184610314614,-0.15246050941578276,1.2361562965769002
4763,0.5,5226.351540382447,-1.0387144443494432,1.0834661620462,1.5009419113341111
4764,0.5,5228.183098672057,6.628657925688684,-5.3689271225577055,8.530210099589059
4765,0.5,5229.19855719922,0.25743368754649504,-0.36242228097369866,0.44454697527928927
4766,0.5,5229.241811258999,-0.206622418451983,0.4045660661767561,0.4542758255825218
4767,0.5,5230.897209709424,10.600800127601035,-4.247863332424296,11.420214806924648
4768,0.5,5231.8150835883425,8.643630822190136,-2.9189101570185243,9.123178738524267
4769,0.5,5232.884620192418,4.580979845717548,-4.53410147708111,6.445421053068564
4770,0.5,5233.658115095419,5.164571122996915,-1.2611545193895632,5.316324445166072
4771,0.5,5234.640289888719,4.55229097785155,-1.9274519587531695,4.943523460076836
4772,0.5,5235.574735166034,3.167384784156241,-1.343334487041924,3.4404758268269617
4773,0.5,5236.300461229102,2.66168887894802,0.8235443814644936,2.786182520323696
4774,0.5,5236.957439364859,1.2526707288379455,3.559228147624825,3.773233223872099
4775,0.5,5237.801695401995,0.32384186104684903,9.010608926839156,9.016426497421236
4776,0.5,5239.192789208161,18.676272381209092,-0.032188490842132184,18.6763001195648
4777,0.5,5240.607636041085,-0.3963521968521311,-8.321799537817146,8.331232958666032
4778,0.5,5241.502825459771,0.16553252388669407,-1.9826129518973477,1.9895112800623709
4779,0.5,5241.822720416352,1.5936764341713787,1.0400445671729848,1.9030231944301788
4780,0.5,5242.792985388688,4.743920936489885,2.329648637669454,5.285077920585676
4781,0.5,5243.882548868624,6.411363408268266,-0.4274887390843922,6.425599378651398
4782,0.5,5244.845451001428,5.300748362094591,-0.8756892679609979,5.372593870028756
4783,0.5,5245.755732517578,3.6650659378971597,-0.30843481487378405,3.6780212566215837
4784,0.5,5246.279250856915,1.2559622497109928,4.4666958454201104,4.639915187607675
4785,0.5,5247.610320391933,8.874707979404226,-0.34734070086945695,8.881502535167208
4786,0.5,5248.441539016076,8.08484033509684,2.557448401914934,8.479692539972545
4787,0.5,5249.366336131659,10.935548110284223,3.831306081690172,11.587282630709279
4788,0.5,5250.675238104249,6.5121231262910975,-8.634900073573545,10.815232170072715
4789,0.5,5251.798558626512,0.03455295943304818,-3.9666754524517085,3.966825941743417
4790,0.5,5252.522037866706,0.9819886906142505,-1.1279463607422222,1.4955148883263962
4791,0.5,5252.89057514845,0.8412144149885796,1.457216652904697,1.6825938504247977
4792,0.5,5253.944070491727,3.840853931679783,2.8865780105863714,4.804632299739578
4793,0.5,5254.912630870913,4.810189176685224,2.801503815425321,5.566537841723732
4794,0.5,5255.613164303762,2.1225591239918797,8.017586584236021,8.293789958189356
4795,0.5,5257.081180064536,10.58322269965327,-5.587750205047325,11.967771516220665
4796,0.5,5257.924941007524,9.624980441690012,-1.783771921247302,9.78887586855332
4797,0.5,5259.108320960426,3.1953446845239792,-5.244300677068431,6.141084370403654
4798,0.5,5259.771904521843,4.973910605855089,-0.574038178013226,5.006925857734911
4799,0.5,5260.959190246011,1.035466137838417,-1.5063360054719481,1.8279054362825207
4800,0.5,5261.180476047183,0.27810233424757225,1.9393890925978794,1.959227133540564
4801,0.5,5262.848835686332,2.307431033797327,-3.9708395109038115,4.592581452417129
4802,0.5,5263.396965101678,3.5018969739273182,0.9038027370390463,3.6166478683278775
4803,0.5,5264.411378017649,3.706641073715418,-0.07306791146471532,3.7073611867526477
4804,0.5,5265.0883745350575,2.1881264932001496,2.4583063600227293,3.2910739447743476
4805,0.5,5265.60593632747,-3.9433946643043636,4.952803908902901,6.330926317570595
4806,0.5,5267.8853641514725,-2.952281501109321,-3.3923768491317947,4.497130946316514
4807,0.5,5268.198270777971,3.349251976206512,-0.6737655744410062,3.41635022347315
4808,0.5,5269.201393021089,5.122289524123821,-2.369471500219572,5.6437793329737325
4809,0.5,5270.259454504893,2.2825507539675938,-2.614253153821411,3.4704981626134344
4810,0.5,5270.88622752598,2.8078859895253836,0.5075733989179109,2.853393503437972
4811,0.5,5271.696969115179,3.135486659292408,2.1057920844169304,3.7769878068897262
4812,0.5,5272.517960360034,3.3176176010079876,4.8350506897288765,5.863812899365539
4813,0.5,5273.578737968437,8.277716189070281,4.963895500442346,9.651986523307416
4814,0.5,5274.691509015373,10.195096814016706,-0.6554630991130991,10.216145600052522
4815,0.5,5275.643878877956,9.181372269410033,-1.1883139550294584,9.257952624917094
4816,0.5,5276.68350302537,6.435301122213182,-3.4081945573214925,7.282093838595743
4817,0.5,5277.475759502642,6.558692319103477,-0.08324506048015329,6.5592205845482345
4818,0.5,5278.379390382477,8.339081681460078,0.7243249691633289,8.370479672695973
4819,0.5,5279.775667717842,0.3871595241294867,-3.9370049645540672,3.9559955242704135
4820,0.5,5280.315445981201,2.7096898074504354,-0.4055481398326491,2.7398700966145273
4821,0.5,5281.239950686327,2.068515536275744,-0.24890711027230478,2.0834373696749893
4822,0.5,5281.633380065803,-0.3377661291063662,2.6590362724389043,2.680402927941484
4823,0.5,5283.163868559922,3.7068077944325615,-1.206280700629644,3.898145347928619
4824,0.5,5283.478719186035,-0.8453826540977886,4.257544741447056,4.3406634351528455
4825,0.5,5284.926926629153,18.303775671231087,0.5832030150688571,18.313064450810423
4826,0.5,5286.437161557582,-2.221601683505366,-6.252824922799085,6.635761716286327
4827,0.5,5287.13748220534,1.171630758700175,-2.4768174461848074,2.7399531558874832
4828,0.5,5287.711380226105,2.472383801260212,0.19816794686833486,2.4803129229796608
4829,0.5,5288.515549597787,3.19803248007396,1.8031384850527918,3.671337649942658
4830,0.5,5289.35324522151,4.128341242494592,4.549041185235198,6.1430429853166295
4831,0.5,5290.674974347994,5.544809113402613,-2.858201992347698,6.238126860936144
4832,0.5,5291.399590509319,4.866656661420844,1.1147528510266718,4.992696764177048
4833,0.5,5292.275016391078,5.145632440532432,2.287499681061254,5.631179983264173
4834,0.5,5293.024355514839,4.333318545541676,7.316098373396703,8.503113842960902
4835,0.5,5294.464760714007,7.3378409267824045,-5.860454915732642,9.390891399973581
4836,0.5,5295.126355475199,8.597406181167663,2.096800754921226,8.849404864159972
4837,0.5,5296.581056719181,0.25800249893138216,-4.996661929999486,5.003318471990467
4838,0.5,5297.125394919595,3.4992029314360718,-0.7502757027950234,3.578733684639773
4839,0.5,5297.981183439351,4.790538608340989,0.22820654851527708,4.795971057751586
4840,0.5,5299.274679237929,0.6536029858482424,-1.5346152695039417,1.6680050624936344
4841,0.5,5299.627300319933,0.8844706386837883,0.8847317359260444,1.251015010001247
4842,0.5,5300.144736871139,-1.7405266359020668,2.473359442679947,3.024390831717789
4843,0.5,5301.458131809212,9.576088603641912,12.09085693561362,15.423692631217612
4844,0.5,5302.981454220329,5.550109400858971,-10.628079446890792,11.98998695124084
4845,0.5,5303.885255545879,2.948897050048738,-4.52225749272032,5.398778254591609
4846,0.5,5304.50845785494,4.888978534649427,0.23950721275238607,4.894841653947886
4847,0.5,5305.526333012086,5.9050400017702565,-1.438486057749049,6.077724867155906
4848,0.5,5306.498769767441,4.601380952725551,-1.8050923409325155,4.94277907976866
4849,0.5,5307.300388636242,4.329680970413549,0.2893850410384028,4.339341079880448
4850,0.5,5308.072790499982,4.703324576091775,3.2572952746980524,5.721121793375765
4851,0.5,5309.361753481891,4.005805798281354,-2.717094239254296,4.8403596145878875
4852,0.5,5310.032764726999,3.2008653958156645,0.9359542409562703,3.3348987425848775
4853,0.5,5310.606801112028,0.4039488781781819,5.096445201482719,5.112428814946731
4854,0.5,5311.859049891718,12.355113724003107,5.419956883660709,13.491655486032506
4855,0.5,5312.980209158523,14.799946598755819,-3.360422443805479,15.176655044075277
4856,0.5,5314.439426791834,-1.863324661254477,-4.078285340037666,4.483791934067106
4857,0.5,5314.954794049511,2.2605917898217838,-1.528866626062032,2.729048991955981
4858,0.5,5315.726296859325,3.036104487068065,-0.16169156726621803,3.040406982513993
4859,0.5,5316.639253906217,2.6030363351826886,0.029759532608488126,2.603206444380161
4860,0.5,5317.139734905883,0.3619209988164829,3.4479386827660994,3.4668815915025344
4861,0.5,5318.44524095923,7.901564717690423,1.6646565948692125,8.075011242511783
4862,0.5,5319.3647342978875,6.998181926312072,1.7870135366566158,7.222739622467013
4863,0.5,5320.109753010284,6.252092201769534,7.569185082360813,9.817393733087254
4864,0.5,5321.536694997695,8.245438901386597,-8.28631355210779,11.689749995630558
4865,0.5,5322.633280584939,0.8898151962016603,-3.833634770153583,3.9355465483617285
4866,0.5,5323.13723111214,2.9298023908849946,0.2941824601872321,2.9445348307529398
4867,0.5,5323.796327875689,2.8944961623194274,4.7110473805555975,5.529202063184311
4868,0.5,5325.466411143,0.47300639811491785,-4.611909892108208,4.63610266339985
4869,0.5,5326.038512792133,2.84317404203964,-0.7432009369067385,2.9387048620007894
4870,0.5,5326.867763789802,2.7474303594252705,0.24870408871583033,2.7586640432708807
4871,0.5,5327.480222283037,1.4029579885313008,3.284019872570825,3.5711451442112923
4872,0.5,5328.463844665271,4.09131074344345,6.267137906760045,7.484373129512215
4873,0.5,5329.37715859333,6.7615489424926665,11.919265503129946,13.703555532628284
4874,0.5,5331.015051848383,2.8046681828310347,-11.227303190123205,11.572316126806053
4875,0.5,5331.855033782667,2.9631283067405256,-4.787935261470988,5.630670779777862
4876,0.5,5332.582449338872,4.551937635683579,-1.547656866507555,4.807845465029071
4877,0.5,5333.746349452669,0.8619477738497152,-1.7393697939480288,1.9412267371286869
4878,0.5,5334.061217957372,1.0900117254240589,1.5876454222451442,1.9258098422061032
4879,0.5,5335.195388351516,4.645306172096626,1.3673359079633043,4.842362741237468
4880,0.5,5335.947926227236,3.890520587868786,4.805150639499666,6.18268736981864
4881,0.5,5337.059672760579,9.255950740038676,2.6889568646973445,9.638626101381124
4882,0.5,5338.214274771734,6.279394993444159,-3.184808182114248,7.040866753500837
4883,0.5,5338.933125464859,5.6082855659486475,1.4197851915249942,5.785210193182405
4884,0.5,5339.674564986856,5.744541830257913,7.078403274269956,9.116115058114316
4885,0.5,5341.264957858609,1.8145617995882195,-7.490058981474937,7.706725508962818
4886,0.5,5341.907714556882,5.106606597550822,-1.9183301627984142,5.455036347784658
4887,0.5,5342.986689833523,2.5423520356767546,-2.934640308171791,3.8827397043397545
4888,0.5,5343.62335943302,3.2902478153855856,0.4545897766803857,3.3215030561045613
4889,0.5,5344.507532612439,4.1314997051522,1.2627822489044538,4.320174628625666
4890,0.5,5345.528297341695,3.4518634758227136,-0.016703513311142122,3.4519038896058216
4891,0.5,5346.0699656153565,0.9887947892252966,3.699975291609968,3.82982144410459
4892,0.5,5346.890937421843,-1.1750323129607751,10.524793997007803,10.590183644108984
4893,0.5,5348.769669281725,0.6232107032586107,-10.946329812857098,10.964056181564384
4894,0.5,5349.489057840144,4.256317836415037,-4.374772225406033,6.10367705148043
4895,0.5,5350.395904772443,3.3566761156845386,-2.9248492517688622,4.4521924589105435
4896,0.5,5351.225419925847,2.760587683919814,-1.0821467025729934,2.965111439136709
4897,0.5,5351.771637383498,2.193004931823644,2.911695275255155,3.6451666638092175
4898,0.5,5352.90017820707,7.553798454180218,2.005404096572586,7.81546650411385
4899,0.5,5354.1852028293115,2.4767014953532644,-3.3512664288700136,4.167137743626466
4900,0.5,5354.773479714049,2.6897124065780083,0.6083998078282271,2.7576626255336394
4901,0.5,5355.347063675623,0.615543512042527,4.305595896936579,4.34937350004972
4902,0.5,5356.538865828705,9.799545195901274,5.997323650618147,11.489080773359351
4903,0.5,5357.711619892325,11.278591713649593,-3.0761041389585593,11.690553781447791
4904,0.5,5358.669106441791,9.081718279613275,-3.371503923356955,9.687344611165294
4905,0.5,5359.6339179273755,7.945544143894359,-4.030889309043647,8.909530872292677
4906,0.5,5360.877126531294,0.18745483764635257,-3.9212924023038056,3.9257704238177977
4907,0.5,5361.63099729212,0.6970620304394265,-0.9257580421825482,1.158845730434384
4908,0.5,5361.916637016829,0.3962947904680338,1.2018085672034902,1.2654617312095253
4909,0.5,5362.990405326632,3.1539504159263996,3.0599748927368613,4.394411174469485
4910,0.5,5363.717280477004,0.82618366983572,7.349878782801686,7.396167762982504
4911,0.5,5365.296267419234,5.279287473652562,-4.709140732688814,7.074382140493528
4912,0.5,5365.742257680618,4.397745253825101,5.634124110873054,7.147273453161162
4913,0.5,5367.380123852192,0.5585893924583615,-6.0175227718043,6.043393286767817
4914,0.5,5367.905543114682,4.387476765078381,-0.48458723397345954,4.414156448454529
4915,0.5,5368.81364160114,5.859737392236244,-0.19592646783144832,5.8630119807798895
4916,0.5,5369.807596452586,5.695389822428234,-1.434363381303831,5.873232801366252
4917,0.5,5370.713539813717,5.049401144913322,-0.830542876177695,5.117250569536485
4918,0.5,5371.53832975051,5.318143840591116,1.047762522812565,5.420374545492939
4919,0.5,5372.68086725825,3.175473640928073,-1.8205758287676863,3.6603455017965367
4920,0.5,5373.219972947191,2.37713269921137,2.45346465584332,3.4161745691829504
4921,0.5,5374.114835212556,3.561741059714799,4.697060232340114,5.894775161334761
4922,0.5,5374.869738245036,0.6353775972457251,11.421260389479324,11.438920122781308
4923,0.5,5376.722663658617,-0.34375645952800565,-12.422307878567286,12.427063270675903
4924,0.5,5377.719730868923,-0.7383998407254077,-2.8655351200083223,2.9591427557291685
4925,0.5,5378.207038130046,1.794438964348532,-0.6078217429891956,1.8945866219370007
4926,0.5,5378.768713720048,1.8571245371073999,2.4323289395225145,3.060250907420026
4927,0.5,5380.103731882797,4.178022518845418,-2.0029665537884678,4.633330031799447
4928,0.5,5380.877056510779,2.82825670982352,0.23687439946206973,2.8381588218037197
4929,0.5,5381.348150697047,-0.251725665356128,3.9427927525954645,3.9508202313593443
4930,0.5,5382.809993370514,8.73017657730784,-1.406456737336995,8.842742992136268
4931,0.5,5383.528600988369,7.752655492083054,4.811284084361464,9.124260064210986
4932,0.5,5384.819764523646,7.140847624605112,-5.574317669452775,9.058958123195067
4933,0.5,5385.689781133583,4.964956486320364,-2.4541257274536807,5.538368532086387
4934,0.5,5386.311049248221,5.4441018719252945,3.6027083549534598,6.528227376765607
4935,0.5,5387.705534128895,3.8091681218952793,-5.714951062228346,6.868073050319726
4936,0.5,5388.449137494743,4.724438922006364,-1.7377980644829298,5.033911524916709
4937,0.5,5389.608146493819,0.7465516605989337,-1.5621847517906595,1.73140422220528
4938,0.5,5389.909513561419,0.9000431485566965,1.3981208883996723,1.6627746954543603
4939,0.5,5390.992260083001,3.1564558899652893,1.658194200191949,3.565504423058087
4940,0.5,5391.505965627098,-1.658803915076488,5.013101256111937,5.280418035790743
4941,0.5,5392.981959683038,15.624703461100207,0.7331891087102262,15.641896448846863
4942,0.5,5394.083717252515,10.74299847068188,-6.334202458331504,12.47133260418493
4943,0.5,5395.116663427587,5.3756778002806564,-6.5037223251509735,8.437790936915743
4944,0.5,5396.11585947175,1.9964114268617594,-4.057003828692983,4.521607971876125
4945,0.5,5397.003429726802,0.7358364083419289,-1.0736331084666306,1.3015925904203933
4946,0.5,5397.26196015786,0.372423110586846,1.3329857280172182,1.3840339318083121
4947,0.5,5398.277621995208,3.597113283352014,5.716033873657732,6.753685454481141
4948,0.5,5399.712504640471,4.916894865005091,-4.111251370867319,6.409231073067333
4949,0.5,5400.41888786829,4.450279785552249,0.2625629224079631,4.458018557377076
4950,0.5,5401.194496185364,4.192760862382059,2.7490818140846125,5.013650812497166
4951,0.5,5401.947143074565,3.274486412830509,7.9320769556948125,8.581381363095122
4952,0.5,5403.389590115237,10.408195521218596,-6.413710029765667,12.2256374211667
4953,0.5,5404.287687736618,8.322114738114514,-3.967651671759938,9.21953651236125
4954,0.5,5405.354453322769,3.905350231558183,-4.997358283816721,6.342345800093461
4955,0.5,5406.184132744065,3.71345298873043,-2.3753428003983452,4.408172696131042
4956,0.5,5407.075537996711,2.8336831548809402,-1.331675032139004,3.1309932311454167
4957,0.5,5407.735014383861,2.7487585215878707,1.4102135736155552,3.0893973090574627
4958,0.5,5408.588715767543,3.393272643620408,3.0431140446086,4.557942773054171
4959,0.5,5409.577739475962,4.265581278218765,2.5035826421024168,4.94601958011965
4960,0.5,5410.101872017245,-2.468412753638504,7.195299575200128,7.606930885659496
4961,0.5,5412.1196607388065,-1.741785092478315,-8.386399700928846,8.565367198907419
4962,0.5,5412.756931861646,3.06240968751868,-3.0753547592682797,4.340064514447028
4963,0.5,5413.448942338435,4.427641202405436,0.06880914551923684,4.428175845169808
4964,0.5,5414.391884655146,5.365471980319693,-0.15817390005081514,5.367802954119406
4965,0.5,5415.225062963724,6.291636936780817,1.9213631277393066,6.578474869823618
4966,0.5,5416.5118143091295,2.8107942523528857,-3.6211792963972007,4.584048846349234
4967,0.5,5417.190777293039,2.781706706850647,-0.17778980834847175,2.7873825390302023
4968,0.5,5417.7307759664845,1.2210713770411692,3.7083740693069185,3.904235334317998
4969,0.5,5419.1457693655875,4.605277263189219,-1.8831196033700088,4.975411350978328
4970,0.5,5419.647914017259,2.4313561262982657,4.300364769698232,4.940104226162626
4971,0.5,5420.595118618175,6.688138283954141,10.331009431448477,12.30694720789727
4972,0.5,5422.107201544394,7.963785525801167,-11.699745832691448,14.152947836070798
4973,0.5,5423.3642850300685,-0.9190718261534947,-1.6430476007429884,1.8826307231999615
4974,0.5,5423.582839997252,1.6240985544052253,0.5418247266654932,1.7120952511023677
4975,0.5,5424.9901375015925,0.31416262674745615,-1.1042060892470347,1.1480284158395608
4976,0.5,5425.205579331657,0.4737522927046775,0.9779891186678845,1.0866940466735446
4977,0.5,5426.077473621457,1.254194136255075,4.773106218078799,4.9351338280211925
4978,0.5,5427.327787267212,8.390032478967608,1.952247406749829,8.614169428058215
4979,0.5,5428.200793507517,8.373978236635867,3.727908360107067,9.166286720859615
4980,0.5,5429.307069477649,8.953884024497116,-1.6262071741128117,9.100362020122091
4981,0.5,5430.09323239463,9.44297419822403,2.962568571512466,9.896796160841053
4982,0.5,5431.518550461936,1.0856623775715433,-5.4276110362506005,5.535126408574931
4983,0.5,5432.081300563691,3.8701133026750947,-0.5236258897256774,3.9053759163406707
4984,0.5,5432.867061873673,5.195879149142601,1.8986651264448626,5.531915526729663
4985,0.5,5433.939314658023,7.431056459396532,-0.9986534360868928,7.497860280649879
4986,0.5,5435.224510669428,0.5766125861868971,-2.4284034676669806,2.495921768871404
4987,0.5,5435.614214161095,1.8092063901792212,0.9561449807739044,2.0463237736302773
4988,0.5,5436.658400672125,1.1780137808456488,0.11448634009767061,1.1835639357175514
4989,0.5,5436.820644930088,-1.2534130719610808,0.6081782061542216,1.3931708651144985
4990,0.5,5438.486077902408,18.808660719051996,3.8045529750416125,19.18958940113903
4991,0.5,5439.874947381833,2.1369273667339725,-9.778130749483813,10.008911005933536
4992,0.5,5440.645160132015,3.9645517547513434,-4.238578615848339,5.803724605701823
4993,0.5,5441.565050360557,2.6246165175800784,-2.6393801114794506,3.7222223519327073
4994,0.5,5442.197196540771,3.5516675676236016,0.7773472019907152,3.635740802553469
4995,0.5,5443.28353971242,3.1056453045628807,-1.0189747100514917,3.268538238643995
4996,0.5,5443.795137320656,1.7068728690576649,3.306458672022188,3.7210326444302897
4997,0.5,5444.96695956992,7.185440865690004,2.00777282976708,7.4606777286168064
4998,0.5,5445.92502709969,7.111623463213937,1.2468828337575417,7.220104229417622
4999,0.5,5446.765247872766,7.4250826798912355,3.80150082430054,8.341658187697366
5000,0.5,5447.8619983012995,9.59508022081531,-0.9140886088083309,9.63852283436805
5001,0.5,5448.908413286428,5.358859863030129,-2.8789606293919303,6.083238721041948
5002,0.5,5449.427630167591,4.512376735671916,5.596836562996897,7.189306177756797
5003,0.5,5451.309407660432,-1.8510433300286306,-1.9436928292775317,2.684083311715264
5004,0.5,5451.666775612692,1.5825418267305653,-0.6674573070863302,1.7175383227557546
5005,0.5,5452.330950202067,2.411136791781293,1.3035014133113563,2.7409298719934605
5006,0.5,5453.276425897146,4.004158852094515,1.8785066021590229,4.422903477034278
5007,0.5,5454.232766091016,4.396194247020508,1.5791857682164492,4.6712259149043085
5008,0.5,5454.948555510585,2.81474548140549,5.079946311265362,5.807636924811259
5009,0.5,5455.867963982944,5.430667241239347,10.560764894228692,11.875264284900918
5010,0.5,5457.254335831569,15.39647266189538,-7.497388202631324,17.124900008159088
5011,0.5,5458.715645086831,-1.741488928849878,-2.131321249108529,2.7523288241429724
5012,0.5,5459.062182610659,1.783432891532559,-0.526013319693705,1.859387773191858
5013,0.5,5459.714513943352,2.725941180713992,2.061742694975273,3.4178265405073285
5014,0.5,5460.815544164755,5.7362890275244816,0.365306570095238,5.7479092457564525
5015,0.5,5461.682968830869,6.097010293904247,1.6875140344592172,6.32623411995408
5016,0.5,5462.74500054954,6.314056898245156,-1.1630796960012169,6.420285733012786
5017,0.5,5463.764554543697,2.942881024808766,-1.5723508632336138,3.3365904698196003
5018,0.5,5464.243875226839,1.709349477341082,2.839116551580776,3.3139792439220477
5019,0.5,5465.083241509826,1.9981645040717475,8.135626654644925,8.377415021896747
5020,0.5,5466.418306245839,16.005791789851287,-0.7458183017916923,16.023158732264942
5021,0.5,5467.7904449920225,0.12552020939622233,-5.684387831995245,5.685773504766302
5022,0.5,5468.244535553761,4.757255172637392,0.26693089076750776,4.764738070243857
5023,0.5,5469.480888387573,2.6777851555696293,-4.051405906073129,4.856379634578962
5024,0.5,5470.220068672416,3.180582439035672,-1.1500986415514018,3.38213416895316
5025,0.5,5471.082873141512,2.66191538330171,-0.3362664730183222,2.683070749856304
5026,0.5,5471.760866919688,1.783818670828868,1.5680747609204433,2.375051053395142
5027,0.5,5472.264037693189,-2.3935364886948065,3.5840712940013044,4.30982412207246
5028,0.5,5473.925204188395,12.640900144583748,-4.211858163453847,13.324117443733009
5029,0.5,5474.871452901578,8.542957443444077,-3.4425620515848663,9.210502448808576
5030,0.5,5475.749436824135,7.953779005986682,-1.7244418727703303,8.13856868550227
5031,0.5,5476.7488938013585,6.466696292479154,-3.1655245531855605,7.199910182494243
5032,0.5,5477.671940618743,5.024533759882218,-2.355403646583418,5.5492220934591
5033,0.5,5478.4634364578205,5.339822612487398,0.126941168015345,5.3413312566221585
5034,0.5,5479.396814759793,6.3211165401997205,0.034813205821650414,6.321212405392345
5035,0.5,5480.654805801402,0.9567933773982551,-1.9361502543531273,2.1596600136282653
5036,0.5,5480.9567332021925,1.095069753381857,1.734231492842829,2.0510330654427946
5037,0.5,5481.993734077743,4.723587505457146,3.504246685345444,5.8814984275663456
5038,0.5,5483.066851689781,4.608447687685963,0.6804152727943241,4.658406920138029
5039,0.5,5483.47314896839,-2.0779572611137573,5.841852503938709,6.200415071331141
5040,0.5,5485.379530334925,2.193651000729427,-12.769878964379107,12.956925309574537
5041,0.5,5486.2509580785645,2.1472835637580543,-5.686768898941244,6.078664920288903
5042,0.5,5487.15864232572,1.1940489414742657,-2.6096061863652973,2.8698078894852603
5043,0.5,5487.814448203131,1.6350919905481458,-0.3669337938280719,1.6757584034125443
5044,0.5,5488.239469786525,0.21152059537538206,2.3656496252920434,2.375087179855161
5045,0.5,5489.5398863100445,7.211554176753172,1.609687617294031,7.38901941190547
5046,0.5,5490.606477202432,4.887607921188165,-1.2517172097407916,5.045345098645143
5047,0.5,5491.198488461752,3.297958200634797,4.038879763718494,5.214314723806866
5048,0.5,5492.137050601374,7.19115415843945,8.171802759285887,10.885359822583425
5049,0.5,5493.792469126766,-0.14871082547008996,-3.315080933956774,3.318414758329
5050,0.5,5494.038480583097,2.3466006751023443,1.9477498003051796,3.0496334227214335
5051,0.5,5495.280875462484,7.048996917352632,-2.761643380112489,7.570669171200525
5052,0.5,5496.089727275414,7.698248932231221,0.2208237575152818,7.701415438377694
5053,0.5,5497.373490396219,1.9438711603956484,-4.689725426709699,5.076628769778758
5054,0.5,5498.174123945101,1.573786444200637,-1.4605533294912378,2.1470956662984593
5055,0.5,5498.633565305226,1.4954962125284532,1.6593520156704946,2.2338213969779863
5056,0.5,5499.612797508679,3.3556641664736646,2.6150851465201863,4.254309852573728
5057,0.5,5500.353983645932,1.7247755089418173,6.047277294918176,6.288434879831261
5058,0.5,5501.331224223354,6.305887774549466,13.170326023751757,14.602113141498569
5059,0.5,5503.211694478846,-2.2368938953838824,-3.787444292391197,4.398684867909082
5060,0.5,5503.5225362392985,3.500648003895347,-0.05497160653906254,3.5010795941683424
5061,0.5,5504.579491040507,5.376528585062663,-2.628632009921254,5.984711009696172
5062,0.5,5505.571935828686,3.2171053219783494,-2.5767497154907977,4.121820683749273
5063,0.5,5506.330011485519,2.858108963615873,-0.29248046367142944,2.873035271195057
5064,0.5,5506.908179898227,1.7904772884844307,3.3570634171496936,3.804692327553351
5065,0.5,5508.017009501103,7.526873600062603,3.782924581677873,8.424033747675878
5066,0.5,5509.291230676581,4.1806263374859975,-3.5924846442940206,5.512130485862061
5067,0.5,5509.945930302346,3.67543719349415,0.7967331313074455,3.7608007452992136
5068,0.5,5510.544264813349,1.37640729607003,5.551412759107254,5.719500036423955
5069,0.5,5511.757773875191,13.526027354566835,5.054016482966882,14.439407834346644
5070,0.5,5513.109958056239,4.913644100119066,-9.252680391423679,10.476449435208053
5071,0.5,5514.001848704366,3.2430653355270866,-4.664307758628541,5.680954113324611
5072,0.5,5514.844462098076,2.792186826740007,-2.243845763972129,3.582059615349261
5073,0.5,5515.501482955429,3.5660674482618866,0.8659150532545453,3.66969289246469
5074,0.5,5516.629656666067,2.6961920391603114,-1.2802669412193375,2.9847168965934703
5075,0.5,5517.161633410806,1.773533960074201,2.2143272970508647,2.8370174631117564
5076,0.5,5517.9482995564285,1.1896743675501156,5.879214519543066,5.998373818595484
5077,0.5,5519.09583760703,10.208536495053684,7.345644885370039,12.576673493130286
5078,0.5,5520.215397938825,15.393302279845342,-0.4461170926366401,15.399765437792691
5079,0.5,5521.61420475315,-0.3602787837641863,-6.265861303359505,6.276210534627458
5080,0.5,5522.249630994144,2.800594379262397,-2.086433056647466,3.4923533293507716
5081,0.5,5522.970046465706,3.2615204842969994,0.19445651927486887,3.267312229857659
5082,0.5,5523.601350977462,2.5594538964641695,4.58201065346058,5.248392694582969
5083,0.5,5525.239782350297,0.8990035290757574,-4.015272047199663,4.114683093303012
5084,0.5,5525.717122329117,3.0668703440610794,0.5361050444765135,3.1133747487243624
5085,0.5,5526.6627652236875,3.7343467486232593,0.40947452507173077,3.7567292989561847
5086,0.5,5527.355332468716,2.6828487531540617,3.402903611983937,4.33329325395289
5087,0.5,5528.1664125017805,2.3393829069136522,8.27678384148805,8.601038492175086
5088,0.5,5529.660934020357,7.363489717820094,-5.3620677964643395,9.108938021433794
5089,0.5,5530.203159249181,7.339638771118527,5.863210070668205,9.394015628222649
5090,0.5,5531.9296126027775,-2.2942971969520074,-4.5563194258797965,5.101357303560635
5091,0.5,5532.461117364643,2.2803396370354374,-1.9113858049610475,2.97545703306929
5092,0.5,5533.275825277343,2.547737612100171,-0.8389530471920188,2.682314141837726
5093,0.5,5533.953358476205,2.5612782853654616,1.4883406755139221,2.9623140315425505
5094,0.5,5534.810789007363,3.2509120532382547,3.0956338422773713,4.489028632493084
5095,0.5,5535.656868324538,3.8141285215949545,6.407831158514367,7.457068897044715
5096,0.5,5536.899525056139,9.91281298609485,-0.37555361950152955,9.919924486527677
5097,0.5,5537.790908369,8.913078404210006,0.7263653393194985,8.942626753127938
5098,0.5,5538.74072731824,9.592804026126903,0.021875135340904198,9.592828967787485
5099,0.5,5539.814585079014,7.308805398294731,-3.9685605657786196,8.316736698633385
5100,0.5,5540.694583143287,6.3142934120735825,-2.232783481964513,6.697434088596126
5101,0.5,5541.576351543939,6.502835616206528,-1.2398618888917645,6.619979498074778
5102,0.5,5542.764646056709,1.3159395646606793,-2.441662813225246,2.773700458111214
5103,0.5,5543.113256672817,1.7752842552588601,2.1602644174018946,2.7961360017107095
5104,0.5,5544.515208608564,2.9682319102335906,-2.655844060121874,3.98295221470376
5105,0.5,5545.192999163192,2.2396375790329914,0.2542542629934775,2.2540234505583823
5106,0.5,5545.667895222008,-0.21774003937643735,2.9667479332735747,2.974727554639362
5107,0.5,5546.535304578454,-2.99021613900463,10.677748795850054,11.088539665133593
5108,0.5,5548.523919661124,-2.1231057229153363,-11.136406642290916,11.33698067446254
5109,0.5,5549.358839814485,0.42529003177696295,-3.486755768650101,3.512596959707106
5110,0.5,5549.834823142451,3.1328591235281222,0.24400466113942357,3.1423469831530637
5111,0.5,5550.807899778983,4.904963102705213,-0.3992850951254228,4.921188029946515
5112,0.5,5551.9299117496585,1.4780485152531744,-1.3644464848174318,2.0115520434164162
5113,0.5,5552.207947116757,0.25625711631914083,2.1660236038626426,2.1811295152178176
5114,0.5,5553.659789785949,5.139681285122396,-1.7614457628816236,5.433140425960941
5115,0.5,5554.238599943796,3.6620635044978602,4.151755698892858,5.53604411960964
5116,0.5,5555.402430795448,8.023282081255404,0.33354314468147905,8.03021210085749
5117,0.5,5556.199245743834,7.84607385702835,4.0853212421356435,8.845943964404729
5118,0.5,5557.363922456236,8.940443842697523,-3.0568923437342943,9.448604495141566
5119,0.5,5558.202004496688,8.789657472421636,-0.273352032534297,8.793906971090161
5120,0.5,5559.2481786027265,8.22328877702904,-3.859029629579415,9.083754069347298
5121,0.5,5560.367211776969,2.563729981164308,-4.96013060559244,5.583512070449528
5122,0.5,5561.310135213797,0.7832369496935748,-1.7563397152973856,1.9230676833892761
5123,0.5,5561.791548798033,1.2518798292550777,0.46678348519095175,1.336072576225833
5124,0.5,5562.261884446337,-0.8044173027785528,2.3341434981819917,2.468868782887172
5125,0.5,5563.637870900839,7.667378440314599,3.0229175652751548,8.241766967917147
5126,0.5,5564.430162550765,6.675409251708521,7.281736739269962,9.878500828457204
5127,0.5,5565.566217326974,14.979672847117767,1.7387798733382769,15.080250463921466
5128,0.5,5566.912177257102,2.189726253338203,-8.208142852266938,8.495205126880657
5129,0.5,5567.644318652244,4.304304256208498,-3.292185559701162,5.418996299087078
5130,0.5,5568.7985801220375,0.10565033972776999,-0.7364535816176582,0.7439931936261716
5131,0.5,5568.912933770419,0.18139628727352602,0.7237447591482749,0.7461307455340612
5132,0.5,5570.00635617332,5.180960259317246,4.886784077973698,7.1220086937156895
5133,0.5,5571.437867776981,3.110610238180348,-4.446313906354826,5.426380322804209
5134,0.5,5572.175581208445,2.3281783007436996,-0.7777445949406809,2.454648825191348
5135,0.5,5572.586024225679,0.43863555722280545,3.012529552076261,3.0442955595987984
5136,0.5,5573.899529405043,6.380466964633683,0.7037903179478927,6.41916501567135
5137,0.5,5574.4412838834,1.3067214290919185,8.19805124421241,8.301539923169717
5138,0.5,5576.0647624328885,8.180548490015674,-11.584280202622194,14.18156977948359
5139,0.5,5577.183679281283,-0.17705755148276817,-4.273261488877447,4.276928001365017
5140,0.5,5577.672276828444,3.332262534670719,-0.43247207947697086,3.3602091749617697
5141,0.5,5578.644644373746,3.994180591436052,-1.18340675752501,4.165804862299758
5142,0.5,5579.495916492832,3.726570752265163,-0.13440530010891819,3.7289937458160898
5143,0.5,5580.333270376428,3.319533368450145,0.8941741074073584,3.4378553079807928
5144,0.5,5581.025573783575,2.0914843169142556,3.685510270731442,4.237604583200896
5145,0.5,5581.822277193783,0.7203074004312876,9.085421489224096,9.113930347987692
5146,0.5,5583.389191418452,10.19425454368017,-8.345967446185458,13.174900315149682
5147,0.5,5584.323740890819,5.807966159979445,-5.064516824640325,7.705958836026268
5148,0.5,5585.244570955993,3.0564070576657825,-2.5833542125148847,4.0019174266178466
5149,0.5,5585.7087170081995,2.991680711873477,3.503885052211523,4.6073163491242
5150,0.5,5587.160081274639,3.8976919861595944,-5.138482579407228,6.449496572434494
5151,0.5,5587.886525281241,4.458723158278164,-1.1228092197947435,4.597924830423186
5152,0.5,5588.751061185499,4.6556565170145605,-0.18838264045394224,4.659466238062525
5153,0.5,5589.691727171091,4.007962783880774,-0.3727971785018118,4.02526314832611
5154,0.5,5590.385173138886,3.3498172251435907,2.789008397733793,4.358880967002692
5155,0.5,5591.400963623905,4.511877907331166,1.8375843764977242,4.871730554065115
5156,0.5,5591.92524079259,-1.2487698503742846,6.967836801435507,7.078854132601039
5157,0.5,5593.555617029215,12.871493927361595,-9.714077518600915,16.125714184478593
5158,0.5,5594.574594282587,5.611016294657624,-8.102915950426638,9.856000748711
5159,0.5,5595.711374711912,-0.3506922978982347,-3.0865746786160426,3.1064333784066367
5160,0.5,5596.227736682097,1.9056595507869531,-0.5809040463007671,1.9922318726780113
5161,0.5,5596.856616829598,2.136542892247018,1.8365096698997974,2.817371700370172
5162,0.5,5597.841768955219,4.128021972766823,2.287176516136938,4.719294631998938
5163,0.5,5598.606006812811,3.5483212137227533,6.215639799583022,7.157147585031022
5164,0.5,5600.162150309787,1.8261565162846969,-3.513025733385303,3.959317797979395
5165,0.5,5600.54974704759,2.426378945493114,2.1879013199776027,3.2671435495080425
5166,0.5,5601.3007509665795,2.03524165322927,8.100437874018084,8.352203442078384
5167,0.5,5603.081362651795,-0.06527326647383377,-6.015799548308642,6.0161536553471295
5168,0.5,5603.564840050677,4.191974325566656,-0.34553609381941613,4.2061911438190736
5169,0.5,5604.3472543495045,6.2771138969362585,2.666828157404641,6.820126926695465
5170,0.5,5605.6446541874475,4.5147763438061075,-5.282837679666733,6.949214299782231
5171,0.5,5606.542579545899,2.728443599189085,-2.657199906072012,3.8085582330830916
5172,0.5,5607.273178719413,2.7856730643509864,-0.31437432042046765,2.8033561377018166
5173,0.5,5608.00540350311,2.454968332894428,1.4777398122997214,2.8654117449975773
5174,0.5,5608.695582163807,0.9928849142421766,4.203677434167103,4.31934305461553
5175,0.5,5609.563895924982,0.43116787743273355,10.738087485860849,10.746740370574289
5176,0.5,5611.146743753713,12.106478726048465,-10.302444928981318,15.89676692472268
5177,0.5,5612.157114643562,4.789058048597014,-7.394419056094405,8.809796261546795
5178,0.5,5613.121400281544,1.7536271640357688,-3.7229246061764023,4.1152613348021845
5179,0.5,5613.7278969967465,3.2797117639939732,-0.1627414908358789,3.2837469524492815
5180,0.5,5614.4922879169335,4.281427547119425,2.3108627385153477,4.8652552284018675
5181,0.5,5615.741026437993,3.2748940341226507,-2.270780377569702,3.9851442204627583
5182,0.5,5616.254524796165,2.7610541628028606,2.7898069180938845,3.9251041680668175
5183,0.5,5617.320271437552,6.61984801403496,2.127502535269323,6.953319693966328
5184,0.5,5618.289089574103,7.168904399099596,1.1612735564253573,7.262351310442255
5185,0.5,5619.268082017288,5.943708963901471,-0.14521804629555868,5.94548269937207
5186,0.5,5619.902394519335,4.105397005599316,5.885598670300924,7.175970755335604
5187,0.5,5621.023391660963,13.989824400237259,4.2358927871625704,14.617043971125272
5188,0.5,5622.488604142267,0.2326234641492158,-8.542945793677818,8.54611236234291
5189,0.5,5623.413625843145,0.054805075038422,-2.169847441940696,2.170539453119097
5190,0.5,5623.7771201066935,1.8433606197510615,0.6954053292994996,1.9701692684810517
5191,0.5,5624.755579135306,3.739650825514097,0.6691328789655681,3.799042919799804
5192,0.5,5625.592184743386,3.8762926949407235,1.9953795984750264,4.3597230185943205
5193,0.5,5626.502242711865,4.296857741799504,2.48320866291354,4.962792733615941
5194,0.5,5627.213187208194,2.2743197801879296,6.829102245413552,7.197858566328356
5195,0.5,5628.348462444159,13.192753980604122,7.771359771829799,15.311524754117743
5196,0.5,5629.890648797948,0.019705581148665996,-6.643220021949293,6.643249247917496
5197,0.5,5630.380502229843,5.084758975226824,-0.46528713211270806,5.106002932966197
5198,0.5,5631.520288039644,3.133396242695034,-3.3843382564604565,4.6121488969760245
5199,0.5,5632.197465155439,3.5155473579530025,0.05582972199413473,3.51599064046938
5200,0.5,5632.847100005567,3.1537315466506177,4.4028776581690865,5.415842902184645
5201,0.5,5634.3700162119385,2.442095412207148,-4.637031353877146,5.240790949767308
5202,0.5,5635.016250807584,3.4092153143561026,-0.484885119213116,3.443524740505649
5203,0.5,5635.929470274486,1.9155264705049648,-0.20024312789324605,1.925964425806894
5204,0.5,5636.236694481528,-0.9734345682455688,2.166864998443473,2.3754744326417976
5205,0.5,5637.490237062519,8.642361939534855,10.307851796998584,13.451476817167979
5206,0.5,5638.788714457924,14.6951694737537,-6.209577630859171,15.953271144690332
5207,0.5,5640.134252591616,-0.7891038155413945,-2.942403929828583,3.0463791159297093
5208,0.5,5640.385710966422,2.550356530577522,1.2440765906442488,2.837612552208006
5209,0.5,5641.872250768497,0.3861070065270157,-3.4321644493392283,3.453814040708808
5210,0.5,5642.463399097842,1.8702028443548802,-0.6345905897782338,1.9749338965312664
5211,0.5,5643.0933194405825,1.6152957108438726,1.286726755610401,2.0651503521715506
5212,0.5,5643.663127487792,-1.2288047589410842,3.8895244455385645,4.07901477663888
5213,0.5,5645.328117414938,4.8407888193771464,-3.627093769376599,6.048887964382985
5214,0.5,5645.769016095281,3.252807548162496,5.058537449336798,6.014113240680271
5215,0.5,5647.161576573468,7.132972640109187,-4.821624921157516,8.609725057449479
5216,0.5,5647.857206976795,7.581700049720814,1.3926313410289888,7.708540568483297
5217,0.5,5648.974462993071,7.022271376460688,-3.6213060165025683,7.901022247140985
5218,0.5,5649.800756925361,7.0604024527773115,-1.0274988097544095,7.134776562670383
5219,0.5,5650.839075232865,5.659773352337143,-3.3468731670598086,6.57530184829644
5220,0.5,5651.883418462845,1.7497427963811039,-2.4167086797645716,2.9836354831542313
5221,0.5,5652.345479579188,2.3115912930141636,1.6713387818600736,2.8525125117496692
5222,0.5,5653.40735620534,4.477930350096953,0.7049225557657,4.533075780300464
5223,0.5,5654.192151373509,3.7919822293560226,2.7564562134477364,4.687982517502225
5224,0.5,5655.0003727624935,3.4421018562853374,5.619994845665106,6.590326794199611
5225,0.5,5655.819252623684,2.6107296233768142,13.347379017606528,13.600310136391016
5226,0.5,5657.866738715884,-4.37675365521489,-3.6608228185003697,5.705926416182555
5227,0.5,5658.411247459895,0.9545652288984987,-2.1652953613630244,2.3663682676545243
5228,0.5,5658.921215888584,2.5026355765253117,0.6425972830243557,2.583818123831564
5229,0.5,5659.894412872659,4.00031609358397,0.33079927105357365,4.013970229874218
5230,0.5,5660.630422802745,4.007323625789316,3.517760366542018,5.332286623787497
5231,0.5,5661.929696761165,3.8920922799991082,-2.428226423774391,4.587446553491913
5232,0.5,5662.457451148033,3.133616400154142,3.1528360454316897,4.445213928787718
5233,0.5,5663.557248248997,6.685035294579709,1.2761705204745402,6.805755511852059
5234,0.5,5664.336708256301,6.301503420979732,5.080168691168854,8.094260886291691
5235,0.5,5665.460459801876,10.681107855201331,-0.032085930273330204,10.681156047983059
5236,0.5,5666.472615778432,8.691223852257943,-2.7356830469403124,9.111604347389873
5237,0.5,5667.316170462719,9.218375097436004,-0.3075048364204597,9.22350251593451
5238,0.5,5668.52531560932,3.85306349266621,-6.076538664410937,7.195166462188222
5239,0.5,5669.472767900275,1.3952444217902582,-2.6601986053503324,3.003891412225929
5240,0.5,5669.97856381366,2.621376920678552,0.9062926622795885,2.773622784368486
5241,0.5,5671.149659068222,1.5939255792486218,-0.8921820808281133,1.8266328633674138
5242,0.5,5671.479959154305,0.11765979813042136,1.8536789743725062,1.857409370097717
5243,0.5,5672.290954890888,-2.324568576348851,7.046956662513642,7.420459370517025
5244,0.5,5673.9371583970515,11.622791443045319,-7.4612764341644615,13.81158669217789
5245,0.5,5674.814995125545,8.593819357850906,-3.7998102492622228,9.396397665370023
5246,0.5,5675.707528740346,8.418656545918441,-2.715385965470206,8.845739029589783
5247,0.5,5676.97253652276,0.31407835689366176,-3.280787271237276,3.295786754840421
5248,0.5,5677.38502608254,2.6697099262577604,0.7172587287259948,2.764382602732995
5249,0.5,5678.347908881796,4.4401049337922665,0.5676285638625038,4.476241058030614
5250,0.5,5679.113903984792,4.70342727421723,3.6641702648341123,5.962245537844362
5251,0.5,5680.339045053084,6.345675829344361,-2.4336278110240066,6.796333280064681
5252,0.5,5681.2415651371875,4.208908593536756,-1.2850645976924933,4.400716142742011
5253,0.5,5682.099169924708,1.5034880060866818,-0.1109305445253703,1.5075747975325142
5254,0.5,5682.288150146846,-1.3651460894321608,1.18977040131207,1.810849925678604
5255,0.5,5683.970509043295,16.80670287856256,-2.710640361627537,17.023890061274695
5256,0.5,5685.123793484791,6.480001628776098,-8.945313415732171,11.045770829354502
5257,0.5,5686.093541225542,2.739735119186183,-5.4260705483708245,6.078518743838781
5258,0.5,5687.024519731125,1.047105842254058,-2.2234648015797753,2.4576871991257896
5259,0.5,5687.481856548011,2.047114205841163,0.9993007645165304,2.27799881249311
5260,0.5,5688.363844470026,3.693770998514324,2.491043914476173,4.4552490360600805
5261,0.5,5689.508631787297,3.504570381685356,-0.5733439954205326,3.5511599368756994
5262,0.5,5689.952695061553,0.4199207947455861,4.059393742857879,4.081055137267011
5263,0.5,5691.140945770724,9.652661109226585,6.106995699893389,11.42231425623073
5264,0.5,5692.205217958837,14.01969730115252,1.1584066035095744,14.067473770190505
5265,0.5,5693.589608697249,0.513089080606161,-6.2736624359505955,6.294608865123776
5266,0.5,5694.31196652828,1.4496660712981497,-1.513598944155506,2.0958324079042376
5267,0.5,5694.609217468297,0.6156309446271796,2.429037339557055,2.505837955045172
5268,0.5,5696.031917372013,8.554989813002132,-3.4148362815700453,9.211349387060366
5269,0.5,5697.172049668286,1.9542680970591413,-4.039479067525194,4.487377288813297
5270,0.5,5697.902079625019,1.972583028143055,-0.9879653061383307,2.20616392161848
5271,0.5,5698.3747478279965,1.2400843883956105,2.254025798027394,2.572633201316415
5272,0.5,5699.372993196989,4.295465581151664,4.5150945989339775,6.231942217012397
5273,0.5,5700.481014348115,5.8654929848028825,1.0607848654216463,5.9606436301358805
5274,0.5,5700.983872395575,-0.29787701357933255,7.9686648741493675,7.974230407488919
5275,0.5,5702.7328114453485,4.702799849249978,-12.313513594930939,13.181006921880236
5276,0.5,5703.616227811558,3.201528594043467,-5.888499016272647,6.702552200701003
5277,0.5,5704.505840610416,2.148080561052582,-3.0735757141960467,3.7498156978267234
5278,0.5,5705.177927107997,3.1034277059516637,-0.33673378556835964,3.121642703515507
5279,0.5,5706.07741432669,2.7400776890284178,-0.08179102316792645,2.741298143832985
5280,0.5,5706.5960757480125,0.8035435192131096,3.5033544348979,3.5943253169111133
5281,0.5,5707.768652251344,8.129261266257181,4.3712156431373765,9.229973723357949
5282,0.5,5709.039424443667,4.056816664632824,-3.369983511548846,5.273950162691498
5283,0.5,5709.520369132197,3.4726818484818414,3.65024853177552,5.0382371484979345
5284,0.5,5710.6017409347705,9.138662234546233,2.5164510649510405,9.47880126384211
5285,0.5,5711.559224969294,11.33013257889372,1.7004325058871217,11.457022953733942
5286,0.5,5712.815871228328,4.713965808385683,-7.180643047734165,8.589709437553884
5287,0.5,5713.793844101061,0.9755086111215018,-2.3650721797354457,2.5583556175267685
5288,0.5,5714.0997546958915,1.6382935526889644,2.1512866207103896,2.7040783807481903
5289,0.5,5715.633644358693,1.6278699957683924,-3.774460346818651,4.110536659954434
5290,0.5,5716.333560485884,1.6632455059098317,-0.715664775543936,1.8106798954767251
5291,0.5,5716.750279152261,0.5392518237875195,2.0674704374436406,2.136639075548691
5292,0.5,5717.771496602876,3.0993835261629616,4.603928008923166,5.549984806609617
5293,0.5,5718.472339581721,-1.669405794050168,10.248505544049356,10.38358231014801
5294,0.5,5720.363389999228,0.02247719297553624,-10.745319650505436,10.745343159515304
5295,0.5,5721.050534731966,4.337622775359936,-4.190965263477991,6.031514004045781
5296,0.5,5721.9643234862515,3.04590271534498,-2.7808467594736204,4.124394749659744
5297,0.5,5722.591357947803,4.083332676760252,1.1093263419955566,4.2313367488470215
5298,0.5,5723.779045993776,2.4346699750362526,-1.8120785518852784,3.035003552806104
5299,0.5,5724.163357935434,1.2395919982270058,3.117199459637448,3.35462677405884
5300,0.5,5725.671140915321,3.2418255054032574,-3.3623737431907523,4.670651966950832
5301,0.5,5726.233386878947,3.319332224963503,1.4907784601464287,3.638734235543689
5302,0.5,5726.988743535994,3.3193191938333313,5.055760740526264,6.048024187782075
5303,0.5,5728.120700254257,9.558334821820731,2.6885305927486347,9.929247771819176
5304,0.5,5729.15237685311,8.794090033326128,-0.8809068505645182,8.83810027062476
5305,0.5,5729.883193187225,9.052695053176203,5.566615689942042,10.627252606638736
5306,0.5,5731.347862115284,2.5755751748933084,-9.222634586525855,9.575519630709847
5307,0.5,5732.341189147185,0.08729916075978203,-3.0404513990643642,3.041704432311235
5308,0.5,5732.882093179837,2.016125515866838,-0.5017498429681037,2.0776224393878304
5309,0.5,5733.599967910077,2.237053252067699,1.0836706314806877,2.485709011553931
5310,0.5,5734.289092686586,1.3342211300423434,3.9371660598713683,4.157093047654154
5311,0.5,5735.448992420156,6.9294188328165855,3.198638825284645,7.632046625592084
5312,0.5,5736.3254169475085,7.22634966758559,4.806343786512675,8.678771232862596
5313,0.5,5737.25526108092,10.722323128728831,6.711139606636526,12.649411373524014
5314,0.5,5738.609819841824,6.821422447556382,-8.887252267530116,11.203350261182825
5315,0.5,5739.56963443232,2.719972557614774,-4.700056048390694,5.430357039108148
5316,0.5,5740.311894799232,3.0234371545143572,-1.4038520409839021,3.333462581201796
5317,0.5,5740.865372181461,2.9122328112679017,3.1225956188043766,4.2698598742349425
5318,0.5,5742.146698513288,6.232725282389412,-2.678980074645565,6.784084218675659
5319,0.5,5743.0060629220925,5.212063749068441,-1.0231475930119585,5.311538338507925
5320,0.5,5743.891993555737,4.771099991402719,-0.3458234016744704,4.783616723056804
5321,0.5,5744.857530427187,2.8037424095381116,-0.6338250548534382,2.874492250677072
5322,0.5,5745.316395042861,0.6603410027596968,3.0115809188346985,3.0831266387573066
5323,0.5,5746.105037293983,-2.254275705581079,9.327676273655799,9.596212983406234
5324,0.5,5747.944351267191,3.209408365406466,-12.59124442982849,12.993834628300762
5325,0.5,5748.737621328781,4.612784031318969,-5.627849764399776,7.276707324762065
5326,0.5,5749.8400455983765,0.12203940677844946,-1.7530898862994215,1.7573325713285333
5327,0.5,5750.072418941114,1.1653314256072398,1.3212308958230845,1.761717460770958
5328,0.5,5751.510678657523,1.874706878463453,-2.433065024010748,3.071535656837245
5329,0.5,5752.022580454234,2.13657877708049,1.1174063061757487,2.4111337009282776
5330,0.5,5752.725353414598,1.4309230916297475,3.9991624614668804,4.247451151851552
5331,0.5,5753.688438232309,4.686747547599008,8.872828894762158,10.034574987046117
5332,0.5,5755.267001495403,2.2335572029433974,-5.077255443236335,5.5468279777448775
5333,0.5,5755.666768504421,3.9961276564598776,2.8650767349696813,4.917082564284237
5334,0.5,5756.764768471899,9.782677996394385,0.18927902620312978,9.784508946845481
5335,0.5,5757.94200797797,3.914272325380507,-4.48875130705566,5.95570450356913
5336,0.5,5758.475340726918,5.34641347753573,2.7099851139073445,5.99401004256542
5337,0.5,5759.896683465309,1.774040000001121,-5.108103239922893,5.407396474396411
5338,0.5,5760.6461079483715,2.0121140639803,-1.5321523186358375,2.5290499666808666
5339,0.5,5761.131645054408,1.943811039106362,2.1463567189124637,2.895729358999634
5340,0.5,5762.451906741179,1.863680108400405,-1.0828825022980804,2.1554438197806727
5341,0.5,5762.733907455104,-0.18742206770013595,2.2630484863456846,2.270796222256081
5342,0.5,5763.832280946394,5.08032761384176,8.83212811106399,10.189024272922795
5343,0.5,5764.963556715088,15.731946026171064,5.4211835600718485,16.639812407667126
5344,0.5,5766.305389090201,5.647169866130036,-11.189431185439666,12.533710454235683
5345,0.5,5767.382918922688,-0.27470815159418643,-4.126570990611686,4.135704620631193
5346,0.5,5767.9850958060815,2.124182328497766,-1.3016059439963257,2.491250408559677
5347,0.5,5768.708111307269,2.206883071078484,0.27852831818433377,2.2243900092931983
5348,0.5,5769.217379489943,0.14406263305611897,3.523225107447264,3.526169196165982
5349,0.5,5770.681886992373,7.745047312091804,-2.6037210586246324,8.170992670273659
5350,0.5,5771.717742972695,2.3684311072137256,-2.0622958695845823,3.140466551855514
5351,0.5,5772.110310913591,1.4633720507596688,2.777964971622863,3.139832343057217
5352,0.5,5773.085986223199,5.453198445349757,6.858252133742736,8.762020064708354
5353,0.5,5774.269143736221,12.456835027112149,0.05197254508458014,12.456943446854476
5354,0.5,5775.404901666434,5.995168337504251,-5.355405470837834,8.038806575113826
5355,0.5,5776.052509870958,7.643105433286652,1.573281946539067,7.803350354023693
5356,0.5,5777.400076385151,1.8492971531918065,-5.62387988969887,5.920128797126182
5357,0.5,5778.0911217563835,3.507998064900784,-1.778950169136971,3.9332828690065123
5358,0.5,5779.005201100714,2.6523950279252317,-1.2700886298433745,2.9408033786399104
5359,0.5,5779.661555490873,2.3847911774587907,1.1681323471896778,2.655515419016834
5360,0.5,5780.378597203567,1.6314174810786912,3.6495000099278982,3.997545912185734
5361,0.5,5781.253921951086,2.2049492018047436,8.1063456712067,8.400871450250323
5362,0.5,5782.400466794728,14.560341822398405,8.618564859706316,16.91990585748185
5363,0.5,5784.048432518079,-1.8409343731422672,-4.653567675826634,5.004471148854313
5364,0.5,5784.468467315674,3.2979102197251144,-0.8045397314824109,3.3946275196111193
5365,0.5,5785.212894534429,5.261855178546973,1.9920584911258503,5.626314686548221
5366,0.5,5786.493575401431,3.2274944328147357,-3.8024970441406527,4.987554920454362
5367,0.5,5787.134878800057,3.9525582888519892,0.3407126615099648,3.9672159185612483
5368,0.5,5787.969440944724,4.928443912755606,1.9650101129224462,5.305735024015548
5369,0.5,5788.9857998250345,6.2832675969065095,0.32879008012953087,6.291864160257028
5370,0.5,5789.954351321144,5.090927177728049,-0.5713126743776322,5.122883728998209
5371,0.5,5790.69226703069,4.338284958613542,2.4341111398030875,4.974496298425197
5372,0.5,5791.5469762174935,4.8346164769742375,4.376384225835097,6.521215789373102
5373,0.5,5792.289593635211,2.6857713466664954,11.564729578293738,11.872503440540113
5374,0.5,5794.301907788139,-3.2568897444186082,-3.0780642057311853,4.481273263471294
5375,0.5,5794.668781596152,2.6931475473136297,-1.4542083618919444,3.0606805895744613
5376,0.5,5795.563939737832,3.5964839777116246,-1.559250924948939,3.9199439344065303
5377,0.5,5796.419040669175,3.4334585726715865,-0.6475227781175551,3.4939839035738394
5378,0.5,5797.217839236137,3.1309821758595553,0.7278700585610878,3.214474172815821
5379,0.5,5797.884282193432,2.028198517610212,3.936126140994436,4.427942888594659
5380,0.5,5798.9396642547445,6.829873547009388,5.01965772168725,8.476092042387991
5381,0.5,5800.041030274365,8.257737852431708,0.12822074336716055,8.258733256287739
5382,0.5,5800.719277320538,6.74715619095027,7.552389932505159,10.127324935918855
5383,0.5,5802.37171840721,-0.4455344759891374,-5.084872046588921,5.104353504556313
5384,0.5,5802.7811360746,4.0250373393175956,0.3454322325812168,4.03983279483284
5385,0.5,5803.871206258075,3.933278281122632,-2.1205740447897017,4.468502245292797
5386,0.5,5804.409409031706,3.613561293367751,3.7927147734707223,5.238559971388004
5387,0.5,5805.820188753753,4.604695131450515,-5.410266040072394,7.10451939809898
5388,0.5,5806.798661008811,1.2894770519179761,-2.3280661270313088,2.6613235352458804
5389,0.5,5807.373949619649,1.5280205445813622,0.17233017091235994,1.5377075380154075
5390,0.5,5807.786383388401,-0.6277528676687917,2.226281548858776,2.313093858375708
5391,0.5,5808.950049546974,5.2160476381588055,8.375245787450876,9.866706388849103
5392,0.5,5810.033203191335,13.82975713106778,6.796026059359682,15.409352760704
5393,0.5,5811.356821178596,7.2520462494465345,-9.554239506773982,11.994818354477582
5394,0.5,5812.2047882909765,6.438618819174678,-5.160505589332627,8.251462308958553
5395,0.5,5813.345051566532,0.5132292824046978,-3.5701929644005412,3.6068936911659546
5396,0.5,5813.946414929017,2.025841465010793,-0.7168647491375801,2.148936646323749
5397,0.5,5814.49932731538,1.777492559104065,2.3018457770476286,2.9082595790235644
5398,0.5,5815.624714249826,4.830866249477354,1.0369714622016204,4.940908674905858
5399,0.5,5816.295670202822,3.1356114616637263,5.615819085656126,6.431911321009995
5400,0.5,5817.687141955805,5.716466291966411,-3.498357830137653,6.701976900502839
5401,0.5,5818.292158757065,5.172849253061291,3.003318389409154,5.981495694478093
5402,0.5,5819.26387366072,8.594436061901346,3.1249757859426444,9.144933290343795
5403,0.5,5820.323072483647,9.699711750846264,-1.242805626410792,9.779006793869376
5404,0.5,5821.199580317665,10.47675332529387,0.21282083653929054,10.478914683664595
5405,0.5,5822.554932361929,0.554901419201234,-5.360182158629005,5.388828106250583
5406,0.5,5823.1601205900715,3.306356977019956,-1.3717545885133469,3.5796238783699
5407,0.5,5824.03444619603,3.0862226579521836,-0.7496453291823207,3.175962596445731
5408,0.5,5824.644070750254,2.6888512177633594,2.88660899254198,3.9449248848478375
5409,0.5,5826.022417685477,1.89680518185034,-1.7531237179527193,2.582888435132781
5410,0.5,5826.437166473171,1.0601626976370664,1.5762467074783286,1.8996048610954264
5411,0.5,5826.894313623183,-3.6347989394983786,2.396928289016547,4.353966990373989
5412,0.5,5828.890322956993,7.0085297531627235,-14.43133881222678,16.04316144699199
5413,0.5,5829.884397342048,1.2163065815234593,-6.076940611893559,6.197467942695512
5414,0.5,5830.591034346444,3.05832500230476,-2.30506240135584,3.829708147348406
5415,0.5,5831.348619828558,3.394544733283995,-0.31519173693129854,3.409146488095793
5416,0.5,5832.010437995125,3.3951168593534446,3.4117605503529176,4.813203563284067
5417,0.5,5833.32074898773,4.760716163108126,-2.902289000438148,5.575634477594744
5418,0.5,5834.000771326141,4.611594721647779,1.2795048940256246,4.78580595621732
5419,0.5,5834.9352420186215,5.703672690426727,1.2713244158108752,5.8436416667824975
5420,0.5,5835.952597527725,4.036223488224577,-0.4675039219262963,4.063208087695268
5421,0.5,5836.40977579347,0.526347650884126,4.914942454324095,4.943045739107478
5422,0.5,5837.69481693744,13.366412071741937,2.914016865624129,13.680367903121263
5423,0.5,5838.887811770638,7.614284550115847,-6.6837381274428695,10.131618062598214
5424,0.5,5839.657148889605,8.535947021005496,-1.7999837719668987,8.723665119934212
5425,0.5,5840.870745780082,2.107294493841735,-5.644599376045349,6.025130056673237
5426,0.5,5841.773244696567,0.8964258770016144,-2.0363636540208696,2.224939613646928
5427,0.5,5842.257347261062,1.7435177158418453,0.5992814502758206,1.8436356153261566
5428,0.5,5843.004016163601,1.8037040652737426,2.373160088817782,2.9808114939127983
5429,0.5,5843.745504057075,0.2534603498256251,5.9729520522587425,5.97832738878657
5430,0.5,5845.043540778851,11.861446043283085,2.8236728677056004,12.192909033595416
5431,0.5,5846.12234647574,8.947268413828823,-2.8840760932507625,9.400612053518618
5432,0.5,5846.85896715362,9.312367194758048,3.004593314872821,9.7850786280839
5433,0.5,5848.182987415376,3.7907471692836436,-6.954488355513962,7.920522229525731
5434,0.5,5848.9969583433285,3.277112694937625,-2.830081281664165,4.329991648507792
5435,0.5,5849.661517375553,4.033708679302566,0.641569218448097,4.0844114351447205
5436,0.5,5850.48926813853,5.555588107312495,2.821584969639633,6.231043328288475
5437,0.5,5851.711059759896,5.4096829191531315,-3.428394959983387,6.404573466470397
5438,0.5,5852.66814558846,2.0934974620375937,-1.74524969116937,2.7255509733051455
5439,0.5,5853.095554594941,1.5346558433810051,2.316081743877568,2.7783813996545583
5440,0.5,5854.191539972039,4.2495030511717395,1.7002948783694414,4.577038218687635
5441,0.5,5854.7154917729395,-1.0327720327492578,6.389394856872391,6.472324521271813
5442,0.5,5856.094228893925,19.92048730646345,3.1996506169504193,20.175816677337316
5443,0.5,5857.843809341439,-1.9550533985032683,-0.9712083295876092,2.1829978035855953
5444,0.5,5858.083358309464,1.5208833923945964,-0.5688574334838284,1.6237872622026273
5445,0.5,5858.8339530600915,3.4310334077971376,0.7581603001035678,3.513800974169307
5446,0.5,5859.861397251982,4.212713806289592,-0.6527254129544512,4.262981125740472
5447,0.5,5860.649382999764,3.8890064060135887,1.1763098576763833,4.063013131566445
5448,0.5,5861.434868985917,3.9903947727766647,3.7148826656798364,5.451935772032889
5449,0.5,5862.557428297672,5.536443723728811,0.293777073494724,5.54423250548958
5450,0.5,5863.0940385133,1.4745953337651387,6.884644567153787,7.040792726277495
5451,0.5,5864.6567636064,6.826566853487994,-7.6482627276986745,10.251728525329069
5452,0.5,5865.5227925106265,3.839175505983772,-2.991016433256218,4.866769757216228
5453,0.5,5866.040235324606,4.061771562320725,3.4936157928343987,5.357549769476647
5454,0.5,5867.201546981378,10.42200642045399,-1.248887281045389,10.49656788044269
5455,0.5,5868.543660974695,0.013372672130628151,-3.8005657001940327,3.8005892266662116
5456,0.5,5868.986917034967,3.002670727797837,0.17581175285910328,3.0078133705430234
5457,0.5,5870.0089918557405,3.3497516455065854,-1.0187472093334864,3.501240060764021
5458,0.5,5870.718884647865,2.855986240367112,1.2705922455959957,3.125869808506897
5459,0.5,5871.419724497563,1.819780380104502,4.216307323625588,4.592259583154251
5460,0.5,5872.40279485629,5.308648505568524,7.311798161227418,9.035714764544284
5461,0.5,5873.387593706415,11.510359099135579,10.019794401321917,15.260558523062492
5462,0.5,5874.881588208324,3.697633619825031,-11.200028148589052,11.794622711882203
5463,0.5,5875.798358154291,1.5143326051527892,-4.49688911266363,4.7450200137219145
5464,0.5,5876.3749636214725,4.155235456811424,-0.31888453806554656,4.167453545051236
5465,0.5,5877.609748606668,0.7520842645440803,-1.7197469245947667,1.877008317943202
5466,0.5,5877.933293919489,1.0832608782787738,1.3007170115685283,1.6927252803077832
5467,0.5,5878.676214478654,0.5057469926040958,5.361229401702911,5.385031171517193
5468,0.5,5880.463284726764,0.19164210369782958,-2.5123547136330564,2.5196533299293313
5469,0.5,5880.709560927625,1.549370626525447,1.609642488407087,2.234166126058046
5470,0.5,5881.8250241205815,4.1901512541248636,0.5489308450471501,4.225954638314087
5471,0.5,5882.270516172438,-1.018484528553335,5.691322653247689,5.781735403689176
5472,0.5,5884.032826244937,4.189387467249581,-9.100435285138705,10.018427507835021
5473,0.5,5884.684250047967,7.192960498136615,-1.6565444759579093,7.381247884238843
5474,0.5,5885.744730540397,5.0975565094660915,-4.406690749790758,6.73824945601538
5475,0.5,5886.621191165031,4.133633023267177,-2.648523889241673,4.9093381186193294
5476,0.5,5887.48630038868,3.5698148301136556,-1.4592501742783672,3.8565514378043546
5477,0.5,5888.387576534157,2.118142281260497,-0.7256918811673178,2.2390076886995236
5478,0.5,5888.845470521669,0.779488970483817,2.3062231031643923,2.434392749059839
5479,0.5,5889.69829183479,0.6860376532673912,6.684105573689879,6.719219819438321
5480,0.5,5890.842689357557,11.64510230403282,9.698580125666188,15.15489571476352
5481,0.5,5892.225848293509,7.805638394875082,-9.770108603651122,12.505319383313877
5482,0.5,5893.121091670048,5.019021215768257,-5.3623053495289446,7.344718689365755
5483,0.5,5894.085613219849,1.8903239993774001,-2.8021983799101573,3.3801835132124527
5484,0.5,5894.544410863417,2.8077183309076936,1.89740532840521,3.3887208805057356
5485,0.5,5895.55713365196,6.972558050816151,1.9323119740117343,7.235357305407263
5486,0.5,5896.8146258741335,3.13493946928625,-3.880817915766181,4.988846877928859
5487,0.5,5897.52850839518,2.803462736871567,-0.5471711539742075,2.856361249696698
5488,0.5,5898.045615592846,1.426157624151789,3.4536248113134005,3.7365023626709775
5489,0.5,5899.335294403183,6.1459520696166745,-0.5726089409348278,6.172568982300967
5490,0.5,5900.02613076822,4.56471643988275,3.724511664312365,5.891402491269351
5491,0.5,5900.832883795791,5.03807454369039,9.094302946494702,10.396563912678234
5492,0.5,5902.160660214254,15.792660621749734,-5.548743053555897,16.739076407859233
5493,0.5,5903.459104336166,-0.5189883545729781,-7.443433560062517,7.46150467903407
5494,0.5,5904.359224850043,-0.017741165270262503,-1.9925961896665714,1.9926751677127121
5495,0.5,5904.78664964903,1.4863563344494288,0.1474852232698775,1.493655597532747
5496,0.5,5905.3779042969645,1.005467528055486,2.7200289626740295,2.8999176725830624
5497,0.5,5906.654294834347,5.112345408349211,-0.05457535355645608,5.1126367016917085
5498,0.5,5907.305604481369,3.410074529442049,4.310325686255825,5.496136444626003
5499,0.5,5908.304130378045,7.775390884102495,5.610332828378565,9.588145693812043
5500,0.5,5909.432316004653,10.349111850318023,-0.9895933475168472,10.39631718849721
5501,0.5,5910.297428639246,10.378736588253075,0.8818570408412644,10.416133880131552
5502,0.5,5911.489176576974,5.25185488766644,-6.019497441892197,7.988512327965237
5503,0.5,5912.332412220924,3.82215645290749,-2.6068001833581143,4.626476753044185
5504,0.5,5912.935296612505,4.568791395342806,2.3731534577167777,5.148369853461537
5505,0.5,5914.1156665416565,6.328917974188836,-2.8294091005666995,6.932586716542403
5506,0.5,5915.0195767541445,5.069372264947561,-1.9865733529602245,5.444723027603074
5507,0.5,5916.08833258069,1.2829159490630424,-1.5872117562087504,2.040861213166538
5508,0.5,5916.4411691279975,0.9798884762962458,1.6790628027446972,1.944076470085232
5509,0.5,5917.380890968156,2.478946031708822,3.591481465347381,4.363933150732111
5510,0.5,5917.975417960737,-3.982795255787663,7.258566646856424,8.279459391553365
5511,0.5,5920.055550869005,-2.5640274108522276,-7.308944866191086,7.745638231974342
5512,0.5,5920.538476511501,4.672890117887422,-2.0878964872958106,5.118126004262899
5513,0.5,5921.438418562954,5.839788819609018,-2.1993069220224992,6.240199066927799
5514,0.5,5922.552080087764,1.8129919760229154,-3.033287034771421,3.533803919353177
5515,0.5,5923.106480527552,2.896217888693477,0.6205261800885206,2.9619471296705067
5516,0.5,5924.023918205912,3.3789910567624144,0.7236491453870385,3.4556111828878793
5517,0.5,5924.612567997042,1.143842948448003,4.797735410118716,4.93220455336366
5518,0.5,5925.982652112324,8.310132166992073,-1.802391871555684,8.503347169881184
5519,0.5,5926.867806897631,5.66341476543828,-0.5873221716750384,5.693787328196006
5520,0.5,5927.479356433869,4.122745626701718,5.691188169479755,7.027563893904805
5521,0.5,5928.899161984594,4.5340304090654895,-4.459215922564579,6.359405506364887
5522,0.5,5929.3453828974925,4.399537918388203,4.871500288181072,6.5641030577744495
5523,0.5,5930.860362894445,2.7995683181393543,-7.439842130161615,7.949140437157802
5524,0.5,5931.570134864405,4.830298868662308,-2.6407242311085697,5.50501695050654
5525,0.5,5932.736065547438,0.37672737638325826,-1.695700507869418,1.737044538434526
5526,0.5,5933.033536559582,1.1512470149362706,1.117480640929654,1.6044103814960262
5527,0.5,5933.987898043519,3.3471871668626143,2.5087353190355395,4.182991134461813
5528,0.5,5934.8299813073145,3.8451267450477458,4.849153811686505,6.188642207695904
5529,0.5,5935.948347327594,6.311048253515925,1.3524501348462739,6.45433586246115
5530,0.5,5936.465147329214,-0.10160811414455971,8.746054628227489,8.746644829235922
5531,0.5,5938.2876799882,0.6235721271753514,-12.07772977453197,12.093816548319479
5532,0.5,5939.265303266807,-0.4463135795075183,-2.8403628729780603,2.8752142635714986
5533,0.5,5939.6958387113955,2.1320730802533308,-0.12801099781154696,2.1359125532431413
5534,0.5,5940.379099853132,2.81296977213972,2.573192031037356,3.812363593306119
5535,0.5,5941.441894804406,6.7130718996250485,1.6535141079864157,6.913714141823161
5536,0.5,5942.467736153845,7.027552575231892,-0.9287130570137891,7.088653125941225
5537,0.5,5943.543979174501,3.0150495283308425,-2.42351743416766,3.868327857356798
5538,0.5,5944.130246624258,2.6566214960760055,1.3027280923626794,2.9588406946038885
5539,0.5,5944.725413371058,0.0647388790606658,5.208119699732911,5.208522048451754
5540,0.5,5946.14333199071,9.759543273348081,-1.5568272667692764,9.882934586594716
5541,0.5,5946.820062653,8.614122320687192,6.75055002627298,10.944086485996692
5542,0.5,5948.30161386944,2.8675450081925944,-9.248492813560341,9.682842232345187
5543,0.5,5949.1424263126355,2.465049708395555,-3.921507742000253,4.631921095553003
5544,0.5,5949.777706351522,4.331434634912834,-0.19446217024775656,4.335797681186236
5545,0.5,5950.9890843929925,1.1999884081727428,-2.1127698193857745,2.429767167745986
5546,0.5,5951.430121674386,1.7243092428911206,1.1199110756633457,2.0560747025614563
5547,0.5,5952.261902584628,2.216156599146189,2.6123440091626615,3.4257395251459575
5548,0.5,5952.902618768109,-1.5479662241785856,6.259796291390829,6.448352428404335
5549,0.5,5954.465995760656,11.891922422235858,-5.067023975497305,12.926428387792988
5550,0.5,5955.342138476739,9.321261040007265,-2.5174467978655146,9.65522893338323
5551,0.5,5956.365914060979,5.449859533706821,-3.9802389063464902,6.748575456252189
5552,0.5,5957.027692949345,6.650636392638686,1.6469037922633885,6.851514907526776
5553,0.5,5958.332640101392,2.232396485095061,-4.259727262124863,4.809248425102884
5554,0.5,5958.866457495425,4.018361344676924,0.9151865928038861,4.121261262774022
5555,0.5,5959.876516604981,5.509821991902422,-0.532655089410701,5.535508994367789
5556,0.5,5960.7406930761,5.625797701231017,0.46945158601831866,5.645350703613665
5557,0.5,5961.788662547501,4.1051307883100385,-1.5788013647719725,4.398262445391002
5558,0.5,5962.57424588566,2.3762104182947006,0.19463771642996616,2.3841685747172634
5559,0.5,5962.943559513121,-1.1892124120291367,2.921059956467657,3.1538575475444333
5560,0.5,5964.14653345962,9.055751678224627,13.371150959570093,16.149127420429885
5561,0.5,5965.7365091676365,3.04014113043507,-12.552169300292897,12.915084677855523
5562,0.5,5966.619515143618,2.058133598944386,-5.598629268244709,5.964944559201708
5563,0.5,5967.433133231373,2.2692884792095134,-2.668433524161088,3.5028856211329242
5564,0.5,5968.178918743095,2.34915315338012,-0.6783453742939489,2.4451325086509645
5565,0.5,5968.735878784986,1.8081407736372486,2.5344496451940444,3.113327490212638
5566,0.5,5969.7796802066705,5.649056369959688,3.1917928857259277,6.488403478233514
5567,0.5,5970.844216766736,6.363571347167119,0.040075230669076964,6.363697534814137
5568,0.5,5971.604971542722,5.483451625170183,3.284759730890261,6.392017538716534
5569,0.5,5972.48536840506,7.462806009889532,5.8263553748296255,9.467834519838703
5570,0.5,5973.620902248292,12.369123014059674,-1.101141410928531,12.418039963851072
5571,0.5,5974.886211179463,1.38966479355391,-4.738456559947996,4.93802985095852
5572,0.5,5975.356163229909,3.851770960883987,0.961912281251699,3.970064832207656
5573,0.5,5976.14190189254,6.152608261619281,5.100597239710449,7.991913451901721
5574,0.5,5978.02659041929,-0.5741237763584732,-0.3233684133857354,0.6589273414844175
5575,0.5,5978.13930972579,0.5624120040155243,0.07149090616669337,0.5669375732170986
5576,0.5,5978.8326703527955,1.5992501332203504,1.976372242480945,2.5423705924696476
5577,0.5,5979.862288578085,3.886546281911399,2.1303718140222707,4.432124328966851
5578,0.5,5980.59261333338,2.4421995393058094,5.294377201586092,5.830503283804931
5579,0.5,5981.506260799349,4.96454256727822,11.006913309150896,12.074718361000414
5580,0.5,5982.914976763732,13.637341134114715,-8.21706322254276,15.921595435492074
5581,0.5,5984.012615640011,3.2002222355495005,-7.448137151652767,8.10655101672318
5582,0.5,5984.792817506802,3.9845016539238056,-3.349988514349481,5.205638911449293
5583,0.5,5985.669034669888,3.2616790836621865,-2.05661404796299,3.855932025733612
5584,0.5,5986.419145205076,3.17543636457585,0.02032491574932979,3.175501410434407
5585,0.5,5987.055919517703,2.543971948744958,3.665132760404946,4.46150102850989
5586,0.5,5988.313841463135,5.895456590434392,-1.2490356876948876,6.026317163810062
5587,0.5,5988.973948250783,4.994199858000834,3.9463966545687965,6.3652241733380714
5588,0.5,5990.294284873587,3.493837579434199,-3.0542550717201085,4.640622272346095
5589,0.5,5990.809755142915,2.9862375629542632,2.2944960909180523,3.7659430550178583
5590,0.5,5991.472985430086,0.38601242250566625,7.873057490948954,7.882514817373712
5591,0.5,5993.084653614646,9.008427188948048,-10.568195146742996,13.886630587663108
5592,0.5,5994.057233174675,3.6264234729787006,-6.464038066511223,7.411797037876648
5593,0.5,5995.024532494481,0.8694663885459329,-2.5002948533965896,2.647158128018155
5594,0.5,5995.409540651148,2.1949297067780313,1.4529068364705011,2.632233783910429
5595,0.5,5996.609465538454,3.9772105907222937,-1.6349054648355374,4.300130226156259
5596,0.5,5997.392505688816,3.1023978149659803,0.20289991278053734,3.1090256635981697
5597,0.5,5998.052919752656,2.0027351689359727,2.7495097987777863,3.4015808516729487
5598,0.5,5998.7347949432915,-1.1892035878431615,6.814845595296785,6.917826657345141
5599,0.5,6000.121020998375,17.657878483132176,2.2964568629152833,17.806582677434008
5600,0.5,6001.4955190899245,1.0038005265516743,-7.92641182018252,7.989719634645173
5601,0.5,6002.154589633412,4.04485811169281,-2.5612716083816456,4.787587011807621
5602,0.5,6002.914838345619,5.01664138359749,-0.1572209642661502,5.019104422427144
5603,0.5,6003.878519365193,4.983293610195256,-0.990591874713994,5.0807959482410086
5604,0.5,6004.591820724888,5.309905973777895,2.8864117217575442,6.043713599920295
5605,0.5,6005.855784942334,4.527800147227356,-3.7942575311815077,5.90739912196219
5606,0.5,6006.678028614962,3.172611642280737,-1.2572104046010797,3.4126298706675593
5607,0.5,6007.325565907606,2.6482317561194084,1.5958829850568996,3.09192075191351
5608,0.5,6007.978287457788,0.6747887732077752,5.2997282417788245,5.342514326153494
5609,0.5,6009.204540379586,10.868714358670234,4.313606612631188,11.693423528586486
5610,0.5,6010.190820410438,12.75296461397387,1.7304255340597567,12.869828241829635
5611,0.5,6011.253025428469,12.568575580111878,-4.856448025298275,13.474204226424956
5612,0.5,6012.651122635339,-1.4999708572627612,-3.0710386116707946,3.4177756987564973
5613,0.5,6013.047245645551,2.4541259975684357,-0.6083698577749443,2.5284082533859866
5614,0.5,6014.0423731697965,2.2029819727902336,-1.2515036938336128,2.533651725892477
5615,0.5,6014.663869379401,1.7799403624243606,0.9539297795248852,2.019447874556746
5616,0.5,6015.161467300141,-1.2421316293992801,3.3508302883638557,3.5736472414286653
5617,0.5,6016.736803703803,8.305526702031244,-2.9324203919866263,8.807999951946694
5618,0.5,6017.5305428991205,6.11739103290766,0.47738606355169,6.135989773718045
5619,0.5,6018.1804745295485,4.618623913188482,7.017523635732818,8.401031176560721
5620,0.5,6019.650285835953,5.952509166320926,-7.731334627852036,9.757351100732135
5621,0.5,6020.485477165467,4.206868474252123,-3.131280663350445,5.24429794656337
5622,0.5,6021.07853368498,5.24996244546833,2.6406879414998645,5.876677503760998
5623,0.5,6022.496991537045,1.0912641396682858,-3.4139456398881443,3.5841152680455513
5624,0.5,6022.866086750985,2.7699076193121863,1.9491044329328628,3.3869449818386834
5625,0.5,6024.235928621511,2.128095162307437,-2.960747781025957,3.646205759784607
5626,0.5,6024.765822154942,2.747616784413895,1.081408328195657,2.952768525686339
5627,0.5,6025.652989058804,3.353450243026031,1.707591551895681,3.7631765093544107
5628,0.5,6026.328429368198,1.3848127713653775,4.870933905004238,5.063961247744348
5629,0.5,6027.149989355024,-0.5558226551798912,12.581299041054205,12.593570755923146
5630,0.5,6029.083879336239,-3.1954996824787307,-9.90707812106401,10.409678915201319
5631,0.5,6029.8713364906125,0.41822394516662853,-3.3009012895762635,3.32729027766394
5632,0.5,6030.366565545267,2.8466507607322904,-0.009838922195734474,2.84666776388951
5633,0.5,6031.190552493812,4.476938870199853,1.4295385917676224,4.699634265861472
5634,0.5,6032.274114806583,4.920615258605655,-1.3601927466642079,5.105152184930506
5635,0.5,6033.146731331338,3.2786897510524313,-0.4095248264529463,3.304166622181389
5636,0.5,6033.644977208373,1.087785672001209,4.020408474342521,4.164968423502905
5637,0.5,6034.942132629864,8.340867916992192,-0.048811250867554806,8.341010738928523
5638,0.5,6035.782357605261,7.5442178008126435,1.9312758079618146,7.78749308009432
5639,0.5,6036.735104464168,8.330368794723384,1.0098196625919271,8.39135150062601
5640,0.5,6037.621814970688,9.135141085186936,2.017330963627481,9.355235264977601
5641,0.5,6038.620819010113,11.074471388762232,-0.7946138211688247,11.102942297666228
5642,0.5,6039.780188462111,5.22209585687894,-6.736960146932415,8.523902695349578
5643,0.5,6040.747929474348,1.9068696873143884,-3.6842196446036426,4.148448673188794
5644,0.5,6041.398240993255,3.158242283894972,-0.5907463861506532,3.21301659138763
5645,0.5,6042.397652237235,1.370551812179856,-0.7058696313546952,1.5416433460234247
5646,0.5,6042.668644064463,-0.2867362231055588,1.7271185540415992,1.7507587387631642
5647,0.5,6043.99501026898,5.637794001214562,1.8784090713965245,5.942486166549793
5648,0.5,6044.552572123936,0.1798468266333125,7.980139344448522,7.982165673416291
5649,0.5,6046.181521954205,6.661801854959847,-8.480121443880716,10.783879805418456
5650,0.5,6046.796932396247,9.381843419208218,1.1592972320550277,9.4531981897552
5651,0.5,6048.263607361398,-0.9601486746375053,-4.680084144622389,4.777559322306112
5652,0.5,6048.952645864481,0.7681292004086279,-1.19182473583227,1.4179099652171354
5653,0.5,6049.241142991617,0.6429749397069634,1.4457794947686664,1.582306898355914
5654,0.5,6050.246128122275,4.6103884710622935,5.162779825142246,6.921703358061504
5655,0.5,6051.626971033906,4.836959065595874,-4.5955132937211935,6.671949897520089
5656,0.5,6052.439739293709,3.3072418065451585,-1.4381521602468965,3.6064012537407564
5657,0.5,6053.067413924324,2.8111817580433267,1.8226675678515105,3.35035221128366
5658,0.5,6053.778846036458,1.6810316763367574,5.4744767417094256,5.726758515282884
5659,0.5,6054.804164558045,8.429411770770836,10.45305613384073,13.428379103169348
5660,0.5,6056.2608862321795,6.793326949557022,-9.927823846023212,12.029587580679765
5661,0.5,6057.072842116194,6.408163665537601,-4.561332092914084,7.865768368453541
5662,0.5,6058.00087627065,5.11394659199891,-4.013019803942071,6.50052134006562
5663,0.5,6059.134493785758,0.29563123504019667,-1.9261813856246848,1.9487361436219175
5664,0.5,6059.466828728352,1.4451995144640097,0.9494811438602151,1.7291952114070614
5665,0.5,6060.34162759301,3.164417118325239,2.7600163134178617,4.198955316395083
5666,0.5,6061.493619822284,2.7774432519316385,-0.27659379685242175,2.7911816755915106
5667,0.5,6061.793911747667,-1.410133312199944,2.997207523653945,3.312360019385544
5668,0.5,6063.25368720773,15.721083183415526,2.1570045093044965,15.86836869098492
5669,0.5,6064.593399932611,1.5891978730335823,-6.347267698405196,6.543191661175184
5670,0.5,6065.104446594213,5.187551835457771,0.3120049981625562,5.196926126513605
5671,0.5,6066.142573932623,5.508493850487561,-2.1087555377989093,5.8983348852923605
5672,0.5,6066.82993437891,6.1706530101352195,2.711267890644806,6.740024639890597
5673,0.5,6068.165352787179,2.904957208384305,-4.875687067304934,5.675482425382755
5674,0.5,6068.884377847926,3.2684335035425143,-1.2407146213591205,3.496002050733595
5675,0.5,6069.5697098815,3.4431689959032696,1.552555736814186,3.777014965586471
5676,0.5,6070.4567309485865,4.827234200720508,2.743724932011968,5.552496423335168
5677,0.5,6071.607124379687,3.28970705817861,-1.000062250212947,3.4383567343908843
5678,0.5,6071.987031737128,0.11214275017133693,3.7398930420212344,3.7415739952825784
5679,0.5,6072.986930281585,4.630678533543708,13.749447760468525,14.508290643589804
5680,0.5,6074.835751881023,-3.3104627753747575,-7.918959938894694,8.583069981129187
5681,0.5,6075.456209880472,2.600050468921606,-3.695734519207859,4.518707345846155
5682,0.5,6076.319580410927,2.1030419079064924,-2.095525113961638,2.968839970368042
5683,0.5,6076.896595428757,2.823928587589069,1.1105639329232657,3.034456280277043
5684,0.5,6077.923525597854,3.4381769687113497,-0.046454111288376516,3.438490781234226
5685,0.5,6078.464257000359,1.2997976200847308,4.181646226015365,4.37899977309048
5686,0.5,6079.725372514825,8.76256870989145,0.6681727725791952,8.788006898585417
5687,0.5,6080.817594639935,3.3891985630332973,-2.016759596627484,3.943854227815224
5688,0.5,6081.1771706529335,0.86953582190428,4.245271772119827,4.333408008107726
5689,0.5,6082.501083706978,12.636831964961424,-0.514793595602112,12.6473133335402
5690,0.5,6083.644016757933,5.462837153958285,-5.951418699509858,8.078488367729612
5691,0.5,6084.383007365661,5.993167355936703,-1.384716724285913,6.151056442822033
5692,0.5,6085.230905162356,7.098343716969457,-0.0028826883522737688,7.098344302309652
5693,0.5,6086.325556912579,5.379063541472505,-3.8575231717584932,6.619275610204824
5694,0.5,6087.278392364373,2.917214543035085,-2.752699088848168,4.01092171001142
5695,0.5,6088.144768071507,1.3488201152631407,-0.9098908354183948,1.627027054389956
5696,0.5,6088.537541404678,0.5566657715283866,1.4222402553474043,1.527299618647875
5697,0.5,6089.128616019717,-2.9603459097424834,3.2662567372091225,4.408183410282861
5698,0.5,6090.717153107077,16.049934263755546,-0.21029028653467036,16.05131184282098
5699,0.5,6091.689881768495,14.05921615047236,-3.086421265051941,14.39401108069143
5700,0.5,6093.192335325568,-0.6108197370668652,-0.7712354339848309,0.9838215518193352
5701,0.5,6093.2834268176775,0.7840137734715451,0.5223680530023026,0.942096587293738
5702,0.5,6094.550261329978,3.812271291548856,-2.760908709206123,4.707019152386976
5703,0.5,6095.331193379997,3.1899149660676187,-0.5494365776193509,3.236887091569343
5704,0.5,6095.911728318066,2.3451468703434437,3.4569554358819103,4.177350204274851
5705,0.5,6097.09672848939,7.354879626675234,0.3042431304661001,7.361169622099347
5706,0.5,6098.071498010461,5.525896117137876,-0.9439247117207794,5.605936296355552
5707,0.5,6098.786888080899,4.813187450161245,2.7063008422290746,5.52185092872304
5708,0.5,6099.667065247017,6.503178139202251,4.710347022218706,8.029862699942178
5709,0.5,6100.713939634763,9.80588215334278,1.664543618266816,9.946156557301883
5710,0.5,6101.542636010731,11.487569029152287,5.6873059055251005,12.818334160980493
5711,0.5,6103.111062056343,-1.5824120210010277,-7.005554007336216,7.182048089083857
5712,0.5,6103.890836007713,0.5614136710973758,-2.31913548034039,2.3861212639488136
5713,0.5,6104.369986546026,1.9942033397871914,0.32244785907888684,2.0201038543210954
5714,0.5,6105.080112318568,2.460514213756606,2.854795928711281,3.7688181158932035
5715,0.5,6106.427937948078,1.8062205742979636,-1.3305087431875342,2.2433649455039046
5716,0.5,6106.69887078732,-0.009311127772908634,2.3257702646231153,2.325788902911328
5717,0.5,6107.888398279542,6.984081978125214,5.03675460988861,8.610824471408506
5718,0.5,6108.683780716911,6.786815798099138,11.313583101552938,13.193105444627971
5719,0.5,6110.531011475982,-2.190591061904779,-3.1250510908762874,3.8163639136073204
5720,0.5,6110.830996154774,2.956189091100623,-0.2147602157357542,2.963979738899238
5721,0.5,6111.844532847507,3.8413014964376275,-1.7039415270656983,4.20226295157656
5722,0.5,6112.464435384833,4.010512639056699,2.694408598062392,4.831567998211976
5723,0.5,6113.552617473988,7.915531902081464,-0.0818678331359045,7.915955257261866
5724,0.5,6114.76189175327,2.0066159198833184,-3.333543155431969,3.8908890268236265
5725,0.5,6115.274791543812,3.002970695837714,1.0897435177002335,3.194585095819131
5726,0.5,6116.167495930629,4.215585117995797,1.8748295885435815,4.613690916516421
5727,0.5,6117.090753291097,3.7871070031624066,1.528652508577683,4.083987995254465
5728,0.5,6117.5523594277165,-2.140703247212532,5.580614779866204,5.977112322341568
5729,0.5,6119.2159978424115,12.975057801470573,-9.766182477296596,16.239779713141353
5730,0.5,6120.28153469736,2.911142310919934,-6.866788635263775,7.4583869379253835
5731,0.5,6120.933301686411,5.878928857492184,-1.6321497072186513,6.101288157285172
5732,0.5,6122.094398758503,1.8549834440536457,-3.8753869939264014,4.296462257533172
5733,0.5,6122.85742491965,1.723492690876218,-1.2001976491946622,2.100214620612889
5734,0.5,6123.356607972827,1.4870073955893441,1.5797420008260363,2.169510494031143
5735,0.5,6124.138883220781,1.4360752480813581,4.55507708544251,4.776090385710405
5736,0.5,6125.172619880176,6.884359785218341,7.8334007595125135,10.428642150896863
5737,0.5,6126.568586519307,4.946804449290994,-5.221593304373833,7.192767957873159
5738,0.5,6127.130221394033,5.5632032241483325,2.3287397820671245,6.030941807525292
5739,0.5,6128.046863129756,9.176612269777824,3.703101882327498,9.895613993115049
5740,0.5,6129.268751548014,7.50890225798214,-6.0708603225076,9.656032216978481
5741,0.5,6130.2916064646115,1.8321465829086152,-3.2576835299484013,3.7375477364925778
5742,0.5,6130.6867686492615,2.9100257418851876,2.568474900452838,3.8814060767575778
5743,0.5,6132.121687397099,2.2709237093427754,-4.186359072935044,4.762635486912757
5744,0.5,6132.762353486791,3.167344308267666,-0.4372187550735344,3.197378646157447
5745,0.5,6133.489892704202,3.3570890544431458,1.835650624845288,3.8261808812387414
5746,0.5,6134.455051667965,4.166270161884913,1.3808058453656136,4.389126546866516
5747,0.5,6135.143074922049,2.356854859475247,4.5571152296535855,5.130503293534928
5748,0.5,6135.892613200648,-0.9547118933034467,11.285668220443974,11.325978190918173
5749,0.5,6137.781389320129,-1.4301228453831423,-10.627449604810145,10.723242814357329
5750,0.5,6138.4456013902545,4.067899687678562,-4.624260958496436,6.158863310813913
5751,0.5,6139.589346958782,-0.09897727537957882,-1.3348718770487307,1.3385363010307814
5752,0.5,6139.813239833826,0.9271239224937496,0.8231637984467031,1.2398215221286493
5753,0.5,6140.675863382834,2.9992779295422616,3.7655771486762837,4.8140668214382245
5754,0.5,6141.872358756232,7.193176070271091,-0.5701352671518205,7.2157353194786005
5755,0.5,6142.911451640285,3.1740225460060136,-1.7947521370576471,3.6463069475878584
5756,0.5,6143.356666103173,1.7491172343740786,3.388396177732786,3.8132190806270994
5757,0.5,6144.405867207822,7.488899390148993,5.38957072746647,9.226650893045505
5758,0.5,6145.50536404389,10.849521483185574,-0.2158982496563212,10.851669386242376
5759,0.5,6146.604329604663,4.715119132404367,-3.6735863122952113,5.97725562667755
5760,0.5,6147.070023447599,4.2100897413414575,5.055418844637039,6.578914448817516
5761,0.5,6148.593113945611,2.865382348401092,-7.9786647617896875,8.477588535872277
5762,0.5,6149.398925230075,3.0979236855927796,-3.5903693009340967,4.742139061525584
5763,0.5,6150.27537410434,2.0376843461326977,-1.8421660592785922,2.7469498146912437
5764,0.5,6150.879887870595,2.23632779019845,0.7537149756492644,2.3599254754614294
5765,0.5,6151.572502081302,1.7412956107880775,3.27261400400553,3.7070355843130147
5766,0.5,6152.5855990272275,4.690958044748156,4.240244417539887,6.323350385520766
5767,0.5,6153.326365653244,2.4481849081348677,9.792367711419823,10.093764151201317
5768,0.5,6154.805638423514,11.27504688751216,-8.159963561640083,13.91803461854049
5769,0.5,6155.704809901577,7.957215624757406,-5.227603006500281,9.520772746602777
5770,0.5,6156.737464494589,2.968256012876641,-4.5802051247108,5.45791377198334
5771,0.5,6157.381128649896,4.629989475590938,-0.3283677777552856,4.641619107763022
5772,0.5,6158.397686173143,3.9336070594674264,-1.804214728217329,4.32763853432889
5773,0.5,6159.096947190147,3.7743228197098952,1.1815555988882338,3.954944548365626
5774,0.5,6159.829468995751,3.8662964350370244,5.100950500209056,6.400620605000973
5775,0.5,6161.429368945598,0.3705300080545365,-2.9604977344977796,2.9835950333172527
5776,0.5,6161.827253696845,1.9151291251268976,0.6451879731855277,2.0208876976845014
5777,0.5,6162.4155624124405,0.48722808348362506,3.7129416626156355,3.7447732902436277
5778,0.5,6163.378477444263,3.419853822626798,10.848753146425638,11.375009670335023
5779,0.5,6164.773220517611,16.606169002568027,-6.960494893785535,18.00592508337924
5780,0.5,6166.200513434597,-1.6543870093479072,-2.414492600180939,2.926904660734207
5781,0.5,6166.4830489940305,2.3889035593577073,-0.0074353318191237696,2.388915130361726
5782,0.5,6167.464531359394,4.461014387964142,-1.102462551416025,4.5952228506240935
5783,0.5,6168.379809680247,3.99656439745873,-1.0352830155590458,4.12847888517547
5784,0.5,6169.394736467651,0.7690165759536502,-0.5351890712994557,0.9369171981183023
5785,0.5,6169.538152648449,-0.45449248153415467,0.8974658806530597,1.005986293498796
5786,0.5,6170.820008109075,7.141029960860182,6.861223523182809,9.903065037501262
5787,0.5,6171.920474771538,11.481214753659179,1.337982904852928,11.558913896786319
5788,0.5,6172.839930458119,12.377077572088787,1.1181815543535618,12.427484830568083
5789,0.5,6174.235069962361,-0.018857340156097906,-4.868829391095628,4.868865908902645
5790,0.5,6174.747542413266,2.9499824579380696,-0.5937613400971294,3.0091442356816787
5791,0.5,6175.309013705466,2.5883625312627103,4.108349008064104,4.855733947129518
5792,0.5,6176.744162202786,5.4920325120687705,-5.59068363729474,7.836974202199185
5793,0.5,6177.630404449607,3.4118971221949312,-2.909797063283932,4.484190107693679
5794,0.5,6178.410285632124,3.0078219590876847,-0.773084962553529,3.1055842118507218
5795,0.5,6179.094486917628,2.615126926260218,1.5413938041716237,3.035586220154171
5796,0.5,6179.764681614096,1.0423801277218365,4.993437383772065,5.10107569403962
5797,0.5,6181.012825755287,8.280034964971186,1.7298145825057667,8.45879645759342
5798,0.5,6181.678420746652,5.264782605272423,9.265970827069989,10.657211232254486
5799,0.5,6183.062480334704,13.935034930980576,-9.000627574052947,16.589047448676826
5800,0.5,6184.336316582488,-1.423516193020366,-5.5608556938902804,5.7401667571650865
5801,0.5,6185.079974864196,0.5993091208834579,-1.759116318618524,1.8584029823491166
5802,0.5,6185.460103700484,1.56503036731518,1.0461028722045067,1.882458836164341
5803,0.5,6186.457283968079,3.5690507461677545,1.082359840268557,3.729561107227871
5804,0.5,6187.1267507233315,2.2990521665785715,4.860296172609361,5.3766271723201
5805,0.5,6188.458683360364,6.422760852602344,-2.1255302630727932,6.765333389343017
5806,0.5,6189.118029681646,5.433042082119084,3.3287034734167547,6.371672706598609
5807,0.5,6190.16979588731,7.640709748414332,0.5088425809707985,7.657634506276911
5808,0.5,6190.926665971511,7.452460508527145,5.0938552798566095,9.026988935590856
5809,0.5,6192.097286028823,10.888646444139102,-3.289764989342785,11.374760440139768
5810,0.5,6193.13343114443,5.785722510612638,-5.10538061563558,7.716184043963528
5811,0.5,6193.902824192949,6.400525278462282,-1.5207941544813135,6.578718621474793
5812,0.5,6194.9652740924885,3.665507868459981,-3.4402011362454297,5.027020170196891
5813,0.5,6195.672078990472,4.275082132991621,-0.20685676503776498,4.280083756781644
5814,0.5,6196.664752125841,3.4767969211769993,-1.184700201219704,3.673095615128453
5815,0.5,6197.387063257131,2.7879343213136414,0.9344211643706838,2.940360639850564
5816,0.5,6198.065389560702,1.473850351053161,3.0983045672423137,3.4309949065386425
5817,0.5,6198.652216561331,-4.663555745959297,5.829499390243538,7.46537442708132
5818,0.5,6200.674034464229,-0.14587519410223715,-12.508159979529957,12.509010578209981
5819,0.5,6201.5930885087755,-0.08669713525954591,-2.260814120210787,2.262475829574028
5820,0.5,6201.8325696394495,1.7201646944799571,1.4692584744971329,2.262230545505247
5821,0.5,6203.190910737261,3.284879233122997,-3.622830108222049,4.890330210654789
5822,0.5,6203.867876241975,3.6536168037502073,-0.09694473265150792,3.654902738765391
5823,0.5,6204.58565618687,3.9752214766495357,2.9626903451507514,4.957814021286518
5824,0.5,6205.731342331215,5.911594527046043,-1.0015600498947377,5.995837921904317
5825,0.5,6206.513025685408,5.206939756704904,1.4902224187514355,5.41599339801144
5826,0.5,6207.35367736698,5.950329528127682,3.4224732117310235,6.864382301294463
5827,0.5,6208.562086127367,2.7864244592247296,-1.5325973922460152,3.1800968591672034
5828,0.5,6208.813972410796,-0.7031418405472658,3.478473682654148,3.5488290475656488
5829,0.5,6210.4700301629855,8.16688518498151,-8.379205531481754,11.70081616655372
5830,0.5,6211.2078165472185,9.502020678748371,-1.931978065972262,9.69643935817471
5831,0.5,6212.549686057974,-0.5219400102379459,-4.510872362840035,4.540968051871895
5832,0.5,6213.187976900496,1.6834820255710703,-1.553876643172708,2.2909920018669983
5833,0.5,6213.799999957367,2.103135142091214,0.6179211365894849,2.1920319242527175
5834,0.5,6214.5013047295815,1.832665246106742,2.9116002274051653,3.440360124828983
5835,0.5,6215.40095701678,3.496146509371339,6.069955028405673,7.00481223601723
5836,0.5,6216.66829216245,6.640228744731272,-1.2123677406178726,6.749998023766105
5837,0.5,6217.188858908823,3.0067075403757597,7.013393659754077,7.6307261030672
5838,0.5,6218.517119863553,14.599351905129094,-4.092852043202342,15.162206762122132
5839,0.5,6219.844220203324,-0.6187863875010952,-4.462415869836881,4.505113981768797
5840,0.5,6220.27686616836,3.458256090962107,-0.2046669104716523,3.464307107477414
5841,0.5,6221.350127562687,1.9133352236629437,-1.3632927536609667,2.3493443362550814
5842,0.5,6221.6413009609605,0.14478123844790708,2.753894781913274,2.757697966938306
5843,0.5,6223.447708927403,0.0010843904721839965,-3.523768187796414,3.523768354649426
5844,0.5,6223.854786959724,2.583944637906622,0.43569276343467905,2.620419446553496
5845,0.5,6224.732447312544,3.524329310998311,1.0189247010093914,3.6686652393873316
5846,0.5,6225.470678081441,2.8381545270699027,3.4102330307850233,4.436756748322426
5847,0.5,6226.232883566195,1.4837334020725443,8.081468416235976,8.216544077107198
5848,0.5,6227.450045327269,16.677349023769217,5.756574238563733,17.642905583398434
5849,0.5,6228.832840927518,3.0634387021108296,-10.86442825625004,11.288067062911825
5850,0.5,6229.761584418354,0.8958610446507167,-4.148940639004134,4.2445583324184275
5851,0.5,6230.323749796148,3.3624487403602474,-0.5281713696652756,3.403678381881036
5852,0.5,6231.186984214131,4.456999597312322,0.035198010608268875,4.4571385787737166
5853,0.5,6232.234236964409,2.837328602438914,-1.4173808601529037,3.1716560502276643
5854,0.5,6232.811490700786,2.1207790659829455,1.7392596138573369,2.7427591675367102
5855,0.5,6233.436150635211,-0.5481030770039153,5.319424087509873,5.347587269582554
5856,0.5,6234.905356027908,10.149256658595727,-2.630896991097469,10.484704559491192
5857,0.5,6235.6918115288445,9.243767726828382,1.630966117836804,9.386548474550462
5858,0.5,6236.871797213751,4.486860202354171,-4.2209498624668385,6.160221766862662
5859,0.5,6237.401188051517,5.116281666802328,3.2092035905099303,6.039480588543972
5860,0.5,6238.507790150083,10.345713953144204,-1.2082438331097334,10.416028531092374
5861,0.5,6239.720298749179,2.4965854289907106,-5.704472122188922,6.226872489225976
5862,0.5,6240.518432488212,2.050010207244112,-1.9901203764605548,2.8571175969162605
5863,0.5,6240.987478337605,2.3320417068408807,2.183784421345017,3.1948916916469203
5864,0.5,6242.263742648333,3.559488012393299,-1.9894133635140925,4.077710195845219
5865,0.5,6242.916128110379,2.8057188498574774,1.1232224255073733,3.022199014229247
5866,0.5,6243.536571206048,0.8365874280526261,4.364913516079805,4.444361430805541
5867,0.5,6244.467501007129,3.003470645464761,11.282219801110413,11.675158224141391
5868,0.5,6245.8463537928,18.236037607645464,-5.761037789893531,19.124398658364164
5869,0.5,6247.220803894969,-1.9058970285649028,-5.443828603901576,5.767817035252548
5870,0.5,6247.76590041264,2.8186735989187,-2.129958894741892,3.5329372695437717
5871,0.5,6248.617590056634,2.682980571929246,-1.2787794278078357,2.9721476366988098
5872,0.5,6249.223567202486,2.724380156507191,1.8859457317023371,3.313463224497355
5873,0.5,6250.125998032666,4.781681892760378,3.505648818420927,5.929085541771895
5874,0.5,6251.160830038509,7.910884168168395,1.6260321911916495,8.076265783700341
5875,0.5,6252.337721681161,3.4586830835025277,-3.018693878134311,4.59075172515266
5876,0.5,6252.960641623911,2.642525280960314,0.7428624588737177,2.744956191511678
5877,0.5,6253.372699433022,-1.783161163746042,3.964939466558272,4.347460029645302
5878,0.5,6255.212382593088,2.706762300384451,-7.278967646123847,7.765946957332393
5879,0.5,6255.709995714932,6.150471800884684,1.3058952089174347,6.287580271467808
5880,0.5,6256.737988103587,9.160199364476712,-1.8334119668331739,9.341876248221588
5881,0.5,6257.821913767863,5.318724294759898,-5.448543637447757,7.614161535772774
5882,0.5,6258.863142201866,1.0290539298390249,-3.097784556434649,3.2642336234715423
5883,0.5,6259.511130503419,1.6092690378514194,-0.5788989746927996,1.7102253825410285
5884,0.5,6259.969134480435,0.7428786766906824,2.0005724251557053,2.134047505697818
5885,0.5,6260.941865601983,2.9447142639623323,4.575098216831152,5.440851568461945
5886,0.5,6261.776846422374,2.988333947385185,9.240901017359478,9.712074515453955
5887,0.5,6263.065904931718,15.585026437449491,-0.7876349714766708,15.60491646579028
5888,0.5,6264.199277451351,7.078839267456936,-7.611874742094625,10.394739172477026
5889,0.5,6265.060898277043,5.499360130568952,-4.221850056749397,6.933035392046276
5890,0.5,6265.97212530606,3.6988922541866,-2.865535226099348,4.679005881605394
5891,0.5,6266.645735922494,4.426611807398476,0.6998679323338877,4.4815965030454175
5892,0.5,6267.560486576163,5.945464795290208,0.8386628739359416,6.004324029243736
5893,0.5,6268.625266754624,4.505945423324625,-1.8765340565944162,4.881078182485795
5894,0.5,6269.267355566476,4.248089646017359,2.4890970170834543,4.923603314753701
5895,0.5,6270.349148874556,5.822748557082995,-0.3709681689456079,5.834553808251575
5896,0.5,6271.148771757298,4.9559139301635105,1.6256393229433224,5.215724886483983
5897,0.5,6271.964363395981,4.512939942297022,3.3766329760059692,5.636335438689821
5898,0.5,6272.586182980715,-0.6549119621165046,9.907999626961217,9.929620651665747
5899,0.5,6274.619334058124,-4.070338581696341,-5.121708410718085,6.542136746817981
5900,0.5,6275.13398198446,2.2419165913170995,-2.7004476476421297,3.509787386734244
5901,0.5,6275.846693888327,3.7035730059147887,-0.7411144059689313,3.7769966339507617
5902,0.5,6276.916164708131,1.4333419688759037,-1.333018896807422,1.957398421115826
5903,0.5,6277.229194882689,0.5499847601532932,2.072716773871973,2.144443531802858
5904,0.5,6278.607595708884,3.986301528414713,-1.2647523715849402,4.182128457719969
5905,0.5,6279.122462096041,2.0369822001741866,3.6031380999721,4.139070022516776
5906,0.5,6279.993148665393,3.609886468408077,9.039515736329767,9.733659387000822
5907,0.5,6281.4060479665395,10.487282832117307,-6.39025795733033,12.280818293666183
5908,0.5,6282.27581290998,8.00277152354392,-3.474738754540683,8.724572280080693
5909,0.5,6283.220407901684,5.821621224973234,-3.415058224971403,6.7493626637634225
5910,0.5,6284.054280278028,5.1954849066063025,-1.432585676398027,5.3893752082217
5911,0.5,6284.7884111190415,5.978543618460117,2.093809611726869,6.334589370116267
5912,0.5,6285.899070662988,7.429307149906162,-2.7778425448534922,7.9316463569453814
5913,0.5,6287.173743024351,-0.07355509946030939,-1.5209998229975672,1.522777335730752
5914,0.5,6287.4259529408155,1.029577373659351,0.7847862461928568,1.2945729104862196
5915,0.5,6288.21124540933,1.7203727109112519,3.221427796595247,3.65202400226568
5916,0.5,6289.11483189308,3.204027154667833,6.304660859985973,7.072095769097582
5917,0.5,6290.03700659913,6.662119152668713,11.79538160896861,13.546765625253514
5918,0.5,6291.54965202456,6.497452211840848,-10.750524194594558,12.561475060824604
5919,0.5,6292.329914868597,6.9668117035411,-4.574817415713487,8.334591753632129
5920,0.5,6293.297335719867,4.763536551165983,-4.7269510854527095,6.710838028037695
5921,0.5,6294.349329653985,0.8320210329752421,-2.723447482563935,2.8477052497751636
5922,0.5,6295.0061813059765,0.863187360593066,-0.366977743559835,0.9379579328284887
5923,0.5,6295.221568857196,-0.4775868988248748,1.056150912482213,1.1591134525430082
5924,0.5,6296.546591927774,7.821300512329518,4.895525274962186,9.227074803097652
5925,0.5,6297.7712558645735,5.849556161291585,-3.4300648605841086,6.781050968096186
5926,0.5,6298.458690160453,5.032441328891131,1.2108366500921568,5.176059420247987
5927,0.5,6299.1727455744995,4.631574510787499,5.964851298021602,7.551882775605462
5928,0.5,6300.374887380823,11.58793093787043,-1.1799873303380588,11.64785445996871
5929,0.5,6301.38322087771,8.419136665560623,-4.004420785608709,9.322942026077515
5930,0.5,6302.230259739779,8.479633855534956,-1.9782428502591072,8.70733226071774
5931,0.5,6303.4907716134285,0.4710241850677671,-3.6722110109326676,3.702296245809333
5932,0.5,6303.949179388617,2.976671739945084,0.3418277253980442,2.9962344436372956
5933,0.5,6304.900391851708,4.141480658256045,-0.1286305785313851,4.143477750446144
5934,0.5,6305.74785838611,3.856197237118312,0.7097107490240993,3.9209624429263856
5935,0.5,6306.557291346392,3.2040644516273273,1.8620297289799568,3.7058310433406296
5936,0.5,6307.144720875523,-0.3764554952840384,5.591626662734042,5.604284742527612
5937,0.5,6308.253824515858,10.08502392682332,14.006135203817049,17.259186856633836
5938,0.5,6309.939810025128,-1.7599074436562847,-10.406994166215364,10.55475256867149
5939,0.5,6310.837756045102,-0.2983153735239994,-2.294896883728574,2.3142047811349546
5940,0.5,6311.201065750283,1.8559399102891427,0.34904983355296176,1.8884778889114433
5941,0.5,6311.879397195402,2.4408281786093124,3.663608658257836,4.402234727766687
5942,0.5,6313.321021466825,3.0366516652469064,-3.512125086463462,4.642873674677439
5943,0.5,6313.825911946271,3.6412416986580776,2.176084575635807,4.241931775543595
5944,0.5,6315.031008723212,3.3794560748031253,-1.78084604330699,3.8199654437554678
5945,0.5,6315.483979856275,1.8801078794631754,3.612692404923329,4.072634534427343
5946,0.5,6316.769600866338,5.337267561721159,-1.1442832102565472,5.458553754491748
5947,0.5,6317.255760098616,1.9663162260087403,5.916879856517029,6.23505146226735
5948,0.5,6318.603143126996,11.097352594837732,-3.0219163239507654,11.501443947744642
5949,0.5,6319.382478611861,11.740528491623746,2.1580829811466615,11.937224611112242
5950,0.5,6320.918880337806,-1.8109491865139542,-4.089491770681418,4.4725250025691965
5951,0.5,6321.415499802147,2.276925090248583,-1.4365361353143713,2.692215432439883
5952,0.5,6322.118186694311,3.3191078441771564,0.5003066379125675,3.3566029871311427
5953,0.5,6323.182594444868,2.428063283305867,-0.9937128650124715,2.6235389392630255
5954,0.5,6323.689061223937,1.3321285631803992,2.0849084620382343,2.4741482986918366
5955,0.5,6324.348503493781,-1.6957499188947285,5.615606677265933,5.8660554157956275
5956,0.5,6325.991157331887,6.937664530177963,-5.534235620304328,8.874624106650074
5957,0.5,6326.550698605976,6.9483162043779005,4.106227991518587,8.070948295854167
5958,0.5,6327.709329596058,10.723600245278924,-3.6786515776892252,11.33702252139342
5959,0.5,6328.768971501924,5.003590864966476,-5.724893997683525,7.603310649229638
5960,0.5,6329.665095498508,2.7623973481420574,-2.8977695867713686,4.0034869410352
5961,0.5,6330.240406355496,3.598236424963977,1.2853765017151673,3.8209289604884127
5962,0.5,6331.10842475527,5.873963357309331,3.0834132246195805,6.634069839606124
5963,0.5,6332.346151108677,4.998662139594216,-3.837480986027294,6.3018158894031195
5964,0.5,6333.196346147333,3.278029361838639,-1.5954238843847088,3.645662335974278
5965,0.5,6333.916050927502,2.4743936422497534,0.501569529708407,2.5247169920483983
5966,0.5,6334.410684881734,-0.2101473407677963,3.475784091927277,3.4821310943912636
5967,0.5,6335.356899771551,0.8651708918256752,12.33802416820598,12.368320866119916
5968,0.5,6337.04424881012,5.001845181440894,-12.589039227716665,13.546304436859984
5969,0.5,6337.822038198451,6.242058174695763,-5.708086317611524,8.458459650881483
5970,0.5,6339.041957468347,-0.38658019764955337,-1.5321914992810641,1.5802072774430331
5971,0.5,6339.248808949114,1.2202807628362273,0.8497790824719643,1.4870136613881726
5972,0.5,6340.44143965544,3.2456038604022517,-1.2763148939845206,3.4875384051311484
5973,0.5,6341.029239095866,2.6642965285266467,2.403861262560162,3.588457184021634
5974,0.5,6341.954159169849,4.902027355177554,3.9383391034186315,6.288114748032618
5975,0.5,6343.025918905335,6.3715121365174,0.714339317427368,6.411431007677703
5976,0.5,6343.639577676623,3.4662888091909547,7.363220287585012,8.138315004485017
5977,0.5,6345.124572354928,5.892168019138797,-6.896616018129394,9.070885098339685
5978,0.5,6345.812781595794,6.62021762530693,-0.6814314011129518,6.655195726712122
5979,0.5,6346.708588292483,7.0365552989174125,-0.418878069447584,7.049011938689482
5980,0.5,6347.512774839417,8.521883145656139,2.640813517979417,8.921680804924653
5981,0.5,6348.864774975659,2.2205455362719215,-6.352254029953611,6.729186707152586
5982,0.5,6349.694650324671,1.7152821894172519,-2.468609427440353,3.006031519225876
5983,0.5,6350.349366018132,1.8698895455464715,-0.16256958623502732,1.876943201834466
5984,0.5,6350.7979040431,0.18122780912701397,2.6802070145192975,2.68632707604257
5985,0.5,6352.124095646808,5.953007593497852,0.34091091396104295,5.962761076841906
5986,0.5,6352.824041916451,3.911902063905367,3.8500534172080805,5.4887055917531855
5987,0.5,6353.487236191205,-0.5576652730136585,10.324315230158975,10.339365334894495
5988,0.5,6355.4081078788895,-2.487216525654664,-7.814610645765412,8.200877123235037
5989,0.5,6355.930130900404,4.603950677617208,-2.7806953049487113,5.378534021543023
5990,0.5,6356.984106932884,1.8722267106874961,-3.250030805952081,3.7507243428235637
5991,0.5,6357.606857658452,2.8359334268658,-0.1735652092320166,2.841239744103013
5992,0.5,6358.315701847618,3.05142844088529,2.2155665232794886,3.770934970126161
5993,0.5,6359.169623810261,4.6549630775315265,4.940625507476747,6.788111788878528
5994,0.5,6360.503448520767,4.585691242049486,-3.545783389893997,5.796649378344141
5995,0.5,6361.108114371222,4.495868919321173,1.8545528875313142,4.863353138768443
5996,0.5,6362.082499057126,5.219276254607297,0.8496857978949117,5.287987384350674
5997,0.5,6362.685361830654,2.4323848607056098,6.585506484932538,7.020355530432797
5998,0.5,6363.90083954803,15.082490648863761,2.3221913262896567,15.26021286643662
5999,0.5,6365.283583744359,0.5476551775364044,-6.7947361362168355,6.816770889086219
6000,0.5,6365.852321021016,4.470491343962486,-1.465766486754868,4.704653467593253
6001,0.5,6366.671353345361,6.136167254570554,-0.05801799067994475,6.136441530993877
6002,0.5,6367.958813533015,0.7225741895221184,-2.857924719670908,2.9478546712261076
6003,0.5,6368.4380942197395,2.1397875242742845,0.34496847735382363,2.1674164111696874
6004,0.5,6369.245882999161,2.2066097310503685,1.2226116090637906,2.5226782695745666
6005,0.5,6369.770229023833,-1.0178714330971408,3.7933832041198254,3.927571563652739
6006,0.5,6370.8980504479105,6.819758647378281,12.501918354407538,14.241034742909763
6007,0.5,6372.415682393796,5.977936686939551,-10.168153537397346,11.795214003702688
6008,0.5,6373.173152452142,6.507631237725668,-3.719932769614737,7.495809771911003
6009,0.5,6374.053534358543,6.046238788448663,-2.7344150588558573,6.6358141324963915
6010,0.5,6375.03240490886,3.408755372844399,-2.7066844323198618,4.352672030840166
6011,0.5,6375.599195635544,3.996249606590637,2.228762529499671,4.575739648524333
6012,0.5,6376.764549170062,5.353982991172656,-2.1584073053487938,5.772681869421625
6013,0.5,6377.511439944205,5.271341305567766,0.9220722933827211,5.351378932014528
6014,0.5,6378.550145730095,4.481322544715237,-1.2914450347340247,4.66369832080852
6015,0.5,6379.246624188775,3.688300267163054,1.7825396027708276,4.096462656512498
6016,0.5,6379.959409795579,2.7345238716185367,5.714634372603952,6.335192721377795
6017,0.5,6381.143665232174,9.369593550511238,1.5765406523837222,9.501303264836897
6018,0.5,6381.848039061531,7.907166291677924,9.372630171390043,12.262523194428566
6019,0.5,6383.410238912067,2.0776957118748,-11.786855465252428,11.96857473678023
6020,0.5,6384.459219016482,-0.8738993875370675,-2.6790030381051806,2.817934956260426
6021,0.5,6384.920488511158,1.7437185030831868,-0.6195419285922465,1.8505097728135536
6022,0.5,6385.578203508126,2.2001980389510494,1.26922835547746,2.5400417376397697
6023,0.5,6386.357077118748,2.6361204128416413,3.8332818489657283,4.65222318516755
6024,0.5,6387.528294105804,5.969211441159658,0.32947080815848084,5.97829710224408
6025,0.5,6388.197850516724,4.284702309001474,5.16866094900409,6.713697184303327
6026,0.5,6389.360853368251,8.225442185582088,-0.0520999297718369,8.225607184338168
6027,0.5,6390.006152212629,6.280315454635262,7.931320718078424,10.11672924134824
6028,0.5,6391.686645483916,-1.078356187118456,-5.185022695156078,5.295971338251393
6029,0.5,6392.187328677614,2.779921382395168,-1.0713595828529727,2.979223766028453
6030,0.5,6392.718575157854,2.690893302788862,3.6407297337905056,4.527230915416204
6031,0.5,6394.065073885532,6.825344471208455,-4.534968980375259,8.19458789711976
6032,0.5,6395.031740700798,3.157909165428654,-3.2005287022308693,4.496195532992522
6033,0.5,6395.668869607561,3.95992584274785,0.571332334030773,4.000929056603144
6034,0.5,6396.729259797333,3.0004856584941617,-1.2229503247195088,3.240142231995487
6035,0.5,6397.36113069252,1.8908378486313295,1.2026162942898557,2.2408823532502145
6036,0.5,6397.786081170897,-2.2867831614330463,2.9119290428192097,3.702527242010208
6037,0.5,6399.176640347329,16.470158012375236,10.386807882477262,19.471822794492045
6038,0.5,6400.746238657758,-1.3176657094299693,-8.133167381597955,8.239214439429071
6039,0.5,6401.32362592522,4.25154077552348,-2.843006405243037,5.1145170237464
6040,0.5,6402.175290622143,4.7905524545070755,-2.0103121016385512,5.195262030482983
6041,0.5,6403.110886587122,3.71240180540279,-2.0087325572871486,4.22101097504653
6042,0.5,6403.861397515233,3.7261483193496114,0.17274981821415145,3.730150640052618
6043,0.5,6404.767039730848,2.8111366101441693,0.14432964885133617,2.8148392651145113
6044,0.5,6405.1789619485835,-0.7378708967200814,3.7278194497796675,3.8001435907583914
6045,0.5,6406.748283859479,7.722028917016978,-4.499932625422789,8.937512194598161
6046,0.5,6407.61295281862,4.053469284650968,-1.623466119089486,4.3664923544465655
6047,0.5,6408.077160917846,2.0643990656346296,4.6473326183682495,5.085218182924173
6048,0.5,6409.279021189901,11.98466045918918,1.5838719918522794,12.088868301401366
6049,0.5,6410.353801335843,10.032096126258958,-4.844724682903746,11.1406602111202
6050,0.5,6411.38446932882,4.724526464528937,-5.697297940206831,7.4013751515187565
6051,0.5,6412.2475584400645,3.5533585826606457,-3.158432762745427,4.754161832936672
6052,0.5,6413.040420058798,3.4857955835816523,-1.2000692291289856,3.686588803381737
6053,0.5,6413.833451375073,3.3562202527411724,0.2112468813860736,3.3628618213963772
6054,0.5,6414.570290068343,3.1270667222764232,2.386587057632376,3.9337442811177974
6055,0.5,6415.462076135825,3.9711472856823162,3.372860286200439,5.2102012700864195
6056,0.5,6416.175908960686,1.6257171164151059,8.101471992215563,8.262977948854653
6057,0.5,6417.378052856021,16.769631230471795,6.114668348466968,17.84964147028614
6058,0.5,6418.792599643248,1.7000607854581071,-10.445601985576287,10.583043395702754
6059,0.5,6419.6920228611025,0.665541024193356,-3.521318840554982,3.5836617072111907
6060,0.5,6420.182578627689,3.0744015167356578,0.17850139031548143,3.0795790998854167
6061,0.5,6421.255935827854,1.5807387357475229,-0.9035539594172467,1.820753884595955
6062,0.5,6421.491228644309,-0.49805884675184253,2.068478269106201,2.1275960529650266
6063,0.5,6423.41448617673,-0.39868760838447725,-2.7435989114869663,2.772415336163
6064,0.5,6423.764508953829,1.8824380668115965,0.40848956413254295,1.9262494125596965
6065,0.5,6424.4014616012655,1.5277911972541995,3.397980577005338,3.725643292656042
6066,0.5,6425.399747335205,5.699128492450355,6.241177169624579,8.451766563038909
6067,0.5,6426.480014181575,10.801077357503505,2.518887368846601,11.090900128470631
6068,0.5,6427.401528361017,12.30658942051224,2.2074571167828636,12.503000043489529
6069,0.5,6428.587583738725,7.468454333273435,-7.551473883083245,10.620855329731175
6070,0.5,6429.4688486927225,5.839905774173345,-4.9511674604303115,7.656275770402155
6071,0.5,6430.694571981495,-0.3313706308861345,-1.3629646236886577,1.4026685497438942
6072,0.5,6430.9181861335965,1.075659054741049,0.670444001505317,1.26749262767121
6073,0.5,6431.98168324414,2.485821804462856,0.033232862384477715,2.486043939009372
6074,0.5,6432.433303080169,-0.06055513227606457,3.1814205637716784,3.1819968145229613
6075,0.5,6433.622387485808,7.358035228096186,5.147668904540903,8.979931935637476
6076,0.5,6434.51494402442,9.486835593550023,7.342699830542127,11.996469913290785
6077,0.5,6435.774652679149,10.323100336947203,-6.553763324539906,12.227764075282275
6078,0.5,6436.905185937704,0.5949993697966433,-2.5597213646715,2.627964557374039
6079,0.5,6437.123406603308,1.3494442808390514,2.3139655259788072,2.678700491377788
6080,0.5,6438.74048100452,0.5900937390237547,-3.894373128526011,3.9388263080542796
6081,0.5,6439.140618634673,3.148083932838583,1.0932736467383435,3.3325185243069537
6082,0.5,6440.12522642081,5.957481194011906,0.37594718714031566,5.969331492263119
6083,0.5,6441.140573842962,4.952472449669222,-1.6128642362721308,5.2084848477631525
6084,0.5,6441.894099406383,4.72891059414845,1.031659436007409,4.8401360104187745
6085,0.5,6442.897533673153,3.9710987399590048,-0.48651548456960314,4.000790236844465
6086,0.5,6443.565266180883,2.2662173122426705,1.928346195538186,2.975610854287736
6087,0.5,6443.978372087088,-3.8345260666105023,3.4109790800498745,5.132092013989354
6088,0.5,6445.971515283607,3.4484634449829557,-15.599437917674697,15.97605594252758
6089,0.5,6447.022174123042,-1.0541546907578545,-3.6226549073932524,3.7729127594084657
6090,0.5,6447.474618171754,2.6255677897041863,-0.7575273990469187,2.732664263798046
6091,0.5,6448.246132866306,4.039398018608766,0.7601309667062924,4.110296271473174
6092,0.5,6449.332054723969,3.19525924137383,-1.493232972329515,3.526957092060648
6093,0.5,6449.896208786239,2.568556441047902,2.3858119508760174,3.5056498478586664
6094,0.5,6450.770449031411,4.351309758949572,5.045371325382016,6.662557198952731
6095,0.5,6451.965072774469,6.974884132607596,-0.9910453588298098,7.044939997371116
6096,0.5,6452.616809388042,5.455682314749503,4.9893025541468035,7.393078485738286
6097,0.5,6453.681785667651,11.539933742510044,2.2176694189188852,11.751090521016756
6098,0.5,6454.8613073751885,6.324868045535451,-5.99124090230995,8.71199881444822
6099,0.5,6455.690820622382,4.46941772280581,-2.400999188241723,5.07350883342762
6100,0.5,6456.243758468239,4.594945165524897,4.123242394689816,6.173706254718314
6101,0.5,6457.653867882112,4.189961333488455,-6.770704255066094,7.962299422007342
6102,0.5,6458.658611072352,0.49616721752029086,-2.308731590949301,2.3614452072383805
6103,0.5,6459.0678274304,1.8536495869356524,0.705050780690704,1.9832078545879364
6104,0.5,6459.952831320824,2.6317262389586293,1.22648374793478,2.903488484697585
6105,0.5,6460.534639476212,0.04585666949993584,4.2969568925751584,4.297201574372186
6106,0.5,6461.614784191283,6.79867995060521,9.627751187364957,11.786248003354103
6107,0.5,6462.852814105799,13.4731779558392,-2.6730208042391204,13.735776805467047
6108,0.5,6463.724097145994,13.243775042720051,-1.0068255573542169,13.28199062961257
6109,0.5,6465.143720813163,-1.457792169398584,-4.941365978386167,5.151917676119457
6110,0.5,6465.743873966872,1.7527505063657647,-1.7957662818629594,2.509364636046615
6111,0.5,6466.295733700457,2.542621701164023,1.166414364508708,2.797400147451645
6112,0.5,6467.193447823703,4.329754126979394,2.1353385631695656,4.827674551940526
6113,0.5,6468.092790956416,5.914997956105956,3.083438184303295,6.670441653830519
6114,0.5,6469.131125190511,7.680927750436856,0.15939383439112895,7.6825814347700145
6115,0.5,6470.197357327963,3.6778768532553454,-2.1841107340980854,4.277513044575542
6116,0.5,6470.701077816671,2.6863244984290033,3.1109988982258465,4.110310627631721
6117,0.5,6471.560457479093,4.694444198868648,7.630447948496003,8.958880634934163
6118,0.5,6472.780201590248,13.718582189344465,-0.9628445113999576,13.752329505903072
6119,0.5,6473.7986486967075,10.971660639696672,-5.452962053754297,12.252025642821415
6120,0.5,6475.021493493021,0.04829922199962871,-5.219225536226327,5.219449014296697
6121,0.5,6475.727754605962,1.3518252565686495,-1.6021209977403277,2.096240257150253
6122,0.5,6476.113123922475,1.4651397968593343,1.9844700786665468,2.4667298428210214
6123,0.5,6477.481705763073,2.7697238625784206,-2.200036640500816,3.5371643295841433
6124,0.5,6478.027176624626,2.4467567606410285,1.5961222085513425,2.921339547257969
6125,0.5,6478.8313429327145,2.4411601225752966,3.2720335232361735,4.082335865804425
6126,0.5,6479.4311392180325,-3.1936414324386,7.155678277867338,7.836011562991146
6127,0.5,6481.273679157493,3.7428173585169895,-11.660557183702377,12.246520959587224
6128,0.5,6482.002790371315,5.816788808015358,-4.405526106504477,7.296827551213282
6129,0.5,6483.0067046098675,1.9940263208321627,-3.0361905343275306,3.632436362678849
6130,0.5,6483.4501897942455,3.001243763731769,2.1120011977551787,3.6698791790273075
6131,0.5,6484.519323277324,7.514921607909053,0.34088928591667345,7.522649285874702
6132,0.5,6485.713209326584,2.2441435722845053,-3.1749062677455875,3.887957070492944
6133,0.5,6486.163374261582,3.006851668033866,2.16543776831424,3.705438932434294
6134,0.5,6487.445215262415,2.383506241935191,-1.9354912699544025,3.0703792048236846
6135,0.5,6487.830216813242,1.3293709039142743,2.7721323562213103,3.074401535353339
6136,0.5,6488.926620780881,5.893768403995236,2.9257468819376604,6.5800076608694384
6137,0.5,6489.622575931017,3.4959010484384385,8.666846144779452,9.345348909364029
6138,0.5,6490.906097872483,16.731203760846068,-2.1015519029877283,16.86267178379218
6139,0.5,6492.190210433449,1.026666661423389,-7.772908236077354,7.840417519504775
6140,0.5,6492.8134865151205,5.126999023543621,-2.545359583788843,5.724069740857719
6141,0.5,6494.0047106933425,0.31762625103465814,-2.6877176610183726,2.706420636319566
6142,0.5,6494.62212531858,0.8373560179058825,-0.4088868974828952,0.9318549220004069
6143,0.5,6494.866454095691,-0.30722477215000976,1.1160756978214634,1.1575888837969601
6144,0.5,6496.007974724865,4.166171641134248,6.773551197866606,7.952231257547241
6145,0.5,6497.279308277571,8.197411973666723,-2.1045080866148087,8.463245084046761
6146,0.5,6498.038769460501,6.790666731240076,1.7662391880192412,7.016605698203773
6147,0.5,6498.834863257906,7.75327611935206,5.68913579585137,9.616629174848761
6148,0.5,6500.03168948068,11.265738243742394,-4.490717653280542,12.127794655996015
6149,0.5,6501.207453991779,1.1403180672657043,-4.4265224345862695,4.571042130458671
6150,0.5,6501.665184352137,3.7443462223014414,0.8931811875595392,3.849402715522675
6151,0.5,6502.566972220885,6.699483809009576,1.6796474077308021,6.9068298604698715
6152,0.5,6503.701543493511,6.0272245720042985,-3.70317926075212,7.073964424467868
6153,0.5,6504.732509796223,1.7725296293169428,-2.6890682113411994,3.2207063094998616
6154,0.5,6505.408729994132,1.2240856246482696,-0.2401553857366066,1.2474214306996825
6155,0.5,6505.667900631896,-0.7289671263389171,1.4090957943175138,1.586487954207697
6156,0.5,6507.137020076431,4.944948584340058,0.4462611404280626,4.965044361052869
6157,0.5,6507.47775262787,-2.847795033110876,5.497202311764368,6.191055629460817
6158,0.5,6509.6182528023,-3.9017216715857814,-4.929122566729669,6.286468108593714
6159,0.5,6510.058208138935,3.168320410027622,-2.291330490597788,3.9100447104528997
6160,0.5,6510.8920540601075,4.058614143493324,-1.6180144042086944,4.369247003545446
6161,0.5,6511.726223192474,4.251359554638914,-0.5720446918128269,4.289672853755961
6162,0.5,6512.5669384012,4.328224906950028,0.3865262210531148,4.345449731006467
6163,0.5,6513.360945148274,4.632130596839126,2.376312419270066,5.206101668249511
6164,0.5,6514.382624269534,5.438671682184966,0.3726799874007119,5.451425505279297
6165,0.5,6515.052647859497,4.101438936437998,4.998987198433704,6.466194735656645
6166,0.5,6516.171290289174,9.874301102703166,1.4048916984029918,9.973742675199047
6167,0.5,6517.24033084465,6.264293627626833,-2.8647467378494316,6.8882616475526754
6168,0.5,6517.861387846916,5.796649052017534,3.6039671322143776,6.825666218204439
6169,0.5,6518.808197450837,11.233598490285761,4.886223264952588,12.250261745608313
6170,0.5,6520.320492651004,-0.7982989983228304,-6.176380508396555,6.227757017998062
6171,0.5,6520.909964939858,3.1390152713987414,-2.1689605342631704,3.8154693909486013
6172,0.5,6521.788872386338,2.5397246275459175,-1.4374512930428593,2.9182987173409507
6173,0.5,6522.371597080945,2.5830801630884594,1.778678301921997,3.136239727869861
6174,0.5,6523.377319126219,4.140617620875804,1.0667677275822411,4.2758283018519565
6175,0.5,6524.08912305296,2.946446777576014,3.88466692358008,4.875672847950855
6176,0.5,6524.898764044255,2.816094678050133,8.527203935746886,8.980177960238843
6177,0.5,6526.082562690724,16.283953460839186,4.723537975992164,16.95520425490111
6178,0.5,6527.431766363989,3.059153002487536,-9.580664735569266,10.057214021189418
6179,0.5,6528.187904465222,4.4478667663351805,-4.111992713440626,6.057392413114555
6180,0.5,6529.103609831716,2.7487804066003756,-2.745865671090653,3.885302048410683
6181,0.5,6529.761023940341,3.1894988444640013,0.23472489192989462,3.1981242398832324
6182,0.5,6530.427671755756,3.0225729390888065,3.8064611874024914,4.860565187641611
6183,0.5,6531.59870750185,8.27972636310102,-0.21521176261848285,8.282522849385893
6184,0.5,6532.693567137808,3.995359265795719,-3.278600557216563,5.168376657767936
6185,0.5,6533.491429406027,2.193175154191858,-0.7191680048142854,2.3080770949240494
6186,0.5,6533.871387072464,0.1740983191141579,2.6411997526915214,2.6469314986104435
6187,0.5,6534.762937012053,0.21675271441454552,10.31848003020723,10.32075636147814
6188,0.5,6536.470053698358,3.3093491636834913,-9.586871248474344,10.141986601351663
6189,0.5,6537.05465021374,7.663739183934697,-0.982492137317001,7.7264603201767486
6190,0.5,6538.142600402397,5.678710883938238,-5.45328548118771,7.873123893518461
6191,0.5,6539.169984547961,1.328655562216347,-3.342950465388714,3.597310581121827
6192,0.5,6539.724960984899,2.9081915364883337,0.0616309066953965,2.9088445096915154
6193,0.5,6540.638906760232,3.13037775912161,-0.03817468839978607,3.130610518994283
6194,0.5,6541.35465915519,2.2358225790455504,1.6747192514047098,2.793490142455392
6195,0.5,6541.862394583098,-2.091193807946345,4.331378792095011,4.8097748162469705
6196,0.5,6543.517657049525,8.192681952236848,-5.466331318957086,9.848899210526955
6197,0.5,6544.117508866736,8.134367293910202,4.12381175950805,9.119964621646997
6198,0.5,6545.406761305511,5.698849138929459,-6.733361610108707,8.82128335792263
6199,0.5,6546.203853143526,4.933803895897892,-2.6710787262423246,5.610444050604331
6200,0.5,6546.926187186619,5.6965108347792,0.7778251141351641,5.749369321841849
6201,0.5,6547.849360757135,7.839212457502535,0.5477260548272747,7.858323980658954
6202,0.5,6549.129863100256,1.3157678395489154,-3.804505666064527,4.025606584194277
6203,0.5,6549.691789353555,2.6014286051089623,-0.12684059062000094,2.604519019494385
6204,0.5,6550.283449195852,1.993432719553088,3.373208390986165,3.918202248021954
6205,0.5,6551.606750606023,3.9561534134739134,-1.764292896579299,4.331729360874415
6206,0.5,6552.137913651264,2.4117225564430953,2.8961330270778394,3.76881840896951
6207,0.5,6552.822686785684,-0.5441511191652005,8.023747132224695,8.042177471454654
6208,0.5,6554.188696830806,20.87757287566382,0.6955025830142314,20.88915443529568
6209,0.5,6555.776866674192,-3.4520467167547704,-3.5367244312935644,4.942170195123411
6210,0.5,6556.290164157592,1.3450863889997462,-2.0328736313800357,2.437587453822453
6211,0.5,6556.932787603161,2.265335733850178,-0.1768266853813474,2.272226587231449
6212,0.5,6557.550866183959,2.1208463137595333,2.7607013646230785,3.4813016403665924
6213,0.5,6558.710265696091,5.5807665370315895,0.15670625315115735,5.582966235848846
6214,0.5,6559.459473093698,5.005401469950483,3.1793995826832635,5.929808224702462
6215,0.5,6560.4852362484535,6.718295209845183,0.9640158977471085,6.787106686780303
6216,0.5,6561.246375942028,6.186781827076566,4.594509707417923,7.706217543477629
6217,0.5,6562.260958255343,10.567634252597983,2.74470134994682,10.918254402471213
6218,0.5,6563.36942199566,8.42849779521661,-4.143665673978993,9.391993414695467
6219,0.5,6564.166004197383,8.311714417927355,-0.7000897747719745,8.341146339557996
6220,0.5,6565.2258967254265,5.510499557029284,-3.9875195973073994,6.8019054614814
6221,0.5,6565.916463678862,6.737458251338956,0.7773875259910006,6.782158583673917
6222,0.5,6567.222123704214,1.1854508821505865,-3.9888963577604954,4.161320457132153
6223,0.5,6567.810942958577,2.7267642048241503,-0.5161272259894654,2.775181136812129
6224,0.5,6568.585110673609,2.767781775080641,0.7465868067488277,2.8667067890664986
6225,0.5,6569.319354206848,2.0273864136685447,2.320671150684661,3.08152726094511
6226,0.5,6569.866289055112,-2.821494078372631,4.901564887594894,5.6556314573701645
6227,0.5,6571.349397080134,19.41909256501461,1.5383773563050422,19.47993226217683
6228,0.5,6572.76854053847,-0.798788872535368,-5.587434872345014,5.644244158041311
6229,0.5,6573.166263739421,4.573030854138053,0.21116442783134715,4.577903625949323
6230,0.5,6574.230084645367,5.910346934579286,-3.310765533199741,6.774464503037426
6231,0.5,6575.279364268424,1.8249429739551382,-2.950707906634616,3.4694515428903547
6232,0.5,6575.9210417362865,1.8446249458376394,-0.1966004179180061,1.855072212915726
6233,0.5,6576.2900077328595,-0.48202576951246767,2.6214311513300665,2.6653799210689955
6234,0.5,6577.842444727394,6.676127907341055,-3.6747404287976977,7.620656208898177
6235,0.5,6578.668340544979,4.404551804674048,-1.0455928099067835,4.526957137436379
6236,0.5,6579.2817267665805,3.5289975977664887,3.4622307606711575,4.9437704118596795
6237,0.5,6580.253132475487,6.9071470323984006,4.139623893414852,8.052649632642735
6238,0.5,6581.1067267924645,8.901578943547218,7.706450016070419,11.774017136831208
6239,0.5,6582.366235017423,12.673301207608942,-7.328241887407042,14.639525014805958
6240,0.5,6583.6479898934585,-0.9985837000842894,-3.625380946397919,3.76039311941971
6241,0.5,6584.025065236714,3.075469344254915,-0.028189328801463735,3.075598531295987
6242,0.5,6585.1521492591155,2.2582386345535643,-2.2645240773893933,3.1980792716358093
6243,0.5,6585.766065749253,2.3662368140432584,0.5291098618963244,2.4246719172064366
6244,0.5,6586.365117607648,1.1080954721307366,3.681465045840424,3.844614474703735
6245,0.5,6587.679935019046,4.6651663576881175,-0.7157766245097537,4.719757760849554
6246,0.5,6588.133534515,0.8245182172349934,5.14633470454478,5.211966153166613
6247,0.5,6589.2102101946375,10.843040391147952,11.373284180403571,15.713787511999902
6248,0.5,6590.8632052773955,-1.7315764308973363,-7.496554655648318,7.693938434973445
6249,0.5,6591.491048592959,2.516832017755282,-2.8062898253567234,3.7695763673785407
6250,0.5,6592.144011228696,3.517051676972181,0.10892992379443694,3.5187381583162294
6251,0.5,6592.845950010057,4.096145956408789,3.6751529831426315,5.503195539475793
6252,0.5,6594.035062429382,8.171168071115675,-2.198525086933395,8.461766967028563
6253,0.5,6595.182141381571,1.5683827729674444,-3.166065372751786,3.533241354207062
6254,0.5,6595.672779583989,2.675969320639487,0.8993774820837434,2.8230642324047555
6255,0.5,6596.500204522654,3.4551542480897703,2.3028998685791895,4.152281142070565
6256,0.5,6597.265170319666,3.066864741219913,5.586721027210204,6.373155511739104
6257,0.5,6598.340695483693,9.044116249565217,4.586599925081655,10.140657651671743
6258,0.5,6599.176046768408,10.804190822030025,9.19789898270282,14.189146733149368
6259,0.5,6600.753780454661,-0.5858681358842928,-8.30251204274864,8.323157315143739
6260,0.5,6601.347457984375,4.652018626569018,-2.9477238824743197,5.507300009011183
6261,0.5,6602.39052798864,1.763345149647228,-3.0857661822285585,3.5540595166893056
6262,0.5,6602.977753481657,2.9456751514216557,0.13910008828008788,2.9489576009604686
6263,0.5,6603.897138837148,2.814316327047481,-0.02678731818371113,2.814443808126483
6264,0.5,6604.427167139001,0.9727210254588989,3.3501911274540017,3.4885479477629837
6265,0.5,6605.399554340271,4.5672554052197185,7.907572812578779,9.131786776022741
6266,0.5,6606.694580788018,10.33586440740167,-3.387277313964998,10.876752302497957
6267,0.5,6607.765474189114,1.6342136581764475,-2.062581433485951,2.6315197985824477
6268,0.5,6607.9677817891325,0.09546408821068401,2.8228875300854677,2.8245012656484914
6269,0.5,6609.741917966226,0.37491843938242086,-4.865500105350569,4.879923678845331
6270,0.5,6610.094415677309,3.9634908264976048,1.7760846986586463,4.343240309784854
6271,0.5,6611.386797395996,3.191544062718833,-4.312591577303793,5.365109469238019
6272,0.5,6612.00797526701,4.434596355340375,0.20679991438367804,4.439415619131332
6273,0.5,6612.907977501809,5.7860645301414975,0.3284757827808121,5.795380840534556
6274,0.5,6614.103829390388,1.4860330865678244,-2.1346497929828936,2.6009659884466396
6275,0.5,6614.525354351745,1.6091884703258428,1.389345940726972,2.1259749942189208
6276,0.5,6615.245604673417,0.910343316773635,4.011117454250089,4.113123896284202
6277,0.5,6616.001321093094,-2.9696779786896426,9.995888450312023,10.427692611896244
6278,0.5,6617.823120341631,3.1534942765925633,-13.314699710213157,13.683046244373084
6279,0.5,6618.5825987542585,5.256815345749699,-5.858983753119514,7.871581683412042
6280,0.5,6619.598203880316,1.3428215699738169,-3.8124805051133626,4.042051134097191
6281,0.5,6620.243653081769,2.4122289802491546,-0.8443638769429559,2.555738447071612
6282,0.5,6620.801846220445,2.220195724574348,2.591224930239189,3.412288923070745
6283,0.5,6621.897593444352,6.415666324620255,1.2382196110946397,6.534061691946728
6284,0.5,6622.896150263723,5.339710360722102,-0.7682671428662122,5.394695648431965
6285,0.5,6623.574968353804,4.605226010894813,3.4020343329541958,5.725551869821917
6286,0.5,6624.663719462918,6.110722404489758,-0.06926217690586953,6.111114919053874
6287,0.5,6625.2501257905515,3.4726378476756046,6.6468722178374025,7.499341564522032
6288,0.5,6626.636287300496,8.40893566332994,-5.672978106404038,10.143612748215583
6289,0.5,6627.460241761985,6.1229282186018015,-2.027011686582115,6.449730719006081
6290,0.5,6628.06183665256,6.205008368380268,5.530677285473873,8.312070746073195
6291,0.5,6629.891281103415,-1.4047326137956644,-1.053557303037293,1.7559204728701165
6292,0.5,6630.110418429953,1.3817250943554933,-0.165564247733158,1.3916090530386553
6293,0.5,6631.038268216502,2.165411870516737,-0.455451720694931,2.2127911873601556
6294,0.5,6631.547698183336,1.085297077486337,2.4987211428552105,2.7242388104114577
6295,0.5,6632.548656711798,4.244031098074891,4.533827055337506,6.210264706849228
6296,0.5,6633.4840020207275,6.437597760472832,5.467426941369695,8.446029971818712
6297,0.5,6634.352598134559,8.69732679770723,9.359677313804982,12.7768170075599
6298,0.5,6635.6967754907455,10.314331572438729,-8.966159135115578,13.666654507319006
6299,0.5,6636.654287338266,5.0275917255269915,-6.4313208164477285,8.163244820698528
6300,0.5,6637.6253636813435,1.4112762042410965,-3.122352003733753,3.4264825345939443
6301,0.5,6638.0904738505305,2.9664924532408996,1.1714651692590388,3.1894212826032122
6302,0.5,6639.0757533705155,5.100739737631946,0.44773122184832775,5.120352440806727
6303,0.5,6639.859562435562,5.629056907720591,3.077726200463678,6.415503116309546
6304,0.5,6641.0551208324405,5.159974577500911,-2.9573461551736284,5.947372018124976
6305,0.5,6641.786228641866,4.60719615461296,0.3496037614263954,4.620441450455132
6306,0.5,6642.644283633713,4.206568432462233,0.9843733328488787,4.320209350877777
6307,0.5,6643.292547542333,2.3679086150733064,4.822841873558339,5.3727827935517825
6308,0.5,6644.119902868443,2.4484978142686904,12.365902128047955,12.605977827480876
6309,0.5,6645.918402372157,-1.717478946281636,-9.745777544956283,9.895954420200955
6310,0.5,6646.611795538477,2.4828162332941117,-4.024391218987882,4.728646860548537
6311,0.5,6647.322423863213,3.683605835055771,-1.3481348196458496,3.9225526688622643
6312,0.5,6648.077919597346,4.753428537594549,0.7673919943034956,4.814973866485606
6313,0.5,6649.384089933557,0.49460876173636176,-1.4719755376649966,1.552852153513184
6314,0.5,6649.647351976543,0.7657108574369128,1.1372769822209785,1.3710259120404793
6315,0.5,6650.383134979861,0.060691468037885346,4.61264447544365,4.613043736095879
6316,0.5,6651.545139433764,9.0118176467499,6.890163347958256,11.3440384458014
6317,0.5,6652.583661009993,13.890064410501928,2.4960543969597375,14.112553875201835
6318,0.5,6653.941240679173,0.8720473709654741,-5.321438510265804,5.392418236352568
6319,0.5,6654.366268486231,4.332748316109762,1.1203837992073142,4.475261760866976
6320,0.5,6655.334573448509,7.77200835327078,0.17415553337491704,7.7739593511360665
6321,0.5,6656.446114677313,4.381395109873548,-3.7443271276049797,5.7633851812404835
6322,0.5,6657.053755492811,5.434361584266715,1.789870829593234,5.7215315620192655
6323,0.5,6658.335707229375,2.4924259779706475,-3.925181658479056,4.649649267173098
6324,0.5,6659.055077831644,2.1684023116030207,-0.8384346845280017,2.324852964207606
6325,0.5,6659.521842320748,1.1261883925928167,2.4958426870923676,2.738161977371544
6326,0.5,6660.503555598671,4.281729482980281,5.06710337018667,6.633908646460222
6327,0.5,6661.461648933372,7.377097921245654,5.8890113073077615,9.439387051988367
6328,0.5,6662.346720631639,10.591306936216995,9.525284953532385,14.244537060331188
6329,0.5,6663.719022678309,9.218936628913267,-11.76133686464285,14.943822717481817
6330,0.5,6664.872916950476,-0.9728463446959915,-4.4983733104230135,4.602368135027277
6331,0.5,6665.43291695398,2.380694310399655,-1.6039765802402095,2.870617750507435
6332,0.5,6666.236097925817,2.3621662792277482,-0.6009542678559403,2.43741165230146
6333,0.5,6666.808353082496,1.7883651208737998,2.2491177002015923,2.873461368266165
6334,0.5,6667.616350899313,2.229804658756641,6.207231491917805,6.595585767046697
6335,0.5,6669.0973622698375,4.536217596069071,-4.5944112900890826,6.456460731808464
6336,0.5,6669.810009517608,2.9545595302297696,-0.39479028272968664,2.9808189118108706
6337,0.5,6670.175702313964,-0.647726613446233,3.914547950272041,3.967774618189088
6338,0.5,6671.713778808946,10.090241507808784,-5.278916480391531,11.38770972991745
6339,0.5,6672.526465395132,8.908225237854696,-1.5451589489884228,9.041238469700396
6340,0.5,6673.539418182129,6.173290633361475,-3.8639394929956854,7.282825389193419
6341,0.5,6674.254359553938,7.388381312643433,0.67757491741772,7.419385836424221
6342,0.5,6675.608127235227,0.2946427592006975,-3.3721407693547274,3.3849885854894244
6343,0.5,6676.021079514865,2.723575838343584,0.6066099387011038,2.79031198344198
6344,0.5,6677.034062070678,3.6144065671628325,-0.6157176329853539,3.6664755605784283
6345,0.5,6677.773602313435,2.9077502259835657,1.2159585036976386,3.151756091359558
6346,0.5,6678.438197868944,1.3867787835472163,3.813145330352721,4.0574909371294305
6347,0.5,6679.147300422945,-3.0075057067629176,9.015698530556623,9.50409967172548
6348,0.5,6680.890098038189,8.240795321007306,-13.988178272429316,16.235142096821928
6349,0.5,6681.885127241569,1.2843846597300954,-6.1250983337936455,6.258312356601553
6350,0.5,6682.565640306699,3.1137412369423987,-2.1023036490004543,3.757002145758797
6351,0.5,6683.184617811499,4.152910522974819,1.7108004809405033,4.491492413154145
6352,0.5,6684.323087144983,4.8901764289028105,-2.2721264945137407,5.3922522486311735
6353,0.5,6685.084637365416,4.5678830372208985,0.2411808039042309,4.574245688843387
6354,0.5,6685.936244319488,4.620161690923886,1.0650727433991867,4.74133673124073
6355,0.5,6686.656349751517,4.273677382450177,4.950246602806799,6.53982108301645
6356,0.5,6688.040741920755,3.086989529438537,-3.3381185261145143,4.5467064617426205
6357,0.5,6688.503502135193,2.8997039792444776,2.464055719793628,3.805240302200894
6358,0.5,6689.259935461762,2.8738032281781267,7.608562750558578,8.133201837128754
6359,0.5,6690.508707528538,15.67705417755419,-0.015982153200818746,15.677062324147029
6360,0.5,6691.704920009255,5.581530033648024,-9.265625974344438,10.81689891849606
6361,0.5,6692.647541254749,2.1452700822073276,-5.0975003574798725,5.530523810645901
6362,0.5,6693.499651871101,1.3253626486141277,-2.068068693458838,2.4563172171374776
6363,0.5,6693.981516036088,2.0785697540707417,1.032872161025588,2.3210508662154243
6364,0.5,6694.823702884915,3.3898287643137235,2.670540958336905,4.3154058976559435
6365,0.5,6695.938981836289,3.0569818428013034,-0.24081661347977498,3.0664524500707198
6366,0.5,6696.27231064692,-1.1966255009934028,3.4901528668926987,3.689590712248045
6367,0.5,6697.779004686452,11.028111634206956,-2.342528750059685,11.274160153261395
6368,0.5,6698.507679622905,10.438084614983941,4.3179170717180275,11.295929278629467
6369,0.5,6699.761639218128,7.531583029798891,-8.358414291266389,11.251125828076088
6370,0.5,6700.871368181453,0.021712965350421255,-3.3561369479013785,3.3562071845958927
6371,0.5,6701.375798236872,1.8561438700473705,-0.3400939557875366,1.8870437104311188
6372,0.5,6701.784678330473,0.10861048369462391,3.0307386968166474,3.0326841717446036
6373,0.5,6703.33680667794,6.001806330263078,-5.419269526696655,8.086418331311394
6374,0.5,6704.270589493425,2.447550742278432,-2.7764221884568507,3.701219367260367
6375,0.5,6704.873686015397,2.8265574464035987,0.5457351543610836,2.878759082751655
6376,0.5,6705.640106165691,2.5896638373319343,2.011030465758443,3.278811114503758
6377,0.5,6706.214075997798,-1.2788879032486755,5.462674671679635,5.610380453916294
6378,0.5,6707.535168632614,15.580015338475446,5.4475719566842375,16.504936175895462
6379,0.5,6708.721048689681,10.97052606152345,-8.456969993913727,13.85181517146841
6380,0.5,6709.7269916992645,4.191525256119485,-6.863395428237633,8.042081868337375
6381,0.5,6710.545176389562,4.083263463546036,-3.681873248922718,5.498111597072462
6382,0.5,6711.503024657997,1.808004372565515,-2.434449083384543,3.032395447630118
6383,0.5,6712.089903868122,2.337545443605304,0.38495870577204205,2.3690318499483296
6384,0.5,6712.731759929547,1.7857335200607818,3.2372747509045627,3.6971329456097286
6385,0.5,6713.825345385446,5.776919247908309,2.4084116944930294,6.2588531606856135
6386,0.5,6714.552463890873,4.491124247027695,7.01124137507456,8.326325877708456
6387,0.5,6715.865576387475,8.415967648576716,-3.9242141580643572,9.285901583596644
6388,0.5,6716.558365972572,8.250338997212053,2.456479278462376,8.6082741600412
6389,0.5,6717.809675011431,2.892187802503364,-3.899821227189744,4.855240044425091
6390,0.5,6718.1865197125135,3.133966768558687,3.906829005684008,5.008498835587773
6391,0.5,6719.559687205052,7.0257036324703055,-6.577492664069689,9.624132235022389
6392,0.5,6720.6261961730925,0.7715357269012219,-3.146115507219061,3.239337920416647
6393,0.5,6721.043429319701,2.696803913337243,1.0032947711219333,2.877386269646757
6394,0.5,6722.047668249347,4.662868257506062,-0.021561181790556754,4.662918106874474
6395,0.5,6722.914170254797,4.181614034830396,0.48258279326203807,4.20936837169701
6396,0.5,6723.6497849451,3.5853897569612827,2.9643800388066577,4.6521574268072925
6397,0.5,6724.573284418512,4.168287024242553,2.9225370183925303,5.090760192775097
6398,0.5,6725.062801240417,-3.72481497051836,7.244181413761591,8.145698921522117
6399,0.5,6727.203484213404,-5.06175179110598,-5.907369001175698,7.779353424984377
6400,0.5,6727.8613530288485,0.2989733804739937,-2.1454898414496433,2.1662206124944117
6401,0.5,6728.191087298997,1.9640341027638393,1.22892995328361,2.316829468669849
6402,0.5,6729.486019096451,2.0102979667707923,-2.138101511319246,2.934753139176858
6403,0.5,6729.895237293209,1.836945078974117,2.305167587140882,2.9475693084255274
6404,0.5,6730.934946661615,6.241775987935163,2.7335146904531977,6.814093486773381
6405,0.5,6731.961248879776,7.237820624264128,-0.18615435021518473,7.240214142629153
6406,0.5,6733.013197272611,2.683540421926606,-1.6591711678012366,3.1550337811467166
6407,0.5,6733.352651970028,0.5663217019886946,3.3569219210808527,3.404356775424182
6408,0.5,6734.491411333636,9.906504881343134,6.38724415785691,11.78710002062223
6409,0.5,6735.744523774782,7.5363866476535994,-5.817048265883552,9.52025074410072
6410,0.5,6736.4096053578,8.671828104994395,1.4349865777314168,8.789754783885613
6411,0.5,6737.651227900498,3.628223238338564,-5.989178894222812,7.002447264651407
6412,0.5,6738.297181091919,5.900997022402995,-0.8204284688931583,5.957757021814451
6413,0.5,6739.552413812181,0.6264881138632693,-3.1740317150983315,3.2352688737200825
6414,0.5,6740.261721734862,0.5842366512570005,-0.5012320683617063,0.7697831194733672
6415,0.5,6740.4576974930205,-0.1495355237447382,0.8313871339974719,0.8447280269046029
6416,0.5,6741.36652761748,-0.9128268404608498,6.097109486404866,6.165062605511314
6417,0.5,6742.674048332693,12.904995182961278,3.976499513632274,13.503756849638973
6418,0.5,6743.672183245424,13.080291866276358,-0.5523091908215836,13.091947171801506
6419,0.5,6744.725146506184,9.01569182124174,-5.838622490860057,10.74114573061841
6420,0.5,6745.670849832027,5.565840586799175,-5.011043476809108,7.489268199506017
6421,0.5,6746.593080879847,3.0648003160210386,-3.2159220518747347,4.442426771576192
6422,0.5,6747.242437890561,3.813058399923262,0.2528640737812511,3.821433579304316
6423,0.5,6748.029172419817,4.7721325234938305,2.37906454604804,5.332278775162676
6424,0.5,6749.031010237307,7.272273385146829,0.7888494235861419,7.314932918448884
6425,0.5,6750.213685342223,2.108662175641758,-2.5379128907531654,3.299614827829654
6426,0.5,6750.601759539744,1.9482971778143232,2.5051835278712846,3.17361094045834
6427,0.5,6751.786325711449,3.8819878335712725,-0.32102108535549756,3.895238641885527
6428,0.5,6752.178020361104,-0.5667288131853991,4.648001957939607,4.6824249859132765
6429,0.5,6753.436904757143,15.73855048696505,7.4154791788683,17.39802583292073
6430,0.5,6754.800870274664,5.082701982241311,-12.279574811784627,13.289914108017975
6431,0.5,6755.929060721254,-1.1291687991653927,-2.645114644139064,2.8760482710913498
6432,0.5,6756.349056164565,1.8406950311571333,-0.5664224266633144,1.9258744930949465
6433,0.5,6756.987912268813,2.507960818955051,1.7653152252558586,3.06695375151531
6434,0.5,6757.9688181856545,5.037421650639917,1.7327647958820949,5.327109040012613
6435,0.5,6759.040586961105,3.453553429036644,-0.9481600323502818,3.5813459389114097
6436,0.5,6759.501932128259,1.1655990333485213,3.6712791239195455,3.851871170258745
6437,0.5,6760.4624594005945,5.161435945380772,9.045979297782687,10.414900982447294
6438,0.5,6761.720180324828,14.308041967490437,-2.8442660233158996,14.588005832013398
6439,0.5,6762.871493911747,3.5783899258839305,-6.591490870482514,7.500175088444397
6440,0.5,6763.550805103911,4.906697960237391,-1.534537268741758,5.141059180962148
6441,0.5,6764.3154309665115,5.715364231487587,0.9774039659568774,5.798336555533486
6442,0.5,6765.1775070034655,8.08953140119019,2.516851616207865,8.472016309524566
6443,0.5,6766.626418343842,-0.1513209968217419,-3.439605818016161,3.442932794495087
6444,0.5,6767.055387842127,2.4779311945408153,0.07266684907028725,2.4789964654739376
6445,0.5,6767.826497444045,3.3868937886421766,1.7588038109964552,3.8163386093373073
6446,0.5,6768.762729472866,4.424629278211271,1.6257178969528412,4.713841631840972
6447,0.5,6769.585676837072,3.5550037516563004,2.5416558744065583,4.370133437115592
6448,0.5,6770.093879396389,-2.89153815087403,6.522882101573321,7.135053173521946
6449,0.5,6771.955148424855,2.0724126222817776,-10.106048982101951,10.316352073559564
6450,0.5,6772.495692995084,7.9804053762013085,-0.915131877229472,8.032704172395762
6451,0.5,6773.740383049481,1.5360600513408842,-5.954067002048383,6.1490157217400885
6452,0.5,6774.572946802577,1.0863673806887153,-2.0506400766754296,2.3206289685970636
6453,0.5,6774.99384010807,1.9271754115072224,1.2859131250027216,2.3168033217716815
6454,0.5,6776.14668500244,1.6025219608238592,-0.4874307923165173,1.6750120633061287
6455,0.5,6776.359235997386,-0.9867994790001099,1.6712622076567338,1.940847901948153
6456,0.5,6778.094859514307,4.743449598611523,-5.02848555760425,6.9127404911223405
6457,0.5,6778.684172078837,5.083704366952593,1.4029460235129567,5.273737539493569
6458,0.5,6779.586018071241,5.769387550978218,1.545512620946618,5.972808549994527
6459,0.5,6780.21753710773,3.230859996083952,8.264096597807933,8.873203981211987
6460,0.5,6781.893987624381,0.3706313768508732,-6.572768100329441,6.583209560557424
6461,0.5,6782.353593658482,5.13808922503539,0.11378931115929271,5.139349072767764
6462,0.5,6783.353036592479,6.814700047879684,-2.307262793129259,7.194692372793295
6463,0.5,6784.369341123243,3.960701860553579,-3.573249864923354,5.334348491181219
6464,0.5,6785.226455746954,2.513556195593237,-1.6673885178983845,3.016313846075126
6465,0.5,6785.783415364002,2.5162425686760526,1.7616294160770778,3.0716143742347484
6466,0.5,6786.860012200988,2.5159288581591297,-0.018900234058892962,2.515999848602019
6467,0.5,6787.190723306276,-1.2023580859319518,2.7793496100468777,3.02827495806997
6468,0.5,6788.3592879177395,7.852505784216735,13.361417018902507,15.498042193908715
6469,0.5,6789.795642994313,11.264731024422131,-12.455240954389684,16.793665242718294
6470,0.5,6791.028915455409,-1.333750634681648,-2.9035634863309916,3.195242036946228
6471,0.5,6791.376409715538,2.4375474054454873,-0.17952498580547366,2.444149458262011
6472,0.5,6792.196698981656,4.2110159739483315,0.8666541660717734,4.299272610153673
6473,0.5,6793.061593444636,5.6558844870222895,1.8969960325224695,5.965536294244246
6474,0.5,6794.096623844172,6.469429648623286,-0.9783059729565355,6.5429811672668325
6475,0.5,6795.007815668105,5.187437353265168,-1.004549411096867,5.283807889523028
6476,0.5,6795.896919249779,3.0596628285081393,-0.4792973781808328,3.0969763642762027
6477,0.5,6796.295555003896,-0.08925201584863171,3.891871588376688,3.892894858938105
6478,0.5,6797.774135880903,6.896050549558022,-3.159625398560796,7.5854298389273875
6479,0.5,6798.366625614905,5.632210486361943,4.213053803032357,7.033606280559842
6480,0.5,6799.273322354986,10.780526178021393,7.638760470571828,13.212509458909587
6481,0.5,6800.772051417369,0.9219681236881866,-9.86578315130294,9.908768965397774
6482,0.5,6801.656988280416,0.5025107740824059,-3.483770353428151,3.519825699305834
6483,0.5,6802.2241324159,2.468894417551534,-0.6760910765274057,2.5597927237917357
6484,0.5,6802.957130339654,3.054660587873803,0.9903169032128756,3.2111802932720344
6485,0.5,6803.905959480592,2.9404983380624223,0.41504081998802583,2.969644651874059
6486,0.5,6804.369622404882,-0.36069610152063936,3.9477210357816426,3.9641648621122045
6487,0.5,6805.731785578891,8.752874195239585,0.38903316568082796,8.761515478596761
6488,0.5,6806.401467743143,6.591319998342456,7.446507890233062,9.944645749339312
6489,0.5,6807.689586081387,11.115493848594808,-6.257657602955124,12.755880297885014
6490,0.5,6808.690301596814,4.7118048728156925,-5.558506841371801,7.286844547886748
6491,0.5,6809.403080163783,5.810584505833213,-1.2783630193519546,5.949546563283261
6492,0.5,6810.366331181321,4.907414596477212,-2.3144195921277344,5.425795432021217
6493,0.5,6811.157036390081,4.568107593412993,-0.2834340762791995,4.576892161783331
6494,0.5,6811.85076483775,4.87857914423481,3.751764213715372,6.154369925660805
6495,0.5,6813.242160313709,2.3713757907718973,-4.27981309192497,4.892874742201297
6496,0.5,6813.937310608288,2.24568480752772,-0.8257568831313387,2.3926919326983147
6497,0.5,6814.46246595323,1.3852650499832246,1.9540313363154067,2.395244814629102
6498,0.5,6815.081096307121,-1.909583091889612,5.025840142629459,5.37639067814983
6499,0.5,6816.3353386474455,14.884521639459699,12.346849157754342,19.338915909633695
6500,0.5,6817.957478321912,-2.2429449482069814,-8.299026722956434,8.59678117605841
6501,0.5,6818.595648109209,2.510137278475297,-3.3198473393749377,4.161991772402515
6502,0.5,6819.200378865704,4.53222665557785,0.4766521460351662,4.5572223695854825
6503,0.5,6820.389495636155,2.3954189317726535,-3.0776589626319173,3.9000021216613985
6504,0.5,6821.029054304978,2.7634956732565956,-0.008363878842884413,2.763508330108166
6505,0.5,6821.700640049411,2.443161409459651,2.4726401316947597,3.4760591038617776
6506,0.5,6822.503719518652,2.813528320539104,5.905810487670203,6.541753520788669
6507,0.5,6823.68720303324,9.875915302468778,1.3053242233792444,9.961805779560128
6508,0.5,6824.619085022734,8.749254729893535,0.1392513553002308,8.75036280782216
6509,0.5,6825.4308334301795,9.379508867668472,3.110913623741653,9.881951739057063
6510,0.5,6826.694558727106,3.6493325424637373,-5.160414369703237,6.320403821950343
6511,0.5,6827.215195839817,5.291957152012454,2.0312751368930124,5.668411521801809
6512,0.5,6828.196024115885,9.84432564732413,0.7859866046738683,9.875653010980612
6513,0.5,6829.600399880406,-0.4533515140620102,-3.858330321439978,3.8848732881067614
6514,0.5,6830.083027378228,2.5282643120590205,-0.6006090352984762,2.5986249527227736
6515,0.5,6830.870213620891,2.9354510860318,0.4636107712494892,2.9718358005959584
6516,0.5,6831.545028254603,2.3835122158741378,3.2587354149798133,4.037386157907725
6517,0.5,6832.556238235139,5.464500406346078,3.3199017032018507,6.393943384944771
6518,0.5,6833.389260421885,5.454954423001206,5.347410624503042,7.638804104312954
6519,0.5,6834.17785865243,5.305456208860792,12.186652011181101,13.291439080316469
6520,0.5,6835.801628118652,2.5102194056789133,-12.646972742352085,12.893685315317867
6521,0.5,6836.654339308384,2.1355860785748577,-5.736172118772169,6.120816814378775
6522,0.5,6837.608007663349,0.29214099031852664,-1.7669561896788089,1.7909440344322725
6523,0.5,6837.961927128307,1.320286808682465,0.7166315114631001,1.5022376577635164
6524,0.5,6838.57365531786,0.2742038298989683,3.8749812730499276,3.8846708492250537
6525,0.5,6840.160959158246,2.9704852327575417,-3.8048232934838007,4.827055294138192
6526,0.5,6840.629444018781,3.4772088799139422,2.3568729552801875,4.200694195235299
6527,0.5,6841.652128808344,6.379737867698667,1.039613451811683,6.463888256284768
6528,0.5,6842.568406740924,5.097714832286722,0.5082557410497391,5.122989401670285
6529,0.5,6843.097716812179,1.2364917106172923,6.77261846173007,6.884567711816934
6530,0.5,6844.542069426538,10.99354447043415,-6.273118742457929,12.657410429483205
6531,0.5,6845.395596546574,9.206344002078552,-3.4807262492027067,9.842368876774355
6532,0.5,6846.437600649348,4.609554187060375,-5.392512790366906,7.094165489873809
6533,0.5,6847.230869124743,4.717184563830086,-2.5516647597805986,5.3630982888199075
6534,0.5,6848.2113147790615,2.336114804123489,-2.32390282993514,3.295141384072234
6535,0.5,6848.7759082036155,2.8395674188721025,1.1488643405525474,3.063173582954974
6536,0.5,6849.879668262097,1.4899150753830206,-0.5166905066638308,1.576964175728199
6537,0.5,6850.113716574132,-0.701943927307113,1.5781988714838988,1.7272628505923426
6538,0.5,6851.115911270181,-0.6609758579623641,11.938227467031023,11.95651136993492
6539,0.5,6852.988639447484,-1.310862237907709,-6.125093332266009,6.263795026638558
6540,0.5,6853.366485079111,4.818632717532458,0.18572498331564438,4.822210596386458
6541,0.5,6854.363467096819,6.974471676234026,-2.208563887453645,7.315805465398531
6542,0.5,6855.292491816873,5.937681876050188,-2.610879239830843,6.486351552772526
6543,0.5,6856.262283256446,3.0173889910898404,-2.3636690548118557,3.8329580905907825
6544,0.5,6856.760131671617,3.0812990522394195,2.7901050507088767,4.156812485946741
6545,0.5,6858.04941180057,3.644764111902848,-2.6683788075720525,4.517139680385654
6546,0.5,6858.558429214376,3.3621594766144196,3.0043983492120034,4.508938432373629
6547,0.5,6859.922463959377,1.441994227176292,-1.8178104543823739,2.320297868652127
6548,0.5,6860.187858899369,0.5695810184945013,2.161273218090474,2.235066992254234
6549,0.5,6861.108305661412,2.903489392641707,8.32266741871182,8.814592651715119
6550,0.5,6862.251552326197,16.284902601108648,6.461863916808064,17.520095262496184
6551,0.5,6863.661560661965,1.6917525431487581,-10.623951037230876,10.757804716052865
6552,0.5,6864.468078714368,2.52533112606091,-4.871688874561518,5.48731717570422
6553,0.5,6865.320196229558,1.8149242990723724,-2.4427659631058565,3.0431982784353413
6554,0.5,6865.947533329558,2.4149830321692085,0.036798140334939576,2.4152633704830815
6555,0.5,6866.605957422316,2.20912243476689,2.5325217929670654,3.3606381185190872
6556,0.5,6867.507291743347,4.236922769080504,4.745389217922468,6.361621914317733
6557,0.5,6868.58215364169,8.086427485899012,1.8360155105234952,8.292241098737172
6558,0.5,6869.5691277476835,5.513407912515988,-0.48658542004296507,5.53483804467595
6559,0.5,6870.02493455084,0.7875599898495617,7.010340594113733,7.054440160855482
6560,0.5,6871.789073856701,-0.005133906515387981,-7.512662852165848,7.512664606337009
6561,0.5,6872.3724483820015,3.907111566386227,-1.9892207693411292,4.3843494456267
6562,0.5,6873.072723613972,4.925422494029673,1.1045376131896507,5.047750992634659
6563,0.5,6873.9346940342375,7.3488116000196415,2.652200825002117,7.81275886922956
6564,0.5,6875.153324099614,5.36918266954883,-5.267717070731989,7.521766127463996
6565,0.5,6876.145315861663,1.3349413776872472,-2.6567846961139914,2.973310176111305
6566,0.5,6876.69811741031,1.9633641803547501,0.20129356753079355,1.9736559996689784
6567,0.5,6877.237646576933,0.6352184543906944,2.910745678085889,2.97925206843835
6568,0.5,6878.2588631246135,4.382769530339603,5.806191994622637,7.274650110795241
6569,0.5,6879.112421812894,5.7086235600628,10.658026890328216,12.090571539239301
6570,0.5,6880.377942410604,17.91245851754616,-3.7747130304984453,18.305863230272063
6571,0.5,6881.688038384213,-0.6044397231814551,-7.5628203860748275,7.586936112225322
6572,0.5,6882.445197358526,1.0815609747897692,-2.473296734221396,2.6994389931425418
6573,0.5,6882.838577211129,2.400737035505992,1.6651790821037729,2.92170492848372
6574,0.5,6884.181301466835,1.8568428807988524,-2.6012466252473154,3.1959895946848653
6575,0.5,6884.701384278516,2.158429781586622,0.838854295574167,2.315706296412243
6576,0.5,6885.263282750261,0.10443716656029947,4.184409031683492,4.185712133698819
6577,0.5,6886.623661119115,9.337584524627532,-0.6871163402925942,9.362831495848928
6578,0.5,6887.549968308299,6.562531518255495,-1.1516301696791562,6.662812617492106
6579,0.5,6888.2509928671,6.0729208814234585,3.432225030471724,6.9757104793580496
6580,0.5,6889.289681088248,8.106261029132845,0.1679642572727972,8.108000978302796
6581,0.5,6889.977275509068,7.603972578989896,7.16616228268164,10.448649713898881
6582,0.5,6891.537372835463,0.058310925683331204,-7.50698049588564,7.50720695929328
6583,0.5,6892.182738260616,3.361600283154317,-2.7199867784976552,4.324197560115083
6584,0.5,6892.950976502118,3.9109300967103784,-0.9060323375951145,4.014507294565937
6585,0.5,6893.749941560476,4.442032115094461,0.523859610263,4.4728154671074325
6586,0.5,6894.725796291229,4.162219078414234,-0.6579693587072216,4.213904523563986
6587,0.5,6895.615387172348,1.5803710622115639,-0.20511963875558603,1.5936269201036135
6588,0.5,6895.8403119755085,-1.1416379939271726,1.4881111782779108,1.8755831594716696
6589,0.5,6897.082003225874,8.086708483610485,13.175679782412256,15.459411108692494
6590,0.5,6898.502343014077,11.121565483380628,-11.683709592712601,16.1306629946809
6591,0.5,6899.560414678554,1.3522130519647495,-6.724916636722718,6.859517760657364
6592,0.5,6900.318742990245,2.1113661296757775,-2.582582789075214,3.3358058690471757
6593,0.5,6900.8581097548495,3.2054621187580272,1.2357543682411873,3.4354150045401908
6594,0.5,6901.834315321034,5.073576989669801,0.46835780969313706,5.095148919119778
6595,0.5,6902.578676872228,5.402557117398452,3.9204104905541852,6.6751211091035625
6596,0.5,6903.937998227295,2.5988945449438496,-3.9561196954444737,4.733406373894235
6597,0.5,6904.535186364932,3.0294336145087493,0.18584084859047992,3.0351284726878323
6598,0.5,6905.140661438642,1.9607571765997813,3.6961872427735925,4.184061285309979
6599,0.5,6906.094062894562,5.656976682306047,6.93709407188384,8.951237866704261
6600,0.5,6907.140032630438,12.814750812649946,4.913842427586918,13.724565049336382
6601,0.5,6908.442281898069,3.670545044322097,-6.425179264665699,7.3997182044647865
6602,0.5,6908.903089541293,6.410853319923045,3.308183647640075,7.214091719411496
6603,0.5,6910.4722556987435,-1.4275390243007475,-4.526458614920602,4.74622958341571
6604,0.5,6911.0489245630715,1.855613487108452,-1.7422531821659741,2.5453383987804554
6605,0.5,6911.819906831133,1.487936486070309,-0.4797855676563067,1.5633774904067614
6606,0.5,6912.1921445763355,0.08784934470445684,1.9708923419024458,1.9728492417655004
6607,0.5,6913.3035555474,4.792011325592546,4.703745836121421,6.714804348261893
6608,0.5,6914.187543371085,6.603903941269962,7.109357082602898,9.703324450593051
6609,0.5,6915.329117315662,11.710711741494718,-0.39473464573301514,11.717362541669699
6610,0.5,6916.245063928928,10.594026557728249,-1.0586949196200468,10.646794524112915
6611,0.5,6917.216468424075,9.402883533625094,-3.5369285564512225,10.046097867349195
6612,0.5,6918.3575870138075,1.5224810929659804,-4.089101573284058,4.36333592049398
6613,0.5,6918.8173566630685,3.644889956535016,1.1961062017722621,3.8361299301728424
6614,0.5,6919.750351056099,6.836840834029267,1.3236858062941297,6.963801885725537
6615,0.5,6920.967473414749,2.5798745475344123,-3.457379525114322,4.313841195697359
6616,0.5,6921.4838279352225,3.4945038911471165,1.4917329921355658,3.7995821829601297
6617,0.5,6922.480973999157,5.194711891017279,0.2743250069291705,5.201950195849919
6618,0.5,6923.354034045866,4.393769061711682,0.6038763230449036,4.435073075067534
6619,0.5,6924.145884035743,2.543206161609175,1.40520794268761,2.9055992398538413
6620,0.5,6924.460427819388,-3.5343131174260334,2.4018500127433753,4.27320169143993
6621,0.5,6926.654831366046,-4.171230091418455,-9.121317693651743,10.029835339828825
6622,0.5,6927.28679783769,2.328532252972979,-4.271255088986127,4.864738686540656
6623,0.5,6928.071663256565,2.6909654757978094,-2.172657714906657,3.4585743794342703
6624,0.5,6928.719431898,3.51279560670388,0.6879311102187937,3.5795226199711245
6625,0.5,6929.627051913055,4.70351576219689,0.7386077102483485,4.761155518870697
6626,0.5,6930.528890049633,4.797383513260862,0.6678768735727372,4.843650285844388
6627,0.5,6931.345058650023,4.341654838343546,1.9437275974950994,4.756894334392555
6628,0.5,6932.023250807393,2.6406731319923322,6.535926775656242,7.049219347329632
6629,0.5,6933.304572524187,10.657912283771005,-1.7213913711080804,10.796030867920035
6630,0.5,6934.1845359832105,8.74985870745899,-0.8882726115620179,8.794831188428072
6631,0.5,6935.0453708947625,9.016125649621593,0.2231250510125193,9.018886101850589
6632,0.5,6936.108134342433,6.033375112212066,-3.755894173719719,7.106923123887136
6633,0.5,6936.738749030302,7.048972878858364,2.7789480078686557,7.5769763545439375
6634,0.5,6938.142460069568,0.8480622984230235,-4.936125788076761,5.008447609561566
6635,0.5,6938.676824998128,3.7473383733225147,-0.4944605380171848,3.7798195866776068
6636,0.5,6939.7281744167385,2.2040349272253503,-1.7570741737871176,2.8187017601404616
6637,0.5,6940.311344603755,1.8439083468245416,0.8353360642494415,2.0242984789118825
6638,0.5,6940.802649579942,-0.9181012830856388,3.2563076410505576,3.383260176097567
6639,0.5,6942.049400324627,8.881080814828858,6.3264749552166615,10.904030529969406
6640,0.5,6942.9477985505655,11.951588554112845,8.402764953657853,14.609822991166656
6641,0.5,6944.312163919005,6.069924760495846,-10.020512867925513,11.715573598178679
6642,0.5,6945.071500563429,7.192477330754972,-4.36265731625948,8.412164347689394
6643,0.5,6946.311464558266,-0.42530012965695346,-2.3684884472981826,2.406370238610671
6644,0.5,6946.661391100812,1.8786419844634448,0.3166076497764587,1.90513414480076
6645,0.5,6947.472631963527,2.963733329058151,1.4901670230401733,3.317274936197861
6646,0.5,6948.143968613256,1.7839641744636088,5.460277195773765,5.744315035794663
6647,0.5,6949.584246728473,6.254506695515767,-4.759226112752873,7.859331218148296
6648,0.5,6950.558031839321,1.0461011004491936,-1.3775619688897858,1.729741162860073
6649,0.5,6950.778718800413,0.21696974724594065,1.7424104110425602,1.7558672819235146
6650,0.5,6951.731756770673,2.979380224226136,8.927178485648813,9.411228518909782
6651,0.5,6953.170717240902,8.540149970490546,-6.52664993203888,10.748549709326035
6652,0.5,6953.8076364829485,9.822849290766198,2.5807550362426928,10.156213110515061
6653,0.5,6955.261558551968,-0.6642077000343141,-5.237033582410327,5.2789859454329315
6654,0.5,6955.78844153483,3.18735829633062,-1.3548496174212898,3.4633611412924075
6655,0.5,6956.546043636553,4.4272264039798825,0.3747900721052522,4.443062145665453
6656,0.5,6957.755993703882,0.9194422120369836,-1.4790534807073517,1.7415433328137413
6657,0.5,6958.032891659784,0.6737721945846028,1.5321091270246139,1.6737166269436043
6658,0.5,6958.980843288755,2.9651521313939715,4.37895991648587,5.288422932453507
6659,0.5,6959.8165664847975,3.4344205521918187,8.528752500026053,9.194284297106448
6660,0.5,6960.90147975152,15.241724004702842,8.86678176250327,17.633206442941553
6661,0.5,6962.6074120616795,-2.0405126027069023,-2.233477561411107,3.0252460559651344
6662,0.5,6962.870225996556,2.302903721838077,-0.20946179465123155,2.3124099540250604
6663,0.5,6963.680284481358,4.660017839587501,1.0001568815548842,4.766138904081096
6664,0.5,6964.533684079057,6.7864669931366555,2.5666057861766203,7.255590913948263
6665,0.5,6965.796786754972,3.3381040770630945,-4.425154366822587,5.543007306464088
6666,0.5,6966.478635398841,3.6149476156880307,-0.6321687039762072,3.6698070159690324
6667,0.5,6967.140998080977,3.679814450421306,2.777389844586321,4.610306794383719
6668,0.5,6968.31650108658,3.948572767119188,-1.364357740200955,4.177642749264415
6669,0.5,6968.801828338876,1.98160833221284,3.9668943846781506,4.4343006936253655
6670,0.5,6969.932237760998,7.065418322137344,2.079469482361113,7.365074975508755
6671,0.5,6970.535368743666,2.5986128787122764,9.871518244322665,10.207823535965174
6672,0.5,6972.095936145753,8.23458900884079,-13.29095658138492,15.635152157647223
6673,0.5,6973.262414596907,-1.31623445534009,-3.1720156892184113,3.434262173170851
6674,0.5,6973.654656489082,2.574152719734709,-0.5157285055438625,2.625307242200064
6675,0.5,6974.591510670817,3.0505357633098775,-1.0817950842646102,3.23667252708266
6676,0.5,6975.295197954235,2.895113543711048,1.003324310388549,3.0640401601147134
6677,0.5,6976.008257662878,2.4693219454973514,3.6429571784402808,4.4009871477277
6678,0.5,6976.91905449071,5.084882441111169,6.723005243959643,8.429402644922686
6679,0.5,6978.181615018906,7.624458601895556,-2.88780252529082,8.153022286066387
6680,0.5,6978.842393158955,6.662299160252439,3.3225120334905927,7.444818084640493
6681,0.5,6979.762843417412,10.572973600196688,4.182860355562148,11.370316244704437
6682,0.5,6981.0043321765925,6.698757572953975,-7.397891722755808,9.980087923602031
6683,0.5,6981.9768666838245,1.6863892433902854,-3.343243900487837,3.7444877431194223
6684,0.5,6982.397415579584,3.070366559748135,1.9389633311318815,3.6313536884602193
6685,0.5,6983.38528984801,7.946041471567692,1.9505015514519388,8.18193322938351
6686,0.5,6984.843874844228,-0.36647202414941005,-2.2450721313134325,2.274785840312095
6687,0.5,6985.151721856233,1.7164471064051094,0.5868231320999207,1.81398788790169
6688,0.5,6986.003674960957,3.019303606669138,1.5847022492599883,3.4099084281040346
6689,0.5,6986.850633675518,2.5121736616358583,1.9284943503644656,3.1670344118125047
6690,0.5,6987.254126322795,-3.596571870906274,3.4206143065002497,4.963459625747795
6691,0.5,6989.031870465208,13.948968574264015,-12.032638765767638,18.421675275426477
6692,0.5,6990.113171653688,1.455784543650822,-6.886472306343741,7.038665318337839
6693,0.5,6990.678711334834,5.631866516538991,-1.16709510689366,5.751524271760326
6694,0.5,6991.939520170368,0.2041409168446629,-2.36649748804284,2.375286061686729
6695,0.5,6992.275498255838,1.839589333186708,0.9541125696422126,2.072298171191487
6696,0.5,6993.159083827505,4.044918035955126,2.3212751114221675,4.66365522530376
6697,0.5,6994.109978417561,5.853140279038194,1.9876982179192084,6.181439584078979
6698,0.5,6995.039339733009,6.200243004973986,1.3165277297667668,6.338474468196088
6699,0.5,6995.819351875686,6.155909873938428,4.3473016041412,7.536196495144037
6700,0.5,6996.886975870423,9.049106412444875,0.1052779845056037,9.049718797718109
6701,0.5,6997.808697348917,7.3674434705310565,-0.5899187740941995,7.3910234373528745
6702,0.5,6998.498795222106,7.090216141071747,5.289925992167369,8.846156336495657
6703,0.5,6999.682678654556,11.41673897745491,-4.431750771009455,12.246727880363844
6704,0.5,7000.717687588804,5.831764193916373,-6.76569759517387,8.932196681823937
6705,0.5,7001.855900890756,-0.34655937490256083,-2.4619585918764835,2.4862307834244373
6706,0.5,7002.352835851475,1.1301418725492405,-0.3649092417127437,1.1875939570309684
6707,0.5,7002.69150868054,-0.12216015787541093,1.7326976896011985,1.736998672343038
6708,0.5,7004.043723499329,6.097032118087296,0.2380496014067071,6.101677495715252
6709,0.5,7005.062866174921,0.3826738396019291,-0.1594333046065491,0.4145578923786732
6710,0.5,7005.100564672647,-0.36909310361954284,0.21478087419985822,0.4270369340719394
6711,0.5,7006.7396623839495,19.952695384745628,0.11364144725056655,19.95301900703206
6712,0.5,7008.114742057395,-0.849204665854924,-7.960254390972492,8.005423070238487
6713,0.5,7008.817473633255,1.9122480281736811,-2.9848091583203464,3.544824146956679
6714,0.5,7009.367750707149,3.4788217085292636,0.7411453898568789,3.5568942869644817
6715,0.5,7010.354080472365,4.444920220463356,-0.4870327727357466,4.47152286005592
6716,0.5,7011.000501879778,4.036857406490848,3.8706850951796357,5.592711402029055
6717,0.5,7012.236145978959,6.532977037108736,-2.9926334128934053,7.1857945775923815
6718,0.5,7013.158434223639,3.320138369243852,-1.9190422530758833,3.8348457543968815
6719,0.5,7013.706426479038,2.8586642171564343,2.3819480228448984,3.720972653754033
6720,0.5,7014.629880155082,4.558879672180591,3.0919559263799448,5.508500278306018
6721,0.5,7015.28046692421,1.0248998714629227,8.786195269877386,8.845770009837496
6722,0.5,7016.721610295663,14.641792616720577,-7.268100654385859,16.34647907512004
6723,0.5,7017.835435823636,2.57061750419207,-7.196565920261945,7.641899986098635
6724,0.5,7018.482223807744,5.40342021614519,-2.008179461986817,5.764523812405687
6725,0.5,7019.43779694603,4.775211630663667,-3.044477651246278,5.663169632508248
6726,0.5,7020.435877382541,1.771688613520913,-2.368518829781211,2.957830622315587
6727,0.5,7021.023066109285,2.099203613570069,0.3223370498953546,2.1238071910983063
6728,0.5,7021.6575572471575,1.3161306514501958,2.389048798924536,2.7275912551790973
6729,0.5,7022.295224444044,-2.406115903070278,5.68800033486009,6.175981019107506
6730,0.5,7024.0428320315905,3.72171874074382,-6.069398535240356,7.1196059557240625
6731,0.5,7024.45516570243,5.058632144976455,4.038484223449663,6.472952494900678
6732,0.5,7025.699304046243,8.426629285841505,-5.180479320530394,9.891685756808329
6733,0.5,7026.594723731796,5.622384034248343,-3.4651369432431114,6.604420963566669
6734,0.5,7027.30830666374,6.605423777629163,0.5609645020474543,6.629200891104905
6735,0.5,7028.454474427452,3.5627577577967067,-3.6434778674886723,5.095897743442309
6736,0.5,7029.026736381394,4.578205449728054,1.6008917294714458,4.850032934878869
6737,0.5,7030.160937812445,4.608469232426625,-2.5360294871529514,5.260174353187555
6738,0.5,7030.916480678159,4.0757975547640495,-0.05497740797385206,4.076168326113156
6739,0.5,7031.735908085673,3.509399002351013,0.9028683783281554,3.6236794375727
6740,0.5,7032.326789393164,1.217616293051236,4.739084590276733,4.8930064572716665
6741,0.5,7033.374833299674,7.636788525471329,7.585326491322628,10.763722263359057
6742,0.5,7034.2920198751835,13.260875861372678,11.260587968985819,17.396886790975124
6743,0.5,7036.042983450236,-4.128872983068028,-4.611947237970223,6.1901251551265295
6744,0.5,7036.590328238251,1.3960855918261297,-2.6176371481900067,2.9666612916355697
6745,0.5,7037.287650971199,2.1032591452976415,-0.8577082757914749,2.271423016225589
6746,0.5,7037.826378791676,1.942019971416699,2.270138228056329,2.9874686850014087
6747,0.5,7038.892159117756,5.459362288719849,1.4708832964149239,5.65403698883982
6748,0.5,7039.724690853086,5.860413028307892,3.065932586890223,6.613953695764453
6749,0.5,7040.828312058801,5.158845018645452,-1.3225258454368984,5.325669585906693
6750,0.5,7041.380467339997,3.2572729477883473,4.575360376290324,5.616382254558652
6751,0.5,7042.367190690243,9.403515881343509,6.8482763290479785,11.6329273877936
6752,0.5,7043.660231421896,7.389112564094273,-7.147393635257952,10.280283082784331
6753,0.5,7044.644895546271,1.0251166631046076,-1.9385564486942541,2.19291251028143
6754,0.5,7044.831635317059,0.39603015715836776,2.3177543970190233,2.3513454298081977
6755,0.5,7046.487185180729,2.218403744569003,-7.144257862455744,7.480757687505892
6756,0.5,7047.225072049255,3.117500946129968,-2.728848752558057,4.143118108799086
6757,0.5,7047.948438454179,3.6932131542438573,-0.4354689393330631,3.718797735801683
6758,0.5,7048.94940186397,1.6976968276338191,-0.9066258742981724,1.9246155445971174
6759,0.5,7049.280272516699,0.16987532754450416,2.0791946757362423,2.0861227496286716
6760,0.5,7050.297213171849,3.4240180121086654,6.1090947931247594,7.00320915999434
6761,0.5,7051.126075603252,3.6344479190723247,12.648059908825717,13.159887200644752
6762,0.5,7052.731101998177,4.583108625491334,-11.915938322707367,12.766928792141794
6763,0.5,7053.529831409841,4.264258710741782,-5.0228947367618275,6.588882597886141
6764,0.5,7054.22932577632,6.043336449840171,-1.1106019421759064,6.144538397628556
6765,0.5,7055.362254325912,2.1750005729518427,-3.531381128647229,4.1474426057640175
6766,0.5,7055.9860049434465,2.892972687782106,-0.1961310046484847,2.899613481696767
6767,0.5,7056.614758134821,2.6154693034733314,3.073783854174459,4.035941880106162
6768,0.5,7057.640859333485,6.785814925304541,2.8990453023978895,7.379142759551487
6769,0.5,7058.629780453728,8.243064032700604,0.5963772147829765,8.264609514642215
6770,0.5,7059.889596893714,0.490007494041799,-1.3018197660124726,1.3909859982752857
6771,0.5,7060.046570771796,0.25407690548765427,1.3117911770480304,1.3361703357294081
6772,0.5,7060.897300346829,0.33212213367456894,8.81628770279191,8.8225412421862
6773,0.5,7062.396671827488,13.543251555159026,-9.096910998002008,16.31482308797393
6774,0.5,7063.516698792151,1.2386243949230065,-6.5475522441464795,6.663679972922318
6775,0.5,7064.1115433912155,4.775451506203806,-1.6442015389758315,5.050577767827627
6776,0.5,7065.149328525933,2.63049626084778,-2.9065173585787467,3.9201216478642253
6777,0.5,7065.78382858067,3.3214742712187557,0.25850977540304854,3.3315189686308404
6778,0.5,7066.700657475164,3.0634449467037705,-0.0036470405279700824,3.0634471176094227
6779,0.5,7067.232275507839,1.1240271318044124,3.6623911476694873,3.8309980307434612
6780,0.5,7068.407664647506,5.683213210128364,1.6699620014586847,5.923485922840826
6781,0.5,7068.910823584891,-0.7143579782519517,7.995411056580921,8.027260135612192
6782,0.5,7070.631775541778,3.4455891618460326,-10.163936260766476,10.732086702275307
6783,0.5,7071.257549038737,7.393991020534877,-2.292600669347553,7.741260946437811
6784,0.5,7072.437115054569,1.0591438361762522,-3.858304826620858,4.001037590530231
6785,0.5,7072.983187561458,2.510170208782336,-0.20043205013950743,2.5181595429562207
6786,0.5,7073.466662994917,0.8481594160287872,4.031103538809372,4.119365258823224
6787,0.5,7075.067136414841,2.95326805501839,-6.066116757416012,6.74681885923992
6788,0.5,7075.890873553447,1.6108477891461752,-1.9098974680449146,2.498507342042744
6789,0.5,7076.342464150185,1.7698314902885683,1.445549125996523,2.2851511502932067
6790,0.5,7077.065912471997,1.4096616672982623,4.793027273319923,4.996024065098039
6791,0.5,7078.271618865431,7.731616609407024,1.488586804238304,7.873613279086736
6792,0.5,7078.931890804248,5.074877358861527,8.115291762544974,9.571433570720513
6793,0.5,7080.137304262414,16.24200395355731,-1.3304622929194152,16.29640519686019
6794,0.5,7081.3290455678525,4.612748169712653,-9.71423700447957,10.75378288121848
6795,0.5,7082.278642199873,1.1982942358611723,-4.72615010183882,4.875695218203164
6796,0.5,7083.024206212045,1.8021003835466578,-1.8578386584742679,2.5882678132875814
6797,0.5,7083.620734181048,2.249112053334973,0.5620423675849796,2.3182744987203714
6798,0.5,7084.299067796784,1.9659062843091961,3.0813784694848763,3.655089710375294
6799,0.5,7085.2487287978665,4.939455046106376,5.162487390726308,7.144892736207722
6800,0.5,7086.306731439245,8.686389957555182,2.045419123741879,8.9239626784565
6801,0.5,7087.18623923729,8.954095506749423,2.5962991272058167,9.322907030638023
6802,0.5,7088.172775646457,9.631139348668679,-0.4143501340476206,9.640048297963006
6803,0.5,7089.062481920449,9.515487420282229,-0.26645146161456507,9.51921725915245
6804,0.5,7090.042338353994,8.66038283848071,-2.9650668133276676,9.153898192384942
6805,0.5,7090.994773908902,6.296500868901117,-3.7353156086102386,7.321100046304503
6806,0.5,7091.86750387286,5.058022698259365,-2.511953952786964,5.647433600940254
6807,0.5,7092.676342251269,4.966308067038144,-0.8114965798849759,5.0321707558362085
6808,0.5,7093.502511762346,5.526459863494923,0.4211063608323433,5.542480418544912
6809,0.5,7094.688695951539,1.391840498451142,-1.9516171523699486,2.397087708564981
6810,0.5,7095.085720383148,1.3550526354565673,1.3810957969794897,1.9348367490029232
6811,0.5,7095.725602561609,-0.4915233378416495,4.191184327405267,4.219907730973574
6812,0.5,7096.634105638254,-0.9059040719025153,13.873826010129243,13.903370467150339
6813,0.5,7098.543092299949,-3.3059415608848557,-8.747166682531155,9.351052057173508
6814,0.5,7099.105747706267,3.9364742033799245,-3.8035991624230894,5.473864790279464
6815,0.5,7100.148609518812,0.47702863587023697,-1.6680920039450822,1.7349603030230227
6816,0.5,7100.3746741315545,0.893805984101717,1.5753548147523175,1.8112514815947969
6817,0.5,7101.8050607781715,2.5752038609564347,-2.824820025317988,3.822470810996789
6818,0.5,7102.326350494877,2.773268104310094,1.4353449591856888,3.122696131589411
6819,0.5,7103.038586280859,2.576295262819046,5.262785950826682,5.859540361277714
6820,0.5,7104.5103860601785,2.333424487742091,-3.042853623439618,3.834557081811934
6821,0.5,7104.853653429336,1.8809614547751412,3.0508341845116758,3.584076619679724
6822,0.5,7105.840204617922,7.651331346229554,6.338249273446029,9.935606434543091
6823,0.5,7107.089407119066,7.5096892393725705,-4.68828881883244,8.852992969653679
6824,0.5,7107.734543391731,7.866799164907418,2.5678830594514706,8.275297729266658
6825,0.5,7108.776071695754,11.253890080737778,-2.3335135823265274,11.493273145115387
6826,0.5,7110.001860578941,1.2826093407235184,-6.376641777946275,6.5043560084885454
6827,0.5,7110.890294249123,0.3617255153066221,-1.6438141810701152,1.6831430154063125
6828,0.5,7111.196220368459,1.2324135260921965,1.0632285871878568,1.6276664670344743
6829,0.5,7112.280552946117,2.6116054020867794,0.1074380518811304,2.613814398766841
6830,0.5,7112.700332233813,-0.44681382549977317,3.264522272910454,3.2949580065588364
6831,0.5,7113.87490659856,8.220387471002423,7.190985325646575,10.921769093286947
6832,0.5,7115.004276076471,10.203322054549508,-1.1328098201628314,10.266013785180387
6833,0.5,7115.666729177026,9.235462240323677,7.80728026466644,12.09327862589358
6834,0.5,7117.412224324586,-2.3567073213532868,-2.6695315506282493,3.5609644898987476
6835,0.5,7117.750925734541,2.317566779671626,-0.828668279241107,2.461261240758065
6836,0.5,7118.533335836163,3.6236032830482454,0.17057964235909936,3.6276160446366674
6837,0.5,7119.283665360747,4.270016116110781,2.6193592240582366,5.009399203148494
6838,0.5,7120.25076905321,7.428987410784289,2.2260373654700847,7.755326962937181
6839,0.5,7121.421516882193,4.538513809205355,-3.7014311701145464,5.856509225079667
6840,0.5,7122.205851773635,3.037261567171312,-0.9418452790705891,3.179941879519733
6841,0.5,7122.716594278005,1.8062936596069916,3.1116207833080343,3.5978994821771946
6842,0.5,7123.681370582503,5.1430712508961385,5.228997467957752,7.334411797254293
6843,0.5,7124.489058108264,5.6749626928260986,11.010573285038673,12.387006322359545
6844,0.5,7125.915836857432,11.262550686253146,-11.167187415273514,15.860363259656582
6845,0.5,7127.035111899373,-0.027741494789362265,-5.463892040851913,5.463962465520607
6846,0.5,7127.569883237844,3.8792071852720222,-1.2641282319254645,4.0799838937203035
6847,0.5,7128.564326582401,2.6462130538626463,-2.1001158272102503,3.3783028304360263
6848,0.5,7129.114147836605,3.0282822532002296,1.802992418006584,3.5243829338533414
6849,0.5,7130.3299851236,2.0836755947613126,-1.4181278480536292,2.5204742763275974
6850,0.5,7130.710717138685,0.8561043819508789,2.2345773113486023,2.392958518902792
6851,0.5,7131.460814545008,-0.9834174778159346,7.1067823773546,7.1745010763642485
6852,0.5,7132.8748077579,15.486073676326082,-1.9218401106310938,15.604869346438957
6853,0.5,7134.003937657023,4.849129450425191,-6.829989857340027,8.376324843172485
6854,0.5,7134.723114154969,5.1347729893536656,-1.8247141841760335,5.4493555129142734
6855,0.5,7135.384622834066,6.037336166676111,3.092050403438194,6.783082167190495
6856,0.5,7136.640749182656,4.670522854780597,-4.843021286373603,6.728197300711069
6857,0.5,7137.288235953503,5.966126592808402,0.36124929275854906,5.9770534189460065
6858,0.5,7138.467686063101,2.4025791238756504,-3.3372450871505,4.112127334870996
6859,0.5,7139.026902843552,3.261097049795882,0.7553520712650218,3.347433452624826
6860,0.5,7139.857139271783,4.216139712619883,2.0295315976997865,4.679191445366637
6861,0.5,7140.793842097438,4.895198753443157,1.487896137258069,5.116327369410496
6862,0.5,7141.5468921894835,3.737753917547721,3.753735847742814,5.297295268603856
6863,0.5,7142.172195163233,-1.5344765112849574,9.596434440697934,9.718342046784457
6864,0.5,7143.971077069489,1.360723923115464,-11.962935209003438,12.040074269278943
6865,0.5,7144.6426720746795,5.921340089879349,-4.7754632539742525,7.607057101801638
6866,0.5,7145.706891491172,1.2418117350148834,-4.167238006906346,4.3483294483543276
6867,0.5,7146.385883316661,2.30105221492122,-1.3433774109897016,2.664489475331296
6868,0.5,7147.152214246956,1.4262399760089794,-0.11864474058061603,1.4311663228407576
6869,0.5,7147.421342255999,-0.976569924308335,1.6257503062727503,1.8965107105971029
6870,0.5,7149.1028313039305,5.22453819103914,-4.078214930912313,6.62779271947627
6871,0.5,7149.690649365279,4.996593612187704,2.175182674697871,5.449529098340585
6872,0.5,7150.675386373472,5.716050113029494,0.5007306795035238,5.737940406457752
6873,0.5,7151.241040722671,2.489422301858871,7.218001351561583,7.6352319485485936
6874,0.5,7152.673138348753,9.615915728416473,-7.443744281245332,12.160393259289762
6875,0.5,7153.6294144301555,3.727823438939068,-4.528032912630994,5.865129977227532
6876,0.5,7154.183565146984,5.401542629314264,1.7281308178690657,5.671251969359857
6877,0.5,7155.223016558716,8.632959365395237,-1.8076923202823318,8.820189279679493
6878,0.5,7156.483767096552,0.25326320449823747,-3.637348794368326,3.6461553042410895
6879,0.5,7157.069573699554,1.6961535245964878,-0.7597405770039428,1.8585323573581851
6880,0.5,7157.56000913395,1.2375145930643028,1.9047165229230518,2.271428493425049
6881,0.5,7158.479721559111,2.9342988544399287,3.695387240247202,4.7186858999672046
6882,0.5,7159.230610392882,1.3660123254754957,7.864889683582682,7.982636118994543
6883,0.5,7160.332445434676,13.903588741638488,10.854615124802752,17.63894694714549
6884,0.5,7161.815172321187,1.738837163269195,-10.9743556899876,11.111257241677436
6885,0.5,7162.637987016803,1.6898852060512077,-3.9642062741167603,4.30936693649745
6886,0.5,7163.137487199212,4.106922928869633,0.9003654354617598,4.204458807153349
6887,0.5,7164.371935918647,1.5565305031276537,-2.3571254061037914,2.8246818205360387
6888,0.5,7164.711987143345,1.6657455140051782,2.3671665804555193,2.8945095848958338
6889,0.5,7166.042526862268,3.5669439445795317,-2.3560344820903967,4.2748084851337556
6890,0.5,7166.532447389484,2.856022524011574,3.145012789555608,4.248290256577319
6891,0.5,7167.595613911397,7.453070608671804,1.7694510202657652,7.660236185064209
6892,0.5,7168.643915100566,5.006723679422961,-1.6318809004290113,5.265958343481231
6893,0.5,7169.192035856892,3.400539283038319,4.260909249849504,5.451514931735932
6894,0.5,7170.161501605524,8.524549115684234,6.16885931146386,10.522488433367235
6895,0.5,7171.13570596046,15.234142923102908,5.369733426090811,16.152806185576654
6896,0.5,7172.806744272893,-3.1354528736021376,-2.8627421088364495,4.245745765385071
6897,0.5,7173.355088187846,0.4658889361007248,-1.1646385045266077,1.2543665122311893
6898,0.5,7173.622770905667,0.790017665014119,1.255216644062033,1.483137463138435
6899,0.5,7174.907955975351,3.7298725288674905,-1.461520678860864,4.005994480318001
6900,0.5,7175.547478519791,3.16846005238608,1.8009334321660355,3.644516474192391
6901,0.5,7176.380745980891,3.7100501615720867,3.28752866468286,4.957047197928675
6902,0.5,7177.135820086711,2.8222725479269974,7.4471814899990845,7.964027528817773
6903,0.5,7178.280438268984,13.543527046415143,4.497102599262023,14.270636168204545
6904,0.5,7179.3693265601705,12.965743655079718,-5.047629659729501,13.913629063296927
6905,0.5,7180.557671965448,0.9105496102531655,-5.734726637265469,5.806564405644211
6906,0.5,7181.140798188647,3.646502061261498,-1.2275522413721678,3.847578691603615
6907,0.5,7181.855662361213,4.5865230677936655,1.4190452680668388,4.801029402557988
6908,0.5,7182.7616478774335,6.887213747327632,1.7725237328271464,7.111649146633586
6909,0.5,7183.850495116686,6.242745855908961,-2.940058305827778,6.900421629374208
6910,0.5,7184.7208597121835,4.792782961190353,-1.8204866517391929,5.126884059761557
6911,0.5,7185.725322573682,1.2603766498510023,-1.1933285527703976,1.7356792141253312
6912,0.5,7186.027941311937,0.409426758284788,1.5848972191890003,1.6369268358092905
6913,0.5,7186.689666428597,-3.171881827580822,5.0723572670732215,5.982444531541264
6914,0.5,7188.322594508839,13.495152578503408,-6.999979671948923,15.202593809109855
6915,0.5,7189.14569049937,11.842065202126614,-2.8376278177834258,12.177300188616373
6916,0.5,7190.29461284287,3.369300314538808,-7.316822453479218,8.055313490193225
6917,0.5,7191.0679009378355,3.9700964073160354,-3.486734530168302,5.283841705355267
6918,0.5,7191.983733312583,2.3448176827207248,-2.434099386645897,3.3797943412683735
6919,0.5,7192.682398727874,2.2366127609445905,-0.2760425567092171,2.253582955103882
6920,0.5,7193.221050146965,1.2221733890331825,2.5374850359217276,2.8164761849494746
6921,0.5,7194.053741291015,1.6946193127826175,6.936276675049868,7.14028491925194
6922,0.5,7195.421790712331,8.82422525209983,-3.1709024298583457,9.376650442427607
6923,0.5,7196.187762765416,7.184818238968537,0.7144005142407805,7.220248002787885
6924,0.5,7196.9578142001865,7.935833411847027,4.63670863190631,9.1911108620113
6925,0.5,7198.14360636403,8.586725799816852,-4.755426906754369,9.815597028542063
6926,0.5,7198.993453206824,6.755296378313929,-2.521378337589947,7.210504689696078
6927,0.5,7199.744478634551,7.960471863546621,1.1161098260212023,8.038333996174735
6928,0.5,7201.057149777088,1.0258675953908993,-4.4121655228134316,4.529857494886195
6929,0.5,7201.577794024116,3.427311760297067,-0.11828863456221207,3.4293524320689426
6930,0.5,7202.481414823114,3.819797222627422,-0.2892073170712486,3.830729916639872
6931,0.5,7203.172044686859,3.5754882066927376,2.626180440956797,4.436320505178012
6932,0.5,7204.265486356892,3.931595516016406,-0.30042458109918624,3.9430569651590033
6933,0.5,7204.764022449227,1.0709209967966462,4.0021871223909065,4.142990893546777
6934,0.5,7205.523076974799,-2.3814308002116134,11.368615244105076,11.615361605421281
6935,0.5,7207.445017114694,-3.1681536635030403,-11.008247079139892,11.455073172658468
6936,0.5,7208.190170854146,1.082540174756951,-4.490753580209609,4.6193896726871
6937,0.5,7208.9277242116905,1.6971146247469953,-1.715353417202704,2.413013757822182
6938,0.5,7209.383550025776,2.0345424007357136,1.877027473705342,2.7681392518144925
6939,0.5,7210.413788577275,5.693972769223343,1.4998324239890088,5.888193542734961
6940,0.5,7211.335323495701,6.5359350054403205,1.0067155618190333,6.613011614820344
6941,0.5,7212.363396768572,4.599544451711992,-1.5614875684234728,4.857370954499524
6942,0.5,7212.9634077015935,3.659257552963364,3.0856560128251793,4.786589481917539
6943,0.5,7213.8367667673765,6.10278120477379,5.863306669746594,8.462996132389234
6944,0.5,7215.101957542789,5.257572872041243,-3.225365615729791,6.168067433155707
6945,0.5,7215.532729521919,3.1613678683333135,5.826987463561457,6.629331014471422
6946,0.5,7216.953096055171,7.4385454576784555,-7.489481898355651,10.55577082129703
6947,0.5,7217.710867056885,7.819425945041758,-2.565115720170487,8.229413148448554
6948,0.5,7218.731285313753,5.0260529814006905,-4.879183843849975,7.00483001606273
6949,0.5,7219.7130451591465,1.6296949493195103,-3.109292093247053,3.5104989601146674
6950,0.5,7220.432147546481,1.3670100280155135,-0.7118512239676936,1.5412490330116282
6951,0.5,7220.78471197281,0.2767180992863501,1.8121541855182592,1.8331600308112752
6952,0.5,7221.858048232403,3.863882877334275,3.8147760601632,5.429742837276113
6953,0.5,7222.538863252622,0.4323312582816884,8.804293380451318,8.814901715047442
6954,0.5,7223.961329509093,14.25200423940402,-5.184085865355506,15.165565307609501
6955,0.5,7224.960275793196,6.715536857330332,-5.976508616275468,8.989832619274791
6956,0.5,7225.664637285447,8.160295050225118,-0.5526933157399393,8.178990476091299
6957,0.5,7226.826232421187,3.3311357757936224,-5.414550754712479,6.357186911844709
6958,0.5,7227.670652097845,1.7837352374511828,-2.0440175883755924,2.7128802588602765
6959,0.5,7228.104973435514,2.007963071456459,1.900042274410544,2.7644305635844884
6960,0.5,7228.9639845929105,4.537046745442636,5.402643650720689,7.055023145745461
6961,0.5,7230.57897984976,-0.19036268353042213,-1.7779961644923301,1.7881577984703534
6962,0.5,7230.781896557172,1.1541064960683953,1.07308712344478,1.5759053838255206
6963,0.5,7231.712168225955,3.8982303152459203,2.7374330628177486,4.763374787281604
6964,0.5,7232.507337222349,3.861447060909626,5.416612816856749,6.652102510631085
6965,0.5,7233.305725601916,3.74599053461938,12.486504030101916,13.036304230080294
6966,0.5,7235.03241035794,-0.8784232639906068,-9.346355487680121,9.387544318553614
6967,0.5,7235.592047601008,5.639518837594387,-3.0466569039516074,6.409858891580839
6968,0.5,7236.71529314173,0.9530428341068288,-3.608506125120783,3.7322388855319244
6969,0.5,7237.292700988194,2.4880220185921242,-0.5201369793879691,2.5418095999358545
6970,0.5,7237.923815549652,2.6983134333901364,2.3243860272032064,3.561413453710643
6971,0.5,7239.107138358641,2.962309125629832,-0.9754845207827612,3.118789092913555
6972,0.5,7239.492824902632,0.3714306234899084,3.4662643221923743,3.4861080102845157
6973,0.5,7240.744574580114,7.719937188395799,1.5129424774596747,7.86679255687337
6974,0.5,7241.383737522916,4.674152410728546,8.792456684861607,9.957660132475251
6975,0.5,7242.8130034287815,8.813244205244013,-9.336813750462342,12.83936775826948
6976,0.5,7243.908367802515,0.1016271653005507,-2.7444854724746772,2.7463664339180194
6977,0.5,7244.1947398838365,2.0458998060091798,1.3946922220702245,2.476059856007439
6978,0.5,7245.048351170916,5.786562349700391,5.187810921067973,7.77159481571976
6979,0.5,7246.521971661735,1.5156906718089938,-5.9720312354298475,6.161369595273323
6980,0.5,7247.172743211686,3.3262579707658655,-1.7096255523960542,3.7398945997833906
6981,0.5,7247.980135164898,2.9111128851500223,-0.5280859371773815,2.9586234953320774
6982,0.5,7248.55887732603,2.146192211430154,2.8295902708174814,3.5514394418472635
6983,0.5,7249.575515820299,5.080077562438805,2.641188334774473,5.725649645249257
6984,0.5,7250.311306882172,3.8031554905346248,6.291166541508199,7.351378655611197
6985,0.5,7251.2355731522375,8.664866626082828,11.14980550891943,14.12083837930787
6986,0.5,7252.579133334388,13.121431311485223,-10.721250726145259,16.944532356925496
6987,0.5,7253.776967720477,-1.0919254251198334,-5.504270262343021,5.611532077332966
6988,0.5,7254.381581372637,2.2633018980274047,-2.1371501848941272,3.1128678729440886
6989,0.5,7255.040228434972,3.2296116084153645,0.2025031230028604,3.235954056539924
6990,0.5,7255.894616493428,3.936092637977031,0.7643257787862058,4.009615835819452
6991,0.5,7256.728742507303,3.8659214745500208,1.5998068516758275,4.183865534413831
6992,0.5,7257.35880929747,1.637978359437104,6.197044084290583,6.409861815095953
6993,0.5,7258.884140087888,3.867072076744844,-5.1244056145027015,6.419795896185991
6994,0.5,7259.519592696919,3.4805427401498026,-0.08143760247290614,3.4814953467017635
6995,0.5,7259.970840182009,0.21789086156545928,4.977606094451046,4.982372814138855
6996,0.5,7261.33379770285,13.898315810903243,-1.9214909367676005,14.030513525872214
6997,0.5,7262.445974054865,5.061371518676001,-6.614086747899107,8.328482764513545
6998,0.5,7263.122832007638,6.876875437613065,-1.1298176913651197,6.9690676421001605
6999,0.5,7264.272994053368,1.9782805783892314,-3.6766144192412336,4.175055404974237
7000,0.5,7264.7482480903,3.6681326568418267,1.5012923223620704,3.9634676516117517
7001,0.5,7265.962856285731,3.1348650520333172,-2.939458176413211,4.297417045777886
7002,0.5,7266.825071623351,0.8022218892022118,-0.6127809635599323,1.0094852494299285
7003,0.5,7267.0225728109235,-0.23237426198447209,1.0295828964737128,1.05548033536586
7004,0.5,7267.851161907388,-3.0605299148074514,6.476841629818503,7.163541083652785
7005,0.5,7269.281796531018,20.32085553887795,2.2109931693197677,20.44078424686111
7006,0.5,7270.665196022363,-0.42620151054128275,-7.311269495177632,7.323681407509659
7007,0.5,7271.162578225273,5.31628326604397,-1.3102219299020577,5.475358369131231
7008,0.5,7272.293916094605,1.6625858158033735,-3.188905595096591,3.596291213090079
7009,0.5,7272.756819678747,3.0232366028484114,1.3455036606733384,3.3091297432539206
7010,0.5,7273.701234074716,5.669870993847642,1.3236114473679115,5.822317781646603
7011,0.5,7274.639386093657,6.626798062868195,0.41120358951694097,6.639543731165966
7012,0.5,7275.692946628288,3.588145469327494,-2.018971394202272,4.117163270950338
7013,0.5,7276.188510979782,2.695159386771807,3.267553538665677,4.235657003128413
7014,0.5,7277.31341750635,5.990254021682361,0.32878331954607054,5.9992700985614436
7015,0.5,7277.911194920978,3.3939665272116066,6.472719833267298,7.30856421110225
7016,0.5,7279.226323515833,8.00290596540261,-3.4739427389743174,8.724378605078362
7017,0.5,7279.768521282346,6.602783058070055,7.068717133636415,9.672823063992329
7018,0.5,7281.316094067057,0.7055484394431578,-9.684219298122963,9.709886817802662
7019,0.5,7282.176167149542,0.667375649035882,-3.6611771904852293,3.7215062376751944
7020,0.5,7282.8176816984205,2.0454956938587294,-1.149419980565024,2.3463202946990647
7021,0.5,7283.495775763902,2.0480620901484543,0.4957963088551364,2.107219092780253
7022,0.5,7284.023697897273,0.18102893136149092,3.3443968448545314,3.349292720838659
7023,0.5,7285.277302369637,7.496521456902483,1.8013218741211412,7.709902363064439
7024,0.5,7286.139694204906,6.285619385791968,2.18801975829291,6.655557191229293
7025,0.5,7286.7792388659855,3.2830210507676885,8.979838986036768,9.56115764094127
7026,0.5,7288.267170428101,7.805505934278504,-9.588903096657214,12.364181553468844
7027,0.5,7289.103758080981,5.706386304915839,-4.782485766369042,7.445469412095757
7028,0.5,7289.9402768271,4.9754006298650335,-2.7655457810983006,5.6923505597434865
7029,0.5,7290.821429929111,3.243637303118289,-1.66657636583128,3.6467327482731555
7030,0.5,7291.290043575749,2.368161492162055,3.8007002360273536,4.478114685567755
7031,0.5,7292.741249445308,3.345044055695546,-4.830829430991934,5.8759027158286035
7032,0.5,7293.403109651341,3.9621513208438306,-0.6348587641090389,4.012690959895936
7033,0.5,7294.204147964223,3.995616760518515,0.6295988584841965,4.044916317989912
7034,0.5,7295.048894052716,3.3310469369269406,1.0934825416319334,3.5059346492574823
7035,0.5,7295.564849559882,-0.3234599645373566,4.791435605822654,4.802341253326715
7036,0.5,7296.571619042984,5.457690635779064,15.258816386779268,16.205488718372983
7037,0.5,7298.368684315505,-3.581431735871029,-8.432776496010533,9.16178872875662
7038,0.5,7299.13884860188,0.036357738650504755,-1.6356810961634738,1.6360851241626524
7039,0.5,7299.336571426264,1.0768673891145548,1.3439783160807084,1.7221849749180647
7040,0.5,7300.7634768748685,2.56682920956281,-3.9843846623800845,4.739613204563691
7041,0.5,7301.58131710495,1.0752027534731567,-0.9877342034643745,1.4600273345967398
7042,0.5,7301.848557608593,0.18428945458011756,1.5910178518415943,1.6016555209994683
7043,0.5,7302.917875819658,4.5870088742285615,4.94964659171467,6.748307328147128
7044,0.5,7303.843900682814,7.860373508035963,6.579911988794647,10.250888423259573
7045,0.5,7305.060287115027,8.41139584475409,-4.107856433400852,9.360879474417942
7046,0.5,7305.818161576034,7.383504935388034,0.092789221012951,7.384087957929242
7047,0.5,7306.637205578429,8.453796454106286,2.280648412199752,8.756028304404301
7048,0.5,7307.660752633696,9.927352005298266,-2.088704740421639,10.144703314033354
7049,0.5,7308.671664974056,6.3779892811651555,-4.686835372958271,7.914870376946833
7050,0.5,7309.497903971277,5.91286147292707,-2.5583069282944417,6.442582179327217
7051,0.5,7310.501357045358,2.9316539384207805,-3.070357606316859,4.245196184550941
7052,0.5,7311.1909517208,3.068084642281292,-0.3106776924524815,3.0837743109361817
7053,0.5,7311.8811459686185,2.935526357966488,2.027843172111575,3.56783729015149
7054,0.5,7312.724372391775,3.7142021608561153,3.59982564784179,5.172430993891345
7055,0.5,7313.555046083627,4.263334212924326,6.346331155165797,7.645386696702732
7056,0.5,7314.449131441171,7.809332086635513,11.271239127107428,13.712275489494528
7057,0.5,7315.755628547018,16.004910348911245,-8.854866027347802,18.291140140487812
7058,0.5,7317.100250555246,-2.2062048045184546,-3.68494145894497,4.294896179808284
7059,0.5,7317.553738653384,2.274434657677174,-1.456281271301742,2.700705121479815
7060,0.5,7318.351002510429,2.447327473512864,-0.6049899945474304,2.5209967584495936
7061,0.5,7318.871998937911,1.611695190723253,2.876297475820227,3.297066659503607
7062,0.5,7319.896757099854,6.813286234856357,4.503303587547713,8.167044295196593
7063,0.5,7321.233781570093,2.460210355677414,-3.785104973694979,4.514383086986842
7064,0.5,7321.717373427289,3.2559110809969996,1.532443246472981,3.598519038579579
7065,0.5,7322.568751053078,4.353952257219674,2.826522841437687,5.1909663485055715
7066,0.5,7323.2439831227675,2.02752868915917,8.384298388527515,8.625968470451802
7067,0.5,7324.849333141857,2.35562768946394,-5.928780025144356,6.37960926686893
7068,0.5,7325.226115149935,4.785708145485776,3.4073842285350326,5.874799548464456
7069,0.5,7326.444102995292,9.331071420529945,-5.592793346156972,10.87879732635223
7070,0.5,7327.534497970135,1.7872975854066815,-5.347645183327276,5.638416592055252
7071,0.5,7328.283514383425,2.1641730946770514,-2.021273396366664,2.9612820410396026
7072,0.5,7328.861171711708,2.804896641797988,1.026136572457491,2.986704109299151
7073,0.5,7329.81557823249,3.6302312752899297,0.44660904259247153,3.6576001352004726
7074,0.5,7330.58683953358,2.32714584432331,1.3972535734793934,2.714392257827189
7075,0.5,7330.970858435755,-2.844913258793569,3.0199747032822484,4.148949102908368
7076,0.5,7332.652130477498,13.715555981903544,-6.944780612782662,15.373563466301883
7077,0.5,7333.517033387612,10.553104818752892,-4.2298286173383195,11.369233547061988
7078,0.5,7334.639105970603,2.019312153103962,-5.223080332531787,5.599838366573961
7079,0.5,7335.193963690996,4.445122044143212,-0.08730734437775686,4.445979370139972
7080,0.5,7336.016820436064,6.4546914868589935,1.417611203461603,6.608529618206293
7081,0.5,7337.3122239671575,1.0060472854410494,-2.7220755328969455,2.902038309075105
7082,0.5,7337.6492014600335,1.9801332233891933,1.7892441895550137,2.6687679464925487
7083,0.5,7338.6212514389645,6.009808050038332,2.8558900862816863,6.653863613212068
7084,0.5,7339.7631365242005,5.11841831135797,-2.4562120122926467,5.6772514000504914
7085,0.5,7340.495964530858,3.9881291846080535,0.4247533153057341,4.010684451809405
7086,0.5,7341.172411124238,2.8090082662765963,3.2543469333024184,4.298988416163168
7087,0.5,7341.781448952951,-2.3614732680686568,8.256832068074482,8.587888669293868
7088,0.5,7343.507522665944,7.183234403387974,-14.295773290358158,15.998999670708614
7089,0.5,7344.429407193065,2.6929129766546054,-7.349146588440218,7.826987663093462
7090,0.5,7345.413384428056,0.0371546101190018,-2.126248095305135,2.1265726951698145
7091,0.5,7345.737188186168,1.7652676352414227,0.8409903380582768,1.9553604713040047
7092,0.5,7346.6989270853155,4.177615689215292,0.8003973050194221,4.253599498384881
7093,0.5,7347.601440600781,3.9649535495734236,0.5713981231802,4.005914685243402
7094,0.5,7348.226470588923,2.3741688515414703,4.410929621400492,5.0092891572136296
7095,0.5,7349.249777628818,7.80038715974554,5.383447237654329,9.477739393047855
7096,0.5,7350.3476187137085,8.522050773962306,-1.1332169641933196,8.597065201679412
7097,0.5,7350.973256492759,7.041281572291291,7.241737595260693,10.100614316906722
7098,0.5,7352.63184758357,-1.0651990153509283,-2.9454734302485472,3.13216581148009
7099,0.5,7352.880430233792,2.527335769675013,0.9101899245510288,2.6862374785995744
7100,0.5,7353.913947828912,5.563420689149055,-0.9186775567913515,5.63876034406534
7101,0.5,7354.584625580228,5.968927024503356,4.160430056074382,7.275800167358472
7102,0.5,7356.0768011018745,0.23771693958722062,-4.772162980757909,4.77808003891552
7103,0.5,7356.713901537036,1.832160203254549,-1.336224445793526,2.267665491188232
7104,0.5,7357.29806496276,1.768500890327168,0.84937781500497,1.9618965496963907
7105,0.5,7357.829927024959,-0.4758466057012679,3.386946755249222,3.420210273513991
7106,0.5,7359.02242406084,7.541362914425239,5.60365386417537,9.395376056154213
7107,0.5,7359.818833444008,7.673670950303872,11.125140102871097,13.514953502030565
7108,0.5,7361.267013426218,7.012986811481569,-11.113234292697992,13.141003023453463
7109,0.5,7362.058134431229,6.9109156576398965,-5.378696898988833,8.757347518410148
7110,0.5,7363.102591149029,1.7605321171817865,-4.665783234307821,4.986883448124343
7111,0.5,7363.822093867509,2.4000766988372444,-1.6794007402157614,2.929292577831503
7112,0.5,7364.469761389726,2.614875005968045,0.6473293828325817,2.6938089439889374
7113,0.5,7365.120059910441,1.9746598469862058,3.75418108645266,4.241834171815119
7114,0.5,7366.176826462235,7.567684556395019,4.077800244136663,8.596412296777109
7115,0.5,7367.444805267362,2.194955889832473,-2.470976896535171,3.3050806618781405
7116,0.5,7367.716583625251,0.7876817450003974,3.304290680911943,3.3968778952691814
7117,0.5,7369.211235568974,3.131537174218103,-3.2440455544700253,4.508919674709967
7118,0.5,7369.532613631589,1.6594483763057752,4.305617144195363,4.6143372119962045
7119,0.5,7370.7782960437835,13.85288138007665,-0.7946021062248829,13.87565187793681
7120,0.5,7371.987960977816,3.1256099116427345,-7.815343712713272,8.417186861868172
7121,0.5,7372.805047996384,2.4987258539679105,-3.394087880923009,4.214672399690883
7122,0.5,7373.424035167818,3.834869850719891,0.06900804587452977,3.835490696424099
7123,0.5,7374.349391958723,4.398361162961282,-0.4882003324083601,4.4253723554532405
7124,0.5,7375.1992437622675,3.766872276789608,0.104357398449,3.7683175577778965
7125,0.5,7375.878151643689,3.0293338159836094,2.9375260611386573,4.219706474214837
7126,0.5,7376.873649474445,3.2967787721661557,1.3684193857390037,3.569498828669327
7127,0.5,7377.190089316886,-3.6636456980944656,3.245174093156606,4.894226669869397
7128,0.5,7379.3327850054375,-3.966016733950785,-8.345116449259049,9.239602658430265
7129,0.5,7379.97960305297,1.412760942428975,-3.2337533015051343,3.5288884787491037
7130,0.5,7380.464011573217,3.5433234182946802,0.9830132180740997,3.677153224104741
7131,0.5,7381.536932090846,4.597213111148765,-1.8357045615254897,4.9501696563374065
7132,0.5,7382.222713356687,4.765186376656705,1.6739486530752934,5.050653947500981
7133,0.5,7383.173523724595,6.714602111827663,0.8012383783031022,6.762238124986896
7134,0.5,7384.20239620588,5.076197184496848,-2.005568877341186,5.458029349284714
7135,0.5,7384.92451306715,4.547330994511625,0.9830443611513835,4.6523752417058555
7136,0.5,7385.752633651787,4.632269526125391,2.1096135385635684,5.090028511193298
7137,0.5,7386.461552514135,3.534731275458147,6.353544798418631,7.270615977701919
7138,0.5,7387.542420641697,12.04026775636213,4.8655088018154045,12.986193574155468
7139,0.5,7388.62953505673,12.330638957530066,-4.047698439457447,12.97800137762916
7140,0.5,7389.5845092916525,9.170508870437697,-5.6397518189574924,10.76592000352087
7141,0.5,7390.664177739965,2.07250408271041,-5.778232907629574,6.138668317124215
7142,0.5,7391.440259727916,2.3331321399615534,-2.54258176817846,3.4508299915230656
7143,0.5,7392.160733367934,2.5459214226841045,-0.6060584718114101,2.6170637672277373
7144,0.5,7392.988605528529,1.0649484835330782,-0.020005442373944166,1.0651363716933058
7145,0.5,7393.173269331163,-1.0135624635444425,0.8056564706279341,1.2947552726947815
7146,0.5,7394.711617877432,11.671118003516378,2.040689468105725,11.84818167303497
7147,0.5,7395.693962379838,8.84780292775918,-1.4119177049619556,8.95975045713043
7148,0.5,7396.403273585962,8.613918870719733,4.4368842306736775,9.689455092405469
7149,0.5,7397.531933665014,11.4487978819743,-4.481641295174845,12.294717631605684
7150,0.5,7398.751920761657,0.10785730725972771,-4.156292736099194,4.157691968734606
7151,0.5,7399.220386820146,2.8588869941648034,-0.17051335917409402,2.8639674668301485
7152,0.5,7399.82881954075,3.002968254903769,4.033470638413407,5.0285886420448875
7153,0.5,7401.35418120337,0.8013226442904173,-3.1388189788311602,3.239491096163605
7154,0.5,7401.670669618894,2.294793239066988,1.9396261658872986,3.004700596309426
7155,0.5,7403.018090817924,1.7647709729616963,-2.322192559858335,2.916675311389593
7156,0.5,7403.448923018043,1.7806636633233333,1.4915178064849686,2.3227975479885896
7157,0.5,7404.103468670984,0.2192824140231496,4.725398144972289,4.730483316280416
7158,0.5,7405.0715278906255,4.298208109003774,12.638165495253038,13.349075624690657
7159,0.5,7406.434875899131,18.150500620195068,-8.463616141446549,20.02681879264543
7160,0.5,7407.782772520035,-2.4966361732568005,-4.677154308677534,5.301788812164738
7161,0.5,7408.318442247685,1.9476273007098373,-2.0613887304877334,2.835943511541109
7162,0.5,7408.961023091149,2.971498242455905,0.16506130076724346,2.9760791383848493
7163,0.5,7409.697910099989,3.812171720504061,2.5592222582665,4.59154350886688
7164,0.5,7410.875016639208,3.98829756607054,-1.8285008100704765,4.387474522769629
7165,0.5,7411.475578801158,3.1911345101875903,2.1268215681747322,3.8349327823266237
7166,0.5,7412.213344651957,2.8531565317463166,5.900082002775433,6.553737089182112
7167,0.5,7413.328582877763,10.958157712233062,3.605630390116445,11.536108137335754
7168,0.5,7414.418814788438,8.679667259627005,-3.631504375127436,9.408743155406606
7169,0.5,7415.180650157045,8.418967455108623,0.42945107179141856,8.429913477209654
7170,0.5,7416.269504358515,4.35666725859138,-3.370328186748031,5.508145031539239
7171,0.5,7416.713391716671,3.7982624033880086,4.918562260101501,6.214422900920538
7172,0.5,7418.310509223291,-0.14357152773088547,-6.1941180733650825,6.195781749736101
7173,0.5,7418.988098353758,1.8746479383208445,-2.1295397054124066,2.8371190051844057
7174,0.5,7419.537617023207,2.6885688950679096,0.9783219990215608,2.8610341901655465
7175,0.5,7420.415913275071,4.0978772306139195,1.6558910437707135,4.419793314853543
7176,0.5,7421.420781813853,3.0530181070566065,-0.08763130515549652,3.0542754963589585
7177,0.5,7421.806962622241,-0.6409014290741212,3.6011661178697243,3.6577523221620885
7178,0.5,7422.910687407876,7.850170775241345,11.817204360666329,14.187018717905627
7179,0.5,7424.220735433382,14.673995363813074,-8.168877765935775,16.794543872698878
7180,0.5,7425.306205763072,3.03564138042687,-7.950473680358491,8.510296724123844
7181,0.5,7426.042615765489,4.485521241726658,-3.5496806371310776,5.720151522084389
7182,0.5,7427.010358315737,1.9228444835984382,-2.6958105140973014,3.311302649414955
7183,0.5,7427.618882172241,2.287282213363462,0.08628913984655227,2.288909290300582
7184,0.5,7428.124246616228,0.6323375082803868,3.4897745103945046,3.5466007468810825
7185,0.5,7429.350889131061,9.33788360195681,1.8321515099674481,9.515926088362072
7186,0.5,7430.555368894859,2.8865842248851967,-3.8364059809746767,4.801081059325528
7187,0.5,7431.156635122251,2.821417675190848,0.2509418053028008,2.8325552929339186
7188,0.5,7431.634303466921,0.12544707823825255,4.126842223538441,4.128748443223227
7189,0.5,7432.7406699666635,9.793536368373243,9.45557350998174,13.613273853166907
7190,0.5,7434.041575198198,10.576217496742814,-8.783777013614262,13.748131333505189
7191,0.5,7435.059191589478,2.438246932918344,-5.474944205183119,5.993334810917368
7192,0.5,7435.590441587655,5.46577553420573,0.6046631039984147,5.499119898643685
7193,0.5,7436.766516776394,3.5036519192990796,-4.500676706113782,5.703653880151155
7194,0.5,7437.6581815222635,1.4364184826788469,-1.8966253767636077,2.3791775631854586
7195,0.5,7438.1259950429385,1.7787020892389966,1.1244822678456992,2.104338730566583
7196,0.5,7438.872215940765,1.8769811832427945,3.3890633548173907,3.8741203885803066
7197,0.5,7439.737648719435,3.038500982789435,6.689187986209146,7.346953391526118
7198,0.5,7440.703121048363,8.777763261671284,10.400219682461142,13.609323911252837
7199,0.5,7441.969323389231,14.169108253772762,-7.179999580156121,15.884458526439404
7200,0.5,7443.171160862861,-0.04655944444685666,-4.957367972473827,4.957586610073138
7201,0.5,7443.628394354244,3.715508516038192,-0.21038528410143414,3.721460130179923
7202,0.5,7444.423866228739,5.722764383241519,1.5846651360017927,5.938113823375001
7203,0.5,7445.5189797863995,5.285471240209224,-2.64214437373635,5.909072103363225
7204,0.5,7446.19211231227,5.7426767999666675,1.7511219523223835,6.003729251122236
7205,0.5,7447.47037960174,1.5248095727332074,-2.894954531336832,3.2719727950590425
7206,0.5,7447.9159999506965,2.261892231450117,1.173495171757123,2.548185115887711
7207,0.5,7448.578846008308,1.4887547577225364,4.87508732016097,5.097339218438946
7208,0.5,7450.02685198102,2.6681685035320974,-2.2863641406314974,3.513770645162589
7209,0.5,7450.313414658015,0.5284973708428742,3.4535063511050135,3.4937108621221786
7210,0.5,7451.287377006888,6.634509378680747,13.485313185652137,15.028984876262474
7211,0.5,7453.1563330144245,-3.8465517216174563,-3.8217979088756784,5.422370275383702
7212,0.5,7453.562255596975,2.7961474478811934,-2.1455667032321584,3.524471170021259
7213,0.5,7454.501150895425,2.0044363176152378,-2.2180971964216742,2.9896020009607676
7214,0.5,7455.111599984896,2.4580358461431655,0.3590173884809331,2.4841162827364616
7215,0.5,7455.756248182661,2.070284077166704,3.259661381006052,3.861537061714192
7216,0.5,7456.879264173985,5.74989902763969,0.9968521728054666,5.835670748292678
7217,0.5,7457.555015683983,4.203507162264364,5.5365161762612205,6.951437537172436
7218,0.5,7458.758896547602,7.316594717094264,-1.4697750272027166,7.462760674495762
7219,0.5,7459.317916595858,4.832622366988005,6.970924737262612,8.482218497214781
7220,0.5,7460.742319218625,5.507463270165005,-7.4745770137436995,9.284473771119304
7221,0.5,7461.412836776341,6.889198548721548,-1.1661165324809581,6.987194316106608
7222,0.5,7462.345119229532,6.732350012802418,-2.2775897295796144,7.107176068676451
7223,0.5,7463.241034353371,5.488326154288389,-2.041292168829716,5.855646650402627
7224,0.5,7463.95342849288,6.355270554761549,1.7156236704640038,6.582767533710691
7225,0.5,7465.2353325464965,1.8884509462456025,-4.031334325793077,4.451730385220272
7226,0.5,7465.873648618119,2.5522966490266494,-0.6539228887333687,2.634735912580625
7227,0.5,7466.509567399981,2.2158134603100392,1.6481935749216423,2.761588555759915
7228,0.5,7467.236892002761,1.4635402830889173,3.8355582010765175,4.105296198092084
7229,0.5,7467.893516230215,-4.011183903804375,8.251546043853041,9.174835607462734
7230,0.5,7469.74231277572,2.382021340339272,-12.362163781730207,12.589563893644362
7231,0.5,7470.410694722724,6.348861538270405,-4.39198003921192,7.7199437495985155
7232,0.5,7471.3161539571365,5.141340502684889,-4.067556875357753,6.555791416664981
7233,0.5,7472.2163378345795,3.422814085114993,-2.9708860907224026,4.532308509502572
7234,0.5,7472.9384524700445,3.7547473168574133,-0.49061477578600643,3.7866647952607977
7235,0.5,7473.8019232218,3.137650805973966,-0.14302349021972782,3.1409088332811748
7236,0.5,7474.318375560986,1.2143431377112925,3.8797440749699437,4.065346644921057
7237,0.5,7475.457148465555,8.874457477683764,3.5135713434945766,9.544693767169461
7238,0.5,7476.661685380834,3.698386425368011,-3.420879862606658,5.0379044438867755
7239,0.5,7477.126117162265,3.334177536886785,3.1102966872469886,4.559680397810796
7240,0.5,7477.990220376345,6.619966771400254,7.275926428892471,9.83682191833823
7241,0.5,7479.360803879442,4.782697603900413,-5.7740411020266285,7.497582745008396
7242,0.5,7479.826490146605,6.096638016610674,4.293392747579642,7.456689372003638
7243,0.5,7481.270585133406,1.6651599260299015,-7.7263564727912195,7.90375492559699
7244,0.5,7482.088353049578,1.5364405567330084,-3.116689515709854,3.4748241857264897
7245,0.5,7482.760970559227,1.9353602498465725,-0.7132227098696913,2.0625968899811844
7246,0.5,7483.222684506733,1.0989062904690978,2.4785098374498022,2.7112001124166394
7247,0.5,7484.435406371246,4.8721030649574715,0.0021111383404020007,4.8721035223477225
7248,0.5,7485.087260837081,3.1917505524688785,3.5150508740138156,4.747931574495433
7249,0.5,7485.836110097769,2.1037245669002633,8.32114112901832,8.58295093440595
7250,0.5,7486.980574712563,16.514178438490244,7.210157134680049,18.019557580725273
7251,0.5,7488.341398400303,3.770428448499432,-11.993146612036224,12.571861291910988
7252,0.5,7489.4107932626985,-0.8421875231917886,-2.371551368786029,2.516651688059118
7253,0.5,7489.801649959828,1.5950653271113715,-0.24879203701234567,1.6143515340326773
7254,0.5,7490.288466891316,0.8942331803467044,2.8099349566828344,2.948794235212275
7255,0.5,7491.480237437947,8.780225248053203,1.6276078623626011,8.929807543288684
7256,0.5,7492.871177010947,-0.03658750961891785,-1.185798307308661,1.186362622251814
7257,0.5,7493.000605946224,0.5358602310525656,1.0063988000377964,1.140168729592785
7258,0.5,7494.155593665299,5.2150053050151275,0.693437452171155,5.260906369762681
7259,0.5,7494.893354720954,4.259175646509454,3.3097895903466097,5.394004479066179
7260,0.5,7495.620535550989,3.0546852746251627,8.518413398643059,9.049556285100026
7261,0.5,7496.903234041265,14.72484704968004,-2.609921555880382,14.954357597848196
7262,0.5,7497.87666687117,11.048212818090725,-5.77910998646659,12.468404818159462
7263,0.5,7499.018375212885,1.1033481658653876,-5.857328247184508,5.960341548131622
7264,0.5,7499.635017044757,3.8490294578128306,-1.7530243458631605,4.229435201572415
7265,0.5,7500.520758701277,3.62832193840776,-1.635251564888545,3.9797949405970003
7266,0.5,7501.394356540355,2.2523885690797334,-0.8905465736955186,2.4220502608413965
7267,0.5,7501.889601165814,1.3085572885760617,2.0866062730959802,2.4629754193676052
7268,0.5,7502.60612849665,-0.2508738287487299,5.811517036506494,5.81692942569843
7269,0.5,7503.815822095972,12.461988809103826,6.3312755072687885,13.978061905256059
7270,0.5,7505.007627511302,8.928984127399564,-6.2477307445788135,10.897747336220853
7271,0.5,7505.8557607491275,5.842716129548093,-2.994906279280934,6.565576546820379
7272,0.5,7506.458777844249,6.524713925770916,3.8365901743215503,7.56910271953351
7273,0.5,7507.881582709908,0.9924836536258689,-4.8184573138772695,4.919609200777223
7274,0.5,7508.3253577275245,4.03333534048478,0.8245986481343206,4.116765344212423
7275,0.5,7509.362857972488,5.036734687719211,-1.739756615520596,5.328738067846985
7276,0.5,7510.062014246714,5.423937991497058,1.8691889431533115,5.736982712263628
7277,0.5,7511.26815209543,2.8828843205367805,-2.968347778250269,4.137887207046626
7278,0.5,7511.8315500943,3.075152652466309,1.1064457940040444,3.26814720155623
7279,0.5,7512.639108892179,3.229298176145472,2.3329634730672546,3.983853069218605
7280,0.5,7513.2564786023295,-0.05642043307034643,6.3213181712743705,6.321569954350849
7281,0.5,7514.327458196642,10.99557474439914,14.636572908278152,18.30660892844467
7282,0.5,7516.017338757153,-3.2089233755684248,-8.817335963688588,9.383101977854958
7283,0.5,7516.682865383154,1.7660190951431916,-3.8076288814094035,4.197244470239183
7284,0.5,7517.3165468829075,3.6674751414927305,-0.8990047897772089,3.776053962208364
7285,0.5,7518.233922044485,3.4637376072887665,-1.2627277630169016,3.686727494084717
7286,0.5,7518.988255293478,2.817960552109313,0.3367334290569614,2.8380082937667193
7287,0.5,7519.483808585253,0.2770508727642575,4.169455813939041,4.178650376675405
7288,0.5,7521.095478308028,1.6603934170528356,-3.0000342636422133,3.4288645179446315
7289,0.5,7521.4189601587095,1.7927060185416503,2.403460686798716,2.9984025983684064
7290,0.5,7522.235955940901,3.332379324747935,8.002577434056548,8.668679112303014
7291,0.5,7523.5838099625735,11.18048890575604,-5.523592828550978,12.470501590046556
7292,0.5,7524.576063140947,4.0898757767670935,-4.506389258717554,6.085608270376198
7293,0.5,7525.117755066564,5.333889035962907,2.1800569560346337,5.762206225007945
7294,0.5,7526.077888669459,9.918555695574723,1.2643359112805022,9.998814548873844
7295,0.5,7527.339243900152,2.5521814185396896,-6.605131234106761,7.081058438744307
7296,0.5,7528.255945298982,0.5278901225931185,-1.9740186601090395,2.043383872890766
7297,0.5,7528.61882483471,1.5816598549987426,0.9609391411301036,1.8506895822558964
7298,0.5,7529.572439683575,2.582085410525566,0.8203520626346315,2.70926974919772
7299,0.5,7530.024518136625,-1.0491879305930378,3.703185560790539,3.848945129688086
7300,0.5,7531.443037755095,7.752422265152156,-0.3054255504077872,7.758436423923882
7301,0.5,7531.918476003772,1.4322321425616709,9.240545062677585,9.35088027757611
7302,0.5,7533.701788860478,-1.5178942691945858,-7.822161082816237,7.968074235220117
7303,0.5,7534.196176756291,5.199892949010585,-2.0366345033978934,5.584511328809422
7304,0.5,7535.269416746331,2.01817013292519,-3.4070933132648693,3.959961556723179
7305,0.5,7535.795879638116,3.5129042360249536,0.8573797595022001,3.6160193892574903
7306,0.5,7536.852140836628,3.171555111938852,-1.2056119358452944,3.3929724384259448
7307,0.5,7537.312581103595,1.6209249735405602,3.5847270011484484,3.934166422841084
7308,0.5,7538.513844107824,8.319075008872645,0.24428627647413806,8.322660919929575
7309,0.5,7539.507181192063,5.532902132750658,-2.022274638935783,5.890891335433003
7310,0.5,7540.22753990059,4.646944347933889,1.1247582057014291,4.781126728511535
7311,0.5,7540.952212400233,4.086567496662042,4.2930936734828675,5.927114575750437
7312,0.5,7541.719927233004,3.8321881713410746,10.805252324014377,11.464691184946263
7313,0.5,7543.274086810604,5.5708833603029975,-12.066235086473247,13.290175716526056
7314,0.5,7544.143089597874,3.2057151734080107,-5.963275807163352,6.770322601273744
7315,0.5,7545.017282211274,1.580785669822037,-2.664110844386853,3.0978008207588714
7316,0.5,7545.469645335593,2.790464624234458,1.5335607021747308,3.184101324763175
7317,0.5,7546.619778438462,3.963939315867323,-1.83540679399819,4.368241408087861
7318,0.5,7547.346464375364,3.3721280175798913,0.4459565503748511,3.4014885876288816
7319,0.5,7548.16392890841,2.083524964364219,0.8194197760087681,2.2388669112841835
7320,0.5,7548.467009257109,-2.3881632892716995,2.01110416230508,3.1221569223640637
7321,0.5,7550.120472174726,15.921842714730632,-4.567014792701956,16.563897474609632
7322,0.5,7551.093890396879,9.498614171770429,-6.34950725337871,11.425406493638066
7323,0.5,7552.050977943309,4.8882076974538755,-5.467863662648851,7.334310296596608
7324,0.5,7552.915722719904,2.8042124419641126,-2.697469006730918,3.8910084119595805
7325,0.5,7553.422599595428,3.4348567931183767,2.241817617170975,4.101705427976222
7326,0.5,7554.415064430766,7.801261765877421,1.5861668894671415,7.960880010462585
7327,0.5,7555.636986998434,2.681180535994611,-4.0925012383863875,4.892575543902257
7328,0.5,7556.215633320349,3.7767613250630747,0.37451159806194,3.7952845800512907
7329,0.5,7557.1238484694895,3.755758215140027,0.0742252938059516,3.7564916031893882
7330,0.5,7557.7316500152665,2.3406134983624645,3.693561096916499,4.372741145479754
7331,0.5,7558.618693144908,4.631626176112225,7.243196883495325,8.597433461697994
7332,0.5,7559.643376318825,12.384372563393782,6.921097231187296,14.1871163621255
7333,0.5,7560.82982002324,11.223537842542429,-6.980149178311104,13.21704521647933
7334,0.5,7561.658959993992,10.899230903878726,-4.044100907125213,11.625316616895905
7335,0.5,7563.182814437628,-1.2889804409339143,-0.743996100393645,1.4882878668158048
7336,0.5,7563.520415699233,0.47710718142588593,-0.38099014211204774,0.6105610132940946
7337,0.5,7563.76930189122,-0.012888851017106588,0.9049696185533661,0.9050613973566468
7338,0.5,7564.9602436768455,4.578642868613754,2.517762158473814,5.225236531005109
7339,0.5,7565.732853403865,4.38217263479037,5.569163064053673,7.086537535011388
7340,0.5,7566.845322430019,9.536577731041518,0.9569926905973323,9.584474415952798
7341,0.5,7567.866531115937,4.990437656267104,-1.9960090448742425,5.374804192555157
7342,0.5,7568.289067602235,1.8983223851820576,5.959412526233617,6.254456454074442
7343,0.5,7569.797165105978,5.834100342770038,-8.075597768495358,9.962530106756851
7344,0.5,7570.547137990416,5.609950659082385,-2.8058154709212806,6.272491279722921
7345,0.5,7571.281289377956,6.596433927656095,0.4871705029453172,6.614399115631927
7346,0.5,7572.278993977847,7.095270628146437,-2.380458162315642,7.483945907686179
7347,0.5,7573.255184306472,4.3410994875103945,-3.2650938228573665,5.431940945235353
7348,0.5,7574.046802048449,3.6692969991888966,-1.180884652984233,3.854637341165876
7349,0.5,7574.7498888384625,3.700781233126982,1.293109296917599,3.92019302958918
7350,0.5,7575.696668164665,3.5797659872385323,0.42859496050082563,3.605331907544237
7351,0.5,7576.268605073817,1.2745391391640888,3.6151367256209674,3.8332314777736327
7352,0.5,7576.905770590953,-4.830174862713171,8.015786259084097,9.358601314069727
7353,0.5,7578.917486664981,-3.3930337676013806,-10.549612770218298,11.081832328168307
7354,0.5,7579.597757316371,1.9660923232004452,-4.437680531068363,4.85371275614564
7355,0.5,7580.280088977226,3.3728308020392426,-1.5585044011442581,3.71549775771305
7356,0.5,7580.959830819929,4.3796577233875205,1.3413464726193638,4.58045981683459
7357,0.5,7582.0317055495025,4.73414353656083,-1.8036066086525115,5.066074597115176
7358,0.5,7582.802983860872,3.974334601659564,0.16386405877374946,3.9777112710334186
7359,0.5,7583.462734774582,3.353002820290763,3.7563193831476553,5.035132890112097
7360,0.5,7584.486959736257,7.5881421623842416,2.7677708718213934,8.07715649690263
7361,0.5,7585.469517629118,7.597764379547685,0.039565378050412395,7.597867397254567
7362,0.5,7586.234994584177,7.292195400218389,3.3516420053317106,8.025560284919067
7363,0.5,7587.2832394916495,7.660365272675324,-1.1334965003141295,7.743772364102297
7364,0.5,7587.89035060344,6.307972545131396,7.045035197240084,9.456375550943559
7365,0.5,7589.356254115857,3.3598017603457375,-9.16106380673384,9.757733237789964
7366,0.5,7590.120871486677,3.995246796150624,-4.038708156746206,5.6809471514458005
7367,0.5,7590.918224866149,4.194421350502025,-2.175858104234872,4.725201472457212
7368,0.5,7591.966193812054,0.8178457515698376,-1.4444711672375479,1.659930307676029
7369,0.5,7592.26971260583,0.8382902509877602,1.33162446087901,1.5735165234952049
7370,0.5,7593.098313959197,1.6989087394481817,4.505722412477298,4.815373854985058
7371,0.5,7594.102742542238,6.359807888358937,6.38672552278151,9.013180308868858
7372,0.5,7595.077658168319,10.508964265301948,5.331074480083844,11.78383150938584
7373,0.5,7596.016212837788,14.670680173301681,4.224749099231889,15.266871378863703
7374,0.5,7597.414985716674,0.22273055955056326,-7.727850367896223,7.731059449438447
7375,0.5,7598.007882857833,4.5017388656135955,-2.4856819982986074,5.142399032634645
7376,0.5,7598.982709953077,2.367749802364165,-2.550227962745025,3.479928417160644
7377,0.5,7599.565154718348,2.6859410855894037,0.6916467464647434,2.773563544819633
7378,0.5,7600.130858727206,0.9080463366950998,4.8560428756007035,4.940212602637435
7379,0.5,7601.751366014514,1.9615895772081016,-5.423839033897074,5.767656676245302
7380,0.5,7602.405163470409,2.7237814783212553,-1.1599657671905572,2.960490858405055
7381,0.5,7603.022366327148,2.261468176697942,1.3815986571369385,2.65010436843912
7382,0.5,7603.56067858,-0.971195010551962,4.587597307234401,4.689271670725141
7383,0.5,7604.831196490888,12.98882384723217,5.669662751475482,14.172318816971895
7384,0.5,7605.857934326611,15.116165937321671,-1.3809194410195351,15.179111013074174
7385,0.5,7606.99488298009,6.022174701247295,-9.077268541134806,10.89327280022944
7386,0.5,7608.021354122685,0.294150418394064,-3.4982393900946405,3.510584466873162
7387,0.5,7608.420807870141,3.1162261734646566,0.7520373320400033,3.2056864651690473
7388,0.5,7609.6736078098975,1.1460126125493717,-2.0866297775095735,2.3806236024436727
7389,0.5,7610.066214264622,1.6139949398341558,1.3036223285290605,2.0747074109979438
7390,0.5,7610.854490320339,2.31951127196145,3.800853157877331,4.452708980890431
7391,0.5,7611.794530221127,5.20077421666264,5.658740833356635,7.685661993075199
7392,0.5,7612.682249514444,8.21507626189618,8.76715768275091,12.014596615075698
7393,0.5,7613.9491254829845,11.003688582206491,-6.562770891072281,12.812147524239922
7394,0.5,7614.911019080955,4.823852134677238,-5.076101011500265,7.002596011207855
7395,0.5,7615.589706732949,5.607026129396357,-0.44179985895280366,5.62440478016156
7396,0.5,7616.361441789907,7.124655977216857,2.3867847079016307,7.513818206182857
7397,0.5,7617.490687417529,7.226151458839335,-4.372120569590875,8.445869000945107
7398,0.5,7618.506225529719,2.2298183040753865,-3.533712433389699,4.178422337567444
7399,0.5,7619.1092214004575,3.0276221548571183,-0.02142877054135793,3.0276979877108903
7400,0.5,7619.74944183342,2.8861450796836516,3.362925952546592,4.4316029135397
7401,0.5,7620.983924855112,4.533422072431027,-1.8091763874756832,4.881089518519855
7402,0.5,7621.693574971435,2.4361482425186414,0.6021889958390663,2.5094720253942517
7403,0.5,7622.017492708766,-2.150457295274813,2.7533164164914,3.493596695115466
7404,0.5,7623.423298545593,19.992583057521482,8.081458028673742,21.564167991858863
7405,0.5,7624.98738254729,-3.4344086697683496,-6.986076975020121,7.784628084365129
7406,0.5,7625.594493501391,1.9072286110208685,-3.262381941035882,3.7789756421408223
7407,0.5,7626.265292758523,3.282122350143525,-0.9508758279991173,3.4170882285338586
7408,0.5,7627.127213556264,2.991666056298465,-0.6091825166116844,3.053058979278611
7409,0.5,7627.690979947769,2.217692906277425,3.0294333758240954,3.7544145222804297
7410,0.5,7628.742026441598,6.448077006275545,2.3416865165768685,6.8601160938264965
7411,0.5,7629.642702477913,7.136765591191489,2.1429653617812487,7.451558470911239
7412,0.5,7630.569927977195,7.592201505958749,1.0755587553310597,7.6680082383400965
7413,0.5,7631.506758032182,5.753053595229888,-0.25565499586939877,5.758731209780547
7414,0.5,7632.0090993041185,1.9190621852976366,7.287932905497077,7.536362896388841
7415,0.5,7633.651861591745,1.5619602848856264,-8.035689888928033,8.186087705526994
7416,0.5,7634.312300238634,3.2876233608710974,-2.1661779671266563,3.9371048180370236
7417,0.5,7634.771788000812,3.077879481228643,4.103231820560983,5.129313158136525
7418,0.5,7636.387151486739,-0.40512897749589805,-4.158924243635962,4.1786098588776905
7419,0.5,7636.822989399396,3.1411000563859255,-0.23334308820045133,3.1497553176458943
7420,0.5,7637.940366202656,0.9834354113770274,-1.2415379281146093,1.583843942848354
7421,0.5,7638.237099967604,0.5669350914405561,1.403336748899321,1.513528800095336
7422,0.5,7639.039294910688,0.44522898019833423,4.8585096779412495,4.878867197973033
7423,0.5,7639.934790875171,1.6133855339649956,12.317813294973451,12.423024480819162
7424,0.5,7641.505667573557,6.7909610455957,-10.509338681892324,12.512527780329462
7425,0.5,7642.166837363397,9.302287857501414,-1.9227998281298586,9.498932495963663
7426,0.5,7643.295177167179,3.342875738789712,-6.10600054140482,6.961182429488888
7427,0.5,7644.035703917745,3.9865867525808927,-2.49141238417199,4.701064730873106
7428,0.5,7644.9278133139105,2.2370397128515,-1.4838694391990637,2.684439455354444
7429,0.5,7645.331599328179,1.3557068235097305,2.8128305356789403,3.122492051832753
7430,0.5,7646.560905687084,6.832900389687101,-0.7080984202676242,6.86949278390855
7431,0.5,7647.39980410945,5.835963784105947,0.3417003836785397,5.845958641797106
7432,0.5,7648.197821584823,5.947205775095174,2.275288426278407,6.367589336168113
7433,0.5,7649.210368914104,5.498294967324145,-0.4949941582577573,5.520531384242944
7434,0.5,7649.787924743955,3.362324535794296,5.238582155941108,6.224786686188445
7435,0.5,7650.778131570511,10.404804782521193,7.495052761940124,12.823251477945917
7436,0.5,7651.91800085013,15.802820792651422,-4.602497603445512,16.459408531122186
7437,0.5,7653.356680957866,-2.054635953841349,-2.5310579215155693,3.260028083450243
7438,0.5,7653.7028149864445,2.199917528688544,-0.7799970441512792,2.334102080440323
7439,0.5,7654.580638876739,2.5604279245320494,-0.8418564811674855,2.6952761438500508
7440,0.5,7655.121494572614,2.0676994126477033,2.6189581749612474,3.3368132676642253
7441,0.5,7656.261966851359,4.966858518051518,-0.03794128018775146,4.967003430548766
7442,0.5,7656.956407644798,3.736762277903536,2.941037315722497,4.755322577284849
7443,0.5,7657.717933644822,3.323459912559709,6.576301195560893,7.368386743726676
7444,0.5,7658.652286327495,9.056131633660966,12.013834678104898,15.044791252756905
7445,0.5,7660.264422520262,-0.7639143856799361,-8.415814416756174,8.450414042278036
7446,0.5,7660.874842474168,3.544673307363223,-2.9168459828565605,4.590500990484566
7447,0.5,7661.578687879151,4.46953682946972,-0.2134750277540658,4.474631946591902
7448,0.5,7662.331833437668,5.663371591444562,2.5147582323831488,6.196594770526803
7449,0.5,7663.456194163919,6.144106505315649,-2.8590138795581606,6.77672524986577
7450,0.5,7664.203009254392,6.366763157133338,0.3344803691606641,6.375543131089643
7451,0.5,7665.444059487939,0.8454958843756845,-2.280062750760357,2.4317790684807505
7452,0.5,7665.801809429017,1.5755143446635835,1.2094425196421674,1.9862015654407073
7453,0.5,7666.5028228234705,1.1910281927330897,4.381013914477989,4.540025448688013
7454,0.5,7667.549329156073,6.841513983242592,6.101478898180586,9.167025598734133
7455,0.5,7668.365665795744,8.14395624571023,11.859580547085972,14.386579652052903
7456,0.5,7669.936029946729,1.0417359077191082,-10.270176862796882,10.322874914216474
7457,0.5,7670.581042533543,5.258373961888291,-3.755923859223952,6.462001296761902
7458,0.5,7671.447129920533,5.126210065125688,-3.1884573929404367,6.036910648534765
7459,0.5,7672.450691456604,1.965090951924502,-2.9376173438945687,3.534286081867981
7460,0.5,7673.1035340952985,2.2895539226743393,-0.36875094684821347,2.319058952600151
7461,0.5,7673.740632528101,1.7316382311399314,1.511953357036161,2.2988201141886564
7462,0.5,7674.24151106469,-2.134388375880387,3.829086373456286,4.383778757474187
7463,0.5,7676.061473908754,1.5220069764461868,-4.536868787737457,4.785361390062114
7464,0.5,7676.404517064157,3.154479723255205,2.52646030926798,4.0415026931495035
7465,0.5,7677.306367425823,7.802079452851105,5.472477059392879,9.529976335447152
7466,0.5,7678.489609005654,9.236249779525924,-4.485644083201186,10.267877717958589
7467,0.5,7679.283816647055,8.95182447555629,-1.200109000466617,9.031911373245956
7468,0.5,7680.369729689471,4.307240595895021,-4.9156372419673495,6.535733397679442
7469,0.5,7681.049611798072,5.351594342026273,-0.6788585671004599,5.394479674234884
7470,0.5,7681.945482259358,6.020359534813308,-1.026117743652966,6.107179918117442
7471,0.5,7683.018167363956,2.3463118614919707,-2.6175659810686676,3.515228444443674
7472,0.5,7683.593964876362,2.4899561145460645,0.6489400623414889,2.573131294138935
7473,0.5,7684.205667991136,1.3414212675941393,3.6914203580125675,3.9275940824763826
7474,0.5,7685.3055568340815,5.138857961852683,2.509135967289368,5.718708285482121
7475,0.5,7685.782993532923,-2.6517045184615595,7.794677552796472,8.233379318681889
7476,0.5,7687.5132930152295,7.80894038752634,-15.744153548176774,17.574354068485913
7477,0.5,7688.5916928900715,-1.1504277433892118,-4.88167710487551,5.015401813317188
7478,0.5,7689.1566198574965,2.3155746602298475,-1.830232845827797,2.9515484541246293
7479,0.5,7689.858001083121,2.7649635732322326,-0.0569252428896814,2.765549501379284
7480,0.5,7690.429650782193,1.9593350422272944,3.7456676562078504,4.227176362356016
7481,0.5,7691.802176533043,4.120004016051041,-3.124595675772685,5.170834674337797
7482,0.5,7692.342743388696,4.000190114345736,2.5696765327118425,4.7544461752847
7483,0.5,7693.479401398162,3.850466603599461,-1.3116636800523178,4.06774565023468
7484,0.5,7693.89700596098,1.0963715618835868,4.438475694071148,4.571881132375098
7485,0.5,7695.1122724177485,11.006384879062272,1.6602488822362405,11.130899984144019
7486,0.5,7696.136385041083,7.733586872062819,-2.82020816373294,8.231764087638098
7487,0.5,7696.779476828299,7.652972118888107,4.2357795948407135,8.746988683458307
7488,0.5,7697.898469111742,11.840754024073492,-4.073407232685989,12.521825040380941
7489,0.5,7699.071025944231,1.4541743641535982,-6.753387579596701,6.908173918020052
7490,0.5,7700.036047546039,-0.07868211988995995,-1.0135575359214777,1.0166069813913317
7491,0.5,7700.216724379955,0.6427995865674458,0.7330717830196856,0.9749797677649215
7492,0.5,7701.157954572198,3.32215584504265,2.503964094544517,4.160114859654621
7493,0.5,7702.194731381937,3.3953575122627964,0.34425388951744057,3.4127647701720214
7494,0.5,7702.589229875584,-1.1346851420213626,4.113987462773856,4.267599233220537
7495,0.5,7703.831003124176,13.631941960043738,8.662151248859546,16.15124471550475
7496,0.5,7705.213166786041,2.958101606227539,-7.771603287685933,8.31553863402346
7497,0.5,7705.703216887986,7.065455128461064,1.3729174067574834,7.197607823303131
7498,0.5,7706.96219619128,2.7382572940133136,-6.011340487406345,6.6056239269086365
7499,0.5,7707.736760360777,2.2999801174431527,-2.169197527881117,3.161538621557448
7500,0.5,7708.220972632062,2.710785449572571,2.1193514688086297,3.4409313277012177
7501,0.5,7709.242640641287,6.294097172244995,1.0932637735820598,6.38833976024204
7502,0.5,7710.123839877936,7.151169684749179,1.3003523777157489,7.268434781045137
7503,0.5,7711.223648931967,4.428951335428974,-2.9636462538219708,5.329053297668461
7504,0.5,7711.928933800227,3.7675155712832353,0.1646162972392317,3.7711101953109774
7505,0.5,7712.779308288258,1.205163289129629,0.19576053902755178,1.2209589436611303
7506,0.5,7712.908648889922,-1.3727792441841178,0.42308089640843627,1.4364958399412384
7507,0.5,7714.904975654683,7.105148070304743,-14.5160792162349,16.161673332701724
7508,0.5,7715.8068091928335,2.721250843764188,-6.632102532334579,7.168681200477954
7509,0.5,7716.493161846612,4.837340158410479,-2.5240097473529515,5.456233592223065
7510,0.5,7717.430625538001,3.5193246722647884,-2.808613504906892,4.502660987544703
7511,0.5,7718.20943989541,3.1249723004354246,-0.9734302123726476,3.273074740492268
7512,0.5,7718.871828009921,3.0842284288455324,1.6200918379984355,3.4838430740847284
7513,0.5,7719.7534860749965,3.858106181370142,2.0547880454064966,4.371171149505811
7514,0.5,7720.412175074542,1.7797642066836838,6.12733541788461,6.3805799073952185
7515,0.5,7721.553996963718,11.404036784901376,4.401531411642957,12.223973730299953
7516,0.5,7722.557228801706,12.576325066899354,-0.7370027337229501,12.597901619628411
7517,0.5,7723.618282221126,7.07561641017424,-5.853559962776825,9.18305569087713
7518,0.5,7724.440916671357,5.676949185547472,-2.9249912313260715,6.38618240881221
7519,0.5,7725.242870633079,5.159353296520258,-0.9754076678844852,5.250747237954071
7520,0.5,7725.881074558964,5.474806810617111,4.468331897048225,7.066788489530311
7521,0.5,7727.365067834397,0.6470980572644167,-5.461422380862244,5.499624561540397
7522,0.5,7728.154537020828,0.4702219178193362,-0.9706785356202359,1.078575667958229
7523,0.5,7728.345321205481,0.2564820597283908,1.1074683662461386,1.136780202677021
7524,0.5,7729.508444298457,4.521441821337705,1.635539315355754,4.808162330435193
7525,0.5,7730.156710684247,2.374290534090596,5.8038954987578,6.2707621945640115
7526,0.5,7731.326343492596,8.499610298295437,1.3983400300025188,8.613868472550372
7527,0.5,7731.904604016608,3.5914156976488143,10.716556429982257,11.302338184212697
7528,0.5,7733.551152377834,1.3556766387443828,-13.25201834940594,13.321180483794558
7529,0.5,7734.637209896446,-0.7442280562628428,-1.0416043137028672,1.2801620780405856
7530,0.5,7734.799051748371,1.1010230549546538,0.43288733062914325,1.183065175111204
7531,0.5,7735.920191802878,2.4444678143462446,-1.24983966976885,2.745454806676412
7532,0.5,7736.398982953629,1.6797720546550488,2.427440054557891,2.951965340933403
7533,0.5,7737.2815166734035,4.102699828720482,5.949062817023346,7.22658247621051
7534,0.5,7738.68340051495,2.871840481053112,-3.468766697633615,4.503311020929754
7535,0.5,7739.076079126564,2.6894607092651928,3.156697904735963,4.147039976711781
7536,0.5,7740.113547443325,7.738722163101103,2.5243386478640666,8.140031101093681
7537,0.5,7740.932128954655,8.80585171150221,5.329496921015565,10.293034625225003
7538,0.5,7742.093826817392,9.489898969434327,-4.557883733177546,10.527700915928188
7539,0.5,7742.861768148461,9.900243291806769,-0.38359772894461275,9.907671999749304
7540,0.5,7744.168742339144,0.08849117602895692,-3.8520827471155337,3.8530990356932358
7541,0.5,7744.539185766442,3.2100642515984994,0.9076938809451762,3.3359287583663937
7542,0.5,7745.564177665552,5.709154361249301,-1.3381788515201898,5.86388660866049
7543,0.5,7746.617972149765,2.1353930986017984,-2.3756402735585023,3.1943028026330413
7544,0.5,7747.262729142251,1.5465166354190067,0.01324240548424011,1.5465733299558524
7545,0.5,7747.603843256256,-0.7242666561917689,1.8927495831975862,2.026589049108339
7546,0.5,7748.560899267974,-1.0649695144337015,10.485653375832024,10.53959613954779
7547,0.5,7749.9503404684165,21.016628950037674,-2.770108895952165,21.198400782110784
7548,0.5,7751.41794259056,-2.109463300127848,-2.823743737805516,3.5246792919898597
7549,0.5,7751.732240722188,2.481580463551075,-0.47561656929774837,2.526747458308592
7550,0.5,7752.412059063886,4.480056942625346,2.6418905656574174,5.201009129974223
7551,0.5,7753.812564124216,0.7733938379358973,-2.897666153746469,2.9991010598386096
7552,0.5,7754.165808072857,2.190866107597331,1.4179411097651065,2.6096841364771675
7553,0.5,7755.04274473805,4.955363329663615,3.3532544344716126,5.983305192891167
7554,0.5,7756.1405459447,6.63253930829076,-1.1435137295417523,6.730393846252428
7555,0.5,7756.961660293783,5.452494238718255,0.26380482034842007,5.4588722650832215
7556,0.5,7757.748648753478,4.923627106119164,2.0172133559951617,5.3208320405474785
7557,0.5,7758.441967610163,3.7489629279206973,6.7322782262153265,7.705731188543805
7558,0.5,7759.592954770952,12.45556903510023,1.3442255432398327,12.527894567693572
7559,0.5,7760.470136603881,14.075421629943447,1.7948035079415368,14.189390885193031
7560,0.5,7761.852016416727,-0.5868775172005246,-7.358148709500095,7.381515945340317
7561,0.5,7762.516669838838,2.633765297362228,-3.1516456181988093,4.107260613146103
7562,0.5,7763.365536637485,1.7743638395020085,-1.6687219167918788,2.435775004082658
7563,0.5,7763.887943627448,1.994430092151862,1.1612786209803652,2.307882022120486
7564,0.5,7764.6295406089175,2.169517888889476,3.6046075778450817,4.207137228623478
7565,0.5,7765.580549321206,5.465312145729695,5.463486420255458,7.727827684063375
7566,0.5,7766.648068548923,8.239737688239044,1.0491207553908155,8.306258575940115
7567,0.5,7767.347361427241,6.824839697551349,6.735855834555037,9.589066206945382
7568,0.5,7768.417093856477,15.48568801240554,1.745574997275728,15.583759664749543
7569,0.5,7769.913327770865,-1.7262569418210267,-3.1450277461051033,3.587640248541683
7570,0.5,7770.261243682984,2.4902096401478575,-0.4269448094954153,2.526544264848807
7571,0.5,7770.9838868490915,3.9236560191155916,1.6547433110193301,4.258315627299746
7572,0.5,7771.801935593384,6.102843987828745,4.4338689677107,7.543467290484225
7573,0.5,7773.1521642358175,3.310702403778679,-5.604537094488569,6.5093460846604465
7574,0.5,7774.018899975771,0.9899613267646874,-1.4807248635712964,1.781170836862072
7575,0.5,7774.296269528578,0.7162420158547242,1.7025407639601093,1.8470646112742
7576,0.5,7775.448785294473,4.233670723297432,0.9057907860157681,4.329483195640891
7577,0.5,7775.977608167173,0.5419126833462247,5.332594294872091,5.360058886810282
7578,0.5,7776.955377123453,6.630418236111054,14.046719555730828,15.532957743556278
7579,0.5,7778.619618817803,-0.7765599946655698,-9.279469833707484,9.311906669420726
7580,0.5,7779.147738368912,6.103075661839965,-2.531140403408992,6.607132833227493
7581,0.5,7780.29414376009,0.9024107842212489,-3.7321142025757386,3.8396642619565515
7582,0.5,7780.791631249869,3.146091293504349,0.11522758509587976,3.148200727944598
7583,0.5,7781.703703737554,3.9065494595240597,-0.27195679315712556,3.9160042360870895
7584,0.5,7782.448108668124,3.782668986834696,1.6954756099928476,4.145265034716314
7585,0.5,7783.333189556129,3.9403362570472926,1.718592083639933,4.298814786490727
7586,0.5,7783.869822963325,-0.45951771112496426,6.44733895866253,6.463693694376704
7587,0.5,7785.543212016207,2.4182847501024547,-5.7944961676917135,6.278876250570005
7588,0.5,7785.972158398128,4.6588546741492,2.185602519759969,5.146045593387507
7589,0.5,7786.91088516388,8.581151297780396,2.0755068521940094,8.828583481448339
7590,0.5,7787.847577241957,10.730171937390796,0.4634404673006657,10.740175365081374
7591,0.5,7788.942037729746,6.90479856877968,-5.969756132911283,9.127662984677611
7592,0.5,7789.846487233923,3.971233762758163,-4.026758096846348,5.655570560870758
7593,0.5,7790.584748288393,4.399200981706221,-1.2648708892379834,4.577430244568087
7594,0.5,7791.49812245837,3.180904794198097,-1.3123375273884792,3.44098606442173
7595,0.5,7792.057000206962,2.750565930301393,2.613604897455931,3.7942777306017534
7596,0.5,7793.208438102892,3.7593724200517245,-0.7597734536234034,3.8353796022657773
7597,0.5,7793.731179349189,1.6479493703786678,3.086579035502941,3.4989580262897855
7598,0.5,7794.330647915022,-4.0078541067699955,7.0634451525138235,8.121277729749435
7599,0.5,7796.1679399082595,3.5287479250372757,-13.513776518647358,13.966897211420994
7600,0.5,7796.882750797398,6.478449465872787,-5.679547941644065,8.615542484562463
7601,0.5,7797.939994785891,1.0073111011315492,-4.363442443075697,4.478203390702265
7602,0.5,7798.64287653204,1.5076175607536766,-1.285167682339521,1.9810519128036
7603,0.5,7799.027356176224,1.124779365698405,2.0365425205192658,2.3265068363071424
7604,0.5,7800.048866699562,5.766137337924589,3.6893394655263285,6.845404698898244
7605,0.5,7801.085965692596,8.347561127903623,0.13857292391219841,8.348711232239932
7606,0.5,7802.2781367430125,1.1193405020883402,-2.137798567636848,2.4131112438935625
7607,0.5,7802.563043838599,1.1116554047463811,1.8862964839173366,2.1894958698615414
7608,0.5,7803.341640437309,1.2091324520522893,7.285950346896463,7.385599078209341
7609,0.5,7804.662539155136,13.377858461495242,-2.1238895180343267,13.545405261586525
7610,0.5,7805.651244456076,7.88577383421287,-4.705027544645947,9.182739959305906
7611,0.5,7806.365526757545,8.83611568337107,0.5227575855597032,8.851565729472748
7612,0.5,7807.453947055254,7.214028311691252,-5.795039585179848,9.25336091783328
7613,0.5,7808.5216945407265,0.9552105970827816,-4.04723571029285,4.15843049472381
7614,0.5,7809.148095665499,2.3769617485396477,-1.0873223032793053,2.6138509799201013
7615,0.5,7809.9493485522,1.439111619822778,-0.20571879070898696,1.453740855572171
7616,0.5,7810.246422779108,-0.6612253140969837,1.702573249680081,1.8264650520962196
7617,0.5,7811.4252967548655,5.840049681087666,7.105775577396241,9.197729439045977
7618,0.5,7812.39288085776,10.8253456022036,7.048849567851746,12.917986980847774
7619,0.5,7813.480751249711,14.373459357989464,-2.2772115007805076,14.552732600273458
7620,0.5,7814.55609047685,6.768556998288215,-7.656217766719779,10.21915037224289
7621,0.5,7815.586939345173,0.5082330864952346,-2.605378094000013,2.65448599222215
7622,0.5,7815.855841174666,1.842131360963814,1.9171399355747631,2.658735316578542
7623,0.5,7817.152637267743,4.239065947938898,-3.383455300869229,5.423785567659842
7624,0.5,7817.796685739583,4.589332983485569,0.8026921419258045,4.65900117063926
7625,0.5,7818.660115006317,5.905511190955186,1.4339246561734085,6.0771047667519245
7626,0.5,7819.635648031589,6.245063951125446,-0.6029594523603496,6.2741042272851395
7627,0.5,7820.586397432231,3.4577583238244602,-1.2326887744262591,3.670914632700392
7628,0.5,7821.053880222406,1.682540020639398,3.5976767118083917,3.9716770568289745
7629,0.5,7822.09409350154,6.328258499068423,4.040675825338585,7.5082565723680075
7630,0.5,7822.719034353719,1.05149808304739,11.934026652301009,11.980260446103966
7631,0.5,7824.645471276426,-4.917882868928033,-6.212722363293252,7.923603414852355
7632,0.5,7825.273177259965,0.704158174828583,-2.9395827926620566,3.022744734524035
7633,0.5,7825.827781341022,2.46505228452557,-0.4244055308698078,2.501320215421771
7634,0.5,7826.4711802969405,3.0881094460620795,2.4882114975586056,3.965805896339442
7635,0.5,7827.806459758519,1.407797503226573,-1.922603795639055,2.3829182036101604
7636,0.5,7828.12519523532,1.0731115361980708,1.9463656829240292,2.2225903223009196
7637,0.5,7828.99387828937,2.9284567977505094,5.938801312795552,6.62157233964512
7638,0.5,7830.128538967395,9.28387387509626,1.9832866346572031,9.493352411235177
7639,0.5,7830.877581937872,8.919505919706376,7.249853954942892,11.494258054336443
7640,0.5,7832.274462692867,3.1929706889389164,-7.220048834117985,7.894565661736657
7641,0.5,7832.824494593668,6.307707685403788,0.1691890423260647,6.309976321393386
7642,0.5,7833.9207552485905,3.5790982683522468,-3.2602545527577576,4.841405184788786
7643,0.5,7834.383065914865,3.8291506407659774,3.603288494031564,5.257954222023881
7644,0.5,7835.733258049545,4.229017651499511,-5.505705293154386,6.94243336819034
7645,0.5,7836.463501636443,4.525419387615872,-1.7919089540409994,4.867274220072455
7646,0.5,7837.396947490325,2.748487543960631,-1.7330200278742007,3.2492371714480672
7647,0.5,7838.064178062147,2.0149647250680744,0.40999889025282826,2.0562543454731497
7648,0.5,7838.482550842813,-0.8129541677699197,2.824317616436535,2.9389903840278606
7649,0.5,7839.5683628387615,5.202718862976816,10.811393051085183,11.998104153249702
7650,0.5,7840.782349085686,16.575158204472714,-1.0533603304797938,16.60859528946165
7651,0.5,7841.828068608777,10.103421890742167,-7.6725068323156655,12.686468972659751
7652,0.5,7842.773773977403,5.507838964921512,-6.649845617656733,8.634624300001486
7653,0.5,7843.741048100103,1.688814351746078,-4.164915491184896,4.494286924905379
7654,0.5,7844.457429440749,2.126603862855079,-1.4478666567179614,2.572695443527234
7655,0.5,7845.080327763865,2.040968365749084,0.6838343116312772,2.1524825750172076
7656,0.5,7845.576147186457,-0.46352943013051257,3.6432781532314302,3.6726468975945044
7657,0.5,7847.000089158636,8.623633760816048,-2.086210614527086,8.872391671294263
7658,0.5,7847.835966138222,6.503622450466824,-0.4932181837477984,6.5222978431681256
7659,0.5,7848.647013323947,5.653144088857857,0.996311833464619,5.7402678821541215
7660,0.5,7849.322974184131,4.671312559342849,5.961552934987335,7.573722626537781
7661,0.5,7850.381575865229,13.145763504318229,3.689660239549813,13.653742739438878
7662,0.5,7851.749375193902,0.5101747757673982,-4.642363232328084,4.670312054103127
7663,0.5,7852.055533000645,3.687994883818895,2.4623958038551215,4.4344897516983455
7664,0.5,7853.53688711003,0.08927163985191953,-4.574967941303364,4.575838839998125
7665,0.5,7854.099209290603,2.4682885174966676,-1.0863758854343584,2.6967871199001197
7666,0.5,7854.705243499415,2.8969246937169513,1.8412369055954534,3.432539296729722
7667,0.5,7855.730232864411,4.703141109227865,0.2501503523442859,4.7097889010110725
7668,0.5,7856.589741467902,3.0072714698421836,0.3933977900045644,3.0328935877322243
7669,0.5,7857.007480210242,-0.8026209880995346,3.740477376434849,3.8256204012106068
7670,0.5,7857.998247520008,2.797054724710853,15.389514342575938,15.641632486200978
7671,0.5,7859.863876592035,-3.8258849990593022,-6.254251589224588,7.331647766180893
7672,0.5,7860.360848829582,2.9860316905671738,-2.7835815698744466,4.082243453447643
7673,0.5,7861.074293126313,4.373812426101716,-0.6735071986361275,4.42536406246271
7674,0.5,7861.968307522176,4.212534947348107,-0.850352018133957,4.297505001436718
7675,0.5,7862.57680848951,3.9240507647565783,3.8241589472088817,5.479266927053693
7676,0.5,7863.88646983947,4.408207217818718,-4.158041211806522,6.05983478275691
7677,0.5,7864.688424186121,2.2853769384974663,-1.1737559303862524,2.56917316176488
7678,0.5,7865.047548549886,0.5542232617227726,2.9721353481220363,3.0233676507151963
7679,0.5,7866.327295716897,7.444798760943347,-0.2665893634587318,7.449570355373049
7680,0.5,7867.142338041974,5.467925631321846,1.1035414355100082,5.57817303510333
7681,0.5,7867.701391247108,1.7386940074504862,7.638406470762099,7.833792840261003
7682,0.5,7869.054058996961,14.983187328183604,-5.224865297762758,15.868053437369287
7683,0.5,7870.100532362201,6.293457770416257,-8.370815375303355,10.472734158538916
7684,0.5,7871.026268506168,2.787998807000348,-5.295315088781193,5.984421378655512
7685,0.5,7871.891593703723,1.4547943527975793,-2.427062592796005,2.829674793731851
7686,0.5,7872.421051360308,2.4076287794602718,0.5444937009807101,2.4684306208789883
7687,0.5,7873.258974733155,2.857325419937445,1.1261271921983371,3.071232815732016
7688,0.5,7873.857411725421,0.8328541594162391,4.372548449853897,4.4511600731917795
7689,0.5,7874.894281010701,7.180344870499186,7.787200337411215,10.592348254956562
7690,0.5,7876.0812562822275,10.017165743945078,-2.7314996364317685,10.382904208625526
7691,0.5,7876.811378416846,9.43127443129976,2.6216248455404316,9.7888637864281
7692,0.5,7877.833953052452,11.216912956302231,-2.6824650619474495,11.533202290683608
7693,0.5,7878.910611220162,4.598437143366122,-6.212244477806487,7.729010649075752
7694,0.5,7879.774371317585,2.296977952995012,-2.7397167969319125,3.575214097636114
7695,0.5,7880.247924997617,3.0305161741606153,1.9824770245479233,3.6213593352095677
7696,0.5,7881.172597090475,6.971236248562104,3.1336910726990177,7.6431769947044765
7697,0.5,7882.440411048757,3.3437466142571806,-4.7610853308833105,5.817952814204375
7698,0.5,7883.219132091241,2.212382430330013,-1.4968999118232473,2.6712067243194375
7699,0.5,7883.739288678192,1.8541017161989108,1.5339296253063286,2.406373468396824
7700,0.5,7884.3861363602355,0.2059537435177567,4.516803716396264,4.521496738572315
7701,0.5,7885.310055570771,2.5172906252910052,12.419958671397007,12.672494840850703
7702,0.5,7886.697844124513,17.795926621253734,-8.345312359107126,19.65551430718905
7703,0.5,7887.902634545409,-0.18933205316995566,-7.7973172732860165,7.799615585824857
7704,0.5,7888.582508384611,2.6588023953501727,-3.2098211615137378,4.1679949695772445
7705,0.5,7889.247759852947,4.011275040120397,-0.44635840414711064,4.036033110920381
7706,0.5,7890.199885171151,3.4633919620267055,-1.3279795678994657,3.7092605213694068
7707,0.5,7890.829109253515,3.281808111299062,1.9251707887161247,3.8048057828375654
7708,0.5,7891.738485147038,4.701500900502169,2.1427178230190362,5.166754337735262
7709,0.5,7892.471581268803,4.183309590490814,5.89494487722452,7.228447567452366
7710,0.5,7893.753775748136,5.01925981200253,-2.610310769768464,5.657445658170559
7711,0.5,7894.146224240496,1.8872339309705686,5.911498633127571,6.205438582378828
7712,0.5,7895.752701737037,1.5423978320294591,-6.2440337363359975,6.431714263923053
7713,0.5,7896.284146796155,3.91726946006188,-0.3270302543181254,3.9308966928644753
7714,0.5,7896.81070621128,2.4371574626636914,5.90653169650393,6.389589437485238
7715,0.5,7898.443975525827,0.4956532880357881,-7.736207142356738,7.752068958116414
7716,0.5,7899.189387686444,1.7117837337654502,-2.818973105125032,3.2980013521225624
7717,0.5,7899.737784133993,3.0254525171063764,0.4871806306886763,3.064426194279041
7718,0.5,7900.69974349721,3.0247667734855863,-0.399730805533747,3.051065182993484
7719,0.5,7901.203724772067,1.2989678937753857,3.46131880360553,3.6970319783919208
7720,0.5,7902.431940428291,4.5470165611953846,-0.1341667834616492,4.5489955301769145
7721,0.5,7902.845882347639,-0.34105878811175216,5.310858488412191,5.321798472404614
7722,0.5,7904.000011350514,14.521411670899647,11.221591947417403,18.351989612848076
7723,0.5,7905.495359792199,0.38928207719029895,-11.48130485518979,11.487902407029154
7724,0.5,7906.307057653094,1.319457273827212,-4.610350057730086,4.795445250679789
7725,0.5,7907.033279619342,1.7942116413639329,-1.6455137970777165,2.4345248140815863
7726,0.5,7907.462023026751,1.873510548528917,2.217500884684954,2.9029901737738757
7727,0.5,7908.754089324922,2.4429804599653138,-1.6726100616933421,2.9607056500520517
7728,0.5,7909.0710811084755,0.5206411435923894,3.2081877923969735,3.2501593978889955
7729,0.5,7910.496345642477,6.368897763682514,-3.7766782898924203,7.404468760794718
7730,0.5,7911.290474750289,4.4236808666239,-1.0262089161965826,4.541151522402192
7731,0.5,7911.974654015074,3.46383473058675,1.767078702836452,3.8885367662961787
7732,0.5,7912.5218947576,-0.5802704145269172,6.477054024934201,6.50299489434611
7733,0.5,7913.958900163055,14.312958238002231,-4.858316338536715,15.11502600619955
7734,0.5,7914.898228655282,9.89154751936817,-5.907367631296577,11.521271833404901
7735,0.5,7916.139083618643,-0.31863067133637324,-1.2221949111210502,1.2630462800255815
7736,0.5,7916.249620362815,0.7566318410439854,0.9961763882260256,1.250943299810451
7737,0.5,7917.846984218911,-0.16800107900895803,-2.4632080923924358,2.4689306326779934
7738,0.5,7918.206299766421,1.8417992669886332,0.41208861690213283,1.8873371633230187
7739,0.5,7919.009503413646,2.5990571462289562,1.4018245907282363,2.953000208691864
7740,0.5,7919.702077252901,1.574085140249407,3.6538518550294308,3.9784893373309433
7741,0.5,7920.394917845037,-2.270134987027444,8.47805903860706,8.77673048016361
7742,0.5,7922.053034576523,7.187041736390511,-9.944384122742497,12.26965136021689
7743,0.5,7922.723312421271,8.716115860093383,-1.7318198821299378,8.886499636567368
7744,0.5,7923.710141380545,6.806688536689347,-4.433926370806499,8.1234667413138
7745,0.5,7924.582047217102,5.1212562289587416,-3.1284983445366326,6.0012304783616806
7746,0.5,7925.391338795337,4.459488581941043,-1.359580836948198,4.66213453952793
7747,0.5,7926.044750271575,4.906205568776165,2.7636497140650897,5.631040119297882
7748,0.5,7927.22785974914,5.168821806388906,-3.307053449108991,6.1362302255916985
7749,0.5,7928.007764629538,4.076383805072767,-0.8770988043754412,4.169677114465383
7750,0.5,7928.684234751108,3.829445059741136,2.164969947827443,4.399061756849039
7751,0.5,7929.5402291470855,5.235624264049771,3.5823726301488708,6.343906926772053
7752,0.5,7930.604941255269,4.327110647832415,-0.2584343211347261,4.334821202417122
7753,0.5,7930.948076826018,-1.5079521342923798,5.12723877852196,5.344389313223383
7754,0.5,7932.47166617417,17.258108439127582,-8.153327802970725,19.087143871186754
7755,0.5,7933.645643224238,0.7179943072798248,-9.023786221265112,9.052305429689188
7756,0.5,7934.495415309209,0.6890592826766352,-3.64450773701231,3.7090752675276657
7757,0.5,7935.214648402931,1.0647014028143935,-1.1193505112180426,1.5448413006257409
7758,0.5,7935.570718561864,0.8396726107811081,1.497601250082106,1.7169331954224223
7759,0.5,7936.442237033273,2.6247998249420594,5.025877130820109,5.670010145944753
7760,0.5,7937.745180588848,5.1970764783132015,-2.329244679920051,5.69517205186746
7761,0.5,7938.315574079556,3.8598720970284828,3.1437709371635276,4.978143058488085
7762,0.5,7939.086639386133,4.378931946939684,8.034110737067225,9.149971602764012
7763,0.5,7940.3540128792865,12.266780713020909,-3.9601995329348663,12.890193536250699
7764,0.5,7941.265683750246,9.044773151872782,-4.1067257596405655,9.93343434234777
7765,0.5,7942.317604788917,2.260279397324978,-3.859819096187684,4.472925933800701
7766,0.5,7942.745097903532,3.6567601355679384,2.364313615003362,4.354523344657727
7767,0.5,7943.785515988011,8.901110325212358,0.0009538360457870695,8.90111037631852
7768,0.5,7944.959519126583,2.882380402764696,-5.0349973669315276,5.801664870642684
7769,0.5,7945.740693786377,2.0668884571338597,-1.7374912479085574,2.700167352367631
7770,0.5,7946.220788193227,2.111102119974107,1.8817288601023403,2.8280126703926243
7771,0.5,7947.289771165853,3.2103240994105517,0.16685029720589542,3.2146570337959637
7772,0.5,7947.72960027344,-0.19602649115563556,3.7713654314807235,3.7764564876352775
7773,0.5,7948.634211573244,0.4912819362067392,13.195094955953353,13.204237533362866
7774,0.5,7950.265470539734,6.526353769449318,-14.616498601919965,16.007352214027577
7775,0.5,7951.314030649734,-0.5585326393492219,-3.009975983569623,3.061358216688195
7776,0.5,7951.584851706329,2.617666816508436,1.1691470154706836,2.8668945404450117
7777,0.5,7952.794489272236,3.951837287563588,-3.7467961610500518,5.445686313022202
7778,0.5,7953.594656971266,3.0685254719198594,-1.578670537800722,3.4508041437817094
7779,0.5,7954.308997263478,2.4273886953895905,0.28031992266586825,2.4435210532239284
7780,0.5,7954.747608585548,-0.4267130509930642,3.564862120394819,3.5903100096389524
7781,0.5,7956.152267105716,9.10832208162153,-1.7114366439263093,9.267715280948595
7782,0.5,7956.989578249039,7.272909192569352,-0.25439003932948057,7.277356828922836
7783,0.5,7957.947945783215,3.84788244738931,-1.2608763950491793,4.049198514832159
7784,0.5,7958.317455921223,0.3181520263714672,4.830970651386354,4.8414355460380305
7785,0.5,7959.688750437559,13.454053757857219,-3.460641010043033,13.891997650435435
7786,0.5,7960.661379307818,8.97129643384311,-5.936346774804088,10.757526329719719
7787,0.5,7961.649596876388,3.891856806556132,-5.716968768073447,6.9159439918108445
7788,0.5,7962.56254705896,1.2621101263663206,-2.436369600559184,2.743869312049196
7789,0.5,7962.956507789986,2.235573858760278,1.669374766942436,2.790090068524031
7790,0.5,7964.203600710387,2.3345850292335664,-1.857535294149437,2.9834082234471917
7791,0.5,7964.684089862521,1.807672309870385,1.6941406245961235,2.477456686963281
7792,0.5,7965.3156788429915,-0.34307592700960554,5.078366606658306,5.089941893903672
7793,0.5,7966.568849824008,10.137795867056653,3.167740213527286,10.621180871377195
7794,0.5,7967.2661075385395,8.040761657331853,11.326065968042641,13.890054655848974
7795,0.5,7968.909886518723,-1.913405959920982,-9.11824168271383,9.316837110942805
7796,0.5,7969.629440350559,1.322882902025917,-3.4726133093335187,3.716054677831423
7797,0.5,7970.220548110803,2.8088377844190284,-0.5027846958362046,2.8534824600034083
7798,0.5,7970.847928248577,3.0775973063079736,2.7153908616960667,4.104260312355517
7799,0.5,7971.821330830948,7.314838136131381,2.9787148015675635,7.898075640741845
7800,0.5,7972.99533189187,5.181349503174699,-4.074023632411944,6.591210149244197
7801,0.5,7973.804869056249,3.477532444569609,-1.541314580465916,3.8037984356418133
7802,0.5,7974.458129757065,2.88112662439674,1.1851894837720738,3.115375537275028
7803,0.5,7975.017853871008,0.19392394168566626,4.985476844914194,4.98924702398413
7804,0.5,7976.207792148188,11.536800405553501,5.175597011242686,12.644546967778785
7805,0.5,7977.291194443748,10.155836112924593,-3.2299482008469274,10.657090247001648
7806,0.5,7977.975322928936,10.784477657199197,4.421682732373969,11.655738351747727
7807,0.5,7979.419830145943,-0.47506456310217443,-7.881079657487466,7.895384911882271
7808,0.5,7980.244153621043,0.29839859873320457,-2.184617456231462,2.20490252705129
7809,0.5,7980.592156635669,1.907472539140595,0.9521474877545143,2.1319090801468765
7810,0.5,7981.677158957607,3.203680903500068,-0.8958251765049721,3.326570918875949
7811,0.5,7982.329229078084,2.3348203140319916,1.3955591101173757,2.7201049848577625
7812,0.5,7982.8567264831,-1.0186025272943973,4.461024102760978,4.575837317259533
7813,0.5,7984.194787625831,11.803048786825983,1.8459580657632078,11.946527606160318
7814,0.5,7985.078461489261,11.439215708610412,1.5974373045087924,11.550214801896782
7815,0.5,7986.116271568622,9.296236494624102,-4.247054769018467,10.220444568365092
7816,0.5,7986.989921279802,7.124953574206237,-3.090079539328326,7.766180206122557
7817,0.5,7987.776841671903,7.622347808230436,-0.6108930761920297,7.646788637079927
7818,0.5,7988.826884442917,4.7499831473442224,-3.929595846667458,6.164743580896148
7819,0.5,7989.527182533596,5.296955037470345,-0.27791936798160344,5.304240930056039
7820,0.5,7990.464730054409,4.871347984078136,-1.3045145720795197,5.042994095847222
7821,0.5,7991.154615188094,5.116179804739431,2.2494313872187766,5.588849377128408
7822,0.5,7992.449601868437,1.1365871276557589,-2.0897060710316575,2.378802589972387
7823,0.5,7992.775448790286,1.2584637798153884,1.5999488189186115,2.0355754243619404
7824,0.5,7993.535520095777,1.1642198295091006,4.725204522230706,4.866514727022998
7825,0.5,7994.268276831976,-3.3538416438975958,11.622080730756007,12.096322345430112
7826,0.5,7996.32587355048,-4.277799109342259,-4.2345767848552915,6.019236310922242
7827,0.5,7996.702938035545,3.3651083430137723,-2.144957847735168,3.990588719572788
7828,0.5,7997.562596959065,4.304211585751538,-2.3442307039952563,4.901189138206346
7829,0.5,7998.503621700133,2.1944105790031347,-1.9279537800521427,2.9210346740937907
7830,0.5,7998.9605159150915,2.1986225658600733,2.2080449796973545,3.1159916269906476
7831,0.5,8000.086767551567,4.482998451863399,-0.4353327432983333,4.504085891365449
7832,0.5,8000.654289531123,2.73666817547658,4.416711174528623,5.195833937095403
7833,0.5,8001.8274141464935,7.301460366700921,-0.262544504750566,7.306179104256826
7834,0.5,8002.504226795772,6.0119183866662675,4.923402514358096,7.7706534478333005
7835,0.5,8003.544020732095,10.724034137350353,1.1917003008428118,10.79004438295249
7836,0.5,8004.486900352286,10.615148090815904,-1.2632527358098544,10.690050349015369
7837,0.5,8005.558741555965,4.381611692439897,-4.59034569627115,6.345848614220252
7838,0.5,8006.089452661675,5.660749316597658,2.634803446125991,6.243898784019345
7839,0.5,8007.166316113007,9.810826176738061,-2.7431847526622763,10.187117985839153
7840,0.5,8008.486686298687,-0.8536615262065448,-2.9600461343720452,3.0806835473537646
7841,0.5,8009.024278312771,1.0040113778352933,-0.7350921647389687,1.244346952213629
7842,0.5,8009.383936409158,0.5095052840985972,1.4086917156205325,1.4980013298332922
7843,0.5,8010.212236319679,0.8685162857656653,5.15688884940649,5.229514618372644
7844,0.5,8011.4693808589,6.426750073160783,0.3268940945683043,6.435058372069034
7845,0.5,8011.929391130554,0.1816257673988642,7.861444925607731,7.863542728169458
7846,0.5,8013.442022089037,11.192552916162665,-9.79782852551228,14.875170069496466
7847,0.5,8014.276774716247,9.021125741459356,-5.682673923984056,10.661777176885144
7848,0.5,8015.371885937362,1.3394770038499564,-5.6047647107287775,5.7626023727543005
7849,0.5,8016.20173149031,0.6547010747615799,-1.5106828060803075,1.6464495248505615
7850,0.5,8016.491199874104,0.975770351142918,1.349321704445305,1.6651717149461662
7851,0.5,8017.361465467249,3.3724798037533428,4.968580397111816,6.005032155558203
7852,0.5,8018.63782660662,6.3731119537012795,-3.0623200498851526,7.070668996802124
7853,0.5,8019.356639065828,5.732673320885117,0.7104355923151007,5.776526822824949
7854,0.5,8020.319689666986,4.367893014628535,-0.7897680703133645,4.438718620517328
7855,0.5,8020.837459741009,2.2490921677431426,4.544071706219565,5.070207416888262
7856,0.5,8021.895481637498,8.990514040428167,4.559066533098964,10.0803983236953
7857,0.5,8022.717489709397,11.371850020544393,9.034565882812538,14.523854639200842
7858,0.5,8024.403582467123,-2.169239894658758,-2.877671864423535,3.603692145546559
7859,0.5,8024.670982458977,2.9430858778895694,-0.09249362536370904,2.9445389376549156
7860,0.5,8025.752452902289,3.0754417097943914,-2.9079626056355017,4.232562843729253
7861,0.5,8026.391854103008,3.7988256094302306,0.37154735442324693,3.8169521149003005
7862,0.5,8027.30587415954,4.213856916809475,-0.1254145135469672,4.215722822429302
7863,0.5,8028.124025978592,3.4211710040296923,0.6431053619862804,3.4810911429362257
7864,0.5,8028.746401313329,1.7686039182702202,3.4879710177007475,3.9107418273316337
7865,0.5,8029.4078223261085,-2.6252038473180677,8.287720931908268,8.693561611052402
7866,0.5,8031.058009786898,9.796093292764114,-11.91832787662987,15.427572173721655
7867,0.5,8031.951322173809,4.719627595584759,-6.4119713115457895,7.961674493540376
7868,0.5,8032.793383790673,2.792908995551839,-2.913134744580854,4.03567772468498
7869,0.5,8033.269191957556,3.5471861882460787,2.604250744267027,4.400528581102401
7870,0.5,8034.386240870654,7.698105963522132,-1.7258025850403043,7.889184367737061
7871,0.5,8035.393242316707,3.922160921947544,-3.177055551103946,5.047477416735295
7872,0.5,8035.999510970188,4.5376172097001035,1.3650302020344736,4.738488935750809
7873,0.5,8037.034489891822,4.888114217470155,-1.343609554910342,5.069412908718349
7874,0.5,8037.8034687868985,3.8469053653671534,0.4744472738492711,3.876052257871867
7875,0.5,8038.428466931308,2.461882525010216,4.087252907111461,4.771425561993162
7876,0.5,8039.310951894776,5.006030726379189,8.033534383712073,9.46562297620905
7877,0.5,8040.363774173745,14.280116616895038,5.853737059837628,15.433339501152636
7878,0.5,8041.485092078732,14.209770480535338,-7.408015141446448,16.024863975878027
7879,0.5,8042.752607553649,-1.4750405551642212,-4.727462404324539,4.952236406279604
7880,0.5,8043.228211967931,3.1675164706723233,-1.4643812848067939,3.489637966791519
7881,0.5,8044.222079323646,1.605256402743024,-1.815928370375255,2.4237252247070424
7882,0.5,8044.7020364410955,1.8224000010707646,1.1879453088748146,2.175397853446675
7883,0.5,8045.412198483427,1.614833380337188,3.9051051438630644,4.225817439369216
7884,0.5,8046.349100762353,5.334196342436265,7.758638032736495,9.41541898922643
7885,0.5,8047.858586760628,0.8083349216286316,-2.8051905437073827,2.919332000994352
7886,0.5,8048.092532351144,1.3955814412151533,2.243801317356782,2.64240267764703
7887,0.5,8048.93901867155,4.509728256459938,9.498145605235838,10.514391037305682
7888,0.5,8050.707855425853,-1.3640484097927625,-2.566087936602885,2.9061031231938443
7889,0.5,8050.928553718142,2.3489686413170925,0.7076055015808087,2.4532344412547475
7890,0.5,8051.826700970999,6.707888709365201,1.50523951035617,6.874701224109047
7891,0.5,8052.854735733885,7.6516068639650285,-2.5008261338796434,8.049920431443539
7892,0.5,8053.8506836919205,4.0993130953140415,-3.7264218263214697,5.539908616673945
7893,0.5,8054.632075493165,3.462044871453082,-1.4313620314731252,3.7462717409575963
7894,0.5,8055.387536444196,2.972938021810284,0.1381807708417737,2.9761475781546305
7895,0.5,8056.043545401502,2.044996353203377,2.2849253525395796,3.06641385844984
7896,0.5,8056.628566090335,-1.7904224689423727,5.434660352075168,5.7219879202696236
7897,0.5,8057.849854094792,14.749253602080858,11.460996865875964,18.678729372687904
7898,0.5,8059.163910470731,10.398224380270165,-13.100884584553599,16.725915435641753
7899,0.5,8060.41057395789,-1.3360509688964952,-1.7627657285835685,2.211871426045832
7900,0.5,8060.656750843522,1.7944395731092282,0.07417686555938992,1.7959720456968824
7901,0.5,8061.4328786449805,4.21254964995075,1.8087280745701362,4.584438002747816
7902,0.5,8062.591530739173,3.3514729970776687,-2.2884626679421283,4.0582548752765115
7903,0.5,8063.105008848429,3.082376731798495,2.6225455841693868,4.047071985742177
7904,0.5,8064.205515208021,4.916692115539213,-0.452300969322339,4.937452534035684
7905,0.5,8064.758371516304,2.766552150366941,5.07099763573572,5.776575786946555
7906,0.5,8065.960611559453,9.213798454932167,-0.8271434558829425,9.250851218386357
7907,0.5,8066.852181448752,6.617112706682178,-0.9236153559560906,6.681260801577247
7908,0.5,8067.499979187696,5.783907260326532,4.720850205577538,7.465923242276165
7909,0.5,8068.480997184478,12.027897377641233,3.921674546536403,12.651080846157784
7910,0.5,8069.620473525598,10.655080520105878,-7.62872849958571,13.104512177503251
7911,0.5,8070.895715103644,-1.2014897452816717,-2.3472134334960546,2.63685200767911
7912,0.5,8071.223812048208,1.9885474918302666,-0.15261161051783162,1.9943950037365443
7913,0.5,8072.006261155453,3.3960227576874362,0.9198768307237192,3.5184007666031016
7914,0.5,8072.891660955189,4.074726453675254,0.9847239351568431,4.192025393619615
7915,0.5,8073.66163819868,3.8043590383562917,2.732053843895702,4.683723507922782
7916,0.5,8074.476781796316,4.0629691694231544,4.5950001880137155,6.133656755927018
7917,0.5,8075.212479534272,2.306048298264044,10.5232952378258,10.773003361011897
7918,0.5,8076.604646442833,15.078306953051861,-7.973680381755644,17.056814456423183
7919,0.5,8077.693139054215,2.537728255979986,-7.415190365574994,7.837417486577797
7920,0.5,8078.331290952394,5.413605696923763,-2.185754031164393,5.838205831119422
7921,0.5,8079.34522278862,2.641218473352017,-3.1407381960441056,4.103689978551785
7922,0.5,8080.0395116955,2.063855287837919,-0.4512831512320664,2.1126180752143737
7923,0.5,8080.371623669992,-0.4815817229208839,2.8624462479354036,2.9026745387953703
7924,0.5,8082.095848369,1.512238547432186,-5.306105228435966,5.517392329676701
7925,0.5,8082.72735733407,2.3660391160585617,-1.034635240686897,2.582365423403592
7926,0.5,8083.188121262286,1.471113394390251,2.752183724842108,3.12068740415316
7927,0.5,8084.353898815798,3.2450979976983985,0.1564488102872814,3.248867070981277
7928,0.5,8084.627810373944,-2.3915567724714712,3.222927615605879,4.01332857007611
7929,0.5,8086.389367184023,8.354723422816644,-11.821250921941369,14.47561317634803
7930,0.5,8087.201332969661,6.350709581429336,-5.579462926573275,8.453515170428453
7931,0.5,8087.9892159229485,6.882741009610723,-2.9095882177806254,7.472471304891379
7932,0.5,8089.000277331536,3.774638025143678,-4.548618076409797,5.910822161586536
7933,0.5,8090.011702435148,0.3154220963958942,-1.4574039742343186,1.4911463519751396
7934,0.5,8090.302075183277,0.963548406047947,0.8874790491006641,1.3099788522682945
7935,0.5,8091.013047475937,0.8498496147502128,3.6236033894986015,3.7219277118284873
7936,0.5,8092.0131860191905,5.325120798624982,6.7267521250286535,8.579400076434592
7937,0.5,8093.056821600834,10.676608328254659,3.3744760266968417,11.197189551387815
7938,0.5,8093.960796848974,12.310288028671923,2.6375322036336772,12.589669077226295
7939,0.5,8095.226429752915,2.2447931544415276,-5.433122012296152,5.878597716013958
7940,0.5,8095.644649780625,4.837155652218201,2.4275394162004464,5.412118108559097
7941,0.5,8096.881209450585,4.092848760833123,-4.394761980961935,6.005442851977005
7942,0.5,8097.422804533748,5.432326223176252,2.17825758838759,5.852774924459037
7943,0.5,8098.601451658408,5.255134305944671,-4.40387988402707,6.856427247951725
7944,0.5,8099.483713019982,2.7080010008063593,-2.3517917412919607,3.5866689023071694
7945,0.5,8100.03395489818,3.0318084452117047,1.4875634440606442,3.3770856442445427
7946,0.5,8100.893317320693,4.583760257438613,2.6271855611984005,5.283271909588135
7947,0.5,8101.847479883354,5.573290618483992,1.394764655497771,5.745166382473835
7948,0.5,8102.652891917435,3.97094352313588,2.1828969370875635,4.531382956877631
7949,0.5,8103.081247385376,-3.6130607995643707,6.034871112813243,7.033766962987648
7950,0.5,8104.959580645941,1.5546652902551352,-16.125895054709986,16.200662809905158
7951,0.5,8106.001082599121,-1.59986803598596,-2.9840993494521375,3.3859159262997425
7952,0.5,8106.47247854711,1.561593166009053,-1.0903257535968103,1.9045691022072762
7953,0.5,8106.981007272883,2.02080277756761,1.740031103862402,2.6667118532442866
7954,0.5,8107.9900306256795,5.131418676635332,1.2493479917862376,5.281318778439927
7955,0.5,8108.858614987058,5.496219072898329,1.5192075992522138,5.702316706998748
7956,0.5,8109.690218971911,5.9879549356171005,2.767439021508209,6.5965387172931464
7957,0.5,8110.637684029408,7.061457877003895,1.293541390261794,7.178957910241623
7958,0.5,8111.447479981098,6.881754363640689,3.0933708357150316,7.545030566454982
7959,0.5,8112.264753495158,8.586435230504767,6.35149386925173,10.680278289389081
7960,0.5,8113.5526431280105,5.7851364598067425,-6.380727326324837,8.612867412859309
7961,0.5,8114.167019842273,7.178411571089398,0.7692095270180571,7.219506629985563
7962,0.5,8115.107358482817,9.46366301487286,-1.1386171464043973,9.531913064288752
7963,0.5,8116.251266964432,2.8226270742068156,-5.224316535508791,5.9380726556043335
7964,0.5,8116.864424633298,4.827600322621228,-0.6317041933336491,4.868754980777724
7965,0.5,8118.004737871154,1.2141523248180763,-2.23450563076263,2.5430653317937075
7966,0.5,8118.4373796531945,1.8258033754120822,1.0425040980764144,2.1024682542602804
7967,0.5,8119.287139450123,1.9545239639426593,1.385152781406653,2.3955817985334407
7968,0.5,8119.648862098551,-2.849680846252168,2.3005719038615324,3.6624188742323764
7969,0.5,8121.226751668285,18.685848623472495,-0.9014236755804296,18.707578769638413
7970,0.5,8122.361423445455,5.70008496611502,-8.339886300133102,10.10171629576273
7971,0.5,8123.010669984643,8.312468182175754,-1.302532104979872,8.41390023497947
7972,0.5,8124.184278678353,1.9361543095374856,-5.25985138011713,5.604884481526864
7973,0.5,8124.843587425551,3.222673066995414,-1.510843251102851,3.559251188963861
7974,0.5,8125.50162693746,3.852033278699324,1.387907545032586,4.094441077090431
7975,0.5,8126.529528436145,3.607434434677819,-0.7125505084357759,3.6771335884859226
7976,0.5,8126.964551002275,0.8338743132885944,4.513453504531403,4.589837568795798
7977,0.5,8128.592208780041,1.1325667177586254,-4.103859246355208,4.257272376072463
7978,0.5,8129.097632570099,2.2228689067347616,0.06517964548244379,2.223824310217291
7979,0.5,8129.501991536929,-0.5079580858874474,3.3288884980043583,3.3674203849778177
7980,0.5,8130.717735754438,10.984271860759014,6.117252643064738,12.572788402345154
7981,0.5,8131.714724491744,14.973282854535771,1.1660732741693314,15.018619321451187
7982,0.5,8132.854767682931,8.031048639874955,-9.429172888868957,12.385759711225578
7983,0.5,8133.952804659218,-0.3571132580293625,-4.089574721005863,4.105137181355883
7984,0.5,8134.4571409911205,2.724303356591407,-0.9128894813599887,2.8731856855958537
7985,0.5,8135.25315170635,3.171397521496275,-0.10742370936593423,3.1732163639888555
7986,0.5,8135.925988506042,3.0973607076403287,2.592584831992347,4.039200349612654
7987,0.5,8136.958578382118,4.811026993639056,0.6712087357310175,4.857623071054946
7988,0.5,8137.609942436053,3.1138234095681874,4.320132601705038,5.325358384399081
7989,0.5,8138.437429271391,4.3355793949518056,9.0213782360018,10.009121538223903
7990,0.5,8139.566538052356,17.116966634800654,3.8004689906554368,17.533799112736876
7991,0.5,8140.950740591126,-0.2289661188351463,-7.8368861818847595,7.840230258824719
7992,0.5,8141.595750010061,2.9127429297658933,-2.8229627209389636,4.056253184739868
7993,0.5,8142.276001937052,3.3175095078241017,-0.21862370024328964,3.3247053488709915
7994,0.5,8142.810496643743,2.0536873755307155,4.720411127346436,5.147806624921947
7995,0.5,8144.35856353967,1.8484595379596573,-5.481575138861761,5.784848197356726
7996,0.5,8144.926296078331,4.067132492239368,-0.5669381505766213,4.106456571791361
7997,0.5,8145.927384407723,1.854007750817717,-1.2265871552469894,2.223029642067121
7998,0.5,8146.251283810105,0.42136774957382256,2.390964497496056,2.427810126156384
7999,0.5,8147.375558663972,6.266531155998323,3.4955697958713134,7.175543249601768
8000,0.5,8148.188405804627,6.257720052518484,5.68324141684096,8.453300731536077
8001,0.5,8148.986653563429,7.613867675855569,12.343956942402974,14.503249773114192
8002,0.5,8150.740615482133,-2.458853445266389,-3.960580832260219,4.661776570596819
8003,0.5,8151.026671304606,3.8538427881463093,-0.03863428306723189,3.8540364351644936
8004,0.5,8152.21772825841,2.018321848338813,-4.359824877839104,4.8043413751425454
8005,0.5,8152.9659311276,1.921964473772832,-1.54560118910927,2.466339488841889
8006,0.5,8153.488253661008,2.0541211238858823,1.3819902511623523,2.4757444629650256
8007,0.5,8154.272979427265,2.702287107078087,3.557803056435358,4.4676971917824995
8008,0.5,8155.1289339925415,4.438167564983898,6.834630389287831,8.149202653821527
8009,0.5,8156.304912385853,10.316209250110921,-0.8124998348740995,10.348155839266461
8010,0.5,8157.194764620169,7.983956942236352,-1.015856331465235,8.048324828289552
8011,0.5,8157.981568491566,7.5373306670272155,1.4871709077659565,7.682644785034275
8012,0.5,8158.767638742285,9.246296304593374,5.278853192695736,10.647078772244104
8013,0.5,8160.0782008099195,4.753471695945242,-8.049915727325342,9.348616816470361
8014,0.5,8160.950122589702,1.8639145173986005,-3.0434482954743705,3.5688590411215615
8015,0.5,8161.346145633208,2.8914863617717033,2.438988978116845,3.7827715521409977
8016,0.5,8162.59214058654,5.216239218528382,-3.7570176653535374,6.4284005260011705
8017,0.5,8163.454284500946,3.157009642392818,-2.0376697163631783,3.7575002002854
8018,0.5,8164.106957146948,3.0520076216114833,0.7105246173484028,3.1336234225306456
8019,0.5,8164.870257333309,2.729295144383225,2.006814769322917,3.3876773021535627
8020,0.5,8165.448818475204,-0.6957127301103235,5.290842631318367,5.336387537671287
8021,0.5,8166.4480892374595,5.249659092324676,16.389823225622017,17.21003271213527
8022,0.5,8168.295104129872,-3.63470648170684,-4.797518618156728,6.018909876358189
8023,0.5,8168.668480129248,3.847963360623378,-1.7006479085794295,4.2070209571210295
8024,0.5,8169.593836203726,4.1753091412076575,-2.8081275827664522,5.031777712274856
8025,0.5,8170.415779001678,3.5377877696082938,-1.4844380368860766,3.8365998733441327
8026,0.5,8171.095110983013,3.6024034307763246,1.1490037857779969,3.78120618028179
8027,0.5,8171.823553153262,4.002832216097059,4.453940687017443,5.98834312591504
8028,0.5,8173.111533980958,4.500505290618644,-3.333688890720133,5.600716872954501
8029,0.5,8173.7382926577675,3.9139292939393293,1.0281102934515463,4.046708945977884
8030,0.5,8174.366180914143,2.4992258091120783,5.543207541552835,6.080565721514747
8031,0.5,8175.531628952028,10.667975159869426,1.1796528134963462,10.732999337183477
8032,0.5,8176.449213453736,9.75750251110948,-0.37401105889677855,9.76466791685641
8033,0.5,8177.331542720256,9.098823260505668,-0.5501895572364968,9.115442571527238
8034,0.5,8178.104666952751,10.9705000766208,3.5026458845174524,11.516093092862008
8035,0.5,8179.690387023258,-1.975612996452695,-2.5219974872027002,3.203672585831694
8036,0.5,8180.0357521355045,2.1567060053373366,-0.7438212756191691,2.281370395951052
8037,0.5,8181.013209816269,1.091641854842475,-0.9111208664669603,1.4219082855639542
8038,0.5,8181.282044613567,0.13979410679408585,1.5716931863239814,1.5778979257960843
8039,0.5,8182.4301167937365,4.87993573659511,2.7092145928067604,5.581542484222006
8040,0.5,8183.129990253212,3.136707777669363,6.801497554765326,7.489946907019447
8041,0.5,8184.254600673372,11.049985076906736,2.7910879113826947,11.397032154421964
8042,0.5,8185.038683169381,11.927716259726163,7.76754512759667,14.233944375393163
8043,0.5,8186.605228280466,-1.7755941344445318,-5.213900846770286,5.5079484901572675
8044,0.5,8187.019086128031,3.8477559944909467,-0.9481897798075167,3.962863869939572
8045,0.5,8187.927398545164,4.47115263083877,-1.669940135096159,4.772829967960458
8046,0.5,8188.675092154904,4.664743931607068,0.4807454577146203,4.689451155794055
8047,0.5,8189.4580016837135,5.652030501260145,2.636810684376398,6.2368437027407175
8048,0.5,8190.53885964643,6.328053993073209,-1.9455879240816492,6.6203912051767855
8049,0.5,8191.31735942174,5.864261667106241,0.3008565304064167,5.871974076252369
8050,0.5,8192.334649942095,3.5076590483419077,-1.7189849589437494,3.906223404836147
8051,0.5,8192.995406727354,1.6898685556081605,0.5526634861746045,1.7779461927133449
8052,0.5,8193.233410994546,-2.1040978780978494,1.2542391862743532,2.449559923129464
8053,0.5,8194.929408138007,19.106687469063413,-6.7006834400528685,20.24758416711148
8054,0.5,8196.067584918459,3.013083409629227,-9.996350450066751,10.440579196286604
8055,0.5,8196.94832475157,1.161454018983715,-4.111450443317001,4.27235300344728
8056,0.5,8197.513353942913,3.2830554672233356,-0.599291662240525,3.3373048553130484
8057,0.5,8198.24261179251,4.560713972207576,1.6404460828689986,4.846769572312021
8058,0.5,8199.585117177658,0.3908346911208479,-1.5821138829128374,1.6296736158780578
8059,0.5,8199.88477386272,0.8801384164782239,0.8006085223416621,1.1897973097157748
8060,0.5,8200.341952211153,-1.8458675962393947,2.33465306163431,2.9762110309998278
8061,0.5,8201.755260360196,13.4913411157385,4.347849630621245,14.17462809077224
8062,0.5,8202.8766461704,8.08548515590556,-5.173683928938744,9.599066392255457
8063,0.5,8203.529203740132,8.728441782217498,2.057651756085406,8.967699074728229
8064,0.5,8204.761729330088,2.9435040834190214,-5.111086787498252,5.898086506524269
8065,0.5,8205.259250532255,4.98006068798283,1.5872779354049447,5.226897330177378
8066,0.5,8206.228375057994,8.374348366184247,-0.22159414315936724,8.377279661232237
8067,0.5,8207.281175265221,5.5844143247619,-4.349292199564598,7.078278462154436
8068,0.5,8208.167607521846,3.2125411038936864,-2.706760304563366,4.200829881174246
8069,0.5,8208.84642431435,3.275977781234011,0.02018523194631343,3.2760399672054734
8070,0.5,8209.530685579144,3.1573361240096154,2.621409112844268,4.103724788150276
8071,0.5,8210.510348798944,4.345090686780381,1.439232422271462,4.577248413803098
8072,0.5,8211.030888882608,-0.14350869954875972,6.202738600850461,6.204398512130448
8073,0.5,8212.265612418521,14.88587424459649,4.697610674047963,15.609509860045911
8074,0.5,8213.253267546901,17.222056132891545,-1.6621752997470531,17.302082076199863
8075,0.5,8214.668747954194,-2.6249504406057134,-5.266735099436814,5.884629421066022
8076,0.5,8215.237624958912,1.8192614417851447,-2.452965308784958,3.0539729860738203
8077,0.5,8215.96262846976,2.097699520733421,-0.8680228106799434,2.2701997443277833
8078,0.5,8216.502661260261,1.818748400885186,1.916697968363667,2.642267368691486
8079,0.5,8217.268004086898,2.1427200133748108,5.629927198401036,6.023896522601687
8080,0.5,8218.619573329715,6.508953257098909,-3.562976251440978,7.42032831291385
8081,0.5,8219.346543827538,5.161711313804997,0.1665877896235423,5.164398820648359
8082,0.5,8220.050014501032,4.668943929371076,3.546829967093324,5.863364241720128
8083,0.5,8220.85288245003,6.167811921065373,7.93994916316493,10.054088551792232
8084,0.5,8222.153933481834,8.902913648096707,-6.310699444461609,10.912689810665137
8085,0.5,8222.908793157701,8.355049466817974,-1.552845797799177,8.498128127106456
8086,0.5,8223.804093211695,8.469662432578867,-2.206813048674378,8.752439977151358
8087,0.5,8224.783041493125,5.992460655347051,-4.334746041307873,7.395918330303322
8088,0.5,8225.66248468517,4.3189536013900565,-3.2194295111762172,5.386843842955955
8089,0.5,8226.606391577558,1.5087489023066112,-1.8485666522957265,2.3861102066315447
8090,0.5,8227.022032307299,1.6401082994335932,1.5705495368428748,2.270810666160506
8091,0.5,8227.898063963537,3.248702306452476,3.097232559294868,4.488531630979765
8092,0.5,8228.756591820184,3.6554448624498135,3.934132648246522,5.370258544652197
8093,0.5,8229.309424342824,-3.7116299050838037,8.565315218479427,9.33492481727773
8094,0.5,8231.318604911878,-3.4721853260874838,-6.084634374798304,7.005629622930004
8095,0.5,8231.75203939767,3.8655651743134714,-2.128488738967259,4.412828846530938
8096,0.5,8232.534397486112,5.34492310880288,-0.9152164916472484,5.422713736276159
8097,0.5,8233.385017835937,6.288812097709495,-0.5097525768517345,6.309437795073685
8098,0.5,8234.463093964037,2.617673033070544,-2.74193415551696,3.7908330247130704
8099,0.5,8234.940463388086,2.959152613554576,2.1111313869352464,3.635032313915519
8100,0.5,8235.903077656301,6.126632736090114,1.9375203794787232,6.425699487513123
8101,0.5,8236.852837631774,6.532811385570026,0.2548383889017733,6.5377799904777625
8102,0.5,8237.66123932128,6.324100802394654,1.8117300042184075,6.578496527857558
8103,0.5,8238.643824853558,5.11123118007743,-0.5449692378127962,5.140201907158705
8104,0.5,8239.166099547594,2.339673994373867,5.382198978421504,5.8687426458544625
8105,0.5,8240.107660165188,9.197114249769944,12.145434608227797,15.234779038307673
8106,0.5,8241.810539848806,-2.979233553886953,-5.758782193445994,6.483780141256838
8107,0.5,8242.262983380448,3.6801316503531134,-2.1597102620196975,4.2670501965413905
8108,0.5,8243.126125160612,4.252888853305915,-2.2544897931286068,4.813500579193356
8109,0.5,8244.126672343005,1.3037432321135254,-1.775693856852389,2.2029151342131033
8110,0.5,8244.522473036397,1.4461051625570494,1.4400859941411812,2.040849776856627
8111,0.5,8245.291902817524,1.938217832763593,4.484683743361981,4.8855989034322125
8112,0.5,8246.414750234615,7.008593456180087,1.9673005608572105,7.279467956572062
8113,0.5,8247.104523644823,5.155984192737534,7.045928261300287,8.730937982779936
8114,0.5,8248.198015439499,13.326201758646768,2.0840251300216277,13.488173117762164
8115,0.5,8249.182211673995,13.299591692285652,-3.2054736198018254,13.680431291036076
8116,0.5,8250.476640454473,-0.7160306402362637,-4.14232538556152,4.203755401735994
8117,0.5,8250.905128429844,2.888471005707309,-0.4031574546627891,2.916470586867279
8118,0.5,8251.591930804605,3.971342648632096,2.3655041754058606,4.622463892417847
8119,0.5,8252.49596334624,7.607662087812684,3.5182883995725316,8.381818162243146
8120,0.5,8253.795261750578,2.8057853322939974,-5.379251631220848,6.067023936239933
8121,0.5,8254.54211087325,2.443264657030009,-1.7808276068789524,3.0233903402826083
8122,0.5,8255.23810066073,1.4955746505429606,0.019308470234357524,1.4956992854078288
8123,0.5,8255.519078691641,-1.0745566911257636,1.658548077823708,1.9762221051531292
8124,0.5,8256.77771495196,8.581723015198486,8.292317684993012,11.933503362317172
8125,0.5,8257.752236885288,14.889613661590554,6.486266924577362,16.24106688639297
8126,0.5,8258.997998911042,7.972376197297967,-10.481734993143501,13.16911351221988
8127,0.5,8259.868525257802,4.986334137090582,-6.344344381010554,8.069339114919826
8128,0.5,8260.782502762528,2.3721726319984606,-4.086836417269886,4.72540314656071
8129,0.5,8261.566253507895,1.7814156531915797,-1.5546243708844327,2.3643812433666027
8130,0.5,8262.00212242353,1.7293215334266585,2.0045315633802985,2.6473948996251
8131,0.5,8263.16889972611,3.0471373131689514,-0.583208908569201,3.1024471689846673
8132,0.5,8263.541048290497,-0.16523886718869463,3.6406266828861185,3.644374641467612
8133,0.5,8264.798832930119,10.763538291946427,2.647274745665561,11.084305126675089
8134,0.5,8265.847428254267,7.180525448924447,-2.890695089794762,7.740546739398657
8135,0.5,8266.459167726402,6.696887352831073,4.218209349478995,7.9146440433250556
8136,0.5,8267.620802307136,7.728585928638733,-3.904772636192912,8.659000507952033
8137,0.5,8268.306797080353,8.064781610980782,1.7211822720698853,8.246403509803619
8138,0.5,8269.293837368958,10.622168938453111,-2.0735515335326538,10.822665518219331
8139,0.5,8270.597375143772,-0.5963775950856677,-3.655271804676481,3.7036034077615576
8140,0.5,8271.102988988783,1.76408328169176,-0.7599169243011525,1.9207976355107514
8141,0.5,8271.527124563274,0.9893482427512141,2.6350927799166284,2.8146978353286274
8142,0.5,8273.023727020429,1.39230349251784,-2.2753429804051364,2.667525949968679
8143,0.5,8273.359088656962,1.4248052679730239,1.8537487285031582,2.3380449953049998
8144,0.5,8274.260748915793,2.9692136441228625,3.1744009909466566,4.346613775776321
8145,0.5,8274.761296174178,-4.206275578280862,6.257112055408759,7.539509633549361
8146,0.5,8276.532087621641,9.161676151083778,-16.185905126316886,18.598920255097298
8147,0.5,8277.55053173138,-0.008664465601371659,-6.827029241778145,6.827034739992029
8148,0.5,8278.311044893746,1.0261607157976833,-2.369014642182174,2.5817118719020424
8149,0.5,8278.724155121672,2.2925439217854113,1.2398309146594535,2.6063265970059337
8150,0.5,8279.658220294079,5.11013158702136,1.4825433219998685,5.32084387463867
8151,0.5,8280.576684590987,6.014734303583329,0.7555200557676603,6.061999612122158
8152,0.5,8281.427733833263,6.258623244225847,1.3316753207796919,6.398728316871858
8153,0.5,8282.325186834638,6.767754381053734,0.868371761334,6.823237419154805
8154,0.5,8283.364230097242,2.902910503105982,-1.4493651589753824,3.2446184295067364
8155,0.5,8283.68271974392,0.13016594719595856,3.582951864134254,3.5853154999961365
8156,0.5,8284.8370591545,11.867045737973582,6.945973867456963,13.750393722164903
8157,0.5,8286.156465378323,3.8807341425340707,-7.063617507280422,8.059453441405822
8158,0.5,8286.666088558197,6.854291468548072,1.6954180775961019,7.060860711956479
8159,0.5,8287.736512263615,9.087038869724418,-4.515764023993451,10.14723608379523
8160,0.5,8288.98043605825,-0.637745280423764,-2.886594009813183,2.9562043265295674
8161,0.5,8289.388001230433,2.1138545185408777,-0.23515127682502757,2.126893755820475
8162,0.5,8290.178026756237,2.7269128205723723,0.532014071973211,2.7783254855721076
8163,0.5,8290.941297006235,2.087420744282905,1.4043756002902288,2.515868873839242
8164,0.5,8291.360592491897,-2.4523534883196167,3.1815316672140517,4.0169866045531215
8165,0.5,8292.962945185369,10.39753116842855,-4.243940876873476,11.230302247261237
8166,0.5,8293.58817037563,9.409771122601914,5.23681150411313,10.768843359867601
8167,0.5,8294.846862900662,6.531705047342443,-7.784631586753029,10.161872847411137
8168,0.5,8295.568517315534,7.559378528435577,-2.5373930036198256,7.973867756051116
8169,0.5,8296.693739594806,1.3926269789483778,-3.8653478659326677,4.108567150134596
8170,0.5,8297.216960600332,3.006802534609956,0.11049599216653348,3.0088321399542584
8171,0.5,8297.84703513832,3.0487263475395117,3.9585735206196517,4.996502442742591
8172,0.5,8299.092930897248,6.846709122502997,-3.060515148252246,7.499611908682157
8173,0.5,8300.012435009627,3.2875467586958407,-2.166054532853045,3.936972939950788
8174,0.5,8300.536369897705,3.0137232869309423,2.4195257249416993,3.864794015706982
8175,0.5,8301.505488875302,5.283760116411267,1.84467217219034,5.596511090905819
8176,0.5,8302.243478656941,4.226095246824579,4.581738699570975,6.233154141073332
8177,0.5,8302.932610094596,0.9358648948716727,11.724547248072684,11.76183877094657
8178,0.5,8304.590585713635,3.760471918404956,-14.980645755808782,15.445416676481859
8179,0.5,8305.587635161419,-0.8657352477950714,-4.377772483689108,4.462554138407767
8180,0.5,8306.142916438068,2.1345217711415523,-1.523211468968912,2.622280757408653
8181,0.5,8306.723994988386,3.0045866131749475,1.3914921102010018,3.3111615799929996
8182,0.5,8307.761913372273,4.181820636952966,-0.6510982799556813,4.232204249537935
8183,0.5,8308.42265423432,3.6310653500425505,2.55258940143286,4.438507432525825
8184,0.5,8309.351684270006,5.36023303260476,2.3664983393820984,5.859386704607014
8185,0.5,8310.142625948198,5.11367376007707,4.43980300047529,6.772112669435598
8186,0.5,8310.895266168154,4.698907766282742,10.550801246652641,11.549854593993778
8187,0.5,8312.487888176029,1.19558718721421,-8.442599967023407,8.526835457859757
8188,0.5,8313.14421138834,3.0489254896577918,-2.3045800595484356,3.8219152126065374
8189,0.5,8313.584885345474,2.9061305626895213,3.743161320527548,4.738866058340503
8190,0.5,8314.936714630643,4.7903773408762955,-4.99352379518599,6.919753966801836
8191,0.5,8315.508934703108,6.377237512330536,1.8261053371540157,6.633537441746911
8192,0.5,8316.991697012572,-0.3955399832353371,-1.1259038254278408,1.1933613461357195
8193,0.5,8317.13803160044,0.8393868839741923,0.7171326249781713,1.1040151913791705
8194,0.5,8318.217082256095,3.3287760027751734,-0.09869597153091324,3.330238815978261
8195,0.5,8318.75935583836,1.5500713805217117,3.587260037781483,3.9078326299083606
8196,0.5,8319.747436440157,5.341163800792138,5.0071453551966005,7.321170354182398
8197,0.5,8320.463512545592,2.924998473128608,11.462515974937554,11.829830452863783
8198,0.5,8321.89568624028,13.595526237627354,-11.111129607289916,17.558346585826595
8199,0.5,8322.995964073078,0.4584323129463748,-6.325066748712064,6.341658265880965
8200,0.5,8323.50878817395,5.03108595371884,-1.0207952487321,5.133599985735257
8201,0.5,8324.656429208124,1.3749312275273031,-3.3736763635918168,3.6430932031294287
8202,0.5,8325.300636981034,1.714440395670615,-0.6411307293819429,1.830397356440682
8203,0.5,8325.708797278194,0.5773901442277275,2.2219459874685903,2.2957402618499954
8204,0.5,8326.619738160312,2.986530057505764,7.324879934692386,7.9103241300242875
8205,0.5,8328.079211692026,4.086489210295591,-5.379404960537325,6.7555452626206165
8206,0.5,8328.71558974269,3.9292927448810686,-0.2643990277817141,3.938178299781121
8207,0.5,8329.271340698187,2.4183957634256825,4.488407573162756,5.09847434154376
8208,0.5,8330.212048924968,8.18550505901703,9.067374834430986,12.215554815859399
8209,0.5,8331.59350284968,5.682889763824413,-8.624299664149001,10.328299993939993
8210,0.5,8332.263071023854,7.4947337196444215,-1.9429542796529224,7.742486994577177
8211,0.5,8333.237664713928,5.751076634661127,-4.069088038642561,7.045023770291277
8212,0.5,8334.052726657463,5.4117451320489245,-2.3161261141395353,5.886546147857361
8213,0.5,8335.037292360083,2.5272106072803884,-2.614930791095121,3.636572080375675
8214,0.5,8335.626392666261,2.971647339864062,0.6682917234230327,3.0458663365480905
8215,0.5,8336.461889739043,3.139899184789236,1.1782645281381396,3.353695601706974
8216,0.5,8337.076040922297,1.1915754724370151,4.171257235414679,4.338114686187169
8217,0.5,8337.871295467132,-0.04338600415306366,10.46425210494261,10.464342046261304
8218,0.5,8339.257480606268,18.71881091443891,-5.126889531705061,19.408216773336605
8219,0.5,8340.393714333008,3.708029660210936,-9.858040365456196,10.532352244772664
8220,0.5,8341.28155484261,1.3383663751596382,-4.190873017027147,4.399391003196257
8221,0.5,8341.924980693568,2.228307512987412,-1.0315892764705985,2.4555102947789242
8222,0.5,8342.350313541956,1.2789137170577243,3.0928217176917525,3.346814376852138
8223,0.5,8343.649101637255,7.394728667206544,-2.6967544420987597,7.871117873757555
8224,0.5,8344.661638669773,2.1209668925749723,-2.4090386377897746,3.209667851626262
8225,0.5,8345.053008323446,2.0057618512534154,2.4532341791362655,3.1688228952760857
8226,0.5,8346.083112882303,6.2346670306848235,2.0865634816726253,6.574558551458653
8227,0.5,8346.963463358863,6.3653162304200555,1.9615509757715386,6.660700634602884
8228,0.5,8347.71009676726,6.058008269693411,5.708395694446518,8.323775922022968
8229,0.5,8348.747559864036,10.928836857682896,1.8378576302336311,11.082291989063279
8230,0.5,8349.534979215146,12.70853361579549,6.56178216348949,14.302580600188653
8231,0.5,8351.13442181247,-3.07743348928518,-4.878987455754612,5.768458674064054
8232,0.5,8351.66154750314,1.962558340338777,-2.4108918478076236,3.108703064150475
8233,0.5,8352.417119848342,2.128552934202748,-1.0629379508718364,2.3791962258516524
8234,0.5,8352.958073703177,2.049062490566396,1.8450399979479164,2.7573229198397873
8235,0.5,8353.845609049025,4.0712508313261,3.3113367874315127,5.247860006838093
8236,0.5,8354.91854943719,3.7809579200676455,-0.1294777065901396,3.783174232020791
8237,0.5,8355.268913974758,-1.2655309923026652,4.459339364772189,4.635437008814315
8238,0.5,8356.904040991136,4.7147191465832705,-5.84124237060927,7.506576387632373
8239,0.5,8357.317471403421,5.200774846779256,4.9726381227012295,7.195497821987955
8240,0.5,8358.619425855004,7.838082627273488,-7.722499234093341,11.003296492076304
8241,0.5,8359.658407185576,0.6031645806159598,-3.0126057564415016,3.0723933594274837
8242,0.5,8359.97076562997,2.3564701750796044,1.7726968692160843,2.948797360987731
8243,0.5,8361.073625395231,6.305038804044764,-1.1480517850602612,6.408707921390261
8244,0.5,8361.854099314578,6.669493054187088,1.037395748391609,6.749690921711215
8245,0.5,8362.910269692054,5.539162668197155,-3.04727687878903,6.322042347276016
8246,0.5,8363.896584173057,1.3516885809696855,-1.7351853557898165,2.1995295494426244
8247,0.5,8364.27031308473,1.1931905248211185,1.4680716526252364,1.8918081313295725
8248,0.5,8364.921654252534,-0.5238973004006028,4.48507352837025,4.515567842060907
8249,0.5,8365.842461794979,0.7884680567321493,14.516804432475618,14.538201154449293
8250,0.5,8367.570202902089,0.1770698673131414,-12.53948524362676,12.540735381668954
8251,0.5,8368.300171089584,2.902749972181319,-4.955188477393994,5.742808567895753
8252,0.5,8368.924192690776,5.3742945426541375,-0.7793509618383198,5.430509161480198
8253,0.5,8369.98051663173,3.4183784073240853,-3.5356593251617356,4.9179465022774185
8254,0.5,8370.77425990591,2.4295018280798666,-1.3781421230469217,2.7931621585507154
8255,0.5,8371.308043549177,2.1775574455068383,1.8543432152925932,2.860130274757417
8256,0.5,8372.087574386334,2.823104843956274,4.839796199282777,5.602994575275028
8257,0.5,8373.147445440276,8.391013896329259,3.269320117989846,9.005418826589015
8258,0.5,8374.076460464703,9.080159696543818,1.568073171792025,9.214562039881908
8259,0.5,8374.96751212524,9.206956135378052,0.9889933837335078,9.259921662295218
8260,0.5,8375.843575317223,10.045323929743079,0.9763001265804521,10.092655487562721
8261,0.5,8376.964785295106,4.075277788908893,-4.1563065254450775,5.820891082148118
8262,0.5,8377.391886566344,4.28078329221905,4.4947110977739335,6.207055134876275
8263,0.5,8378.850000555769,1.9171628622851693,-6.763048344228038,7.029533152841024
8264,0.5,8379.465601294925,4.705051672157878,-1.8129677107962454,5.042257744112792
8265,0.5,8380.556228744112,0.9307722928087101,-2.0805162327353024,2.2792290046714214
8266,0.5,8380.96615432146,1.570911783104893,0.8923470901632953,1.806667418099052
8267,0.5,8381.564090254533,0.24644985934091282,3.848569479742339,3.856452330001419
8268,0.5,8382.905500683484,5.503666351573178,-0.9898496211561377,5.591971529071098
8269,0.5,8383.402690457031,2.177223937397705,5.206597791681212,5.643488693876974
8270,0.5,8384.243264855644,4.030403631101294,14.07235238345601,14.638143838402277
8271,0.5,8386.020866344514,-3.715646797386994,-8.991583538601018,9.72905985460944
8272,0.5,8386.716772953247,0.8784533347064305,-3.5032627565890553,3.61172122442483
8273,0.5,8387.24032839495,3.231628268583558,-0.21819153410972,3.238985769012503
8274,0.5,8388.199827520239,2.680493461191049,-1.0656868432237325,2.8845681900950333
8275,0.5,8388.635538222306,1.274265073989919,3.232873448980226,3.474942044971662
8276,0.5,8389.785194387121,8.734318236390532,1.7704563880650064,8.91194876985861
8277,0.5,8391.04304505189,1.0477217630863285,-2.5779558252364128,2.7827283607486875
8278,0.5,8391.345769446802,1.6044856329943713,1.8920580875581217,2.4807776912048056
8279,0.5,8392.202609092721,4.0908904490112326,5.435952669086826,6.803305526460171
8280,0.5,8393.253383485222,9.344903775200333,2.7470708068493477,9.740309265397961
8281,0.5,8394.04874701899,10.23337264635428,6.490853467824846,12.118295856263199
8282,0.5,8395.25815389382,10.4014277167418,-7.83356209142342,13.021305371843123
8283,0.5,8396.238183231035,3.7066955138411597,-6.184260646626585,7.210039623867851
8284,0.5,8396.956726475999,4.731321423725312,-2.4342302486789924,5.320796868720502
8285,0.5,8397.801538602678,4.664952462483805,-1.830730257430897,5.011322655019003
8286,0.5,8398.740715654843,2.795308093281098,-1.96384542821442,3.4162020142669385
8287,0.5,8399.525152210575,1.0727040770841467,-0.32482563200741316,1.1208058387615432
8288,0.5,8399.73328037669,-0.6522888233539765,1.119163478485642,1.295379326934237
8289,0.5,8400.790029634321,1.3996400316964484,10.38098346840978,10.47491336430638
8290,0.5,8402.071249479739,17.59264458625635,-0.5793569378957147,17.60218162614574
8291,0.5,8403.287132730924,2.2395003686286232,-7.157356688437641,7.499541097067925
8292,0.5,8403.814434922655,5.886829772688839,-0.14048686894362095,5.8885058659189005
8293,0.5,8404.739289499232,7.4444195885744895,-1.5953256164823535,7.61343856830515
8294,0.5,8405.705195480423,5.466851099166923,-3.3229498031698395,6.397535176522991
8295,0.5,8406.569355486752,3.422299187538473,-1.9370191310559925,3.932451505499261
8296,0.5,8407.084863515018,3.2315575505537972,3.1398011666054604,4.505698122195746
8297,0.5,8408.331513209208,4.513798482604834,-2.9234938077481862,5.377842763181878
8298,0.5,8408.928736382755,4.50512657964739,1.996242305082526,4.927590571389489
8299,0.5,8410.102479272851,1.7917495595573263,-1.4088548251089414,2.2793065617434216
8300,0.5,8410.365241307512,0.09531636794694164,2.301531870234084,2.303504755736744
8301,0.5,8411.254384288655,1.0618903147602545,10.536364203782645,10.589739452665205
8302,0.5,8412.634141842294,17.456721491339785,-6.468491960420794,18.61661928139029
8303,0.5,8413.680979399163,6.8404855091401995,-10.236701842888893,12.311876649031289
8304,0.5,8414.78345074868,-0.9247223987875676,-3.8099124010273173,3.920528538133752
8305,0.5,8415.403499856648,0.899983920798773,-1.1328686431171089,1.4468456794884281
8306,0.5,8415.723254017674,0.7903226064263541,1.5189063257423194,1.7122167644923287
8307,0.5,8416.838129918142,4.711336054576653,1.0487789117199204,4.826657707443353
8308,0.5,8417.55652739518,4.107316162095858,4.017484297120989,5.745452648227777
8309,0.5,8418.527239230456,7.594919821375764,3.403059316464031,8.322476783055578
8310,0.5,8419.569109017362,5.638949468502961,-1.0732923585405714,5.740183585498936
8311,0.5,8420.005248982217,1.290772536731408,6.80347213191291,6.924834062365367
8312,0.5,8421.508390247804,7.706473200087532,-9.453332046759385,12.19652474969634
8313,0.5,8422.378527635417,4.049200132543749,-4.8788951494731,6.34031857188142
8314,0.5,8423.240648284422,0.9724500540593368,-1.0858984720203047,1.457681240592757
8315,0.5,8423.389063749008,-0.3165192729570938,1.5943576351182174,1.6254724601828976
8316,0.5,8425.250971770325,-1.1146058895386477,-4.878023892339119,5.003744935868087
8317,0.5,8425.839729271378,1.5188321391053992,-1.4837272637560397,2.12327522002977
8318,0.5,8426.287467350237,1.7626387324251507,1.6611283562579717,2.4220327654698757
8319,0.5,8427.283348871031,4.074088927036733,1.3119332784690423,4.280113259314273
8320,0.5,8428.018573119378,3.0597817579804256,3.18728370138466,4.418262305429826
8321,0.5,8428.624830032448,-1.5022006736916809,7.660927641515823,7.806818762631865
8322,0.5,8429.995855684125,19.515356344780496,-0.6006032731056552,19.52459622003563
8323,0.5,8431.177000629286,4.695623823098347,-10.280031884940284,11.301678576363672
8324,0.5,8431.95536041931,4.958164989631667,-5.141537607569778,7.142745202963883
8325,0.5,8432.975958832973,0.5867384377582415,-2.4650111481833292,2.533878835897857
8326,0.5,8433.31248029141,2.0228664118828266,1.3622074625428386,2.4387697085479596
8327,0.5,8434.415421302017,4.0652594166088525,-0.9841516988736759,4.1826891697474835
8328,0.5,8435.05813720326,3.397613333068354,2.272815318665691,4.087721349823796
8329,0.5,8435.811385398178,3.6812448489218164,5.97482239646378,7.017839147985552
8330,0.5,8437.04392377202,8.595834601745846,-2.4572932891520995,8.940171296428447
8331,0.5,8437.890770505877,5.937686147517113,-1.120912489106497,6.042562502337194
8332,0.5,8438.581508721452,5.146359347953055,2.5975950907965024,5.7647649383122195
8333,0.5,8439.280453877014,4.445139401763908,8.560752386867543,9.646022275029864
8334,0.5,8440.622495639605,12.085310075397627,-8.264508028785023,14.640929361770704
8335,0.5,8441.680875472,2.0284184026324934,-6.538034737963799,6.845464151608678
8336,0.5,8442.34254849126,4.088437861888364,-2.2945259656842967,4.6883017775866085
8337,0.5,8443.184375820363,3.696626475751812,-1.570524617706777,4.016415675207471
8338,0.5,8443.859358820966,4.158691088637105,1.3266478610570127,4.365169655117292
8339,0.5,8445.019550655988,1.6683479052478434,-1.4878178858464144,2.2353941027007656
8340,0.5,8445.343743347072,0.6882981698587479,2.041922578053756,2.1548090832824607
8341,0.5,8446.186349822427,1.4146540273195252,6.373878835473165,6.528979815124573
8342,0.5,8447.097012278567,5.224449208098727,14.013326488622445,14.955540404971359
8343,0.5,8448.6341766362,5.436083159541376,-13.238979029497136,14.311588516335783
8344,0.5,8449.49601887889,2.658139636630024,-5.843891159471417,6.420028832612185
8345,0.5,8450.170450781585,4.336422075335866,-1.997332886917126,4.774295243972761
8346,0.5,8451.01105148595,3.990023086482117,-1.313085413028368,4.200533005770596
8347,0.5,8451.672354837663,4.1830540683608435,1.9773909279387332,4.626879749974556
8348,0.5,8452.52678758685,6.679870885283597,3.696055018827458,7.634231968329172
8349,0.5,8453.840544327522,2.1713693708903077,-4.116955172882259,4.654477934243814
8350,0.5,8454.385593869507,3.208650322535666,0.2983817299082821,3.222494150351757
8351,0.5,8455.129114744626,3.0342048203273366,1.885137314159621,3.5721340379295112
8352,0.5,8455.682201309986,-0.8081163469933184,5.980118351036004,6.034473259753116
8353,0.5,8457.25693389487,4.244766765907583,-4.6053168026731255,6.263145196300094
8354,0.5,8457.584956675284,2.7084502381175057,5.798052600024443,6.399462215296608
8355,0.5,8459.077902974868,5.0502902579628355,-9.996208081640004,11.19953604847626
8356,0.5,8459.817317810839,6.3144572953325975,-4.55760895903325,7.787436700098384
8357,0.5,8460.913889072826,0.5149387506233211,-3.7447510775289095,3.7799897552172594
8358,0.5,8461.562867847097,1.491850582342166,-1.089144161362157,1.8471202354649077
8359,0.5,8462.069886427542,1.3865241075859887,1.1311875921195087,1.7894229431529747
8360,0.5,8462.646579164099,-0.6658570580516856,3.7130576525735073,3.772288795027752
8361,0.5,8463.899499845707,9.545082094702853,3.76601878671548,10.261164149184582
8362,0.5,8464.878542529874,8.501126071231038,-0.08479244670572922,8.501548931693707
8363,0.5,8465.537510486056,7.28952886493105,6.892482155427805,10.032125464504203
8364,0.5,8466.826335992042,8.07904369064098,-7.445468276206755,10.986625724365375
8365,0.5,8467.635630188772,6.366084410178206,-3.635996133265968,7.33126855316589
8366,0.5,8468.444307122618,6.032562947501546,-1.8072846054156628,6.297467217901256
8367,0.5,8469.241866818204,6.696454565084263,-0.15540163233210444,6.698257490539562
8368,0.5,8470.285462154492,4.038854431606435,-3.0189382612428375,5.0424531078536425
8369,0.5,8470.85556788222,4.624470013221374,2.2081698568291728,5.124620670819711
8370,0.5,8472.106756704898,2.2272627081848912,-2.9330209719399423,3.6828400987703254
8371,0.5,8472.581593585823,2.6791330734789556,1.4960313597780166,3.0685279622072956
8372,0.5,8473.422142529289,3.7285320381514313,2.673357929785555,4.587896443934734
8373,0.5,8474.178986718236,3.028366681044028,5.116922474071428,5.9459145941154325
8374,0.5,8474.840320404315,-2.7098713875785516,11.88896531647625,12.193887781736887
8375,0.5,8476.90466491753,-5.123862103734467,-3.8078894885467003,6.383884805905465
8376,0.5,8477.388694101604,1.306231835830702,-2.5994359062006835,2.9091766256765874
8377,0.5,8477.921861024892,3.2579170513625724,0.3766391875995407,3.2796159212924065
8378,0.5,8478.842816767808,4.893622576899666,-0.3045709470899638,4.903091411237752
8379,0.5,8479.721517905517,4.6437920619270505,-0.4059049748648649,4.661497995605783
8380,0.5,8480.498098395821,4.396020815514602,1.1495227898214222,4.543831164860386
8381,0.5,8481.301917570463,4.401130746793517,2.4072969888089575,5.016475918680357
8382,0.5,8481.98775704632,3.0249167392814873,7.147051274794731,7.7608287704426475
8383,0.5,8483.48231446608,1.719329358970719,-3.1736524084898923,3.6094546755060324
8384,0.5,8483.709365226568,1.1377852140256401,3.4127428636649837,3.5974114369573638
8385,0.5,8485.134315483054,6.095944891346752,-5.622455685575847,8.292921804442674
8386,0.5,8485.731595822059,7.082868644693751,1.7626873279814925,7.2989105251545885
8387,0.5,8486.695524389843,10.18676693546128,-0.9054228780511193,10.226925793487776
8388,0.5,8487.794494038859,4.854916981539789,-6.219332453538893,7.88988688545568
8389,0.5,8488.692418611325,2.1350533823345264,-3.3454625539983747,3.9686991125082067
8390,0.5,8489.3358435967,2.823784638235613,-0.5146771929687868,2.8703052618315117
8391,0.5,8490.035611178058,2.8610607471681253,1.3437482248644634,3.1609061819061677
8392,0.5,8490.80070590694,2.816624345820942,3.036632035251611,4.14179994965807
8393,0.5,8491.507454767121,1.0840239644415037,6.998247610107656,7.081707249516954
8394,0.5,8492.596487046625,12.330168811636016,9.05237549771642,15.29635790229485
8395,0.5,8493.82357463523,10.328705286112484,-7.8233525354310425,12.957121508305898
8396,0.5,8494.552018029912,11.440073656120747,-1.5238205913142,11.541114090588529
8397,0.5,8496.02985006382,-1.4104420316631985,-1.5226355270091214,2.0755157606707195
8398,0.5,8496.290002225625,1.5574461507662816,-0.17856168462734878,1.567648808806891
8399,0.5,8497.053886706817,2.65739217534061,0.7463609788558067,2.760215188046051
8400,0.5,8497.637356296138,1.1831429654893373,4.471001734760847,4.624898246342443
8401,0.5,8498.955065489745,8.215418002326125,-2.509676427205675,8.59020190229636
8402,0.5,8499.848538084949,5.204149486633865,-2.0533006401750833,5.594570170993919
8403,0.5,8500.587623328916,4.387145583078203,0.4463944331233677,4.409797541503024
8404,0.5,8501.302755466844,3.6396287517189965,2.853554556903641,4.624896870154524
8405,0.5,8501.908544843172,-0.430133433863059,8.294982799214788,8.306127521907909
8406,0.5,8503.528225473843,5.036877137049765,-9.312004286573575,10.586952116964508
8407,0.5,8504.088873613566,8.763986775236248,0.39798977519283063,8.773018867965227
8408,0.5,8505.263513054702,4.089156256339769,-7.094000627213159,8.188164860801434
8409,0.5,8506.184467090156,1.0909617078411993,-3.0436446906834322,3.23326003456283
8410,0.5,8506.655630248317,2.785565663303143,0.6119813244351492,2.851998808911196
8411,0.5,8507.568430665197,3.9879087168216003,0.26699918056851074,3.996836811295397
8412,0.5,8508.341839184961,3.796107903566012,1.6950878286707527,4.157373926221223
8413,0.5,8509.20509275978,3.159147964649505,1.5225736840978839,3.506914097330659
8414,0.5,8509.605168068929,-2.7907307137261355,4.283592445211956,5.1124692813953745
8415,0.5,8511.168181149293,17.073811067338983,-6.150514611160299,18.147833323713424
8416,0.5,8512.237298970798,4.8088865722892375,-8.561869780720079,9.819928930860518
8417,0.5,8513.180504244767,0.5976392541665144,-2.3172071328404598,2.3930360579413366
8418,0.5,8513.428366856177,1.4610252534073505,1.956915960834619,2.442153735714296
8419,0.5,8514.603122414805,7.743342694691126,-1.2882497410266696,7.849773466965892
8420,0.5,8515.510306167103,6.788254132865745,-2.0585771833588606,7.093527626802801
8421,0.5,8516.520710985604,2.7943920518429985,-2.855883585385712,3.9955848123496107
8422,0.5,8517.066793398953,3.196723923030658,1.2626044780564587,3.4370356279917647
8423,0.5,8517.836912409939,4.157914657718428,3.8019379030990472,5.634091419198922
8424,0.5,8518.994229230282,4.797748038972053,-1.4371879561546976,5.008382520013451
8425,0.5,8519.54324191298,2.902439701205011,3.4455557885016908,4.505109422734208
8426,0.5,8520.204192768442,-0.5526633695082884,9.50772082785217,9.52376984919156
8427,0.5,8521.69852941268,15.955161867364838,-11.352758330498398,19.581938410803815
8428,0.5,8522.883461465875,-1.2477147590471689,-6.88644276698412,6.998563145595819
8429,0.5,8523.58176609282,1.268433025601562,-2.666374680817299,2.952706602244843
8430,0.5,8524.072959892595,2.919426633441861,0.7249616269192836,3.0080926230013483
8431,0.5,8525.192740841856,1.890927528385756,-1.4476826856936995,2.38146847051654
8432,0.5,8525.580145939872,1.091398354267735,2.097544220082929,2.3644961668189746
8433,0.5,8526.384967075492,1.6269756452075037,6.626414889378121,6.823226805278455
8434,0.5,8527.801285476009,5.494965364692755,-4.060739301360261,6.832587213697664
8435,0.5,8528.335279661196,4.865637979217361,3.182662745158792,5.814101400407814
8436,0.5,8529.165725244557,7.758070312188446,6.883214457651344,10.371417272431007
8437,0.5,8530.392088474891,9.699322881229847,-6.0249321458026674,11.418260450518511
8438,0.5,8531.215969405232,8.181505126225277,-3.323006221827793,8.830594344706176
8439,0.5,8532.311647984248,1.1511922072745666,-2.927596643760902,3.1458012662356447
8440,0.5,8532.610707274996,2.053982847591442,2.4187648933148473,3.1732111728235535
8441,0.5,8533.780194489509,8.705696288510058,-1.8544682015337763,8.901022423198231
8442,0.5,8535.042150484169,-0.12951595348448183,-2.6219162688099895,2.6251131981035583
8443,0.5,8535.467449844384,1.6432187741364657,-0.020760751808982788,1.6433499166307288
8444,0.5,8536.033310080767,1.1035503682133705,2.1046177117503557,2.3763920400045886
8445,0.5,8536.74966414582,-0.4100685669194716,5.479997355152614,5.495318666106183
8446,0.5,8537.778374013586,6.987505480244054,12.961403771395736,14.724918355005988
8447,0.5,8539.057118233906,17.313924885150215,-7.213677791731834,18.756575972483596
8448,0.5,8540.19259571983,1.9885648768977517,-8.82567411578228,9.046928421714227
8449,0.5,8540.966649371094,2.3664591698326545,-3.6845184606915238,4.379018758770244
8450,0.5,8541.539982808592,4.23670769661877,0.3118743472371692,4.2481711023749185
8451,0.5,8542.56539246822,3.970777316880631,-2.087617295633512,4.486113961245515
8452,0.5,8543.339096416792,2.6967965710944704,-0.362367380349565,2.721033234675442
8453,0.5,8543.751519717896,0.18360364129216095,3.625329176201027,3.6299754727697757
8454,0.5,8545.303334073615,2.221214718435257,-3.0192097542316203,3.748255909812026
8455,0.5,8545.618122407257,1.714293187377621,3.1278709745219127,3.5668442586614266
8456,0.5,8546.691491452832,8.800198546149977,3.0996601061976707,9.330133290881408
8457,0.5,8547.709108139346,7.861548054957578,-1.5204780654878232,8.007233690110265
8458,0.5,8548.380388381307,7.188813915049881,4.1995631512757114,8.325585635063012
8459,0.5,8549.305495770688,13.048624230512557,4.508324931573572,13.805491226239191
8460,0.5,8550.742265127923,-1.0321231421117671,-7.394816242860206,7.4664975354011744
8461,0.5,8551.451183851781,1.3664218648999187,-2.86403314367665,3.17329396069052
8462,0.5,8552.036847251926,2.5505793008328363,-0.24850223504665814,2.5626564597425276
8463,0.5,8552.704688816772,2.887176357709881,2.126686697799929,3.585886728707149
8464,0.5,8553.657695231645,4.9583959588690885,1.7424119674833594,5.255634114867448
8465,0.5,8554.540035259277,4.503743768844228,1.373011703026697,4.7083828510489125
8466,0.5,8555.129548602585,1.5452866166377426,5.800269159630094,6.002585530562286
8467,0.5,8556.062209076877,6.926587175136923,13.174789347892307,14.884645923101695
8468,0.5,8557.5270267994,7.605622244505407,-13.481327295708768,15.478749154248147
8469,0.5,8558.61265624004,-0.805625630470118,-3.002812579812291,3.109005636204174
8470,0.5,8558.923460876136,2.6232922479924268,0.4968055460176347,2.669920966794905
8471,0.5,8559.960124311472,3.3077680975017927,-1.4455175275713963,3.609826963909316
8472,0.5,8560.426167011681,2.1869123570983358,3.793827632999271,4.379008308571502
8473,0.5,8561.80054102659,4.117748407192636,-3.993087206497349,5.7359042341753135
8474,0.5,8562.35482938468,4.795829843065205,1.867590014108622,5.146637382255823
8475,0.5,8563.582511284261,1.6059136866437715,-2.097410884230613,2.641607689691797
8476,0.5,8563.910392634172,1.2342251824096917,2.1075638688981186,2.4423630488481933
8477,0.5,8564.757382722133,2.833387591814504,5.945002436170062,6.585676822583718
8478,0.5,8565.618743675628,5.5166624994760864,12.636261406403818,13.787989971859435
8479,0.5,8567.204607149903,1.4375263890117709,-9.616444403137635,9.723295998669503
8480,0.5,8567.74453973355,6.9826210812603575,-1.6304621268683894,7.1704535359776065
8481,0.5,8568.74674832049,5.73434221321822,-4.876634407690772,7.5275655935083
8482,0.5,8569.695230961155,2.4862472302710734,-3.7574336250514153,4.505522471001294
8483,0.5,8570.473144254967,1.8059313747165857,-1.3791729230856855,2.272334940531094
8484,0.5,8570.946215417387,1.6631353789464798,1.6519332221284975,2.3441208712596904
8485,0.5,8571.818896200672,2.8808052874261154,2.815716776066129,4.028312310022957
8486,0.5,8572.42646475828,-1.0554341264513758,6.893105016776958,6.973438030669939
8487,0.5,8573.882934741581,12.33887978526559,-5.1073455793795794,13.35413543522919
8488,0.5,8574.913003319525,2.1537407064568956,-3.1340983633724253,3.802784714119794
8489,0.5,8575.17596870724,1.3736932875351728,3.797905765515421,4.038702941781491
8490,0.5,8576.70893463109,3.1692318269736193,-7.43346585498507,8.080869073950614
8491,0.5,8577.398701995899,3.9632302439997473,-2.2476561340199495,4.556221248331977
8492,0.5,8577.971246763931,4.733844379596576,2.9618350938969735,5.584062117641403
8493,0.5,8579.236900975937,3.873098902303549,-4.570424382262158,5.9907991237397855
8494,0.5,8579.917964132033,4.232493106433125,-0.7902831434397589,4.305641107060476
8495,0.5,8580.70200392061,4.446977815965588,0.5672437869453775,4.483009838213408
8496,0.5,8581.556354734948,4.396825751341652,0.8205271599571733,4.47273311386768
8497,0.5,8582.296736735663,3.674429191992957,2.8135534598440843,4.62790589342206
8498,0.5,8582.982426418623,1.770478986247956,6.906895913575957,7.1302038541487605
8499,0.5,8583.91302138096,7.796780786216981,15.40032323151017,17.261510544077947
8500,0.5,8585.65146315022,-3.8158965593435896,-7.6800713263932705,8.575812622142482
8501,0.5,8586.174833980534,3.7236625279685334,-3.681485817529519,5.236315541186188
8502,0.5,8587.197320926822,0.6218806712913335,-2.5252323613505157,2.600679535840135
8503,0.5,8587.711288194942,1.5408884990128004,-0.06662326637770996,1.542328118790796
8504,0.5,8588.094852601427,-0.35361612459098635,2.4581540722983584,2.48345843668215
8505,0.5,8589.642476710267,3.7252215223859735,-3.346716197162931,5.007772428455628
8506,0.5,8590.127188416553,3.4875347427588235,2.7052626691149007,4.413767629911721
8507,0.5,8591.09556730246,6.173109634986575,1.9449548621603265,6.472258646052796
8508,0.5,8591.803792343195,5.3297025706290295,6.578636976610203,8.46665187434754
8509,0.5,8592.9209017735,12.665954827810879,-0.021497537086988077,12.665973071353283
8510,0.5,8594.055748658848,3.4649603345456597,-4.921944550721599,6.019259778440603
8511,0.5,8594.502062461295,4.823262547157744,3.1105066872108176,5.73926070587474
8512,0.5,8595.550909469976,11.078878931752785,-0.8048803655097722,11.10807772691652
8513,0.5,8596.787241215077,0.9986681215148764,-5.616512055499746,5.704607408621914
8514,0.5,8597.384498850857,3.5212817065991713,-1.5292961163437613,3.83903262146782
8515,0.5,8598.230072427938,3.244415097740825,-1.0796167763328708,3.419327669321556
8516,0.5,8599.006813111067,2.268967822736048,0.03573507522439037,2.2692492098076964
8517,0.5,8599.431780758703,-0.15291602571916438,2.9334059369842924,2.9373889259096146
8518,0.5,8600.495518301923,5.3560221121864675,7.085303596472315,8.881919833032377
8519,0.5,8601.33616304364,7.596040565134389,12.638924159247887,14.745922696474002
8520,0.5,8602.800930632691,5.936600356547392,-12.201117416770627,13.568732070874646
8521,0.5,8603.667158055498,2.590222881595652,-5.143996847330732,5.75933660604155
8522,0.5,8604.20487574589,5.438877976806881,0.5212681771567548,5.463800340341074
8523,0.5,8605.372037845811,2.7306342741454173,-4.050175166532641,4.88469880532417
8524,0.5,8606.065011944545,2.7196804921800615,-0.9572740630625148,2.8832335339609587
8525,0.5,8606.596847047911,2.1870679360073106,2.6596586063032293,3.443406751865674
8526,0.5,8607.469584159036,5.087148150705173,6.0610585803731425,7.912996109056162
8527,0.5,8608.874054411912,2.6765956868114995,-4.751937804142062,5.4539047814471795
8528,0.5,8609.47657648358,2.964015107855125,-0.2739220568487664,2.976645570574651
8529,0.5,8609.969946522662,1.1630222710458176,3.718768936590846,3.8963910489966973
8530,0.5,8610.900549174503,5.271528973898548,9.157633078748512,10.566516044924214
8531,0.5,8612.007241031537,17.535355075039487,3.4318897122918948,17.86803135784824
8532,0.5,8613.349092570395,0.5714602695956894,-9.595358234271622,9.612360089162838
8533,0.5,8614.153530621094,0.9799348422225564,-3.2161639624987304,3.362139635511482
8534,0.5,8614.57029761756,3.1562176530347537,1.1928129779010546,3.3740943486478545
8535,0.5,8615.778990895758,2.370428090329319,-2.7674278052306183,3.643842201383844
8536,0.5,8616.334145127392,2.855608792656958,0.8026187876368587,2.9662600180981085
8537,0.5,8617.170423146717,2.975923360986511,1.2411436734877865,3.224369313323771
8538,0.5,8617.682388007683,-0.5570929023971353,4.7482189559093575,4.780788193923489
8539,0.5,8619.004610240154,9.640591828855493,0.5159390385073856,9.65438780565869
8540,0.5,8619.61007525638,6.186898571697025,9.81057839218796,11.598498278903694
8541,0.5,8621.154330974114,1.4644453202039067,-10.193648527975046,10.298304249135144
8542,0.5,8621.95265015747,1.4078707618991262,-3.3235068051754304,3.6094040458582386
8543,0.5,8622.390314620143,3.1804656207064332,1.3095695806193477,3.4395252653497246
8544,0.5,8623.284603669737,6.314412402816772,1.9663451705776884,6.613495091303877
8545,0.5,8624.22009651632,8.800857972999134,0.5666222109479927,8.819079418558493
8546,0.5,8625.48106998262,0.872065239482604,-3.868606344341638,3.965679365429614
8547,0.5,8626.016582944008,2.3422474438253946,-0.33468557247705893,2.3660383599026646
8548,0.5,8626.570046898996,1.7225587895652676,2.684846000336259,3.189922699538371
8549,0.5,8627.469440409708,4.19013823028768,5.204913927410646,6.6819448800982855
8550,0.5,8628.431748372703,7.949001308015967,4.964852266616029,9.372106477423412
8551,0.5,8629.276843947526,9.93173117578943,7.503117623268155,12.447331369283331
8552,0.5,8630.330799696212,17.387166148035938,-0.3283595080716766,17.390266433437642
8553,0.5,8631.669465392839,-1.1654306147621558,-8.118206978313939,8.201433597888238
8554,0.5,8632.398793410632,1.2859544510494276,-3.3735811438152634,3.610364051460702
8555,0.5,8633.071914191365,2.009731177500793,-1.0896357272326478,2.2861157940665526
8556,0.5,8633.59139334244,1.9985491361248406,1.9302769406250297,2.7785189790631395
8557,0.5,8634.592755997273,4.218577066633436,1.2675834490873574,4.404901845390629
8558,0.5,8635.206921731366,2.0843929303564597,5.602221015552984,5.977422035896703
8559,0.5,8636.439865707613,8.919023631689539,-0.8796476346387594,8.962296720359241
8560,0.5,8637.187563977981,7.915603746181701,2.8168280964814754,8.401863078609008
8561,0.5,8638.15080559188,9.022631478427723,0.029585855914668606,9.02267998536937
8562,0.5,8638.929026205096,9.674411874910078,3.3474573223466924,10.23717322557031
8563,0.5,8640.056739782065,8.365044151649455,-5.72092636010821,10.13424699111018
8564,0.5,8640.930858833448,5.520444244223739,-3.912759446248528,6.766460754174969
8565,0.5,8641.656960761906,6.288079668253167,-0.6217785025883323,6.318746269678808
8566,0.5,8642.64342271974,5.07284172735389,-2.9133955566498857,5.849922808062522
8567,0.5,8643.45448733506,4.185886513811008,-1.3425074544040452,4.3959040221136885
8568,0.5,8644.166494252548,4.407822916661077,1.1654832087769376,4.559304110780893
8569,0.5,8645.314890920889,1.2874143730475291,-1.1982547466826743,1.75876382890851
8570,0.5,8645.629539138186,0.4171814078759737,1.2771857462378928,1.3435935983289824
8571,0.5,8646.021671929315,-3.50511760938908,0.5724251823712793,3.5515517798649947
8572,0.5,8648.18081766284,-1.347736830720516,-12.193290081580441,12.267547333450503
8573,0.5,8648.774619217365,5.713171011334074,-4.668101154672206,7.377770082823129
8574,0.5,8649.780880842649,1.4974861564541238,-3.632520976084019,3.9290804815455407
8575,0.5,8650.239461088615,3.5673164059390343,1.1216355718413253,3.739493641671504
8576,0.5,8651.375577780705,2.967742167028267,-2.300586597052174,3.755022271637511
8577,0.5,8651.868483746335,2.8741032010679,2.4251967444473865,3.760591503961438
8578,0.5,8652.861534419748,6.275963756161281,1.6275462213562069,6.483565976474742
8579,0.5,8653.778576965076,6.1496643877221295,0.5005973870067705,6.170005658465461
8580,0.5,8654.501099440598,5.8024576836076935,4.069715067250073,7.087389921449237
8581,0.5,8655.647399977164,4.9483145502976935,-2.031144099930216,5.348959080360326
8582,0.5,8656.072710341727,2.063134447573503,5.551785883695905,5.9227400962029
8583,0.5,8657.338800754278,11.975069311140153,-2.6677651078945597,12.268628924110077
8584,0.5,8658.222107503618,9.827535239296418,-2.7201017652720894,10.197029101314229
8585,0.5,8659.06546381527,10.658918127235978,-1.9011340046951228,10.82713471546964
8586,0.5,8660.464749771567,-1.491976948761609,-2.5965637318454737,2.9946850300442773
8587,0.5,8660.8949853178,1.4933639809490395,-0.8270142710532953,1.7070701755117677
8588,0.5,8661.469178733336,1.8282123479693302,1.147464889484352,2.1584800350864652
8589,0.5,8662.186065276714,1.7919703711251462,3.6184812714240135,4.037891098412232
8590,0.5,8663.160874844049,5.478278688865832,4.894382511722275,7.346190683880618
8591,0.5,8664.068204986472,7.705971859077771,5.173079749637963,9.281312212667608
8592,0.5,8664.933277766944,10.275390300648612,7.119853704260601,12.501038460893438
8593,0.5,8666.008296742533,15.839683958339487,-2.203681865261189,15.992241921111571
8594,0.5,8667.232034709075,1.261365043063462,-8.304744876790869,8.399989835734724
8595,0.5,8668.106266273988,0.2565703028869168,-1.9293586359716253,1.9463435119530608
8596,0.5,8668.375532887168,1.4127267405746562,1.2634228832716459,1.8952662677072925
8597,0.5,8669.317504225815,5.249864118122263,2.64179181014075,5.8770857767157345
8598,0.5,8670.233446195974,8.177296217915865,2.500923638717682,8.551186612525656
8599,0.5,8671.63912770158,-0.11386645280387124,-1.5733918348806242,1.577506714769593
8600,0.5,8671.82009155509,0.9533214925060689,1.0729592610193133,1.4352921109938246
8601,0.5,8672.776806951548,4.143264395201743,2.4133460418722166,4.794880495525072
8602,0.5,8673.524006099668,3.6539046731819558,5.307388841262248,6.443554583694931
8603,0.5,8674.349201864057,5.20359332175218,10.925010444730479,12.100960155113889
8604,0.5,8675.596120099392,18.74724018947089,-4.586361641751921,19.300096575681838
8605,0.5,8676.924281050593,-2.034447280674163,-5.955999296229891,6.293878244336591
8606,0.5,8677.519367827768,1.7660869913386592,-2.2707551298654898,2.876698128199425
8607,0.5,8677.987746530282,2.9850822497199108,1.7832051694907667,3.477144908411422
8608,0.5,8679.291278167586,1.612612432387953,-2.7017321759082535,3.1464067771714035
8609,0.5,8679.748657452123,2.3296388379995214,1.1406112968923856,2.5938795743276692
8610,0.5,8680.584051407366,3.0314448693732508,1.971234761689182,3.615995641831059
8611,0.5,8681.161852779127,-0.33542144877455465,5.7453608002089975,5.755143636163758
8612,0.5,8682.385865916402,13.521533315279932,4.86264010476442,14.369312161154006
8613,0.5,8683.50122395803,9.695643411574666,-5.889847146067952,11.344417154197744
8614,0.5,8684.34513814124,7.012184090271578,-3.4360436896192117,7.808784921665461
8615,0.5,8685.162576754765,5.83842194308468,-1.6137162705884456,6.057330351520756
8616,0.5,8685.791259887645,6.33786803841808,4.324426956092655,7.672629260623911
8617,0.5,8687.189699001747,1.5037380689692261,-5.777197378517075,5.969693269374219
8618,0.5,8687.77736411073,3.73378938852808,-1.1529199389553504,3.9077368877044045
8619,0.5,8688.479057296976,4.674392102287653,1.4707614060875238,4.900314340893423
8620,0.5,8689.551335129889,4.336204199010962,-1.9933750296148771,4.772442861283141
8621,0.5,8690.36481786979,2.0101893026967166,-0.47252834267980875,2.0649804036145327
8622,0.5,8690.662797621833,-0.6436633646606116,2.396330029938062,2.4812698642810243
8623,0.5,8691.92622685276,7.904894790519734,3.399240234266655,8.604777499705802
8624,0.5,8692.523178293995,2.1854319866300735,11.891074283551186,12.090234099682197
8625,0.5,8694.228413294897,-0.757345319884607,-11.620987271933947,11.645639403141502
8626,0.5,8694.90228944324,3.892825509600719,-5.233015542493924,6.522157780687392
8627,0.5,8695.905093298259,0.3645476280686068,-2.337645987941494,2.3659001961345307
8628,0.5,8696.258314852632,1.9678792891500578,0.9460232433867203,2.183462588114041
8629,0.5,8697.33651143527,1.9671265031602347,-0.6290409906100621,2.065255249915395
8630,0.5,8697.610485681203,-0.6588845902399245,2.3762819829846187,2.4659369346990494
8631,0.5,8699.0912197095,8.108003977946506,-3.165464058270977,8.704015809418186
8632,0.5,8699.936426457793,5.009941108976878,-1.4807076142910978,5.22417505013338
8633,0.5,8700.59752199626,3.9505580592619594,1.9735190862306065,4.416071394725872
8634,0.5,8701.161157565171,0.033198187033024,7.5695059935783435,7.569578793198518
8635,0.5,8702.804254878287,3.0468252831592686,-8.718892949639852,9.235921100430538
8636,0.5,8703.417101021721,5.470189911935367,-1.7495226311827454,5.743153063401675
8637,0.5,8704.079332236732,6.8916395076675725,3.2181941300119816,7.606015288052484
8638,0.5,8705.318810428646,5.08261313944791,-6.46526164335633,8.223902020473197
8639,0.5,8706.154650750805,3.531199000319645,-3.536485898724557,4.9976093176373935
8640,0.5,8707.00523658181,2.0748177422685363,-1.8238138004466706,2.7624564145578905
8641,0.5,8707.597537700993,1.9752440559883264,0.5639786699471382,2.0541813505317776
8642,0.5,8708.113872195476,0.05949069346023066,3.182816270652466,3.1833721986815258
8643,0.5,8709.159693738631,5.06793457649402,6.530849543323968,8.2665565158147
8644,0.5,8709.949365152497,5.065718590598671,12.880652717053017,13.840979707248408
8645,0.5,8711.450294477423,6.451459198754205,-12.413300299736832,13.989687277585471
8646,0.5,8712.275399475056,4.2776767129416156,-5.790508111517245,7.199201500860356
8647,0.5,8712.986720708002,5.585481677387572,-2.1409260800498524,5.981736374053099
8648,0.5,8714.030953900325,1.5143065133301943,-2.3678655882928505,2.8106781495816446
8649,0.5,8714.366502800913,1.7620089989799563,2.342781280050889,2.9314330691051484
8650,0.5,8715.58577995079,5.665033112908946,-2.023984525813242,6.0157388183901634
8651,0.5,8716.356426967992,4.574808547453392,0.04858992801199396,4.575066581696579
8652,0.5,8717.00351522757,4.001760289014445,4.21491383350211,5.8120206498756035
8653,0.5,8718.139853934954,7.516267868013563,-1.1968052291252216,7.610954304172022
8654,0.5,8719.09025067711,2.6694390169626785,-1.3044382395085445,2.971104808985173
8655,0.5,8719.382554052767,-0.19364964523665137,3.2897101077252295,3.295404797285126
8656,0.5,8720.447893299268,9.577200113449713,12.501014297072574,15.747956072731284
8657,0.5,8721.974942171497,1.2655921783251056,-12.024426550457862,12.09084601792586
8658,0.5,8722.755721398911,2.4238937483537826,-5.403236011579373,5.92201150793687
8659,0.5,8723.59909864228,1.4099281709156315,-2.5088164690502244,2.8778564110322
8660,0.5,8724.108198074104,2.492481864008977,0.6123076059350883,2.5665904322076054
8661,0.5,8724.859676038093,3.4494714473385426,2.697286550377771,4.378836375208906
8662,0.5,8725.95676158451,4.314335535714898,-0.7143833481076051,4.37308068560206
8663,0.5,8726.536842209522,2.667133864418131,3.2178366809522285,4.179482737852574
8664,0.5,8727.253773684011,1.1898278232754131,8.178970318397067,8.265061749210378
8665,0.5,8728.498800855315,16.121128708849444,1.0197418285278106,16.153348391096472
8666,0.5,8729.628006989617,6.4086668744684046,-7.768252334314647,10.070588634111393
8667,0.5,8730.32289293299,7.792881632699868,-2.0208784689095314,8.050649286074577
8668,0.5,8731.474828184224,1.0273556861281463,-3.4361759755316097,3.5864697183498486
8669,0.5,8731.879802245325,2.8030527688897138,1.1717653392179062,3.038114355216529
8670,0.5,8732.623377538743,4.509339930386032,5.101723483562848,6.808944786860189
8671,0.5,8734.08139817294,1.523269341310781,-5.228803047745887,5.446166614995731
8672,0.5,8734.675973837622,3.2073625030950725,-0.9824682874596702,3.354462425206791
8673,0.5,8735.41458654017,3.1201675722068085,0.5407361195454073,3.1666766853646355
8674,0.5,8736.08009141166,2.3098595919203095,2.940638063497979,3.739358709040817
8675,0.5,8736.767658872635,0.08789849892375616,7.125673339312176,7.126215453148843
8676,0.5,8737.886599701184,14.211928620151054,10.824095010524324,17.864488458982706
8677,0.5,8739.389508169816,-0.4652096477380007,-6.152961131831887,6.170522725521919
8678,0.5,8739.714814518673,5.227999767305317,1.721437568968626,5.504119263860574
8679,0.5,8741.112495669393,-0.14101866127828264,-5.105711514112824,5.107658595498821
8680,0.5,8741.683325895487,2.8103163699580485,-1.618932362668051,3.2432730526658005
8681,0.5,8742.525510714971,2.0607590535495683,-0.9424219072133574,2.2660288894853426
8682,0.5,8742.997118093943,1.3061496609579812,2.0608424720077774,2.4398972583393297
8683,0.5,8743.749048929481,0.8902337022932649,6.113184442800715,6.177664613460289
8684,0.5,8745.053827139449,10.049506676027443,-1.5641180139680968,10.170498984471688
8685,0.5,8745.977161412506,5.199544500791099,-1.9248375830870923,5.544390204248932
8686,0.5,8746.4435324959,2.9095388749589115,5.704252913476971,6.403430156237177
8687,0.5,8747.80730851178,6.593593290224323,-5.499764117941488,8.586202759653881
8688,0.5,8748.384570855762,7.5095137315833025,2.801588577589807,8.015091705209608
8689,0.5,8749.516423498662,7.620472243183081,-5.1906817899331505,9.220345690562118
8690,0.5,8750.330086645507,6.907664029202685,-2.9318560611961977,7.504105696477999
8691,0.5,8751.34643086381,2.774804695748306,-3.78719102028788,4.6949288518247005
8692,0.5,8751.999141009404,3.351364082821662,-0.538790043372521,3.3943977266172634
8693,0.5,8752.672763590088,3.661455679524676,2.214467934753173,4.279033293534124
8694,0.5,8753.775489788955,3.4024992089126203,-1.0747211026786792,3.5681965073680963
8695,0.5,8754.258907091737,1.610238161668017,3.055787265256723,3.4540849363901223
8696,0.5,8755.009176121686,0.4652887386095649,7.8568981868041075,7.870663423630981
8697,0.5,8756.043831127348,12.539040460114697,16.06384464004724,20.378288453154443
8698,0.5,8757.903052120735,-4.0769392030965665,-2.0253509957438522,4.552304902102481
8699,0.5,8758.330109659319,0.9652540157507227,-1.8274583395840487,2.066717033809463
8700,0.5,8758.806686423188,2.315432087122284,0.7971257526262251,2.448802812717958
8701,0.5,8759.591981369533,4.2317522141707,3.087959236039529,5.238627591801163
8702,0.5,8760.797760691636,4.032635031631191,-2.7176122080777643,4.86287583759162
8703,0.5,8761.335651596279,3.8309354908520894,2.628641068370828,4.646054304611158
8704,0.5,8762.328890282304,6.945980124497744,1.0306495414110293,7.022028080770431
8705,0.5,8763.396469367102,2.320675372581979,-1.5070411960975312,2.7670755955780435
8706,0.5,8763.655686196538,-0.17041866401717712,3.017440046213714,3.0222486584560873
8707,0.5,8765.005865643436,9.92443260442499,-1.1888926715525068,9.995390352769872
8708,0.5,8765.741131577497,9.160463178843795,3.4527411422592222,9.78956112634282
8709,0.5,8766.70927446754,12.665280006716674,-0.038166208794570514,12.665337512598347
8710,0.5,8767.797892850313,7.394128319625255,-7.654679824390197,10.64270909219126
8711,0.5,8768.800400513366,1.3191102399611645,-4.585801946414436,4.771753484507433
8712,0.5,8769.371308012005,3.6475275368442017,-0.8007979307713771,3.7343988081034474
8713,0.5,8770.32106874348,2.777094138257801,-1.5651769840908492,3.187794040441378
8714,0.5,8771.029690955946,1.8240012230429612,0.11450756555740813,1.8275919796913376
8715,0.5,8771.396367344525,-0.7304958622267552,2.313262967815097,2.42586268428267
8716,0.5,8772.413788998578,2.6289137957007407,10.916197270307118,11.228292416457911
8717,0.5,8773.892563781475,5.453465326959818,-6.5736242274200585,8.54124227239088
8718,0.5,8774.336921665972,6.400865025555907,4.910314808831246,8.067357968827977
8719,0.5,8775.643665408927,5.923690775124292,-8.03658955502476,9.983831132146904
8720,0.5,8776.412826980883,5.689695932611507,-3.7204974254111396,6.798142459383066
8721,0.5,8777.325477640992,3.3797706771671963,-3.0998640095598335,4.586066583468187
8722,0.5,8778.016754195505,3.2673220781917434,-0.3402977706253123,3.284995606592461
8723,0.5,8778.547501528248,2.0679071572713443,4.228305551444907,4.706889402511374
8724,0.5,8779.874152388764,6.637928042840811,-4.037387434468166,7.76933626495429
8725,0.5,8780.751048629249,3.51649764903082,-2.3052494259658944,4.204750959516553
8726,0.5,8781.399843069603,3.0525786630526537,0.6566502130885603,3.1224070837214
8727,0.5,8781.999405250277,1.5605666566001868,3.812765292294446,4.1197751715133
8728,0.5,8782.763532846502,0.13825776036862683,9.839268558119723,9.840239883615924
8729,0.5,8784.098180392592,20.06494652191382,-2.7236655902200537,20.24896128631319
8730,0.5,8785.349005620334,0.43038613220111055,-9.020694319141613,9.030955554213785
8731,0.5,8786.001416919757,4.148772965010798,-3.8205576981921294,5.639944879200472
8732,0.5,8786.92572364242,2.0594415487354,-2.8802682863194953,3.540797211622759
8733,0.5,8787.516533268483,2.9130039399507353,0.15120624160732277,2.916925655835184
8734,0.5,8788.234123962098,3.387277804533795,2.2906501137660817,4.089098784424736
8735,0.5,8789.166704652085,5.282599151567311,1.9805452575669509,5.641667600400666
8736,0.5,8790.055912968537,4.840929595703591,1.3911111962533014,5.0368432287396265
8737,0.5,8790.605373030883,0.9578629112554561,6.827037695599773,6.893906371129437
8738,0.5,8791.865750060682,14.794623924467297,0.12043021053733104,14.795114075330078
8739,0.5,8792.938115377125,7.4472754388999896,-6.72190363382812,10.032243015662784
8740,0.5,8793.748087605067,5.701426282501762,-3.312473972882865,6.593841480944795
8741,0.5,8794.528210802315,4.976287439857475,-1.0623434409016972,5.088419231009776
8742,0.5,8795.102194578156,4.5760601433671075,5.233177085811423,6.951724163628382
8743,0.5,8796.605348615252,0.7592909690471547,-6.289950927511424,6.33561405438955
8744,0.5,8797.281339330113,2.2788185536812526,-2.155537112389745,3.1367744967548172
8745,0.5,8797.933469184165,2.4061655384248817,0.052601615901519905,2.406740436419963
8746,0.5,8798.459711536962,1.0774682470168397,3.323474077124469,3.493768418863489
8747,0.5,8799.627566551526,6.3203288263077715,1.0758605321797623,6.411242653133563
8748,0.5,8800.40279079784,4.374668280834366,2.4017874502605046,4.990621757212939
8749,0.5,8800.875335740939,-2.7661229789861426,7.322964381596659,7.827978261914663
8750,0.5,8802.633957952015,3.9774470130903197,-14.157063330520613,14.705187074169187
8751,0.5,8803.428243939237,3.8551180768579747,-6.4577497685225795,7.520935278233058
8752,0.5,8804.220472211773,3.913935778294632,-3.72659333356414,5.404293769807438
8753,0.5,8805.171186874199,1.1730929855202303,-2.109750985088924,2.41395865162609
8754,0.5,8805.599435361211,1.8193771058163792,1.0583887013755033,2.104832462778952
8755,0.5,8806.272540598551,1.532875451019,4.323042325061945,4.586763792982335
8756,0.5,8807.488748833905,7.6566941694812325,-0.2629349044592001,7.661207500711025
8757,0.5,8808.22331383788,7.0604462579513365,3.376791749284738,7.826405552963411
8758,0.5,8809.413500175126,3.4579510558824356,-3.0581622364979353,4.616251917911382
8759,0.5,8809.849477655007,2.7755005438320883,3.0839150813871514,4.14896800397633
8760,0.5,8810.602647387454,3.168123756175893,9.564169936872153,10.075234722616399
8761,0.5,8812.16777457955,2.680946196694444,-8.889331698450071,9.28480966711971
8762,0.5,8812.725714811277,6.974931811518,-1.1092785828368383,7.062589663124021
8763,0.5,8813.832162750636,2.494532074769004,-4.106051025993939,4.804408943888648
8764,0.5,8814.311277665618,4.390624812411944,1.757966006750743,4.729485249396447
8765,0.5,8815.594893298598,1.8232123812524905,-3.8479270147831484,4.258009593489701
8766,0.5,8816.333686040036,1.0366767751456423,-0.8104509670535599,1.3158759463279277
8767,0.5,8816.597902424008,0.07269709088913368,1.4510932195304818,1.4529130733774411
8768,0.5,8817.604528338501,2.905202523639783,4.677856008389887,5.506590464034195
8769,0.5,8818.267042195532,-1.8744565190360958,9.998235103624337,10.17242804983662
8770,0.5,8819.82325746387,13.119342803299327,-12.004844332580475,17.78295372090844
8771,0.5,8820.831983668506,2.2955469677083586,-7.015417944421645,7.381437855585338
8772,0.5,8821.428062324347,5.5485739737523465,-1.552767747525056,5.76174980539384
8773,0.5,8822.438231460546,3.0360020192113693,-3.074417271560668,4.320804302479581
8774,0.5,8822.98243919598,3.884100849017259,1.541974939035788,4.178986254817191
8775,0.5,8823.926324358185,6.229853010499694,0.6200473473831787,6.260633134550292
8776,0.5,8824.821596600019,6.465387932432978,-0.021994134505544553,6.4654253424506125
8777,0.5,8825.747064035055,5.183368906117292,-1.1344791399819951,5.306067860097331
8778,0.5,8826.471286823933,4.507899521185327,1.4027861926274507,4.721119273575825
8779,0.5,8827.196344367449,4.289272809476338,4.5582259807008585,6.259016322494242
8780,0.5,8828.126900136693,8.296414656301765,5.496869728436584,9.952189355146999
8781,0.5,8829.200853015418,8.81561741642249,-1.469691610245137,8.937287276459033
8782,0.5,8829.757344107926,6.326794338097812,9.030788047555465,11.02648898591284
8783,0.5,8831.476274008275,-3.6664463001451972,-5.881726793611491,6.930911812058765
8784,0.5,8832.095903441104,0.9457544128726981,-2.6858892369001195,2.8475344427002263
8785,0.5,8832.667733534361,2.350680736759314,-0.3866889158081702,2.382273755003864
8786,0.5,8833.353272701494,2.8194203312149746,1.5184712055963294,3.202325062559004
8787,0.5,8834.227333953717,3.800584238372487,1.920167238719125,4.258107887033348
8788,0.5,8834.898748526264,2.398762982160595,5.757337456805525,6.237066492840997
8789,0.5,8836.17494085791,5.89905317657341,-1.8748452845251937,6.189820128319336
8790,0.5,8836.623445374284,2.364340989282249,6.234481495861819,6.667748333271405
8791,0.5,8837.776447826209,15.78000750341331,2.7240129956380637,16.013397004014653
8792,0.5,8839.103878636088,0.5446527134877892,-7.544897818651554,7.564531027909304
8793,0.5,8839.786452488945,2.087819556567448,-2.2882346481905746,3.0975810410650015
8794,0.5,8840.183848849725,2.348209730321191,2.783576405058357,3.641755969360485
8795,0.5,8841.401930089409,6.725001380672409,-2.8707945093152256,7.3121203959426335
8796,0.5,8842.186429293528,6.302813252231403,-0.66700595939604,6.338008507597133
8797,0.5,8843.085298044887,6.1241035902284064,-1.3823323816519668,6.278175499077105
8798,0.5,8844.209896066892,0.5994276817033846,-1.3643627250455608,1.490234609410895
8799,0.5,8844.421280321556,0.4938868576323976,1.3435237109652651,1.4314259289491305
8800,0.5,8845.399046170998,3.1163180173751566,3.312151823850347,4.547723352365687
8801,0.5,8845.929067541601,-3.505128220668873,6.980128156063999,7.810769035018686
8802,0.5,8847.52997080993,16.57692963311054,-11.971432493346292,20.44773317519196
8803,0.5,8848.664758577926,-0.19742545776373258,-7.388028851559774,7.390666216441713
8804,0.5,8849.293012163449,3.150195211024505,-2.8384869941392505,4.240370064447135
8805,0.5,8849.940859439543,4.6956548004883425,0.28051794745394465,4.704026394929453
8806,0.5,8850.968666279146,4.285349594991989,-2.4805383716587794,4.951493892207643
8807,0.5,8851.906343481167,1.0623512008221307,-1.056039052940189,1.4979347633401912
8808,0.5,8852.149291308353,0.1429123521815324,1.5427402178127012,1.5493454489115197
8809,0.5,8853.023070043142,0.9122249769596111,7.663087901504596,7.7171931811232435
8810,0.5,8854.55825138601,3.3852066100658447,-4.957568623957276,6.003091741267922
8811,0.5,8854.95555121705,4.040992132315071,3.6129530653955833,5.420613181752009
8812,0.5,8856.079945291804,8.022021759282772,-1.6706245444573933,8.194133235123147
8813,0.5,8856.734523784162,7.754809376214385,4.895340359806758,9.170682946202835
8814,0.5,8857.963064805152,6.947152819696657,-6.4650451497623775,9.489981090006726
8815,0.5,8858.680999708135,7.6708163841762325,-1.6416583740311104,7.844518227193624
8816,0.5,8859.693494672752,5.074590652048124,-4.635506509314481,6.873091799456132
8817,0.5,8860.6754963889,0.9897857467345906,-2.2666695557285963,2.4733513093181534
8818,0.5,8861.046695268195,1.8517176089853216,1.3690128365738643,2.3028361318448898
8819,0.5,8861.97485987725,4.159913258173299,1.8223226958816165,4.541556817155461
8820,0.5,8862.808651073865,4.249818162170633,2.4973513256842623,4.929271554237229
8821,0.5,8863.498357024211,2.6013833146098206,6.174835459880207,6.70043193429531
8822,0.5,8864.378003968137,6.1528845152431115,12.846422974761886,14.24389592437436
8823,0.5,8865.753819372409,13.405149902335355,-11.82826253765058,17.877523278230395
8824,0.5,8866.791201368247,1.9903318353305015,-8.586087690748215,8.813757578238018
8825,0.5,8867.753787139256,-0.2516048404086487,-2.067913813431104,2.0831640683096073
8826,0.5,8868.092270036928,1.6300579117684777,0.3684986199631949,1.6711912005015432
8827,0.5,8868.75096701519,2.0488687801615466,3.0243582999091707,3.653027019411457
8828,0.5,8869.691904788888,6.4055357948293326,5.449130085786601,8.409750740103094
8829,0.5,8871.078180954406,1.8526868596351331,-4.504164956517379,4.8703131886341655
8830,0.5,8871.689920885598,1.938245802675722,-0.5101323896918204,2.004253438715459
8831,0.5,8872.005432888385,-0.4401725573598438,2.5754817226180915,2.6128256703792077
8832,0.5,8873.297980868783,9.340988606043307,1.8384618405773492,9.520189603022093
8833,0.5,8874.050059551384,8.940407772637048,6.229003388340861,10.896392722042963
8834,0.5,8875.172814314834,12.250034506413503,-4.081212928088954,12.911996142065792
8835,0.5,8876.122838582176,7.578433934426418,-5.471805945399723,9.347369747826264
8836,0.5,8876.890060628395,8.444459456917846,-2.30258229447181,8.752758464755228
8837,0.5,8878.289574606815,-0.7239524449939301,-0.9940962406360891,1.2297700916266807
8838,0.5,8878.480878109605,0.9831746938399648,0.24848164037559356,1.0140885583670955
8839,0.5,8879.175609722502,2.0352082084907277,2.4099776724933113,3.154372335952799
8840,0.5,8880.343782096938,2.3208579442969315,-0.5327930708876406,2.381228685782208
8841,0.5,8880.621668525397,-0.8834669369088115,2.5192858857023888,2.6697032049481284
8842,0.5,8881.726078190099,6.9641074357444825,11.975831659643918,13.8534954548201
8843,0.5,8883.028741255179,13.658971757610496,-8.169987605896987,15.915910497226086
8844,0.5,8884.165749604954,0.18452869181261086,-3.735372848246587,3.7399279610067215
8845,0.5,8884.446684814877,2.9061523361160777,1.9932502039672573,3.5240272099302024
8846,0.5,8885.602305364962,7.206590308474655,-3.470551174409391,7.99872923209651
8847,0.5,8886.584181468505,2.6491402008765608,-3.1315361029828486,4.101763299873032
8848,0.5,8887.05866634097,3.4661487054779667,2.1340653148477977,4.070432608031119
8849,0.5,8888.146956750708,5.482459232509626,-1.4235970491108625,5.66427292724911
8850,0.5,8888.831196779794,5.388199471460731,2.3136410361770134,5.863926021747883
8851,0.5,8889.952996222664,4.071933146861893,-2.342280057918982,4.697543551925576
8852,0.5,8890.537948368928,3.4211854329382225,1.8589034426034226,3.8935885472750646
8853,0.5,8891.306737048091,3.2730846274039167,3.730149308539927,4.962569580585116
8854,0.5,8891.87437935685,-3.309820732943205,8.733669124519421,9.339801371592682
8855,0.5,8893.684840402353,1.1768306427078532,-15.080248648369022,15.126097634824783
8856,0.5,8894.60447309355,-0.48264152195903426,-4.119815578324262,4.14799026495027
8857,0.5,8895.038202753998,3.4392784521749222,-0.4120997830066686,3.463879689416027
8858,0.5,8896.103336814671,1.8782394476794957,-2.1024535093369567,2.8192364536772474
8859,0.5,8896.531323011319,2.109563296680677,1.9546425986466929,2.8759146355805734
8860,0.5,8897.673494065039,3.0344955966056966,-0.7899776032085324,3.135638394233375
8861,0.5,8898.051507139096,0.20014438499636353,3.6184560187592654,3.623986994256564
8862,0.5,8899.30272446676,9.048587731238664,1.0713756561576535,9.1117937710711
8863,0.5,8900.126946770479,7.870709479021606,2.17159220079819,8.164795183574913
8864,0.5,8900.854875977542,8.07618921763134,7.8293652795651365,11.24827955555181
8865,0.5,8902.243765061543,4.1923192790902135,-8.829114335786333,9.773883613601056
8866,0.5,8903.054487161955,2.2432119556464336,-2.9908963677270877,3.738644267704295
8867,0.5,8903.453422784505,2.8712512733425277,2.7669909678076494,3.9875208953183177
8868,0.5,8904.497639306033,9.815045814871809,1.182370473348344,9.886006488177042
8869,0.5,8905.780057620077,0.8976139391666765,-4.951382804587892,5.032087286738474
8870,0.5,8906.334722625174,3.3461347726248754,-0.898603632577839,3.4646942729556116
8871,0.5,8907.296439179869,1.4294675095613938,-0.9995261938121951,1.7442562807707895
8872,0.5,8907.620487927697,0.37691226161558217,1.7244485986858509,1.765158866070068
8873,0.5,8908.365865372007,-1.3862647050072634,6.145251580639294,6.299670374051218
8874,0.5,8909.714669787567,12.56232408902572,0.5047589395576129,12.572460702057462
8875,0.5,8910.428989513739,11.593981398466072,7.759805158801051,13.95116413674976
8876,0.5,8911.75651726045,6.1760574104105865,-11.715142257353302,13.243422640945676
8877,0.5,8912.717343387954,0.7333600884097923,-5.194683924574568,5.246194629968074
8878,0.5,8913.324972960765,3.1485023579808926,-1.695009798093116,3.5757691919142247
8879,0.5,8914.111116780208,3.1714076745774853,-0.659312471592169,3.2392158886937357
8880,0.5,8914.741188912256,3.0367348464077044,2.3096409954051693,3.815258845090724
8881,0.5,8915.623803671879,5.16069571078643,3.4477181235502488,6.206411239902356
8882,0.5,8916.514178386546,7.601978820902319,4.148210242177661,8.66012299027878
8883,0.5,8917.678078159366,5.275441999391045,-3.475901315706996,6.317608585966102
8884,0.5,8918.302168643902,4.509077683894282,1.3661649430908902,4.711495326446155
8885,0.5,8918.917303083197,2.673026454674786,6.94636645919283,7.442921295619778
8886,0.5,8920.276287088844,7.6946631294753445,-5.116357112081195,9.240397760618919
8887,0.5,8920.80742492218,7.814473756952625,5.664641426757458,9.651640409372805
8888,0.5,8922.348329236664,-1.5471842246088885,-5.994540190459725,6.190984664810237
8889,0.5,8922.962986121956,1.6531398989072859,-2.13766619674846,2.702311657466662
8890,0.5,8923.430369163905,2.6382505569847448,1.555771327044934,3.0628076047126225
8891,0.5,8924.452124840513,5.4698863430469045,-0.185298780915929,5.47302404928573
8892,0.5,8925.46953440759,2.359490505213174,-1.5621742556243143,2.8297674549557073
8893,0.5,8925.913861820414,1.4816055988731944,2.0463426422594537,2.5263953293461023
8894,0.5,8926.590671425492,-0.324637400746334,5.544452768471411,5.553948680333086
8895,0.5,8927.543910280876,4.1925668908976235,15.780154053531502,16.327610942444633
8896,0.5,8929.299323788706,-2.8830111059099157,-7.950376628132147,8.45696408683103
8897,0.5,8929.808678924303,4.113924592797012,-2.973443881937198,5.075996855224579
8898,0.5,8930.622184355025,4.387756580292966,-2.0496310345440403,4.842870552231424
8899,0.5,8931.360853742508,4.829318487264729,0.11321411429747173,4.830645348927309
8900,0.5,8932.151532174343,5.920861785594182,1.7996017543984344,6.188309200302086
8901,0.5,8933.161556855914,6.539873369493481,-1.5279643484885248,6.715997225971879
8902,0.5,8934.023589735782,5.116001070801615,-1.1278095261452201,5.238837779861787
8903,0.5,8934.749925304202,4.948511384903284,1.4664399890004667,5.161221867722517
8904,0.5,8935.684604088347,4.694794286198371,0.1731315476184623,4.697985517485301
8905,0.5,8936.2537650703,2.4498309403657625,4.964787965929006,5.536315668656085
8906,0.5,8937.198156762437,8.075117976918563,8.756140705341513,11.911235468787103
8907,0.5,8938.346035492339,14.57270870910465,-2.9458986730428007,14.867486610461427
8908,0.5,8939.308181977247,10.279509232936698,-6.310892047421611,12.062158534202746
8909,0.5,8940.290249827749,4.614933002828869,-6.793748087812341,8.212954383244371
8910,0.5,8941.181572192283,2.262013922124823,-4.115481618466278,4.696157571442885
8911,0.5,8942.04771242956,0.8262824559989154,-1.5131855452013947,1.7240861902173108
8912,0.5,8942.474071166487,1.0917913688284753,0.6291566267413086,1.2600977954194104
8913,0.5,8942.9017971835,-1.3022024087892663,2.1685677797121556,2.5295093059054508
8914,0.5,8944.315501548008,9.239362373585282,1.1219865501201849,9.30723755413356
8915,0.5,8945.056384872776,8.084670863513134,5.212670553865032,9.619450986125445
8916,0.5,8946.156952171697,8.836367999218679,-2.5539211463215996,9.198038521295969
8917,0.5,8946.7895464322,8.480246841035193,5.358824170634757,10.031529443542828
8918,0.5,8948.094866137137,4.851265265282653,-8.151730905457082,9.486068280859152
8919,0.5,8948.871203070623,4.184325305487845,-3.603912050209864,5.522387194664443
8920,0.5,8949.659174962522,3.0666483025317968,-1.4076461847299926,3.3742850491335283
8921,0.5,8950.085438400234,1.733143260655478,4.018455946295789,4.376273957863639
8922,0.5,8951.67958535474,0.3647821514455904,-4.137324594725892,4.1533746303622845
8923,0.5,8952.132146366208,2.920848709476369,0.04541197108108001,2.9212017100445564
8924,0.5,8952.910570342163,3.5835814657121365,1.2304859354172162,3.788951274251904
8925,0.5,8953.663140523775,3.569223373885466,3.2577277546328745,4.832405779319003
8926,0.5,8954.570266105708,4.249791601475034,2.8308826791824226,5.1063318927839765
8927,0.5,8955.021105983402,-3.9463423328656795,6.869988138937191,7.922774440642963
8928,0.5,8956.904086111224,-0.46535681969586207,-14.22852673170012,14.236134655317867
8929,0.5,8957.719764459238,0.7728652627877943,-5.2186447021266495,5.275563784228051
8930,0.5,8958.329612995061,3.317422659456623,-1.797980967659025,3.7733312419585348
8931,0.5,8959.083915903633,3.9849296386350352,-0.3762425353853855,4.002651954680194
8932,0.5,8959.872529807257,4.543573941880813,0.8444798362869408,4.621386194556084
8933,0.5,8960.757465936536,4.8922066319801285,0.5494998270494379,4.922970220295642
8934,0.5,8961.51427756727,4.6974110000836,2.5978239835434227,5.367900851653262
8935,0.5,8962.376098409866,5.748573806028624,3.2694450619993214,6.613272398502134
8936,0.5,8963.122595274162,5.711958481956108,7.950866221209989,9.789930713093344
8937,0.5,8964.5017688673,4.674825024870609,-6.127878758924616,7.707456590681259
8938,0.5,8965.042322647061,5.997179339855252,1.5916466892128596,6.204796468673967
8939,0.5,8965.909132690284,8.730019290913539,2.257788060561658,9.017252560848968
8940,0.5,8966.831852556912,11.76454795786035,0.5138256267459799,11.775763475354667
8941,0.5,8968.083142598414,1.4218519646580716,-6.616468522899701,6.767519392208977
8942,0.5,8968.730830804889,3.6239945155936466,-2.321826690256934,4.303976699360987
8943,0.5,8969.576813396183,2.7529075624439763,-1.506326565893554,3.138075806999873
8944,0.5,8970.156460463084,2.741604252086249,1.6274681119010415,3.188266979145903
8945,0.5,8971.008144511878,3.999738219099735,2.643793275571993,4.794533210364364
8946,0.5,8971.900341569524,4.186533409005659,2.2074575062187596,4.732856497558541
8947,0.5,8972.398475358717,-1.7060267199590207,6.7715830774885655,6.983184412898147
8948,0.5,8973.82788898277,17.24041616944593,-4.082541423389035,17.71719769515992
8949,0.5,8974.779544770536,11.974554992321124,-7.299792089114683,14.024155297500954
8950,0.5,8976.046813314546,-1.2360852453558537,-2.6391708280907933,2.9142974099483885
8951,0.5,8976.339748017881,2.3917582193681635,0.16474871979818978,2.3974256027227017
8952,0.5,8977.2677544702,4.237155584461598,-0.6855108432401804,4.2922502912963925
8953,0.5,8978.139157900689,2.6152822692334534,-0.4867484666065986,2.6601927406695096
8954,0.5,8978.484856067782,-0.448883910595739,3.40461224583873,3.434076485710061
8955,0.5,8980.105035039647,3.363191217983577,-5.7514171353721135,6.662571142867731
8956,0.5,8980.789975094998,3.071195380741333,-1.255565521300929,3.317933972363913
8957,0.5,8981.364598450198,2.344509918160671,1.8429423645097802,2.9821407269373887
8958,0.5,8981.893809432899,-1.7659924612239595,5.426858359043298,5.706971265235
8959,0.5,8983.298016881798,17.263585234821697,-1.2781554501648904,17.31083638980913
8960,0.5,8984.458470334755,3.336604951104385,-7.412592451628962,8.12892732491077
8961,0.5,8984.976927663607,7.225602005053047,0.8006320163092017,7.269823654048698
8962,0.5,8986.278143617257,0.4408377778775048,-4.590044910440224,4.611165820729307
8963,0.5,8986.765638638712,3.5509294823414734,-0.372170723078721,3.5703797046923205
8964,0.5,8987.708763258455,3.53891347281282,-1.45079254286256,3.8247493474058802
8965,0.5,8988.513243868865,2.196156985915912,-0.3771104143848036,2.2282993002343154
8966,0.5,8988.93617940107,0.3463317435250008,2.5355200651600662,2.559063828317374
8967,0.5,8989.737246620056,-0.7816095601112403,8.151194233582004,8.188582352155823
8968,0.5,8991.143647230734,12.442030758898971,-3.869173842455706,13.029759615147608
8969,0.5,8991.847222467371,12.090467162630329,3.5284647014311825,12.594818750577085
8970,0.5,8993.206522747889,0.4001104552468019,-6.912378755013095,6.923948904285342
8971,0.5,8993.843872416934,2.4863181407640353,-2.039532752307732,3.21581587545498
8972,0.5,8994.285296828883,2.614607174836034,2.98110853635742,3.9652463711914736
8973,0.5,8995.438088516588,8.4772273060962,-1.6831847687068404,8.642713333486755
8974,0.5,8996.52006032406,2.4047412906941936,-3.6289025004402977,4.353356639751839
8975,0.5,8997.02573775229,3.5772035690538857,1.1803208356394144,3.766900934388424
8976,0.5,8997.96757169808,4.724011756675296,0.18068585457859096,4.72746596553071
8977,0.5,8998.648899442072,4.1854607089605596,3.555861340177578,5.492015223651707
8978,0.5,8999.718728031785,5.320731793867713,-0.22034517779152304,5.325292369405712
8979,0.5,9000.243406943076,2.170214886023224,5.480557089988675,5.894602502980327
8980,0.5,9001.129405308298,6.574531694631361,13.445101857809911,14.966470224157593
8981,0.5,9002.623776992958,6.591818551638647,-15.663048416813574,16.993621083370478
8982,0.5,9003.87367751528,-1.1122076850327558,-0.711223747846256,1.3201686082263873
8983,0.5,9004.05217824403,1.0844544152551827,-0.0866074647652913,1.0879072716548646
8984,0.5,9004.80511117025,2.8474961976070308,0.9622910944996694,3.0057010406791744
8985,0.5,9005.60679707705,3.9315899171468387,2.4337316302215948,4.623899752865729
8986,0.5,9006.565630589183,5.283682511659625,1.134935230822444,5.404200113076842
8987,0.5,9007.260756057402,4.406524117293403,4.7906226092024875,6.509033705558026
8988,0.5,9008.304703037771,8.377878627992438,1.4816540668839442,8.507887462777477
8989,0.5,9009.07007528533,8.178188132229298,4.849562340871194,9.507944889624268
8990,0.5,9010.088962863381,11.651825401752912,-0.30164550588018213,11.65572928667066
8991,0.5,9011.033504193105,10.074840256124109,-3.3038810432955072,10.602737200113294
8992,0.5,9012.042284016976,4.286742486383401,-4.795824707615965,6.432425341249154
8993,0.5,9012.644453437733,5.70072156386334,0.6398732715910972,5.736520212846215
8994,0.5,9013.5510210668,7.773844829695434,-0.32163332858572596,7.780495577676242
8995,0.5,9014.565229679207,5.852172641571881,-3.8822511870646195,7.0228056292501115
8996,0.5,9015.596687046418,0.8791607280516665,-2.214339418842952,2.38248245483363
8997,0.5,9015.977933055108,1.7142612513926563,1.082242999153846,2.02729907691091
8998,0.5,9016.814019972604,2.4793889018671678,1.948199684375029,3.1532287162369053
8999,0.5,9017.345160193772,-1.5183633177701767,4.8000431906823415,5.034465393382496
9000,0.5,9018.424475610378,8.267005142020036,16.08057666028544,18.08115924783316
9001,0.5,9020.072493601838,-1.6995215048282166,-9.255695536350057,9.410434273028208
9002,0.5,9020.646017117477,3.896734715127157,-3.251484911256844,5.075105473604273
9003,0.5,9021.257036937257,6.164102604991311,1.4129872576525297,6.323977697236849
9004,0.5,9022.745934352786,-0.6504452945065281,-1.267658870754233,1.4247940530994578
9005,0.5,9022.965488033276,1.0705873229815188,0.3296234228470732,1.120182492729714
9006,0.5,9023.565193774028,0.9890868750140468,3.083917907133057,3.238648252629635
9007,0.5,9024.667245992581,7.267705970752726,3.040161365670136,7.877952221651775
9008,0.5,9025.628559533685,7.926849105831791,0.3447235093320787,7.934341248302375
9009,0.5,9026.521713970003,6.479790918110376,-0.39940812782309,6.492088816012674
9010,0.5,9027.231504803192,5.89528612885743,3.219934229424653,6.717319032390776
9011,0.5,9028.106836457524,8.189439587362303,4.0533524425841865,9.137646676188572
9012,0.5,9028.987081386134,11.558251209279284,4.905590953113326,12.55619343655048
9013,0.5,9030.147631956572,9.517990272773556,-7.6316984525281155,12.199793445092915
9014,0.5,9031.032976776785,6.332438654772638,-5.931341318094668,8.676438736497577
9015,0.5,9032.149738849133,-0.2204327219410622,-2.195119553807196,2.2061596588662957
9016,0.5,9032.444258621348,1.8021891563447459,0.7620216535256737,1.956671345854635
9017,0.5,9033.515720830414,2.1162596185352944,-0.7810145390250255,2.2557789083178394
9018,0.5,9033.854034846003,0.03342639530772882,2.639186875312081,2.6393985463970413
9019,0.5,9035.168949367588,5.764624783914912,-0.46564633595840293,5.783400851533424
9020,0.5,9035.749059047583,3.1488632002569723,4.421908005609595,5.428499780234573
9021,0.5,9036.429306613503,-0.5782408745469588,11.622009969490533,11.636385961282574
9022,0.5,9038.302210472737,-3.3886782586737114,-6.568680633131606,7.391258729126327
9023,0.5,9038.744798376163,4.2562236088786385,-2.406463806267688,4.889428132169678
9024,0.5,9039.773178757523,1.1901983043977924,-2.4089865707554363,2.6869663752774087
9025,0.5,9040.140208823974,1.9873814641278766,1.6578748951687072,2.5880947146481548
9026,0.5,9040.975491231657,4.872351700239508,5.015990002561513,6.992851120724928
9027,0.5,9042.313865996179,3.884996146531911,-5.151302206555895,6.452062420795031
9028,0.5,9043.01942131907,3.4757707503644295,-1.2623558108865445,3.697908125192936
9029,0.5,9043.61077297106,3.283706816212761,2.4606821632013642,4.103375094131597
9030,0.5,9044.618071147806,4.46844881277767,0.5485628327803952,4.50199466613658
9031,0.5,9045.108590882362,0.5196970922828535,5.720500226714768,5.74405848782644
9032,0.5,9046.315029701647,12.952404949491829,3.102153456115725,13.318714278822531
9033,0.5,9047.178898921222,15.098671786134673,3.623246046659839,15.527324354828664
9034,0.5,9048.588554505273,-1.1902392592236362,-6.620170749015704,6.72631624593435
9035,0.5,9049.087937802136,4.2719502440434365,-1.9230210236639256,4.684823235196418
9036,0.5,9049.992714867449,4.10057452644722,-2.6365840030163343,4.875067861261982
9037,0.5,9050.882205632555,2.2923859087651097,-1.7950796225272063,2.9115878839418974
9038,0.5,9051.428509000665,2.3329583012991706,1.2464589783452342,2.64506227153505
9039,0.5,9052.224339386075,2.552269917083117,2.3225689956054785,3.4508561936127244
9040,0.5,9052.755417231305,-2.2187765289654666,5.589684110278721,6.013945272297584
9041,0.5,9054.40010678206,5.6818187580341935,-7.02466355936673,9.034874792792875
9042,0.5,9054.931264072116,7.002082017558961,2.3150386786018022,7.37485977250042
9043,0.5,9055.9052405861,9.773707433986347,-0.7942193133905358,9.805923787329908
9044,0.5,9056.785351956469,9.990564571948765,-1.4095838330077213,10.089514708277823
9045,0.5,9057.930288444322,1.9192165408976394,-4.4351300013073365,4.832573875208895
9046,0.5,9058.352731342005,4.140605289115273,1.963845724428728,4.582717773287634
9047,0.5,9059.695201794215,0.5665062978157488,-2.023816265522001,2.101609302904877
9048,0.5,9059.901550740717,0.9663634395560365,1.8674650300408235,2.1026849349667076
9049,0.5,9061.261010259075,4.0688212731441595,-3.4927823245970795,5.3623534870249125
9050,0.5,9062.010375428286,2.7104158206847915,-0.818238994397168,2.8312309995778335
9051,0.5,9062.55664082288,1.6453599731538426,1.9175233158757545,2.5266786713359424
9052,0.5,9063.065987666103,-2.7725650151923067,4.232520416429203,5.059777251911229
9053,0.5,9064.398647013108,18.798897964217115,8.97279248916583,20.83049614681986
9054,0.5,9065.6764450113,7.718802430819496,-13.793854109704439,15.80665436345829
9055,0.5,9066.715937218862,-0.6915044068291519,-5.326810207490962,5.3715068026852615
9056,0.5,9067.344319123518,1.8211942839866246,-2.0477418215733985,2.7404370432188903
9057,0.5,9067.890693026053,2.7511464599278024,0.8824307768578822,2.8892024712572995
9058,0.5,9068.70756589081,4.250341042523777,2.2167652876647774,4.793688279222755
9059,0.5,9069.65186401375,5.717223008313636,1.0850768898664889,5.819280950745818
9060,0.5,9070.419820652425,5.806718703870879,3.447387087409248,6.7529593391579015
9061,0.5,9071.485275093295,5.879678995011392,-1.1809031317953942,5.997095738027061
9062,0.5,9072.06889011819,4.201423403997356,4.506983329567946,6.161562898539631
9063,0.5,9072.950481989126,8.686204193797792,8.177110017755846,11.929596453310285
9064,0.5,9074.381551780923,1.7235443420938021,-6.429553210463927,6.656557637799776
9065,0.5,9074.869755813135,4.727570466297059,0.2686943432770991,4.735200013084273
9066,0.5,9075.539800390943,5.922936378108411,5.640046671152367,8.178710276803848
9067,0.5,9076.905342562264,4.859848885227208,-8.774524806088769,10.030474403532033
9068,0.5,9077.941193163164,-0.3129548489136582,-2.5767990222223864,2.5957337957473254
9069,0.5,9078.38881314885,1.5694005534059796,-0.28306805293841614,1.5947243083446558
9070,0.5,9078.885068809988,1.0002190778025646,2.282666856231415,2.4921890337888946
9071,0.5,9079.958594688502,4.533425194672747,1.8846155554510484,4.909553929588888
9072,0.5,9080.600278836755,2.221266773122006,5.7326339506483714,6.147936083719658
9073,0.5,9081.525029640738,7.096243567990784,10.544805505392478,12.710216202834872
9074,0.5,9082.687459166014,17.551634101142206,-1.9204636700203164,17.656388088401485
9075,0.5,9083.81768446794,5.253107135215996,-9.813808215371619,11.131305685415018
9076,0.5,9084.719189339048,1.6516070650103511,-4.480079974723439,4.774821722023773
9077,0.5,9085.261991006199,4.07076448119586,-0.20719886070087534,4.0760342036398
9078,0.5,9086.216791442006,3.843577119011376,-1.5490318690325997,4.143981756845271
9079,0.5,9086.854064628998,3.7100166166659347,1.7460283181705831,4.1003461053661
9080,0.5,9087.619989058994,4.785472905891503,4.8757850910880824,6.831839517106538
9081,0.5,9088.908988499887,4.005813431209403,-3.7588079014486198,5.493193796476712
9082,0.5,9089.425998602173,4.227824159072261,2.3474945747565457,4.8358275298594435
9083,0.5,9090.498988662222,4.140793171112164,-1.082247991018184,4.279886540551283
9084,0.5,9090.95396703052,1.5164629771639389,4.282667292269844,4.543225626951278
9085,0.5,9091.77838580769,2.594930407843911,12.903517450947817,13.16185497672983
9086,0.5,9093.554540592722,-3.0246831426623273,-7.614419096852913,8.193173151839522
9087,0.5,9094.08065373882,3.532946058996974,-3.1093244505712208,4.706336833961449
9088,0.5,9094.81793616185,4.818768242643269,-1.2969600815537259,4.990253784072625
9089,0.5,9095.707283364858,4.7027425015953295,-1.7566907932413658,5.02013441845635
9090,0.5,9096.611589238439,2.8596578138030275,-1.5866464294542095,3.270334800008174
9091,0.5,9097.164150723323,2.5972265462697917,1.8711895352265377,3.201083568010966
9092,0.5,9098.092115417232,3.2776887406744084,1.343874855652847,3.5424910879774627
9093,0.5,9098.532042167059,-1.7605916953252316,4.691449780415367,5.010926477190378
9094,0.5,9099.83663563567,16.584059561900965,5.568494802147952,17.493975131862612
9095,0.5,9101.042374240886,7.205075049146011,-9.506776789359904,11.928617329202014
9096,0.5,9101.885250829855,4.078016246571493,-4.6237660870229185,6.16517877557531
9097,0.5,9102.497480971078,5.754681760635745,0.37766580398119126,5.767061090858192
9098,0.5,9103.493787094456,5.49957665688915,-2.4472033675859817,6.019480685850251
9099,0.5,9104.193256141505,5.824371935953574,1.0439322575149994,5.917187085651759
9100,0.5,9105.074920829637,7.992739241004587,0.8849907329127321,8.041584991283496
9101,0.5,9106.47416154683,-0.3698074349797376,-1.3376505926573559,1.3878280322153995
9102,0.5,9106.705267547544,0.9234816185092757,0.4575112276884262,1.030599254407591
9103,0.5,9107.191202663576,-0.7377694382408402,2.748627528935272,2.845919365832951
9104,0.5,9108.613643184053,5.559487623079537,-1.140660129406861,5.675298068118805
9105,0.5,9109.023970775506,0.7857354882372637,6.254070538594238,6.303235562723947
9106,0.5,9110.230386514662,16.99321600819252,3.383370219125622,17.326759199018053
9107,0.5,9111.375084878635,9.660484625074993,-10.524985352615866,14.286366923192505
9108,0.5,9112.381582610446,1.5966758451094119,-7.11307056167084,7.290071780830705
9109,0.5,9113.302297846672,0.022375526367009423,-1.9975483337076858,1.9976736494429097
9110,0.5,9113.65879728217,1.6151929851318492,0.4721685120903195,1.6827927629475712
9111,0.5,9114.44485343854,2.4584055704835834,1.5580352275416185,2.9105380463490556
9112,0.5,9115.042930636193,0.20983454444463762,5.082332273640825,5.086662154668168
9113,0.5,9116.424405314448,7.744072241551597,-2.891570060708485,8.266307053234573
9114,0.5,9117.13705832992,6.151251426097726,1.1841419653688776,6.264190793807048
9115,0.5,9117.860968025157,6.1131236299506755,5.114752974587403,7.970632252595274
9116,0.5,9118.810944247423,11.887227226934813,4.752225444470783,12.801945860682892
9117,0.5,9120.116281592967,2.1821197774686034,-6.147534733756007,6.523329673254002
9118,0.5,9120.569264316977,5.402684421661083,1.4542357061494178,5.594979932859388
9119,0.5,9121.584902244998,7.941592161283415,-2.3926271338272675,8.294187763589914
9120,0.5,9122.504965210956,6.103156735995637,-3.336774644100034,6.955759280598907
9121,0.5,9123.393854938902,4.020471773208136,-2.718756662099515,4.8534349760632285
9122,0.5,9124.084874392272,4.381388381812433,0.1377391120249351,4.3835529214624955
9123,0.5,9125.059677152572,2.9803911966939927,-1.175489893277693,3.2038271137077685
9124,0.5,9125.604247738102,1.9994620010458422,1.991588897105818,2.8221046452428746
9125,0.5,9126.235472796694,-0.2882660487870775,5.1195104304812595,5.127619756055409
9126,0.5,9127.121392691026,0.42270627527293964,15.431139428346809,15.436927953846084
9127,0.5,9128.945962237436,-3.5628425116278404,-8.748185751781481,9.445877445231602
9128,0.5,9129.473000953558,4.175872195270325,-3.7728372246440793,5.627806794381968
9129,0.5,9130.446701653567,1.086262383336337,-2.3518824402010794,2.5906209637802524
9130,0.5,9130.768159170791,1.829019661547356,2.012517691255788,2.719474283743888
9131,0.5,9131.957373712514,5.736236922089312,-2.1262363475820334,6.1176216810227535
9132,0.5,9132.87702227627,2.427875831921327,-1.5278459422670525,2.868604935945271
9133,0.5,9133.253132722166,1.1037959776824708,2.9301656828793994,3.131171743847996
9134,0.5,9134.299136950121,7.533914519405357,4.554039290797775,8.80335969092691
9135,0.5,9135.427457334468,6.558926542021232,-2.951938935023369,7.1925976433926495
9136,0.5,9136.139601993791,4.910800854397274,0.6207542870954016,4.949878878972324
9137,0.5,9136.679196436498,1.8858694626562564,6.86304638670553,7.117436992081575
9138,0.5,9138.105910779159,6.625702276954852,-6.180231647850558,9.06063981647755
9139,0.5,9138.60038278962,7.642204116450728,5.122478198422585,9.200166664295335
9140,0.5,9140.231969818215,-2.1029883013074198,-2.8357581981166184,3.5304510127774718
9141,0.5,9140.578259697126,2.346486948951346,-0.7991373654826543,2.4788347122205536
9142,0.5,9141.357179362334,3.689506312533248,-0.0846965008342402,3.69047833315361
9143,0.5,9142.266523219929,3.0916150499934916,-0.6029678951649533,3.1498656955409885
9144,0.5,9142.836907708715,2.111671943208275,2.513066653317747,3.282478088236184
9145,0.5,9143.596977939633,2.0128707672079873,5.974159227037755,6.304143652827148
9146,0.5,9144.619980820222,9.231199394063228,7.196181907096355,11.704703169793511
9147,0.5,9145.63852232216,13.284488074314345,1.2614067003377378,13.34424108970821
9148,0.5,9146.526358405506,14.469702249372025,0.04509613352278152,14.469772522287299
9149,0.5,9147.80889496309,0.34581606929093445,-7.689558277034033,7.697330397591261
9150,0.5,9148.555047141635,1.4208855232019224,-2.8023425398569253,3.141980168736996
9151,0.5,9149.117996849556,2.175189144347965,-0.021899382256030282,2.175299380920343
9152,0.5,9149.55812385304,0.14971717445837898,3.552706607691932,3.5558598780978024
9153,0.5,9151.026455173489,6.356277632397072,-5.110118869990064,8.155708442896904
9154,0.5,9151.817672100358,4.773374408401845,-2.1149569812830404,5.2209334678258
9155,0.5,9152.649018566886,3.286855304577653,-1.0282752054370237,3.4439465285260757
9156,0.5,9153.267808749673,2.3149384060638853,1.5325188293628702,2.7762481492513134
9157,0.5,9153.740200095623,-2.0193487233123535,4.344280635193331,4.790672552331144
9158,0.5,9155.111134265144,16.179414196840213,2.519547872059911,16.37441801202462
9159,0.5,9156.088026232412,14.71677080978702,-3.9446544000864443,15.23626074218739
9160,0.5,9157.200853860186,3.5486802018169956,-8.454891003947054,9.169422722472378
9161,0.5,9157.957603481644,4.102782360387038,-4.124769960893866,5.817778813859755
9162,0.5,9158.83011689725,2.4982357399983814,-2.7011844967252374,3.6793449821882747
9163,0.5,9159.438824974985,3.278095368760911,0.3291543149031311,3.2945791551746155
9164,0.5,9160.353847711056,2.776660079316731,-0.2538562621116058,2.7882403407677163
9165,0.5,9160.796139418419,0.4502652174517752,3.4075681800960513,3.4371877557168755
9166,0.5,9161.926432339944,7.0741897710286725,3.540150137338169,7.910551429035915
9167,0.5,9162.627075284894,5.347631261773205,9.398743042017655,10.813580853804597
9168,0.5,9164.011258568751,7.338939380016748,-8.30129866149739,11.080234234479837
9169,0.5,9164.765021488882,6.054595458742397,-2.9315542899291067,6.7269708430931825
9170,0.5,9165.448663414387,6.866602963233555,1.3948859086272551,7.006849716725393
9171,0.5,9166.381734370745,9.142797112495279,-0.5205795882715751,9.15760569952523
9172,0.5,9167.38244742291,6.927154444318977,-4.348960375977301,8.179176306161201
9173,0.5,9168.304925878114,3.618442223926138,-3.575454575751683,5.086944028702811
9174,0.5,9169.005615313923,3.7226137111588318,-0.7171894744661972,3.7910702426614087
9175,0.5,9169.689672310458,3.995790031870581,1.976400127112623,4.457857718820453
9176,0.5,9170.658946113625,5.141566191172173,0.3602053792209413,5.154168295023401
9177,0.5,9171.402013820587,4.36376100054496,2.409875747282686,4.984968524195357
9178,0.5,9172.213321782217,3.889847239082235,3.214093066950974,5.045919716604497
9179,0.5,9172.683910450423,-4.3957076679185105,7.21837884528714,8.451463722686531
9180,0.5,9174.799448248375,-4.863270924979991,-4.0451904078758405,6.325738654554616
9181,0.5,9175.208835881229,2.59657128064479,-2.6609887401048473,3.71793538007778
9182,0.5,9175.92745835454,4.290427662011876,-1.206605386316132,4.456867294551611
9183,0.5,9176.89101712354,2.7649672842461333,-2.071778951049362,3.4550415489488158
9184,0.5,9177.479208892979,2.807166542354295,1.0424946803915025,2.99449146853985
9185,0.5,9178.130377598334,2.1821570827624726,4.563406155983717,5.058308539257022
9186,0.5,9179.285979755705,8.80227960538968,0.49383072255446164,8.816121314614367
9187,0.5,9180.321113395798,3.6416122578546717,-2.3537966417618255,4.336092534451571
9188,0.5,9180.739286973818,2.204121174967609,3.791114394627348,4.385282032787774
9189,0.5,9181.702974296288,8.331181853084672,6.662356272074379,10.667501214680792
9190,0.5,9182.811173984774,11.937863217288537,-2.6904202471253145,12.237276629251808
9191,0.5,9183.699837538328,9.891587620002351,-3.2563970495525214,10.413819058756406
9192,0.5,9184.767194414182,2.2297947144622747,-4.031214824778202,4.606807726848977
9193,0.5,9185.13600060918,3.566897053849,3.2063270482730903,4.7961742809497965
9194,0.5,9186.57814663639,1.1115988076226526,-5.787688936787189,5.893470551221659
9195,0.5,9187.345086889569,1.1089956622669996,-1.8638223627093808,2.168802706255827
9196,0.5,9187.811497032359,1.659446677207102,0.7173127091117805,1.8078442402892383
9197,0.5,9188.464829562725,1.1737074111658274,2.7616284844783108,3.00069674797497
9198,0.5,9189.187313215269,-0.722516611820713,6.724476654925606,6.763180948118744
9199,0.5,9190.366779364116,13.744465354064047,7.896356238996296,15.85127028733668
9200,0.5,9191.463118656116,14.470334489192416,-4.989647253058061,15.306441779168056
9201,0.5,9192.438691653935,7.9578643035354615,-7.347613743669415,10.831206396318168
9202,0.5,9193.368911875734,3.35421696177123,-5.153573541243896,6.148991110063744
9203,0.5,9194.036497583256,4.745320093166123,-1.3904903180402373,4.944848441678449
9204,0.5,9194.998618070027,2.497842298323814,-1.897499927942791,3.1368331361165023
9205,0.5,9195.41599334156,1.9508810840555078,2.85227874981946,3.4556375780450783
9206,0.5,9196.541376822499,7.090262131932842,0.07970249783282135,7.090710090511502
9207,0.5,9197.375793024768,6.845238821927337,0.7692461366293232,6.88832593217977
9208,0.5,9198.428751554567,2.917272656987109,-1.9277349676985043,3.4966615307879287
9209,0.5,9198.78934749129,1.1903676537040686,3.5059711796393613,3.7025408928797456
9210,0.5,9200.006746344035,6.151870632869271,-0.31860936519338606,6.160115600469548
9211,0.5,9200.451077571463,0.7579852989464877,7.529031910190719,7.567090802817758
9212,0.5,9201.837434832796,16.791692426278985,-7.918946439169218,18.56530762592384
9213,0.5,9203.050941490621,-1.1048254572403404,-7.255341850418044,7.338979810395575
9214,0.5,9203.761790100945,1.264702064471509,-2.9944094872788263,3.2505321855634564
9215,0.5,9204.449930354578,1.3467108075084053,-0.8030259587523156,1.5679543008295926
9216,0.5,9204.760708258413,0.1993640920667082,1.9948431805725642,2.004780625475627
9217,0.5,9206.165350791598,4.188609622227667,-2.3259941548775087,4.7911062789237455
9218,0.5,9206.847375416246,2.4172647156806075,0.36229561179058695,2.4442640642936198
9219,0.5,9207.18975032856,-1.5274428506839215,2.9948245449790507,3.3618530183983952
9220,0.5,9208.520414152958,13.946361595408817,4.836265034294731,14.761113143385758
9221,0.5,9209.480933056158,15.840331763406253,-0.4076216474678235,15.845575590121724
9222,0.5,9210.87397897429,-1.4385378679726264,-3.488494949904377,3.7734583889450235
9223,0.5,9211.220220622676,2.6737300660197563,-0.22088157028509325,2.682838260877763
9224,0.5,9211.87832661384,4.045146831406771,3.141150821717455,5.121527249992573
9225,0.5,9212.942543018036,8.676956360906651,-0.673322631633288,8.703041712835114
9226,0.5,9213.953457242496,5.511337312642908,-3.9421495938907056,6.776089019068641
9227,0.5,9214.809815382856,3.234025876250498,-2.2173430037539297,3.921164796913578
9228,0.5,9215.383063606701,3.4612921197450284,1.6757537236365054,3.8456070626743246
9229,0.5,9216.396499883132,3.5620832071956525,-0.3642792471651851,3.5806614116529505
9230,0.5,9216.889162998637,1.2195236246803414,3.594466493721732,3.795711691585872
9231,0.5,9217.63241362671,-1.044418075436177,9.910488814704513,9.96536992101553
9232,0.5,9219.125065265664,13.785336604552661,-9.927738962402897,16.988098957989152
9233,0.5,9220.020083391239,7.819322092683264,-7.217861780982128,10.64139683869026
9234,0.5,9220.852137981712,6.843603388157802,-5.065731785363011,8.514490346206404
9235,0.5,9222.00079828777,-0.2893285897979295,-2.561062539892628,2.5773537526144406
9236,0.5,9222.354047560482,2.077575299504249,0.35758081954463067,2.108123138627433
9237,0.5,9223.237859070792,3.108936655622792,0.2801122490377375,3.121530073655548
9238,0.5,9223.870046096292,2.193375183136548,2.9203256561444193,3.652286493682364
9239,0.5,9224.578163424445,0.6435274195125151,7.616791478672077,7.643928307436956
9240,0.5,9226.17321590061,2.1643663300752265,-5.364802170270876,5.784944592379982
9241,0.5,9226.625762799938,3.8985067801017914,1.2242952779235188,4.086227360542419
9242,0.5,9227.262194971401,3.202796998753621,6.709809062876214,7.4350148806496
9243,0.5,9228.502157991703,13.073101042139461,-3.3929093958225036,13.50621357102902
9244,0.5,9229.55836412936,4.222225652161604,-6.074558404365479,7.397800299130732
9245,0.5,9230.160704778991,6.291426182391867,-0.11342820866900079,6.2924485986782415
9246,0.5,9231.116341546649,6.881653407911479,-2.597192185400139,7.355444301639651
9247,0.5,9232.08259409769,3.6820060692591428,-3.3788587928248366,4.997384859695206
9248,0.5,9232.764557616516,4.042454389083861,-0.35479101824367365,4.057993858355353
9249,0.5,9233.6903665089,2.4569875054001056,-0.8190392196354652,2.5899059529244117
9250,0.5,9234.086401679775,0.5724839889761809,2.897525449059712,2.953538834277072
9251,0.5,9235.30907430578,2.9292713071072076,0.17285968299725077,2.934367199354484
9252,0.5,9235.520669016889,-2.632268596599745,2.2745715625987266,3.478866734732448
9253,0.5,9237.255825767934,15.643443264964256,-14.770924486465598,21.51505350606929
9254,0.5,9238.525524178482,-2.2407076907706633,-2.8028066237681974,3.5883834697141386
9255,0.5,9238.873162118127,2.3287966432087943,-0.9067935462904576,2.4991135110303757
9256,0.5,9239.599760445382,3.853785784414728,0.46706795254997663,3.8819862627856208
9257,0.5,9240.463318406555,4.6853356886852,0.5319672200088205,4.7154384354830805
9258,0.5,9241.168927233486,4.926528557770784,3.9958471643095934,6.3433018366661456
9259,0.5,9242.438747055547,3.441695972460583,-3.598957546042213,4.979735593891064
9260,0.5,9243.002727144773,3.463960127703868,0.9852362378440593,3.601348387851877
9261,0.5,9243.629625414073,2.384741397941249,5.087597909756324,5.618776025649332
9262,0.5,9244.72225615466,10.034808470926679,2.9869692537497645,10.46992676053793
9263,0.5,9245.730317259871,8.012900657582483,-2.0075751985788783,8.26056506095284
9264,0.5,9246.37247921797,7.305114060393721,4.520262887602725,8.590545268398309
9265,0.5,9247.323682008931,14.013859733927056,3.230943558641754,14.381490219073639
9266,0.5,9248.859664427933,-1.7427810279101361,-2.2318229243402397,2.831663694165345
9267,0.5,9249.097134244814,2.387789808400133,0.0996898376317646,2.3898699196455424
9268,0.5,9250.217232551686,2.053770778522225,-2.598415592583868,3.312059480518845
9269,0.5,9250.850268731168,2.0531821082386483,-0.1423237144940644,2.0581090372715165
9270,0.5,9251.32533200992,0.6355824797410965,2.7009372720550506,2.7747120996835006
9271,0.5,9252.301982660403,4.4071885416115695,5.776872444678454,7.266055744583682
9272,0.5,9253.266895877883,8.22437814966784,4.943984588791172,9.596008522450282
9273,0.5,9254.039963750218,8.912409392949701,10.417891256134478,13.70997809670684
9274,0.5,9255.629242734973,-0.9169495626412202,-4.073662443502036,4.175586450311728
9275,0.5,9255.870307159366,3.353420481723118,1.7038316914899623,3.7614453817868547
9276,0.5,9257.090976369529,4.858743598782821,-5.4295756388516585,7.286129354926691
9277,0.5,9257.922851052208,2.983792360948002,-2.6897918132295975,4.017212572390042
9278,0.5,9258.51319798889,3.465750823460547,0.9018123346513852,3.5811582284572188
9279,0.5,9259.199490496889,3.808705695832899,4.7287081323311515,6.071813541129597
9280,0.5,9260.462686089542,6.584045601171827,-4.25297804615852,7.838206347080717
9281,0.5,9261.410917752197,1.8288148941929705,-2.262155196582563,2.9089362403888366
9282,0.5,9261.832615530931,1.9050445678224808,1.645272515000732,2.517164367697663
9283,0.5,9262.57190534142,1.906507960361902,4.342394471484826,4.742484828537175
9284,0.5,9263.278863899333,-1.566332101291635,10.438859733197097,10.555718297723772
9285,0.5,9264.808555510763,14.72811541715181,-12.891609531926434,19.573220993607602
9286,0.5,9265.914999339087,-0.2973445161278197,-6.909022734285987,6.915418201681797
9287,0.5,9266.523355586281,3.1261349583173854,-2.5884004351472982,4.058637282424331
9288,0.5,9267.157637377177,4.736423574754272,0.6484246699099017,4.780602768693065
9289,0.5,9268.359885083666,1.3295341848345044,-2.667429802789301,2.980409854609282
9290,0.5,9268.846663836468,2.003798302654735,0.527256077337692,2.0720054557871044
9291,0.5,9269.385312604052,0.4812740841194324,3.4896329201835043,3.5226641426161325
9292,0.5,9270.504925928492,7.184215206849643,3.8377142979646646,8.144998414433982
9293,0.5,9271.301028118585,7.638391275526356,6.8045876527520575,10.229732860736048
9294,0.5,9272.39410268719,12.029732730313539,-1.4344592370426903,12.1149553389814
9295,0.5,9273.266843198506,10.86387693646695,-1.7673556596623783,11.006696512507245
9296,0.5,9274.338133839818,4.021082715336549,-5.37289158183914,6.710966409823271
9297,0.5,9274.986375913177,4.555175974057229,-0.6972586405615449,4.608231522663109
9298,0.5,9275.555512461766,4.172385636042731,5.402172389524836,6.8258529446509595
9299,0.5,9277.160514444524,-0.977472773013642,-4.163468223592104,4.276671681441559
9300,0.5,9277.608768374497,2.651258331372661,-0.8066654460726143,2.771259620021278
9301,0.5,9278.356214546118,3.177002428695583,0.3797995502716301,3.1996237482435594
9302,0.5,9279.040933077737,3.0021085174633195,2.8658048271773575,4.1503605696492025
9303,0.5,9279.938256160905,4.981794103012333,3.6290641523171727,6.163471351960842
9304,0.5,9280.769267593454,5.655672361851358,5.152739439988603,7.65097076200291
9305,0.5,9281.537438793173,5.7815211816104926,10.75341941297772,12.209095635828925
9306,0.5,9282.734288937201,20.037803335094814,-2.9916844327860166,20.259904694773642
9307,0.5,9284.093681675076,-2.7981717344315555,-6.686882759906585,7.248735482834755
9308,0.5,9284.762478436967,0.8714927295355341,-2.770467201315378,2.9043050960939967
9309,0.5,9285.3441596894,1.9879614803416081,-0.5014225642497259,2.0502232647350307
9310,0.5,9285.849431118952,1.47831138369363,2.5813160652685148,2.974659169715331
9311,0.5,9286.901569164032,6.242138998719797,2.2984654801147295,6.65186010395721
9312,0.5,9287.799427530865,6.965155386288719,1.5420475540328102,7.133813861746417
9313,0.5,9288.65767886105,7.385648706185812,1.7094075385356984,7.580889192171775
9314,0.5,9289.634716492792,5.883612562717879,-1.1714074064900322,5.999090939480027
9315,0.5,9290.238472558107,4.531880062018414,4.152290779131351,6.146499459934838
9316,0.5,9291.071149949048,7.70794074734623,8.67745983726018,11.606492139826909
9317,0.5,9292.450151019331,4.648179358868694,-8.03935981265061,9.286381294641881
9318,0.5,9293.020371572758,7.662325752260893,0.10700311032401638,7.663072856196754
9319,0.5,9294.077099796137,6.160794651509801,-5.200529628063429,8.062313511048632
9320,0.5,9294.99441428598,2.7291695996769914,-3.4916895671077466,4.431733604003083
9321,0.5,9295.564223471825,4.065599186599648,0.6335972259879189,4.114674007847926
9322,0.5,9296.60704727323,3.3825105476039656,-1.89132100192478,3.8753674325118945
9323,0.5,9297.328597821579,2.251434860278449,-0.0039383680835799505,2.2514383049109297
9324,0.5,9297.791417094673,0.30363971332636075,2.514836417789629,2.533100725148901
9325,0.5,9298.415822954259,-5.0384199436032135,5.490905523474239,7.452229129315504
9326,0.5,9300.174304705344,9.844349810743857,-14.16524667019331,17.2500851135209
9327,0.5,9301.095504972085,2.546396093246812,-6.255745846189059,6.7541460715485195
9328,0.5,9301.630677861678,5.972120527165069,0.023728721131828535,5.972167667036228
9329,0.5,9302.76116916232,2.5139196557955903,-3.7546397740125435,4.518529834845885
9330,0.5,9303.238852584414,3.981518978906197,1.7646663180043207,4.355059195153284
9331,0.5,9304.47816909774,1.448816151083597,-2.091191545589758,2.5440421222901892
9332,0.5,9304.747219152918,0.962287577203562,2.4361249367581785,2.619294196675001
9333,0.5,9306.002925382834,6.7345378756327055,-1.7011798926346247,6.946078996486855
9334,0.5,9306.808098667527,5.171853089907406,-0.23264698065970676,5.177083059136184
9335,0.5,9307.501144154388,4.6787506094519475,2.9778150353355755,5.545997624424084
9336,0.5,9308.397687577843,6.134977311131919,2.855831601364544,6.767105787813266
9337,0.5,9309.059307208769,3.9115662145774075,9.031303987916253,9.841991768599252
9338,0.5,9310.294182822783,16.881032477410486,-3.495907463662538,17.239217688105196
9339,0.5,9311.394263390712,5.2650855079470595,-9.816376903035161,11.139227123478376
9340,0.5,9312.287090010512,2.145397920601396,-5.457316685197917,5.863875650136211
9341,0.5,9313.137110976717,0.992501287992456,-2.2646578923054728,2.472596646412057
9342,0.5,9313.642041786628,1.8369678133725553,0.25982091459118223,1.8552513724629731
9343,0.5,9314.191767555916,0.9055664451376292,2.973987910494683,3.1088027725038674
9344,0.5,9315.257777092715,6.000733886028257,3.4764830795994404,6.935037258275474
9345,0.5,9316.091993796681,6.9241907258739674,4.9551273181701365,8.514558353053612
9346,0.5,9317.221478360378,4.487177409101794,-1.6932902958478548,4.7960393166409725
9347,0.5,9317.52086438138,-0.6483737039557564,5.519477855970221,5.557429645306087
9348,0.5,9319.337900163971,-1.659098750216635,-6.967629495124454,7.1624346031428905
9349,0.5,9319.82779519436,4.0172028900036505,-1.9483226367908715,4.46473741181779
9350,0.5,9320.592913364353,4.927385953953475,-0.5115623887957711,4.9538700444045185
9351,0.5,9321.35503746478,5.74808633620949,1.5018963807761978,5.94105960810922
9352,0.5,9322.199858975795,8.25100589420273,2.6669171501336204,8.671305861970563
9353,0.5,9323.579903835333,-0.04902975461021574,-3.559663913079256,3.5600015577125608
9354,0.5,9324.038642999947,2.209605557444256,-0.2618076381553226,2.225061787655572
9355,0.5,9324.662478030883,2.1279347778955726,1.9660488498522661,2.897145922970208
9356,0.5,9325.35989101841,1.2448702375750635,5.321883699722263,5.465541878146184
9357,0.5,9326.49659379036,7.640320549394319,2.6350999217705158,8.081970656666114
9358,0.5,9327.029340176412,0.474478268339982,11.198071007506195,11.208118660876039
9359,0.5,9328.93727621006,-3.2743008494290935,-3.6891668096533534,4.932646125764546
9360,0.5,9329.235940410046,3.6502030385753272,-0.915229732318589,3.7631938145336745
9361,0.5,9330.23065958298,3.682210898149435,-3.33752924448319,4.969685961530265
9362,0.5,9330.921834157542,4.454117924193854,-0.5308738029867879,4.485643039445139
9363,0.5,9331.875838210983,3.257475209229856,-1.6167783874057222,3.6366354082763563
9364,0.5,9332.54553570905,2.461697978449003,0.5903487150284543,2.531495317482467
9365,0.5,9332.990177777223,-0.6920446486182479,3.7506004771745225,3.813912654356797
9366,0.5,9334.30589877917,10.818147184810963,0.9780759098265759,10.862271447428315
9367,0.5,9335.206489196422,9.026323351079771,-0.5153137641736598,9.041021043764625
9368,0.5,9336.031511109679,8.55719173133904,0.6146202645753649,8.57923588651833
9369,0.5,9336.966415719895,6.9283394765739965,-1.4108509240766698,7.070529558146379
9370,0.5,9337.535506027181,5.730861949951426,6.689362049295542,8.808538091871801
9371,0.5,9338.97053275469,3.0646472643708043,-8.829226427567907,9.345977860249777
9372,0.5,9339.734206712103,2.96188092140858,-3.612897036164752,4.671805174291003
9373,0.5,9340.336005010404,4.485778742210872,0.26800695807098157,4.493777770834403
9374,0.5,9341.340822196102,3.9197597208797252,-1.9835285137428122,4.3930515173694324
9375,0.5,9341.999574596002,3.8955920131242014,1.0665984129868042,4.0389688420812355
9376,0.5,9342.923902156084,3.6375836529697536,0.12004047736130305,3.639563785477307
9377,0.5,9343.478761544975,1.6071195282002397,3.572766743997071,3.917587954971017
9378,0.5,9344.189903972416,-1.091292990951561,8.931606655481247,8.998028552985199
9379,0.5,9345.473934989956,21.77829139369624,3.163221490447171,22.00681590385966
9380,0.5,9346.909626243472,-2.500269392435645,-6.132636184409215,6.622731581838095
9381,0.5,9347.350886762279,4.2640551161422415,-1.9453857031705923,4.6868637240269075
9382,0.5,9348.412153406305,1.1369811229298343,-2.629797728179772,2.865058841461773
9383,0.5,9348.847438791958,2.2519051256206457,0.9229432501696855,2.433701078158597
9384,0.5,9349.534174825501,2.6150961619577298,4.278800741898076,5.014664866683872
9385,0.5,9350.7018230593,8.320533938887971,-0.8449085729692891,8.363322038811107
9386,0.5,9351.640126343544,5.446290858339537,-2.2192444937214653,5.8810824034820195
9387,0.5,9352.399663267564,4.174042315023311,-0.0823689280949667,4.174854954117648
9388,0.5,9353.014453103446,2.984938723957222,3.582774667781313,4.663274976438218
9389,0.5,9353.743506760979,2.0582523392162115,9.374817774104965,9.598104551918748
9390,0.5,9355.23510615785,5.796391549847008,-8.145926519619094,9.997713431688839
9391,0.5,9355.820175981831,7.749186517650215,0.40355384173969827,7.75968732543488
9392,0.5,9356.673033797419,11.068901159777448,0.8669788946063978,11.102802587122563
9393,0.5,9357.97051388961,0.348633161072019,-6.852081492065808,6.8609449680718075
9394,0.5,9358.838675557578,0.028116463912094675,-1.340744991955762,1.3410397715941822
9395,0.5,9359.076903405517,0.9589686925281272,0.8436161176022984,1.2772271165017914
9396,0.5,9360.02505741508,3.132096810196778,1.3218222967694764,3.399594771834103
9397,0.5,9360.682314260677,1.8872728463387822,4.104982774181775,4.518039660389978
9398,0.5,9361.527052532509,3.3742845109326174,8.563339176775447,9.204160679671828
9399,0.5,9362.64821472774,14.293271116673896,3.5147828614822485,14.719079379435168
9400,0.5,9363.690016544968,11.245551119501801,-5.06698658976833,12.334373639638955
9401,0.5,9364.532422656035,9.590390046927215,-3.6029729294267425,10.244852130820753
9402,0.5,9365.565561378697,3.5141531673639665,-5.381145982335807,6.426974760095375
9403,0.5,9366.263485245108,3.84232751866314,-1.626943128412472,4.172580101539646
9404,0.5,9366.856452107048,4.353906025278694,2.8193286871683405,5.187013777044406
9405,0.5,9367.99462155823,6.160811403546696,-2.916450320812833,6.81625114148828
9406,0.5,9368.900918158319,2.5494707182975938,-1.7886972147324223,3.1143600738271053
9407,0.5,9369.264875034456,1.2782336154915073,3.288071910932215,3.5277894023359613
9408,0.5,9370.763366235002,1.328328035821027,-2.8408054198825234,3.136021492971958
9409,0.5,9371.178734814528,1.7091634541816159,0.91280776194299,1.9376423104828722
9410,0.5,9371.587599990185,-1.913601949027758,3.002470757629571,3.5604357977280707
9411,0.5,9372.784751974936,12.340789424434593,15.732959736106281,19.99552714174293
9412,0.5,9374.37951045016,-2.469821134514643,-11.642922615809642,11.902002498496916
9413,0.5,9375.170795001104,0.1669571241890917,-4.0455279411018505,4.048971598264585
9414,0.5,9375.736537521141,2.450515023597186,-1.1994078073912933,2.728296715774644
9415,0.5,9376.32813022952,3.2004470222380417,1.852607067694701,3.6979743224398822
9416,0.5,9377.450651133646,3.5786939016974144,-1.6648869524767744,3.9470113512091225
9417,0.5,9377.983702594425,2.885681012210054,2.7335159631292067,3.974828854795114
9418,0.5,9379.018437925037,4.537089464306074,0.5417440079792418,4.569318042913909
9419,0.5,9379.494344123486,0.2890167549745372,5.844092091894464,5.851234319628588
9420,0.5,9380.793873689145,12.68238182247377,-1.0910036317432463,12.729222192085818
9421,0.5,9381.675840485115,10.399838118552745,-1.7551104605179015,10.54689744051406
9422,0.5,9382.560440804547,9.351785984432178,-2.4700331940544578,9.672484948468671
9423,0.5,9383.568374417504,4.033263830351092,-4.152965400361008,5.789156997509571
9424,0.5,9384.09045145915,5.191062398724132,2.4038756443692626,5.720642179077387
9425,0.5,9385.11035916436,9.185638866736454,-1.4066572130042407,9.292720048779916
9426,0.5,9386.234914019049,2.3479264901508126,-4.851754110337419,5.39001639610938
9427,0.5,9386.888612207835,3.3232595843106,-1.2793566852843774,3.561012186569163
9428,0.5,9387.733832772215,2.0065506310431402,-0.6534987092824438,2.110285762159581
9429,0.5,9388.121802783693,0.3834266466067524,2.3468561528716796,2.3779717819183137
9430,0.5,9388.97916960421,1.1628048178754082,7.502742321284443,7.592315679953445
9431,0.5,9390.090466518719,12.549898859850757,6.809352854582846,14.278208840421787
9432,0.5,9391.049764368448,16.78781055777332,2.2407208887701477,16.936688384246082
9433,0.5,9392.305852528509,2.472332450076973,-9.513088412967308,9.829103667000183
9434,0.5,9392.964477181185,5.689849140703822,-3.745315429183359,6.811884534256797
9435,0.5,9393.984756238855,1.6183575270419623,-3.8152840280289326,4.1443302595070834
9436,0.5,9394.689784015236,1.5930632962230744,-1.1013744106871095,1.9367179088059017
9437,0.5,9395.103416035849,1.0919917162424095,1.797422921355286,2.103134581180057
9438,0.5,9395.826310147317,0.2875357202120296,6.1707820331457,6.177477453701602
9439,0.5,9397.472564246871,0.8703573746232294,-3.90361914422499,3.9994705127955235
9440,0.5,9397.818267625127,2.7490326924439983,1.5980480997923052,3.179770191912569
9441,0.5,9398.618868891883,4.691024558650039,4.298844929956045,6.362843636430695
9442,0.5,9399.494206831581,8.056851005235645,6.566329542057428,10.393725596505938
9443,0.5,9400.580871303546,12.128642220829553,-1.7917411197528237,12.260273176446859
9444,0.5,9401.427516665659,11.90860117304014,-1.1931319050412006,11.96822232586612
9445,0.5,9402.552909281863,4.042166679667037,-7.420789721276561,8.450279968948621
9446,0.5,9403.38293075385,2.358802931086938,-3.401952386832206,4.139713916441289
9447,0.5,9403.920835263552,3.9706203140002034,0.8494357549184829,4.060463862625181
9448,0.5,9405.062878277395,2.0539020624279387,-2.2119448696691677,3.018478720895924
9449,0.5,9405.517985108349,2.1212404915216636,1.6310149279119082,2.6757935118283243
9450,0.5,9406.317820404489,3.113822929239335,3.7148985843312663,4.847304893084721
9451,0.5,9407.247627536477,4.6159340320890125,3.2657089879547114,5.654352498969772
9452,0.5,9407.745436535875,-3.1569950306196066,8.220001159609533,8.805398156093736
9453,0.5,9409.471336663333,5.688463838640256,-16.05984271266204,17.037522378531506
9454,0.5,9410.603937082797,-1.056860610460759,-1.3657382376740965,1.7269033799806621
9455,0.5,9410.808666731094,1.3985111940546489,0.23107361573295926,1.4174726014227095
9456,0.5,9411.457048111919,2.706357010857127,3.6664879754434136,4.557137516499438
9457,0.5,9412.787360568496,4.062115185015832,-4.075267226011597,5.75400579941839
9458,0.5,9413.35520475326,4.864457158012753,1.3911426645613407,5.059468485454212
9459,0.5,9414.366649962947,5.300852093214448,-1.5112966677151003,5.512082231968492
9460,0.5,9415.106792479155,4.622788736286812,0.7357752174275832,4.680976486901085
9461,0.5,9415.82315130121,4.532397921372096,3.667728151081645,5.830511187528489
9462,0.5,9416.804191133097,6.936158389773202,1.6613672603017806,7.132351251980221
9463,0.5,9417.532924976707,6.0389345580896725,5.2146777492192955,7.978821631362148
9464,0.5,9418.34918460292,8.897083163175214,10.533756697142431,13.788332711646063
9465,0.5,9419.744269401406,6.306722808716579,-12.08566815860881,13.632245868747995
9466,0.5,9420.582583616912,4.100911901837269,-6.579410141742316,7.752813440286836
9467,0.5,9421.526892048423,0.8139568553937135,-3.2392354990346623,3.33993598451359
9468,0.5,9422.0400117689,2.6035371224434973,-0.15435524007223358,2.6081087186080114
9469,0.5,9422.81074370045,3.1898987121947386,0.8629613733703441,3.304565951224288
9470,0.5,9423.591008663045,3.074636571170873,1.8966793734112528,3.6125867035000128
9471,0.5,9424.174561788019,0.05886130709745398,5.734563943025331,5.734866020241402
9472,0.5,9425.411963546654,12.384567888848766,2.2207233551751373,12.582095771918297
9473,0.5,9426.506903687983,4.469668201015011,-3.650198174203581,5.7707781570706675
9474,0.5,9426.874533970336,2.7362180545595787,5.5458476981423805,6.184118040035211
9475,0.5,9428.235207719003,9.524543041925206,-8.380732765816118,12.68674906544264
9476,0.5,9429.379144119795,-0.3734847142912783,-1.9172925052229532,1.9533308430456284
9477,0.5,9429.574025269554,1.428630491100438,1.1219997800086732,1.8165540417068218
9478,0.5,9430.535514117108,6.399724722663325,1.9187424863869993,6.681171248735864
9479,0.5,9431.48555195074,8.484396403047317,-0.35103874590804146,8.491655346584135
9480,0.5,9432.71382610467,0.5456658993223414,-3.0116381296174812,3.0606723930288813
9481,0.5,9433.125018231329,2.185032092735491,0.5493050765787599,2.2530204866887553
9482,0.5,9433.82671594017,2.443360230098238,2.627653842390911,3.588115651627945
9483,0.5,9434.666665734316,3.0554906858105295,3.7841043748211987,4.863688852159011
9484,0.5,9435.196314279325,-4.368988579902536,7.5373265694453755,8.712023474818348
9485,0.5,9437.17884931927,-2.2478339305019706,-4.749379395865454,5.25446115457972
9486,0.5,9437.419496808176,4.458879803255581,1.1320356094806285,4.600338435486318
9487,0.5,9438.83519154762,-0.8470241089883855,-3.8487130951347535,3.940817469747781
9488,0.5,9439.288351898247,2.520159908318997,-0.788432893628043,2.640612124347895
9489,0.5,9439.978628849729,3.421324415981944,1.1101884612226922,3.5969402523292207
9490,0.5,9440.804069911681,4.793337026738632,2.235358250792181,5.288941894300619
9491,0.5,9441.857096238964,3.7028494167787613,-1.0386538195144177,3.8457633260681425
9492,0.5,9442.274634497078,0.992886692462259,4.243674233020179,4.358278901133801
9493,0.5,9443.44924971215,9.798880151431469,1.8471398282443663,9.971458156518745
9494,0.5,9444.311353870486,9.734583301790277,1.717743685315035,9.884976248223047
9495,0.5,9445.247610816521,9.686788266847667,-1.0528727609355644,9.743839488490034
9496,0.5,9446.16280421465,7.1434796537512675,-2.3213348006461207,7.5111847813942845
9497,0.5,9446.79612203682,7.413986680507813,4.155584982322006,8.499181433764516
9498,0.5,9447.907524955042,11.249792408457887,-4.927414619039144,12.28158149675022
9499,0.5,9449.201580600951,-1.2410384735982851,-2.6782029823148172,2.9517702667096475
9500,0.5,9449.609725389102,1.6612771034180025,-0.6179070874077424,1.7724702488362472
9501,0.5,9450.152313575518,1.8417822877019228,1.8992032503600969,2.645587832877768
9502,0.5,9451.044025469182,4.305903183451345,3.485409988956308,5.5397549599574205
9503,0.5,9452.148976996907,3.9454369351799756,-0.8817711636012049,4.0427704602711465
9504,0.5,9452.581214093017,0.9509919538618206,4.0572663842558105,4.16722884050326
9505,0.5,9453.384466732685,0.33289129838573916,12.314795169696781,12.31929367651117
9506,0.5,9454.941836695376,9.103853933968727,-14.55185721546775,17.164984849116493
9507,0.5,9455.879794581773,2.0372213021302086,-7.379224522049735,7.655274337388128
9508,0.5,9456.638848993114,2.452210917577802,-3.334281500576767,4.1389336198320725
9509,0.5,9457.289938948843,3.3050324934553212,-0.5910722170150311,3.3574702006901807
9510,0.5,9457.972397294629,3.752079758141041,1.8962712582152272,4.204039390417851
9511,0.5,9458.82668438594,5.699983589027557,2.998177029860999,6.4404098019900555
9512,0.5,9459.769410651763,8.209783353894013,1.467783519354608,8.339959902635277
9513,0.5,9460.903772501188,2.997754067788375,-3.2880411618132235,4.449465600801943
9514,0.5,9461.40492205624,3.1733375295666004,1.6382719034133573,3.5712751092669235
9515,0.5,9462.137989879679,3.3801475136677603,4.5913404051875695,5.701386141146932
9516,0.5,9462.936516167903,4.483001473298967,10.18844416185668,11.131113899734931
9517,0.5,9464.217904346366,15.148973387651138,-6.232270360648149,16.38086043368833
9518,0.5,9465.26189553453,4.328061751237569,-7.877145811394152,8.987855398062992
9519,0.5,9465.99117718908,4.940840459437757,-3.3445144929995743,5.966379273856239
9520,0.5,9466.722587065204,6.210057145045289,-0.8091075065665304,6.262544586820148
9521,0.5,9467.860632792306,1.5771563389999996,-3.542357669258339,3.8775920330278755
9522,0.5,9468.494804378226,2.0853979371167983,-0.715933036156134,2.2048684016037643
9523,0.5,9469.132039337015,1.3773830803018159,0.7158331110689333,1.5522890171628305
9524,0.5,9469.456006505055,-1.833423648477952,1.563481591976983,2.4095470452450365
9525,0.5,9470.882771001474,13.299663661741432,4.953539076618958,14.192202186378143
9526,0.5,9471.819269688123,14.289802396180217,1.022205174909538,14.326316900777035
9527,0.5,9472.907942701793,7.54590599994281,-7.325659985426164,10.51693831787783
9528,0.5,9473.723079554979,5.419680637673514,-3.8018741618760465,6.620210371061774
9529,0.5,9474.392245663754,6.7374914294827875,0.5485619466662374,6.759786311096251
9530,0.5,9475.565521140303,1.749160572806758,-3.1995229806788563,3.6464379897858925
9531,0.5,9475.919635500875,2.5974133629873606,2.545400917193922,3.636704828203269
9532,0.5,9477.137885718797,5.232881473430847,-3.1447456750834535,6.105118661904278
9533,0.5,9477.827320467828,5.227513883092531,0.40621914172217083,5.2432733467774355
9534,0.5,9478.855699954578,2.5584626494991123,-1.5480948094990303,2.990372663746085
9535,0.5,9479.229478691426,1.0498882198975175,2.9567771130084872,3.1376418167614966
9536,0.5,9480.235271344658,6.2120124204116784,5.132029048108417,8.057718067913369
9537,0.5,9481.143882258963,8.348145493274952,4.636248336008482,9.549153460387382
9538,0.5,9481.839788621124,6.7405216180014245,13.302614759900468,14.912886747141423
9539,0.5,9483.688815646474,-4.739184412386082,-3.370067003429975,5.815257561124073
9540,0.5,9484.207298377049,0.6470014738465348,-2.1569122070004987,2.2518617133090904
9541,0.5,9484.640388958238,2.395648576847698,0.6816557860497419,2.490740194080365
9542,0.5,9485.753856656422,1.5235334919726822,-1.1733410236084616,1.922988158789603
9543,0.5,9486.030868859609,0.2096381760802589,2.104343951380925,2.114760419192619
9544,0.5,9487.21581024631,7.17892222818596,2.0359987210450905,7.462051671654366
9545,0.5,9488.107214893484,6.80442561232375,1.0664246532658044,6.887486439532243
9546,0.5,9488.903784852237,6.016117142681129,2.4142452966198658,6.48245677399494
9547,0.5,9489.546258565251,3.785852330943466,8.978267898841864,9.743817133705065
9548,0.5,9491.036789278032,3.832843388340435,-8.386352090192647,9.22071525534888
9549,0.5,9491.622337134984,6.645282729118299,-0.9615312765778071,6.714486201173944
9550,0.5,9492.559851589393,5.40500601222321,-2.5022081826839835,5.956100719569786
9551,0.5,9493.134847953395,5.7897226383774,3.9901103781642533,7.031491240076591
9552,0.5,9494.478852244827,2.563955957452179,-6.125602931696886,6.640548277707798
9553,0.5,9495.15647792367,3.5160982385403323,-1.981181688926619,4.035842874494071
9554,0.5,9495.860072044987,3.975878029699987,0.21121533149872687,3.981484399481074
9555,0.5,9496.82390885426,2.46305500234749,-0.8528985728951177,2.6065448241370266
9556,0.5,9497.255442783198,0.8734526735553146,2.4523771814949646,2.6032812781676347
9557,0.5,9497.951007264428,-1.7424322260784233,6.72977560908186,6.951686832062397
9558,0.5,9499.137222929028,16.507071392662823,11.874166387280583,20.334188780359334
9559,0.5,9500.595321344588,-0.015415078446195161,-10.229550655197672,10.22956226980894
9560,0.5,9501.217267713875,4.438724909269247,-3.7954028418907284,5.84015081589504
9561,0.5,9501.922520025646,6.186375285686685,-0.9193521756455794,6.254314318789812
9562,0.5,9503.042498302919,1.7770959966385431,-3.542760012320039,3.9634856737678037
9563,0.5,9503.601117763335,2.856878177248653,-0.02639208403441444,2.857000080808411
9564,0.5,9504.264017632144,2.9391756040242205,2.5039864428562755,3.8611787497212773
9565,0.5,9505.086080346835,4.563450652852243,5.068411698703569,6.820108430851577
9566,0.5,9506.113854057057,9.692746346470992,2.13507492177541,9.925113433035465
9567,0.5,9507.2237905808,4.5691108950322015,-3.887733150364622,5.999270240583098
9568,0.5,9507.961501776308,1.6097536675497608,-0.43540284931711964,1.6675978266306815
9569,0.5,9508.129637449227,-1.2605162639485041,1.5238804735168783,1.9776533946181571
9570,0.5,9509.7699138429,12.12294117200609,-8.323353129815152,14.705234101622594
9571,0.5,9510.615551924728,8.754439051512984,-5.440565963117261,10.307277094639767
9572,0.5,9511.550977665867,4.949156750754321,-5.512675788838034,7.408356558399313
9573,0.5,9512.380208554101,3.79875093535135,-3.424344119977972,5.114356393610096
9574,0.5,9513.335229212824,0.6158461225518468,-1.1766057823221587,1.3280314806720823
9575,0.5,9513.533893338417,0.3374006067985385,1.3485155638681565,1.390083952667131
9576,0.5,9514.814322806686,3.8723927349818767,-0.8694182135775759,3.968792451620624
9577,0.5,9515.333335579304,1.9796512732192797,3.2262846814692474,3.78522548990702
9578,0.5,9516.04785176982,0.2048073456031002,8.222047894104174,8.224598325861018
9579,0.5,9517.248001838854,17.500717910117146,5.283153457715945,18.280777823366023
9580,0.5,9518.401462280204,10.525049190526325,-10.59363618958066,14.933244395649323
9581,0.5,9519.480657353684,-0.1435330528689157,-5.158583557537121,5.160580011719439
9582,0.5,9520.014543684854,3.1446415850373675,-1.3739107940370514,3.4316762038860613
9583,0.5,9520.830643941694,2.323788178644655,-0.6146935010591477,2.4037137099606927
9584,0.5,9521.162437132309,-0.31224169753562614,3.1997989373939215,3.214997374404402
9585,0.5,9522.916082653632,-0.1571174899480819,-3.8354831728784218,3.8386999199053204
9586,0.5,9523.293287273884,2.824242180130845,0.4228201511713237,2.8557172080349216
9587,0.5,9524.172145197426,3.344727356445248,0.24113455325533847,3.353408260520462
9588,0.5,9524.673999746043,0.8602717712930383,4.3565124051236195,4.44063822625528
9589,0.5,9525.837508223161,8.48082528809634,2.226712193894602,8.76827490226289
9590,0.5,9526.52798121293,6.896314816466381,8.172224000293733,10.693194244882614
9591,0.5,9527.680937490484,14.779937647011886,-3.1606451421021755,15.114107137500824
9592,0.5,9528.632397360561,10.95769704024706,-6.769419903533518,12.88006872094225
9593,0.5,9529.771681927852,-0.07475521427752385,-5.664583763562799,5.665077012405123
9594,0.5,9530.405942179323,2.3287136291253288,-2.2363412824609044,3.2286420517166254
9595,0.5,9531.147923592072,2.1211662589912064,-0.7523868392182381,2.250651517696945
9596,0.5,9531.62557162249,1.375769939863964,2.4066134160411363,2.7720986745970073
9597,0.5,9532.67484933654,4.469645633637075,1.6331892836946285,4.7586804186314025
9598,0.5,9533.237985855254,0.9076467160290569,6.382389993018713,6.4466056637663005
9599,0.5,9534.471660705845,12.381451926604532,0.6563248620154508,12.398835192683169
9600,0.5,9535.377269524699,10.350179105256174,-1.2707874274887563,10.4279004692577
9601,0.5,9536.209876871133,10.234731626775979,-0.30683422362410917,10.239329993359696
9602,0.5,9537.253631706384,5.52956346190606,-4.763841125937908,7.298647433081276
9603,0.5,9537.834915534642,7.014994163938864,2.181235192573627,7.34628682297513
9604,0.5,9539.182796449742,0.2606352727559379,-3.374130370799052,3.3841818072546146
9605,0.5,9539.514744272632,2.655529630961359,1.2245706347535434,2.9242795455315944
9606,0.5,9540.396197262095,6.310347052503887,2.2691084234341456,6.705917756753679
9607,0.5,9541.667102046193,1.2130595309058854,-2.8486129150544675,3.0961442093895943
9608,0.5,9542.028340453084,2.1696081992097715,1.6501753893089157,2.7258537293037386
9609,0.5,9543.161504406562,1.3375945730913903,-0.501555296979297,1.4285366491243863
9610,0.5,9543.3273421141,-0.8748081678567032,1.2661279864191195,1.5389507492257626
9611,0.5,9544.333386339598,-0.9385848856427239,15.322025412541922,15.350746051255536
9612,0.5,9546.148062138916,-3.5843278819249247,-11.476511857459517,12.023216324243414
9613,0.5,9546.850958230858,1.248137104983676,-4.614764771522926,4.7805752927159375
9614,0.5,9547.451494516014,3.5517532737444752,-1.356626436673209,3.802024014421167
9615,0.5,9548.202699749707,4.575915233419499,0.11441055252334395,4.577345300277151
9616,0.5,9549.109408072243,4.806523921644633,-0.7500934385988268,4.864700646079994
9617,0.5,9550.023825186958,2.0851010511968164,-0.7917416821930544,2.230359003618914
9618,0.5,9550.297435818615,-0.5381461449963757,2.580405449820067,2.635923663317199
9619,0.5,9551.80231011295,5.456991299738135,-3.691498626449675,6.588316640424741
9620,0.5,9552.369737287714,4.627699065639918,2.3400469142085294,5.185693608652697
9621,0.5,9553.055529832436,4.078461484764058,7.963088038856184,8.946765851260347
9622,0.5,9554.438731024915,6.630704378718774,-7.2237163181893544,9.805524871399566
9623,0.5,9555.132351125929,6.227002980341039,-1.442466707768497,6.391891450908461
9624,0.5,9555.765517186339,6.9124860455173796,4.672071085480937,8.343303395973296
9625,0.5,9557.03345024266,5.914849821642866,-7.595768275674925,9.627104658740253
9626,0.5,9557.864073545581,4.168899055740853,-4.3849911324313116,6.050443501798709
9627,0.5,9558.778597586112,1.6122240320358205,-2.6222886456431724,3.0782566609272433
9628,0.5,9559.497877391874,0.658344606140074,-0.37100271808847,0.7556855412555952
9629,0.5,9559.651002786866,-0.4075186448886617,0.7520041227107751,0.8553254623275831
9630,0.5,9560.804275858352,4.6291132590263135,6.957347735967659,8.356636708872028
9631,0.5,9561.826855174031,9.768915796746578,3.887862505651803,10.514142414233218
9632,0.5,9562.5951602656,10.081677697263528,8.585266153955759,13.241866187428384
9633,0.5,9563.767484768307,15.12173908374991,-7.272595638883156,16.779679384413512
9634,0.5,9564.94158659836,-0.2675663364294609,-7.083592577371168,7.088644126106077
9635,0.5,9565.719270210826,0.4759485456263704,-1.8303607654353897,1.8912291108506878
9636,0.5,9565.998473754085,1.356390838189772,1.4026967650330135,1.9512443005834081
9637,0.5,9567.084762807113,4.651681083394331,-0.16973253683647643,4.654776690204334
9638,0.5,9567.68066864288,3.5394961058232166,4.664244053494894,5.855186186083257
9639,0.5,9568.920136749612,6.725815861013915,-3.487651124249512,7.576299186327401
9640,0.5,9569.757583804238,3.7982980244552316,-1.630007703892888,4.13327872243461
9641,0.5,9570.28292870038,2.958574920135063,3.1154565499484335,4.2964211935829555
9642,0.5,9571.22583596082,5.842574461269444,3.174559383139233,6.649323545486058
9643,0.5,9571.87299312137,2.973854309510503,9.516412254987806,9.97025133389707
9644,0.5,9573.170828778939,16.575576393870538,-5.980517122018233,17.621473202765753
9645,0.5,9574.260212103265,3.665590124266662,-9.336116772509595,10.029936557578829
9646,0.5,9575.159596766069,0.8179059208969106,-3.6588126631415716,3.7491172560221884
9647,0.5,9575.627693113069,3.2378686336459483,0.2444947664646672,3.247086537124764
9648,0.5,9576.504120426485,4.849615000937129,0.02535977059343137,4.849681306568399
9649,0.5,9577.462720728045,3.469915545769668,-1.330245326385412,3.716162876293805
9650,0.5,9578.08226899022,2.771228334815308,1.5322357474047872,3.166615364913828
9651,0.5,9578.752937349978,1.6648612321084866,4.145086031704884,4.466934198352683
9652,0.5,9579.449577446088,-2.078334483444272,9.912771671647326,10.12830274228053
9653,0.5,9581.125284055393,4.201864512694943,-11.556374251785323,12.296562577825233
9654,0.5,9581.813931393479,5.702969124484063,-3.9373784993505625,6.9301375370166065
9655,0.5,9582.53101294887,6.773021744318003,-0.6159551521856171,6.80097230537726
9656,0.5,9583.488437066879,5.577663027518818,-2.749548621822811,6.218548260833722
9657,0.5,9584.16333528717,6.206670425618012,1.3236082674874146,6.346234837917859
9658,0.5,9585.143063862839,7.554943513775638,-1.8410112322103236,7.776020438081755
9659,0.5,9586.255233920494,1.0413227886718377,-2.4824714289712486,2.6920285187690425
9660,0.5,9586.572222390227,1.7614374842012184,1.8361973785273313,2.5444612049822575
9661,0.5,9587.581534661284,5.641016259350721,1.4313190228506207,5.8197713514736344
9662,0.5,9588.562422367797,3.117170748224766,-0.6483388457789752,3.1838807660674355
9663,0.5,9588.897946175895,-0.4939185717641575,3.6104799067983073,3.6441076703258726
9664,0.5,9589.946539842007,8.19283426012239,12.900100008815565,15.281855693968536
9665,0.5,9591.31381940871,10.024178464934964,-11.761441699155817,15.453661855350244
9666,0.5,9592.130272135011,7.964755107415165,-6.92943055157867,10.557193362359516
9667,0.5,9593.205180493658,0.2845706060226297,-5.04196808964817,5.049992341265726
9668,0.5,9593.910165406045,1.2984766367388199,-1.8426409827309889,2.254188849097693
9669,0.5,9594.431429784414,1.8104633797282665,0.5087768183211767,1.8805933904483756
9670,0.5,9594.988285872687,0.639787709788107,3.215073872850067,3.27811353090143
9671,0.5,9595.993695246838,6.077116662279466,6.652188274152554,9.010158475949657
9672,0.5,9597.340246229807,2.126426914686589,-3.062282499739303,3.72817187529131
9673,0.5,9597.618342094729,1.4498481900807034,3.3134894493186517,3.6168041286509163
9674,0.5,9598.766169772418,9.081554845134436,0.840674847954403,9.120382262008972
9675,0.5,9599.449375097214,8.585825679959957,7.674683286408707,11.515952681100293
9676,0.5,9601.023594442615,-1.3424579371812682,-3.931948493392005,4.154805924202554
9677,0.5,9601.374051672792,2.878330772637677,-0.123707508881065,2.8809879528499533
9678,0.5,9601.972952765042,3.610162966939571,4.57867972766284,5.830744780589576
9679,0.5,9603.387320427235,2.9660957711766947,-6.458942146580049,7.107436793715465
9680,0.5,9604.113455998882,3.149508847173881,-2.448039849289252,3.9890230736528327
9681,0.5,9604.831331501784,3.0705254280210643,-0.46691745369492754,3.10582329064113
9682,0.5,9605.509080556902,2.7766581334783567,1.5385822049630216,3.174439413761174
9683,0.5,9606.208589671676,2.071550130941699,3.905394458271974,4.420794704541935
9684,0.5,9606.948842119687,0.5221057692983652,8.692743804435077,8.708409113258233
9685,0.5,9608.036444605874,16.200865382256485,12.704368176319672,20.58807931530964
9686,0.5,9609.580310488176,-2.6071591395601574,-8.970813363912145,9.341989680423373
9687,0.5,9610.2107663945,2.2482844974978695,-3.68941208229212,4.320479683397704
9688,0.5,9610.802823321588,4.1773582033517185,-0.21996513567536857,4.183145493527877
9689,0.5,9611.665887777863,5.390305344842463,-0.4069813850578227,5.4056475614324695
9690,0.5,9612.606349754942,3.8873839887722257,-1.5613582016998313,4.189223521152576
9691,0.5,9613.167963417456,3.463220835727314,2.9200816306978754,4.529986234742326
9692,0.5,9614.2523233645,5.15582909866696,-0.693655464843651,5.202281384024553
9693,0.5,9614.79092744739,3.0886581489910743,5.178794976416012,6.029902699802103
9694,0.5,9616.080125100234,5.356989563670487,-3.302008773746839,6.292900692619868
9695,0.5,9616.576304356222,4.370201665807357,4.2366381410284095,6.086687550535353
9696,0.5,9617.711563455023,6.282706837271387,-1.6122400608187526,6.486271904322659
9697,0.5,9618.147803718693,2.169155708937018,7.5439038544546575,7.849568259138199
9698,0.5,9619.662657556979,6.00850960312118,-12.485445985984121,13.855993256339527
9699,0.5,9620.71157004619,-0.8990197741224364,-3.4332577404506437,3.549013280705979
9700,0.5,9621.165759368629,2.1684140335255995,-0.7934525852987784,2.3090228292305977
9701,0.5,9621.757407603287,2.865626000872994,2.0513160181744956,3.5241608622902865
9702,0.5,9622.960401194607,2.3432309785694367,-1.775760138339676,2.9400774628984907
9703,0.5,9623.378434431066,1.5475048295106792,2.2111585729264647,2.698887443370893
9704,0.5,9624.13494453544,1.5145432621298736,6.104149737291899,6.289235669629797
9705,0.5,9625.222075594958,9.853173254035562,5.161776399106003,11.123351957409668
9706,0.5,9626.015526809151,11.277691513374592,9.781014492395231,14.92831438479532
9707,0.5,9627.410922590327,3.609461506220032,-11.282581861863152,11.845879698634779
9708,0.5,9628.224711924473,2.359308389912945,-4.681255377646455,5.242183513523488
9709,0.5,9628.814176045422,4.424672691712263,-0.551995615978243,4.458971584215742
9710,0.5,9629.724366465654,4.029009183135159,-1.3374087691315788,4.245182824512683
9711,0.5,9630.301966897596,3.7369061578862652,3.1655533365304103,4.897468280577946
9712,0.5,9631.28020929021,8.669593003209027,2.276398749572828,8.963472212728037
9713,0.5,9632.562265478025,1.0768037891275108,-3.9328254225316366,4.077575530188314
9714,0.5,9633.11114544142,2.1016125083742034,-0.37155494132594624,2.1342043505200334
9715,0.5,9633.589919581043,0.9153262876489803,2.4308811109570514,2.597499795662947
9716,0.5,9634.275150158077,-1.8920537509628634,6.881159083857162,7.136541020262028
9717,0.5,9635.651739530143,16.7552493179921,-1.1430117155044286,16.794191123416905
9718,0.5,9636.586190719116,13.1716033835279,-4.864885811805008,14.041305126478283
9719,0.5,9637.636829868488,4.16796250236927,-7.5377347346225,8.613324349558122
9720,0.5,9638.333970206399,5.8985474308028545,-3.0788683065509064,6.65374269434238
9721,0.5,9639.400372272585,1.1102854126618513,-3.3512180482650713,3.5303535381866857
9722,0.5,9639.941632652453,2.5207482856696144,-0.23906614052668745,2.532059347498124
9723,0.5,9640.667624445025,2.5981349382601673,1.0502803493396742,2.802390759622439
9724,0.5,9641.27192764064,1.0723205934605236,4.005181859115158,4.14624567286415
9725,0.5,9642.172583672367,4.1700694986845335,9.24833465827168,10.145007322582288
9726,0.5,9643.651510536878,1.5102911837855564,-3.251787967428139,3.5854015737335203
9727,0.5,9643.850300727237,1.035010544592708,3.4137923754371218,3.5672433628799034
9728,0.5,9645.268004100864,7.20065295969777,-7.156403845627934,10.152020441652121
9729,0.5,9646.033601387988,5.7586057645133195,-2.775205404450817,6.392441269810702
9730,0.5,9646.682120242309,6.809181901103195,2.2081899255919932,7.158286171270139
9731,0.5,9647.776874287209,6.882122332696065,-4.321176584158229,8.126264509211556
9732,0.5,9648.593127494612,5.93535928777404,-2.603432404413329,6.481230605318324
9733,0.5,9649.697627600659,0.3036929370189785,-1.2028445730645658,1.2405903703261971
9734,0.5,9649.853790958865,0.39659487163189766,1.1748462587882629,1.239980332099465
9735,0.5,9650.999123888007,5.809814833612317,1.088711692202895,5.910942526332074
9736,0.5,9651.871456186813,4.76351393065484,0.6067471780084991,4.802000323361505
9737,0.5,9652.538464027657,2.908380531463955,3.1253650350168343,4.269260347871085
9738,0.5,9653.014874566616,-4.716123058089899,6.276411965494729,7.85080657382747
9739,0.5,9654.96334535877,-2.9056149153738864,-12.955635350538474,13.277465321836294
9740,0.5,9655.670242556964,1.9626074468040233,-5.775378408841246,6.099739646539043
9741,0.5,9656.509156429003,1.077076457321308,-2.609719922430465,2.823248442565105
9742,0.5,9657.006073676157,2.2960042031265466,0.32155175220717747,2.3184112728595574
9743,0.5,9657.625816863723,2.207040598508691,3.490954664610537,4.130108070478504
9744,0.5,9658.780678230385,6.855169555641561,-0.6074986308049409,6.882034889698308
9745,0.5,9659.637116337266,4.835431358916321,-0.43138104586078546,4.854635520151775
9746,0.5,9660.202999377107,3.2350548032822246,4.78630008905727,5.777044929957618
9747,0.5,9661.371533562065,7.204424344043213,-1.2315168820748108,7.308923584213872
9748,0.5,9661.957836041305,5.390664299155672,5.790390954682611,7.911250785701444
9749,0.5,9663.085768151968,10.838052638969089,-1.9244425667951919,11.007582123153027
9750,0.5,9663.881076548494,10.803958051357855,0.516626088736723,10.816303069490223
9751,0.5,9665.039454448804,2.97754526518819,-5.324526223182184,6.100520904611289
9752,0.5,9665.485661646631,5.397782668777783,2.564012961674551,5.975802892247443
9753,0.5,9666.807212489643,1.8528740804345751,-5.849853413747341,6.136279599258633
9754,0.5,9667.564227300298,1.7216052781765376,-2.1703075358249273,2.7702273433607902
9755,0.5,9668.135428970974,2.0980770502129573,0.3073914267346063,2.120475606523273
9756,0.5,9668.700128123908,1.106760956544977,2.9780737975557128,3.177080949333878
9757,0.5,9669.745616207287,3.95223180970297,2.264171091765903,4.554844345355439
9758,0.5,9670.162113845698,-3.5080210182210942,5.561691308006928,6.575608083655896
9759,0.5,9671.949512726718,3.1123817916878487,-10.543873751909391,10.993643350292654
9760,0.5,9672.494340342317,7.836899173870942,-1.1160079027733667,7.915962499940968
9761,0.5,9673.396190895943,9.249926900948381,-2.955830876330696,9.710720047574146
9762,0.5,9674.54729939477,0.8402395902877822,-4.646022846098722,4.721390775561609
9763,0.5,9675.122226685422,2.730546674158891,-1.0280933098896827,2.917680755942998
9764,0.5,9675.734272080004,2.9815051372522974,1.7688131833651592,3.466709240924054
9765,0.5,9676.482970442665,3.900450808711161,5.2244813045495855,6.519871272714185
9766,0.5,9677.76249077355,5.620950575021377,-4.051375366620777,6.928833071166801
9767,0.5,9678.44144479738,5.159579050559069,0.13104359841991517,5.1612429126766415
9768,0.5,9679.309646020154,4.039176980319106,-0.07771021832958194,4.039924449339691
9769,0.5,9679.80616847968,1.3115815948340206,4.727104656826231,4.905686977019182
9770,0.5,9680.762833610206,7.687447913391301,10.324927208649308,12.872489164299617
9771,0.5,9681.933181545262,17.4620130484656,-3.956947017467129,17.904729246872876
9772,0.5,9683.097742918038,2.0399857953808267,-9.319630887755396,9.540286260346697
9773,0.5,9683.867021673075,2.533910646653126,-4.288072021435839,4.980789578595236
9774,0.5,9684.589585901776,3.040635903714908,-1.85351024466661,3.5610345303077664
9775,0.5,9685.308004229366,3.151900787176915,-0.1343472246884618,3.154762708824223
9776,0.5,9685.960000518493,3.062383735827106,2.610967969978528,4.0243444044604555
9777,0.5,9686.938901705504,5.08995113825326,1.3253342725990183,5.2596685754837464
9778,0.5,9687.63565037452,3.9351134647717423,4.381405447920308,5.889128261440195
9779,0.5,9688.452504117911,5.390152291276845,8.07894191283787,9.712005156205665
9780,0.5,9689.424900299011,14.598351743768799,9.049320340553194,17.175624363054382
9781,0.5,9691.007692604953,-2.2636943488622396,-3.7565164969189486,4.385855480598403
9782,0.5,9691.345099412727,3.038868885210857,-0.647723748718732,3.10713214333683
9783,0.5,9692.129608962689,4.494811611897329,0.23388271144110823,4.500892416972229
9784,0.5,9692.775465087985,4.676830127778739,5.041372740783171,6.876640106593518
9785,0.5,9694.16001879274,2.9279384502096253,-6.014422576453692,6.689252760687983
9786,0.5,9694.810249048602,4.04166843034881,-1.5350043590797178,4.323346167411528
9787,0.5,9695.58726512324,3.9416185773597334,-0.2906686153789368,3.9523215017700264
9788,0.5,9696.340584322437,3.560879196326955,1.1120633927080565,3.730488659711413
9789,0.5,9696.969092912941,2.1501115400621216,4.643421727562607,5.117064097185886
9790,0.5,9697.964078699752,7.219664641689505,5.222888878391262,8.910787045737587
9791,0.5,9698.735918071116,7.633525481708803,10.332500509748662,12.846450017956478
9792,0.5,9699.909751127412,18.842983525908185,-4.471633781727071,19.36629899685353
9793,0.5,9701.268636037585,-2.591660317633429,-4.642836118521071,5.317201371533677
9794,0.5,9701.750955885449,2.2844172960556084,-1.9593953910994133,3.0096167000433196
9795,0.5,9702.343670704511,3.8158689287367995,1.001683228054834,3.9451520846052666
9796,0.5,9703.640136866696,0.24591894694379396,-1.1562056450501461,1.182069212064915
9797,0.5,9703.837388247139,0.5191705175084839,0.9182641990715165,1.054868316685301
9798,0.5,9704.480325775092,-1.192462610476741,4.365459538673728,4.525395459093321
9799,0.5,9705.87621598749,11.069238652149625,-1.6236865969569947,11.18768977507783
9800,0.5,9706.802865517506,6.110433916430515,-2.6274159017855134,6.651369555814783
9801,0.5,9707.41464704485,5.442135726682712,2.8987805308193293,6.166017339701013
9802,0.5,9708.186078193497,7.357544752837689,7.557237795686269,10.547289125199823
9803,0.5,9709.50243860526,6.410375549290485,-7.956170726402453,10.217317030933543
9804,0.5,9710.185679567854,7.538358687120015,-2.0014554742119075,7.799530480159085
9805,0.5,9711.156381036051,5.007472791641237,-4.065139533629146,6.449817298722644
9806,0.5,9711.887312336947,5.1656341336879725,-1.1768246160856444,5.29798944696452
9807,0.5,9712.66895689642,6.046949229334346,0.28856404503401534,6.053830538612196
9808,0.5,9713.803909573426,1.9886216445760672,-2.951600467803934,3.5590112906278932
9809,0.5,9714.47637267976,1.0408443645583823,-0.3281635957722117,1.0913516100794876
9810,0.5,9714.689105558266,-0.5940668663884686,1.129289119066692,1.2760130705376964
9811,0.5,9715.654426519519,-0.7933463404202433,9.722831138165592,9.755144476487295
9812,0.5,9716.864893947744,20.40679445208723,7.4297053303881215,21.71722314445693
9813,0.5,9718.21732391981,1.1257406956340217,-11.74497447278647,11.798801527282862
9814,0.5,9719.003948229438,1.690876907647444,-4.650996066575306,4.948820983639877
9815,0.5,9719.584605409278,4.03608382065366,-0.8715676824865214,4.1291164711711845
9816,0.5,9720.464454076306,3.9423254331906796,-1.2277984400173585,4.12909419007258
9817,0.5,9721.10447304697,4.020040625950562,2.141545832470279,4.554881467926889
9818,0.5,9721.996753309983,6.550067118729343,2.42455017948016,6.984398530487546
9819,0.5,9723.058455125069,5.320876232611434,-2.2661486813733536,5.783351427058487
9820,0.5,9723.737313265188,4.381259388838137,1.1003245097319305,4.517316444416877
9821,0.5,9724.373873216511,3.222988694298803,5.619283983679878,6.477963307461621
9822,0.5,9725.549128994302,8.576998492938008,-1.0711054912367828,8.643620197649735
9823,0.5,9726.187902553736,7.312543821934728,5.812043804214366,9.340939477901694
9824,0.5,9727.403728478152,6.493477731595468,-4.955031996043763,8.168083932755813
9825,0.5,9727.88033535185,6.545898239680563,5.970643226271258,8.859873830911585
9826,0.5,9729.496025752607,-2.6886118482588914,-5.142618080109173,5.803029759398434
9827,0.5,9730.119586178587,0.7790325019867395,-2.009621801420006,2.155335571064123
9828,0.5,9730.576904308748,1.9714281787374588,0.5267272235482869,2.0405809545193203
9829,0.5,9731.372827729494,2.761574163938508,1.4361945119974415,3.1127072684761474
9830,0.5,9732.006893644668,1.3615428726132257,4.764932798359501,4.955641589829311
9831,0.5,9733.303859799544,3.9265620116148416,-1.3417935287905542,4.149493837200026
9832,0.5,9733.610464090441,-0.5244721187180086,4.522964711501418,4.553271437636863
9833,0.5,9734.855515621142,16.667255517995628,4.345643468369272,17.224460039616226
9834,0.5,9736.090792315415,4.225106500940024,-9.200918907100682,10.12464486682513
9835,0.5,9736.73036914898,7.1188718258941615,-2.580916678329681,7.572282811278908
9836,0.5,9737.855582949504,0.7558351487235159,-3.2026754099229713,3.2906559457608404
9837,0.5,9738.240421320172,2.612740981608448,1.0711135973628145,2.823774030518693
9838,0.5,9739.02107219877,4.785776191355528,3.739877323641357,6.073741528056019
9839,0.5,9740.135575736944,7.618375948709729,-2.2625547198112614,7.947251471799485
9840,0.5,9741.07608774845,3.860294255073795,-2.65051891817608,4.682640523397567
9841,0.5,9741.65797210635,3.965656061777532,1.6886918375917144,4.310232954570062
9842,0.5,9742.623564743644,4.305029741940188,-0.011279662311494344,4.30504451890703
9843,0.5,9743.232096252093,2.3961853958736894,3.042678794711119,3.87293153814821
9844,0.5,9743.733762360302,-4.52987547456064,6.189855273470171,7.6703376797591165
9845,0.5,9745.639066617376,-1.123000304051635,-13.369012428315026,13.41609566868624
9846,0.5,9746.440268750825,0.45053125468374333,-3.911440799431338,3.937302063457028
9847,0.5,9746.825728279777,3.692710170597845,1.0201067932231522,3.8310215704974557
9848,0.5,9748.002697060168,2.8963083529174534,-3.744270542005944,4.733726224330352
9849,0.5,9748.639282223254,3.6287988530033233,-0.39821208819831133,3.6505826908516252
9850,0.5,9749.482254346996,3.213304983447368,-0.20717642563201333,3.2199768614052724
9851,0.5,9750.074742139966,2.1505272897187684,2.713719604189397,3.4625195615313147
9852,0.5,9750.773005612476,0.6532607831965549,6.953389685645164,6.984008717871072
9853,0.5,9751.983307432256,13.651036905032274,2.378414996783219,13.856683098038882
9854,0.5,9753.034700475617,8.145727909008414,-4.976422920791177,9.545557514057228
9855,0.5,9753.717213061298,8.343581662377371,0.7176539541325846,8.374388464517398
9856,0.5,9754.68049929017,8.270930678040077,-2.6632317181277787,8.689136750298406
9857,0.5,9755.495112248225,7.891490482180026,-1.2951937038134327,7.997071261451651
9858,0.5,9756.380104702497,7.585661499148906,-2.1193005485950525,7.876147230400491
9859,0.5,9757.260899468929,6.872622084294078,-2.6404848795305895,7.362410930704449
9860,0.5,9758.307454097394,1.738320475329438,-3.1777290104412677,3.6221153679513853
9861,0.5,9758.81466516659,2.8099038392342415,0.5926230004508944,2.871717535971592
9862,0.5,9759.592246659126,3.318480320984251,1.781061604300696,3.7662304867166463
9863,0.5,9760.270891381359,2.342722720660765,5.107954706457575,5.6195685803380195
9864,0.5,9761.363189250918,6.979080486957123,1.9249846622437956,7.239691318923724
9865,0.5,9761.887569295264,0.8338056060153567,9.589247022564498,9.625429353976097
9866,0.5,9763.294099801655,16.939867985154553,-10.206017239734628,19.776802452677344
9867,0.5,9764.416349965648,0.428480789854338,-9.172479828804526,9.182482343957984
9868,0.5,9765.298077292484,-0.14365545017582843,-2.787593578583393,2.791292683995103
9869,0.5,9765.798045051535,1.5669742933904882,-0.5153830215520587,1.6495539078947223
9870,0.5,9766.238754743441,0.8765335672284841,2.2849257032708468,2.447283507063713
9871,0.5,9767.289858684208,5.988490516957334,3.1472397213306196,6.765141279767124
9872,0.5,9768.1685961647,7.951657005323464,3.329756259103477,8.620680128351156
9873,0.5,9769.341847581769,3.782748945043387,-3.6900517979542102,5.284474605181858
9874,0.5,9769.963460333965,2.667310711055346,0.2257455938593888,2.676846559378685
9875,0.5,9770.298585892207,-1.579396763692102,3.501144539420556,3.8408992727062583
9876,0.5,9771.872279801797,9.762472146048534,-7.369454274535505,12.231709557819098
9877,0.5,9772.654168675885,7.080091137340626,-2.813431696609237,7.61860147432157
9878,0.5,9773.284337854804,8.16837987170363,3.9220277203688174,9.06116610419401
9879,0.5,9774.703617455914,-0.2613158443818144,-4.6999768859371995,4.707235781100084
9880,0.5,9775.088283540137,3.922433200137031,0.4001529438203092,3.9427914715319767
9881,0.5,9776.251533919416,1.7252961045278328,-2.8831990921499027,3.3599826864543423
9882,0.5,9776.730381885562,2.7185979801919746,0.9933006692928896,2.89437751468629
9883,0.5,9777.692679375588,2.774822094849165,-0.12360209792840139,2.7775736059869613
9884,0.5,9778.148806606652,0.4572537142542529,3.02572458698113,3.0600801027851277
9885,0.5,9778.880763275067,-2.6592653753214437,8.546986907102315,8.951127165143053
9886,0.5,9780.31332942509,19.31368500849212,-4.947589220297128,19.93732849957721
9887,0.5,9781.383732402794,5.836863439128115,-10.014257584278235,11.591131513847328
9888,0.5,9782.385525671767,-0.029142575060516564,-2.334004232628436,2.334186163871385
9889,0.5,9782.610816339746,1.6975133736671195,1.520095849352922,2.278649390537892
9890,0.5,9783.722534561653,6.926752007759745,-1.505073547746376,7.088380616271218
9891,0.5,9784.680677563405,4.105387228010141,-2.771743891637311,4.9534602544824695
9892,0.5,9785.381062853272,3.458251777094214,-0.09142612393178948,3.459460086474836
9893,0.5,9785.900034116508,1.7335157969844577,4.56307789746711,4.881265913341284
9894,0.5,9787.276920186623,4.832994448308723,-4.165378852707259,6.380299077940139
9895,0.5,9787.953486118466,3.7253005732749402,-0.21057300640462795,3.7312471577568918
9896,0.5,9788.47775939046,1.8632359576707407,4.2560465396873255,4.646028452554037
9897,0.5,9789.402370599819,6.603678303519344,8.343411926593983,10.640539916432946
9898,0.5,9790.364384932036,15.914074075703532,8.836373505290574,18.20272645545113
9899,0.5,9791.983400038893,-2.616984854005302,-2.9141545174747185,3.916746899891728
9900,0.5,9792.246728932376,3.1723805743543583,-0.41104534368976964,3.198899308060497
9901,0.5,9793.549999292038,-0.14384810985457835,-0.6850242966787444,0.6999646889300511
9902,0.5,9793.647618792513,0.36720043608355596,0.5781987667338784,0.6849452343892404
9903,0.5,9794.761051811067,4.017034918706632,0.21624841616686455,4.022851341474487
9904,0.5,9795.420031375643,3.122049948821346,3.0458465431237847,4.361694286306008
9905,0.5,9796.201811061876,3.7508640400561224,6.402922780109924,7.420673903025031
9906,0.5,9797.293024611317,9.810257382364295,1.696223472428805,9.955818599022965
9907,0.5,9798.034191396093,9.382776971114462,6.258750318479916,11.27867276051346
9908,0.5,9799.096192514176,14.711797693910457,-2.587799834537387,14.937660438307626
9909,0.5,9800.34871249273,-0.3504234743282136,-5.290611580225631,5.302204023250879
9910,0.5,9800.831815354952,3.3836353380965036,-0.9412065635516866,3.5121016352731327
9911,0.5,9801.527598488981,4.2923127628360085,1.3865770533961146,4.510714442193114
9912,0.5,9802.247218201908,5.424473421500559,5.6817965929465215,7.855426431721239
9913,0.5,9803.782724367467,-0.549509437500888,-4.408621728663278,4.442736337927847
9914,0.5,9804.339386746744,1.615667829655236,-1.1045959484363785,1.9571700858854661
9915,0.5,9804.771010774446,1.3245909169499293,1.8723901362888247,2.2935531211938254
9916,0.5,9805.672191920601,3.423680745320772,3.41133809143342,4.833096049112288
9917,0.5,9806.37306956186,1.7036704086847523,7.53562808569008,7.72581280560623
9918,0.5,9807.415268673012,12.74335072732512,9.857926978609381,16.111229378145303
9919,0.5,9808.5794268412,15.164497633255946,-7.895970340461562,17.097027112526725
9920,0.5,9809.662905147581,2.0088949768199003,-7.906479107266533,8.157700098773821
9921,0.5,9810.29182687566,5.308855090454738,-2.8501526360341667,6.025554947068336
9922,0.5,9811.323107614278,1.5498530517816536,-3.3973512236119405,3.7341719053485543
9923,0.5,9812.0261907275,1.0811635416089747,-0.7180481143610202,1.2978858571699892
9924,0.5,9812.26897944558,-0.14154485498104824,1.5363882467440084,1.5428946142574789
9925,0.5,9813.488974531114,6.699275041809249,2.209634472660623,7.054273214766955
9926,0.5,9814.29250938776,6.630628838446186,3.671736380912039,7.579372457146254
9927,0.5,9815.145409875075,8.798153740256078,4.9363511594735545,10.088363197606336
9928,0.5,9816.280725472367,7.137173961250163,-4.101506545696725,8.231743928083551
9929,0.5,9816.93761601313,6.567397608354176,1.3630077455943512,6.707346827231043
9930,0.5,9817.665816070328,7.814662171172055,6.173772852437837,9.959137316205956
9931,0.5,9818.915101401562,7.677434292372299,-7.64802551454006,10.83675650666517
9932,0.5,9819.703209234132,6.707060448273435,-4.019036854662151,7.819035560472051
9933,0.5,9820.652109742503,3.290631746315293,-4.04202918379963,5.212125978192194
9934,0.5,9821.399312628915,2.7168234887662424,-1.4614903260316987,3.0849771218270354
9935,0.5,9821.902829739245,2.5500845407581423,2.6073695261407748,3.647095695325423
9936,0.5,9823.078061393204,4.104247742254002,-1.6562268834590326,4.425826139749447
9937,0.5,9823.702895700077,2.9800576446795346,1.4776591054487431,3.3262922297249404
9938,0.5,9824.29534670968,0.6891428534354194,4.637141983822399,4.68807035469493
9939,0.5,9825.034070225098,-3.5026550044437945,12.297142440515108,12.786254505619425
9940,0.5,9826.946695210841,-4.591956075376438,-8.974895154574098,10.081408811956004
9941,0.5,9827.54783222736,1.988367926132142,-4.033725402187045,4.49717106967481
9942,0.5,9828.155753564819,4.044955053529728,-0.8489836696206238,4.133090206656297
9943,0.5,9828.97328730527,5.0104308545697265,-0.3605780644390323,5.023388685835381
9944,0.5,9829.933473335917,2.8219663197586144,-1.403270179012466,3.1516124611312315
9945,0.5,9830.307902371356,0.9836296946472526,3.586364126134832,3.7188082797340742
9946,0.5,9831.760429334101,3.1268830871070152,-3.9183706031403447,5.0130854794218624
9947,0.5,9832.237602064833,3.7022825780412654,1.9718693995057366,4.194659129938331
9948,0.5,9833.139694319812,5.666354122989378,1.8355739666296629,5.95624888953503
9949,0.5,9833.898350380037,5.460706595589806,4.278953078816219,6.937489169276505
9950,0.5,9834.670764972765,6.537404810877391,9.445940435173538,11.487534651357066
9951,0.5,9836.11266050127,2.5467302154560154,-6.4775986521678535,6.960252803518234
9952,0.5,9836.485906520355,5.481168343954775,3.533403645919202,6.52136088096396
9953,0.5,9837.756654900431,5.604787768297755,-7.999597495622173,9.76766123591644
9954,0.5,9838.631071530686,2.777681203961078,-4.670084913240345,5.433710147561586
9955,0.5,9839.435359540697,1.930681177448606,-2.201733265488429,2.9283372724658405
9956,0.5,9840.038249688898,2.282736047248486,0.16733581413857979,2.288861100220165
9957,0.5,9840.729469971664,1.7834319149751343,1.4197063804730947,2.2795165281497503
9958,0.5,9841.1655654245,-2.3305850629594107,3.136283705096998,3.90741630934643
9959,0.5,9842.6616646852,12.167958491763757,-1.858754638475654,12.309109742923754
9960,0.5,9843.426278643086,10.20982345685802,1.8316276676470193,10.372818080594024
9961,0.5,9844.269014987098,12.673859062448274,2.8236532380214725,12.984595532529745
9962,0.5,9845.514484924075,2.98623434867087,-8.174572430265076,8.702943755007935
9963,0.5,9846.234022220622,3.617925135737479,-3.210160891592785,4.836787698226256
9964,0.5,9846.883790560702,4.5840482352851835,0.11769562649481818,4.585558906383954
9965,0.5,9847.700262244547,5.748442891696057,0.9503464325848991,5.82647011671885
9966,0.5,9848.56359712989,7.009445225901384,0.9134495648446366,7.068713637036555
9967,0.5,9849.559686381093,5.745860892839091,-2.3824547667863354,6.220209652064837
9968,0.5,9850.340915387203,4.754737458106206,-0.5991696124779542,4.792341027100976
9969,0.5,9851.168115715309,3.2702195093605835,-0.08764518152323492,3.2713937881653465
9970,0.5,9851.62395697588,0.5252927988166926,3.928575556555969,3.963538624519473
9971,0.5,9852.552236726619,4.547050568305526,10.56960288287031,11.506179816616285
9972,0.5,9853.637530407183,19.778708823464886,6.412265547934882,20.79217333951986
9973,0.5,9855.04580374647,-1.710249771802406,-10.945904256503892,11.078708150073284
9974,0.5,9856.031386999543,-0.565927557654102,-0.7611842790148663,0.9485122598742299
9975,0.5,9856.17706090451,0.7912138204977723,0.330374651966964,0.8574186377779373
9976,0.5,9856.910175667163,2.6870744555939434,2.9978204425917974,4.025828676921904
9977,0.5,9858.164581111085,3.489169932127845,-2.562388435175046,4.328988485545307
9978,0.5,9858.732414135968,3.065676533666842,1.3655363256109556,3.356048579153558
9979,0.5,9859.381159522503,2.040612719726015,4.867430037951713,5.277876035514875
9980,0.5,9860.360205325458,7.954216407725378,6.883027430900595,10.518822428174062
9981,0.5,9861.363515492229,13.024673812223858,2.1489178968671574,13.200756646583025
9982,0.5,9862.37901319693,10.59397901922082,-4.873883263442635,11.661351959586726
9983,0.5,9863.48048296454,0.6092450633721327,-2.6193837717853556,2.6893030493300283
9984,0.5,9863.698339983144,1.4442933058077478,2.2382548381708474,2.663788256186343
9985,0.5,9864.789829098052,10.841196656634514,1.343747502266647,10.924156823191034
9986,0.5,9866.121993983968,-0.2679068869725752,-4.05715253552604,4.06598829272942
9987,0.5,9866.515268109411,3.1999827060138486,0.1851835287007929,3.2053365280559527
9988,0.5,9867.44422559854,4.19699040292058,-0.9329518617327516,4.2994334066848925
9989,0.5,9868.274452687336,2.766459299862804,-0.3673900831217043,2.790747665227648
9990,0.5,9868.714659330642,0.6066351873815379,3.3144709956252627,3.369528784772517
9991,0.5,9869.812878325987,5.736266073433438,3.0618884684898102,6.502300320555361
9992,0.5,9870.332258556617,-1.4102324286618824,9.334749529121218,9.440672871902636
9993,0.5,9872.000623378133,3.468539043268428,-11.457406512000832,11.97092005970788
9994,0.5,9872.558666059604,9.12417186957962,-1.74273720267617,9.289114342240579
9995,0.5,9873.802220903648,-0.25752203913472965,-4.906709119925658,4.913462321846147
9996,0.5,9874.323957629063,3.105974752731167,-1.3189570807908793,3.374422461040086
9997,0.5,9875.218994098846,1.8745247495140847,-1.158728959348011,2.203745865060798
9998,0.5,9875.600956248756,0.9230238683336052,2.255337321922483,2.436907773628294
9999,0.5,9876.479017063784,3.536446630594111,6.823971200554406,7.685898627814211
10000,0.5,9877.782654005501,7.347044159736805,-4.63896432338917,8.689018809900244
